lead_id,customer_id,created_date,first_touch_channel,last_touch_channel,campaign_id,market,industry,company_size_band,product_interest,engagement_score,lead_status,mql_flag,sql_flag
L000001,CU000001,2024-01-01,Paid Social,Paid Social,CMP_PAI_LON,London,Technology,1-49,Remote Support,71.1,New,0,0
L000002,CU000002,2024-01-01,Direct,Direct,CMP_DIR_LIV,Liverpool,Education,50-249,Security Add-on,63.7,MQL,1,0
L000003,CU000003,2024-01-02,Paid Search - Non-Brand,Paid Search - Non-Brand,CMP_PAI_GLA,Glasgow,Healthcare,50-249,Remote Support,55.9,SQL,1,1
L000004,CU000004,2024-01-02,Direct,Direct,CMP_DIR_BIR,Birmingham,Education,1-49,Enterprise Connectivity,62.0,MQL,1,0
L000005,CU000005,2024-01-02,Paid Search - Brand,Paid Search - Brand,CMP_PAI_LEE,Leeds,Healthcare,1-49,Enterprise Connectivity,48.5,MQL,1,0
L000006,CU000006,2024-01-02,Events,Events,CMP_EVE_GLA,Glasgow,Education,1000+,Remote Access,37.0,New,0,0
L000007,CU000007,2024-01-02,Email,Email,CMP_EMA_LEE,Leeds,Technology,50-249,Security Add-on,56.6,New,0,0
L000008,CU000008,2024-01-02,Paid Search - Brand,Paid Search - Brand,CMP_PAI_CAR,Cardiff,Manufacturing,1000+,Remote Access,75.8,New,0,0
L000009,CU000009,2024-01-03,Direct,Direct,CMP_DIR_LON,London,Technology,1-49,Remote Access,61.1,MQL,1,0
L000010,CU000010,2024-01-03,Paid Search - Brand,Paid Search - Brand,CMP_PAI_SHE,Sheffield,Healthcare,1000+,Security Add-on,57.7,MQL,1,0
L000011,CU000011,2024-01-03,Paid Search - Brand,Paid Search - Brand,CMP_PAI_SHE,Sheffield,Healthcare,1-49,Remote Access,90.2,MQL,1,0
L000012,CU000012,2024-01-03,LinkedIn,LinkedIn,CMP_LIN_LON,London,Education,50-249,Security Add-on,78.1,New,0,0
L000013,CU000013,2024-01-03,Organic Search,Organic Search,CMP_ORG_EDI,Edinburgh,Healthcare,1000+,Remote Access,61.8,New,0,0
L000014,CU000014,2024-01-04,LinkedIn,LinkedIn,CMP_LIN_SHE,Sheffield,Education,1000+,Remote Access,83.2,SQL,1,1
L000015,CU000015,2024-01-04,Email,Email,CMP_EMA_MAN,Manchester,Professional Services,50-249,Enterprise Connectivity,66.7,SQL,1,1
L000016,CU000016,2024-01-04,Organic Search,Organic Search,CMP_ORG_BIR,Birmingham,Manufacturing,50-249,Remote Access,61.8,MQL,1,0
L000017,CU000017,2024-01-04,Paid Search - Brand,Paid Search - Brand,CMP_PAI_LON,London,Education,1000+,Security Add-on,60.3,MQL,1,0
L000018,CU000018,2024-01-04,Organic Search,Organic Search,CMP_ORG_LIV,Liverpool,Technology,50-249,Security Add-on,60.7,New,0,0
L000019,CU000019,2024-01-04,LinkedIn,LinkedIn,CMP_LIN_LON,London,Healthcare,50-249,Enterprise Connectivity,81.2,SQL,1,1
L000020,CU000020,2024-01-04,Organic Search,Organic Search,CMP_ORG_MAN,Manchester,Manufacturing,1000+,Security Add-on,36.3,SQL,1,1
L000021,CU000021,2024-01-05,Paid Social,Paid Social,CMP_PAI_SHE,Sheffield,Education,1-49,Remote Support,28.0,New,0,0
L000022,CU000022,2024-01-05,Paid Search - Brand,Paid Search - Brand,CMP_PAI_MAN,Manchester,Manufacturing,250-999,Remote Access,52.5,New,0,0
L000023,CU000023,2024-01-05,Email,Email,CMP_EMA_CAR,Cardiff,Manufacturing,250-999,Security Add-on,62.5,New,0,0
L000024,CU000024,2024-01-05,Partner,Partner,CMP_PAR_LON,London,Healthcare,250-999,Remote Support,98.9,MQL,1,0
L000025,CU000025,2024-01-06,Email,Email,CMP_EMA_SHE,Sheffield,Education,1-49,Remote Access,47.4,New,0,0
L000026,CU000026,2024-01-06,Organic Search,Organic Search,CMP_ORG_CAR,Cardiff,Manufacturing,50-249,Security Add-on,86.3,New,0,0
L000027,CU000027,2024-01-07,LinkedIn,LinkedIn,CMP_LIN_MAN,Manchester,Retail,1-49,Enterprise Connectivity,89.6,SQL,1,1
L000028,CU000028,2024-01-07,Partner,Partner,CMP_PAR_BIR,Birmingham,Retail,250-999,Remote Support,44.6,SQL,1,1
L000029,CU000029,2024-01-07,Direct,Direct,CMP_DIR_LEE,Leeds,Manufacturing,1-49,Remote Access,71.2,New,0,0
L000030,CU000030,2024-01-07,Direct,Direct,CMP_DIR_LEE,Leeds,Education,250-999,Enterprise Connectivity,47.7,SQL,1,1
L000031,CU000031,2024-01-07,Organic Search,Organic Search,CMP_ORG_LIV,Liverpool,Professional Services,50-249,Enterprise Connectivity,69.7,MQL,1,0
L000032,CU000032,2024-01-07,LinkedIn,LinkedIn,CMP_LIN_BIR,Birmingham,Education,1-49,Enterprise Connectivity,62.6,MQL,1,0
L000033,CU000033,2024-01-07,Events,Events,CMP_EVE_SHE,Sheffield,Education,1-49,Remote Support,71.6,New,0,0
L000034,CU000034,2024-01-08,Paid Search - Brand,Paid Search - Brand,CMP_PAI_LON,London,Healthcare,50-249,Enterprise Connectivity,72.3,New,0,0
L000035,CU000035,2024-01-08,Paid Social,Paid Social,CMP_PAI_LIV,Liverpool,Healthcare,1-49,Security Add-on,55.3,New,0,0
L000036,CU000036,2024-01-08,Paid Search - Brand,Paid Search - Brand,CMP_PAI_SHE,Sheffield,Education,50-249,Security Add-on,88.7,SQL,1,1
L000037,CU000037,2024-01-09,Paid Search - Non-Brand,Paid Search - Non-Brand,CMP_PAI_LEE,Leeds,Education,1-49,Remote Support,72.6,MQL,1,0
L000038,CU000038,2024-01-09,Direct,Direct,CMP_DIR_BRI,Bristol,Technology,1000+,Enterprise Connectivity,58.3,New,0,0
L000039,CU000039,2024-01-09,LinkedIn,LinkedIn,CMP_LIN_BIR,Birmingham,Manufacturing,250-999,Remote Access,78.2,MQL,1,0
L000040,CU000040,2024-01-09,Events,Events,CMP_EVE_BRI,Bristol,Technology,50-249,Security Add-on,73.7,MQL,1,0
L000041,CU000041,2024-01-09,Partner,Partner,CMP_PAR_LIV,Liverpool,Manufacturing,50-249,Remote Access,56.7,New,0,0
L000042,CU000042,2024-01-09,Direct,Direct,CMP_DIR_LEE,Leeds,Technology,1000+,Remote Support,61.1,SQL,1,1
L000043,CU000043,2024-01-10,Paid Search - Brand,Paid Search - Brand,CMP_PAI_EDI,Edinburgh,Education,50-249,Security Add-on,45.3,MQL,1,0
L000044,CU000044,2024-01-10,Direct,Direct,CMP_DIR_LEE,Leeds,Manufacturing,1-49,Remote Support,90.3,SQL,1,1
L000045,CU000045,2024-01-10,Organic Search,Organic Search,CMP_ORG_BIR,Birmingham,Retail,50-249,Enterprise Connectivity,86.9,MQL,1,0
L000046,CU000046,2024-01-10,Events,Events,CMP_EVE_MAN,Manchester,Manufacturing,250-999,Security Add-on,60.1,New,0,0
L000047,CU000047,2024-01-10,Email,Email,CMP_EMA_LEE,Leeds,Manufacturing,250-999,Security Add-on,77.9,MQL,1,0
L000048,CU000048,2024-01-11,Paid Social,Paid Social,CMP_PAI_LIV,Liverpool,Professional Services,50-249,Security Add-on,24.5,New,0,0
L000049,CU000049,2024-01-11,Organic Search,Organic Search,CMP_ORG_LIV,Liverpool,Education,1-49,Security Add-on,66.6,New,0,0
L000050,CU000050,2024-01-11,LinkedIn,LinkedIn,CMP_LIN_LEE,Leeds,Education,1000+,Enterprise Connectivity,85.2,SQL,1,1
L000051,CU000051,2024-01-11,Direct,Direct,CMP_DIR_LON,London,Healthcare,1-49,Remote Support,64.8,SQL,1,1
L000052,CU000052,2024-01-11,Paid Social,Paid Social,CMP_PAI_MAN,Manchester,Healthcare,50-249,Security Add-on,60.9,SQL,1,1
L000053,CU000053,2024-01-11,Organic Search,Organic Search,CMP_ORG_GLA,Glasgow,Retail,50-249,Remote Support,81.8,SQL,1,1
L000054,CU000054,2024-01-11,Direct,Direct,CMP_DIR_LEE,Leeds,Manufacturing,1-49,Enterprise Connectivity,68.3,MQL,1,0
L000055,CU000055,2024-01-12,Paid Search - Brand,Paid Search - Brand,CMP_PAI_CAR,Cardiff,Technology,1-49,Remote Access,51.6,New,0,0
L000056,CU000056,2024-01-12,Organic Search,Organic Search,CMP_ORG_MAN,Manchester,Manufacturing,50-249,Security Add-on,55.6,SQL,1,1
L000057,CU000057,2024-01-12,Partner,Partner,CMP_PAR_LEE,Leeds,Manufacturing,250-999,Remote Access,71.8,New,0,0
L000058,CU000058,2024-01-13,Paid Search - Non-Brand,Paid Search - Non-Brand,CMP_PAI_MAN,Manchester,Technology,1000+,Enterprise Connectivity,48.9,New,0,0
L000059,CU000059,2024-01-13,Partner,Partner,CMP_PAR_LON,London,Manufacturing,250-999,Security Add-on,72.4,SQL,1,1
L000060,CU000060,2024-01-13,Partner,Partner,CMP_PAR_MAN,Manchester,Technology,1-49,Remote Access,77.4,SQL,1,1
L000061,CU000061,2024-01-13,Partner,Partner,CMP_PAR_MAN,Manchester,Education,50-249,Remote Support,40.2,MQL,1,0
L000062,CU000062,2024-01-13,Paid Social,Paid Social,CMP_PAI_LON,London,Technology,50-249,Remote Access,60.0,MQL,1,0
L000063,CU000063,2024-01-13,Organic Search,Organic Search,CMP_ORG_BRI,Bristol,Healthcare,50-249,Remote Access,67.7,New,0,0
L000064,CU000064,2024-01-14,Partner,Partner,CMP_PAR_LON,London,Technology,250-999,Remote Access,50.4,SQL,1,1
L000065,CU000065,2024-01-14,Paid Search - Non-Brand,Paid Search - Non-Brand,CMP_PAI_MAN,Manchester,Technology,50-249,Remote Access,67.7,SQL,1,1
L000066,CU000066,2024-01-14,Events,Events,CMP_EVE_LON,London,Technology,1000+,Remote Access,63.0,New,0,0
L000067,CU000067,2024-01-14,Paid Social,Paid Social,CMP_PAI_BIR,Birmingham,Professional Services,250-999,Enterprise Connectivity,51.5,New,0,0
L000068,CU000068,2024-01-14,Paid Search - Brand,Paid Search - Brand,CMP_PAI_LEE,Leeds,Healthcare,50-249,Remote Access,92.1,SQL,1,1
L000069,CU000069,2024-01-14,Paid Search - Brand,Paid Search - Brand,CMP_PAI_LEE,Leeds,Manufacturing,250-999,Enterprise Connectivity,76.4,New,0,0
L000070,CU000070,2024-01-14,Display,Display,CMP_DIS_LIV,Liverpool,Technology,1000+,Enterprise Connectivity,85.9,SQL,1,1
L000071,CU000071,2024-01-15,Direct,Direct,CMP_DIR_LEE,Leeds,Professional Services,50-249,Remote Access,62.5,MQL,1,0
L000072,CU000072,2024-01-15,Paid Search - Brand,Paid Search - Brand,CMP_PAI_LEE,Leeds,Education,50-249,Remote Access,50.4,New,0,0
L000073,CU000073,2024-01-15,Paid Search - Non-Brand,Paid Search - Non-Brand,CMP_PAI_MAN,Manchester,Technology,50-249,Enterprise Connectivity,60.6,New,0,0
L000074,CU000074,2024-01-16,LinkedIn,LinkedIn,CMP_LIN_LON,London,Retail,250-999,Remote Support,81.2,SQL,1,1
L000075,CU000075,2024-01-16,Paid Search - Brand,Paid Search - Brand,CMP_PAI_GLA,Glasgow,Healthcare,50-249,Security Add-on,69.4,SQL,1,1
L000076,CU000076,2024-01-16,Email,Email,CMP_EMA_MAN,Manchester,Education,250-999,Security Add-on,71.8,New,0,0
L000077,CU000077,2024-01-16,Events,Events,CMP_EVE_LON,London,Manufacturing,1-49,Remote Access,74.5,SQL,1,1
L000078,CU000078,2024-01-16,Paid Social,Paid Social,CMP_PAI_LON,London,Retail,50-249,Security Add-on,49.8,New,0,0
L000079,CU000079,2024-01-16,Paid Search - Brand,Paid Search - Brand,CMP_PAI_BRI,Bristol,Manufacturing,50-249,Remote Support,51.7,MQL,1,0
L000080,CU000080,2024-01-16,Direct,Direct,CMP_DIR_BRI,Bristol,Technology,1000+,Remote Access,48.7,SQL,1,1
L000081,CU000081,2024-01-16,Paid Search - Non-Brand,Paid Search - Non-Brand,CMP_PAI_EDI,Edinburgh,Professional Services,1-49,Remote Support,64.8,MQL,1,0
L000082,CU000082,2024-01-16,Paid Social,Paid Social,CMP_PAI_LEE,Leeds,Manufacturing,1000+,Enterprise Connectivity,55.1,SQL,1,1
L000083,CU000083,2024-01-16,LinkedIn,LinkedIn,CMP_LIN_LEE,Leeds,Technology,250-999,Remote Access,72.9,SQL,1,1
L000084,CU000084,2024-01-17,Email,Email,CMP_EMA_EDI,Edinburgh,Manufacturing,1-49,Enterprise Connectivity,60.8,New,0,0
L000085,CU000085,2024-01-17,Paid Search - Brand,Paid Search - Brand,CMP_PAI_LIV,Liverpool,Education,1000+,Enterprise Connectivity,50.7,New,0,0
L000086,CU000086,2024-01-17,Direct,Direct,CMP_DIR_GLA,Glasgow,Retail,1000+,Remote Support,39.6,MQL,1,0
L000087,CU000087,2024-01-17,Events,Events,CMP_EVE_BRI,Bristol,Manufacturing,250-999,Security Add-on,52.5,MQL,1,0
L000088,CU000088,2024-01-17,Events,Events,CMP_EVE_LEE,Leeds,Technology,1000+,Remote Access,40.8,MQL,1,0
L000089,CU000089,2024-01-17,YouTube,YouTube,CMP_YOU_LON,London,Professional Services,250-999,Remote Support,40.9,MQL,1,0
L000090,CU000090,2024-01-17,Events,Events,CMP_EVE_BIR,Birmingham,Technology,1000+,Security Add-on,65.5,MQL,1,0
L000091,CU000091,2024-01-18,Paid Search - Non-Brand,Paid Search - Non-Brand,CMP_PAI_BRI,Bristol,Professional Services,50-249,Remote Access,75.8,New,0,0
L000092,CU000092,2024-01-18,Partner,Partner,CMP_PAR_LEE,Leeds,Education,50-249,Remote Support,13.5,New,0,0
L000093,CU000093,2024-01-18,Email,Email,CMP_EMA_MAN,Manchester,Professional Services,50-249,Enterprise Connectivity,75.3,SQL,1,1
L000094,CU000094,2024-01-19,Paid Social,Paid Social,CMP_PAI_EDI,Edinburgh,Retail,50-249,Enterprise Connectivity,62.9,New,0,0
L000095,CU000095,2024-01-20,Paid Search - Brand,Paid Search - Brand,CMP_PAI_BRI,Bristol,Education,1-49,Enterprise Connectivity,51.1,New,0,0
L000096,CU000096,2024-01-20,Paid Search - Brand,Paid Search - Brand,CMP_PAI_BIR,Birmingham,Education,50-249,Security Add-on,44.6,New,0,0
L000097,CU000097,2024-01-20,Email,Email,CMP_EMA_BIR,Birmingham,Education,1-49,Enterprise Connectivity,65.9,New,0,0
L000098,CU000098,2024-01-20,Paid Search - Non-Brand,Paid Search - Non-Brand,CMP_PAI_LON,London,Professional Services,50-249,Security Add-on,46.3,New,0,0
L000099,CU000099,2024-01-21,Partner,Partner,CMP_PAR_LON,London,Healthcare,50-249,Security Add-on,60.2,MQL,1,0
L000100,CU000100,2024-01-21,Direct,Direct,CMP_DIR_LEE,Leeds,Technology,50-249,Remote Access,68.9,MQL,1,0
L000101,CU000101,2024-01-21,Paid Search - Non-Brand,Paid Search - Non-Brand,CMP_PAI_BIR,Birmingham,Professional Services,1000+,Security Add-on,59.4,New,0,0
L000102,CU000102,2024-01-21,Email,Email,CMP_EMA_LON,London,Education,250-999,Remote Access,56.2,New,0,0
L000103,CU000103,2024-01-21,Paid Search - Brand,Paid Search - Brand,CMP_PAI_LON,London,Manufacturing,1-49,Security Add-on,63.2,New,0,0
L000104,CU000104,2024-01-22,Partner,Partner,CMP_PAR_LON,London,Professional Services,1-49,Remote Support,53.5,MQL,1,0
L000105,CU000105,2024-01-22,LinkedIn,LinkedIn,CMP_LIN_MAN,Manchester,Manufacturing,250-999,Security Add-on,65.1,New,0,0
L000106,CU000106,2024-01-22,Paid Search - Brand,Paid Search - Brand,CMP_PAI_BIR,Birmingham,Manufacturing,50-249,Remote Access,62.6,SQL,1,1
L000107,CU000107,2024-01-22,Paid Search - Non-Brand,Paid Search - Non-Brand,CMP_PAI_BIR,Birmingham,Education,250-999,Remote Access,64.3,New,0,0
L000108,CU000108,2024-01-22,Paid Search - Brand,Paid Search - Brand,CMP_PAI_GLA,Glasgow,Healthcare,50-249,Enterprise Connectivity,58.7,New,0,0
L000109,CU000109,2024-01-22,Direct,Direct,CMP_DIR_MAN,Manchester,Professional Services,1-49,Enterprise Connectivity,74.1,SQL,1,1
L000110,CU000110,2024-01-23,Events,Events,CMP_EVE_LEE,Leeds,Manufacturing,250-999,Remote Access,70.6,SQL,1,1
L000111,CU000111,2024-01-23,Paid Search - Brand,Paid Search - Brand,CMP_PAI_CAR,Cardiff,Retail,50-249,Enterprise Connectivity,60.4,New,0,0
L000112,CU000112,2024-01-23,Paid Search - Brand,Paid Search - Brand,CMP_PAI_BIR,Birmingham,Healthcare,1-49,Security Add-on,65.6,SQL,1,1
L000113,CU000113,2024-01-23,Paid Social,Paid Social,CMP_PAI_LON,London,Healthcare,50-249,Enterprise Connectivity,47.1,MQL,1,0
L000114,CU000114,2024-01-23,Partner,Partner,CMP_PAR_BIR,Birmingham,Professional Services,50-249,Remote Access,72.4,New,0,0
L000115,CU000115,2024-01-23,Partner,Partner,CMP_PAR_LON,London,Healthcare,50-249,Remote Access,55.4,New,0,0
L000116,CU000116,2024-01-24,Direct,Direct,CMP_DIR_LEE,Leeds,Manufacturing,50-249,Enterprise Connectivity,83.3,New,0,0
L000117,CU000117,2024-01-24,Email,Email,CMP_EMA_CAR,Cardiff,Education,50-249,Remote Access,51.8,New,0,0
L000118,CU000118,2024-01-24,LinkedIn,LinkedIn,CMP_LIN_LEE,Leeds,Technology,50-249,Remote Access,71.6,MQL,1,0
L000119,CU000119,2024-01-25,Events,Events,CMP_EVE_BIR,Birmingham,Professional Services,50-249,Enterprise Connectivity,77.1,MQL,1,0
L000120,CU000120,2024-01-25,Paid Search - Brand,Paid Search - Brand,CMP_PAI_BIR,Birmingham,Healthcare,50-249,Remote Support,57.8,SQL,1,1
L000121,CU000121,2024-01-25,Organic Search,Organic Search,CMP_ORG_MAN,Manchester,Education,250-999,Security Add-on,55.0,New,0,0
L000122,CU000122,2024-01-25,Partner,Partner,CMP_PAR_LON,London,Healthcare,50-249,Security Add-on,75.3,New,0,0
L000123,CU000123,2024-01-25,Partner,Partner,CMP_PAR_BIR,Birmingham,Healthcare,250-999,Security Add-on,61.0,New,0,0
L000124,CU000124,2024-01-25,Paid Search - Brand,Paid Search - Brand,CMP_PAI_LIV,Liverpool,Technology,250-999,Remote Support,68.9,New,0,0
L000125,CU000125,2024-01-26,Partner,Partner,CMP_PAR_MAN,Manchester,Education,250-999,Remote Support,59.1,SQL,1,1
L000126,CU000126,2024-01-26,Organic Search,Organic Search,CMP_ORG_GLA,Glasgow,Technology,1000+,Remote Access,67.7,New,0,0
L000127,CU000127,2024-01-27,LinkedIn,LinkedIn,CMP_LIN_BRI,Bristol,Education,250-999,Security Add-on,81.3,SQL,1,1
L000128,CU000128,2024-01-27,Paid Search - Non-Brand,Paid Search - Non-Brand,CMP_PAI_SHE,Sheffield,Healthcare,1000+,Remote Access,63.4,New,0,0
L000129,CU000129,2024-01-27,Paid Search - Non-Brand,Paid Search - Non-Brand,CMP_PAI_CAR,Cardiff,Professional Services,1000+,Remote Support,71.7,New,0,0
L000130,CU000130,2024-01-27,Paid Social,Paid Social,CMP_PAI_LON,London,Healthcare,250-999,Security Add-on,61.1,SQL,1,1
L000131,CU000131,2024-01-27,Organic Search,Organic Search,CMP_ORG_BIR,Birmingham,Manufacturing,1-49,Remote Support,39.2,New,0,0
L000132,CU000132,2024-01-27,Events,Events,CMP_EVE_LIV,Liverpool,Education,250-999,Security Add-on,73.7,MQL,1,0
L000133,CU000133,2024-01-28,Paid Search - Non-Brand,Paid Search - Non-Brand,CMP_PAI_LEE,Leeds,Manufacturing,1-49,Security Add-on,52.5,MQL,1,0
L000134,CU000134,2024-01-28,Direct,Direct,CMP_DIR_GLA,Glasgow,Manufacturing,50-249,Remote Support,56.7,MQL,1,0
L000135,CU000135,2024-01-28,Paid Social,Paid Social,CMP_PAI_LIV,Liverpool,Technology,1-49,Remote Support,31.5,New,0,0
L000136,CU000136,2024-01-28,Paid Social,Paid Social,CMP_PAI_LIV,Liverpool,Manufacturing,1-49,Enterprise Connectivity,51.5,New,0,0
L000137,CU000137,2024-01-28,Display,Display,CMP_DIS_BIR,Birmingham,Retail,50-249,Remote Support,70.2,SQL,1,1
L000138,CU000138,2024-01-28,Organic Search,Organic Search,CMP_ORG_LON,London,Manufacturing,50-249,Remote Support,50.1,New,0,0
L000139,CU000139,2024-01-29,Paid Search - Brand,Paid Search - Brand,CMP_PAI_EDI,Edinburgh,Healthcare,1000+,Remote Support,92.7,MQL,1,0
L000140,CU000140,2024-01-29,Direct,Direct,CMP_DIR_LON,London,Education,1000+,Security Add-on,81.5,MQL,1,0
L000141,CU000141,2024-01-29,Partner,Partner,CMP_PAR_EDI,Edinburgh,Technology,50-249,Remote Access,56.5,MQL,1,0
L000142,CU000142,2024-01-29,Paid Search - Brand,Paid Search - Brand,CMP_PAI_CAR,Cardiff,Retail,250-999,Remote Access,59.9,MQL,1,0
L000143,CU000143,2024-01-29,Paid Social,Paid Social,CMP_PAI_SHE,Sheffield,Technology,1000+,Enterprise Connectivity,59.4,New,0,0
L000144,CU000144,2024-01-30,Email,Email,CMP_EMA_LON,London,Healthcare,50-249,Remote Access,56.9,New,0,0
L000145,CU000145,2024-01-30,LinkedIn,LinkedIn,CMP_LIN_BRI,Bristol,Manufacturing,50-249,Security Add-on,96.1,MQL,1,0
L000146,CU000146,2024-01-30,Paid Search - Non-Brand,Paid Search - Non-Brand,CMP_PAI_SHE,Sheffield,Manufacturing,250-999,Enterprise Connectivity,54.1,New,0,0
L000147,CU000147,2024-01-30,Paid Search - Brand,Paid Search - Brand,CMP_PAI_LIV,Liverpool,Education,250-999,Remote Support,63.6,MQL,1,0
L000148,CU000148,2024-01-30,Paid Search - Non-Brand,Paid Search - Non-Brand,CMP_PAI_EDI,Edinburgh,Professional Services,1000+,Remote Support,48.9,New,0,0
L000149,CU000149,2024-01-30,Paid Search - Non-Brand,Paid Search - Non-Brand,CMP_PAI_BIR,Birmingham,Technology,250-999,Remote Support,62.3,New,0,0
L000150,CU000150,2024-01-30,Paid Search - Brand,Paid Search - Brand,CMP_PAI_MAN,Manchester,Technology,1-49,Remote Support,54.9,SQL,1,1
L000151,CU000151,2024-01-30,Email,Email,CMP_EMA_LIV,Liverpool,Technology,250-999,Enterprise Connectivity,50.5,MQL,1,0
L000152,CU000152,2024-01-30,Email,Email,CMP_EMA_LON,London,Retail,250-999,Enterprise Connectivity,60.2,New,0,0
L000153,CU000153,2024-01-31,Paid Search - Non-Brand,Paid Search - Non-Brand,CMP_PAI_LON,London,Manufacturing,50-249,Remote Access,51.4,New,0,0
L000154,CU000154,2024-01-31,Direct,Direct,CMP_DIR_MAN,Manchester,Healthcare,50-249,Security Add-on,62.6,New,0,0
L000155,CU000155,2024-01-31,Paid Search - Brand,Paid Search - Brand,CMP_PAI_LEE,Leeds,Manufacturing,250-999,Enterprise Connectivity,57.0,New,0,0
L000156,CU000156,2024-01-31,Paid Search - Brand,Paid Search - Brand,CMP_PAI_LEE,Leeds,Manufacturing,250-999,Remote Support,89.8,SQL,1,1
L000157,CU000157,2024-02-01,Partner,Partner,CMP_PAR_LEE,Leeds,Education,50-249,Remote Access,66.3,SQL,1,1
L000158,CU000158,2024-02-01,Paid Search - Brand,Paid Search - Brand,CMP_PAI_BRI,Bristol,Professional Services,250-999,Enterprise Connectivity,83.4,MQL,1,0
L000159,CU000159,2024-02-01,Partner,Partner,CMP_PAR_LON,London,Technology,50-249,Remote Access,70.4,New,0,0
L000160,CU000160,2024-02-01,Paid Search - Brand,Paid Search - Brand,CMP_PAI_EDI,Edinburgh,Manufacturing,250-999,Enterprise Connectivity,56.0,MQL,1,0
L000161,CU000161,2024-02-01,Paid Search - Non-Brand,Paid Search - Non-Brand,CMP_PAI_MAN,Manchester,Professional Services,1-49,Security Add-on,74.1,New,0,0
L000162,CU000162,2024-02-01,Organic Search,Organic Search,CMP_ORG_MAN,Manchester,Technology,1-49,Enterprise Connectivity,81.6,MQL,1,0
L000163,CU000163,2024-02-02,Paid Social,Paid Social,CMP_PAI_SHE,Sheffield,Education,50-249,Remote Access,35.1,New,0,0
L000164,CU000164,2024-02-02,Paid Search - Non-Brand,Paid Search - Non-Brand,CMP_PAI_LON,London,Technology,1000+,Remote Support,61.2,SQL,1,1
L000165,CU000165,2024-02-02,Paid Social,Paid Social,CMP_PAI_BRI,Bristol,Technology,1-49,Enterprise Connectivity,50.5,New,0,0
L000166,CU000166,2024-02-02,Paid Social,Paid Social,CMP_PAI_LIV,Liverpool,Education,250-999,Security Add-on,64.0,MQL,1,0
L000167,CU000167,2024-02-02,Paid Search - Non-Brand,Paid Search - Non-Brand,CMP_PAI_LIV,Liverpool,Education,50-249,Security Add-on,55.8,New,0,0
L000168,CU000168,2024-02-02,Paid Search - Non-Brand,Paid Search - Non-Brand,CMP_PAI_LIV,Liverpool,Manufacturing,250-999,Remote Access,51.1,SQL,1,1
L000169,CU000169,2024-02-02,Partner,Partner,CMP_PAR_CAR,Cardiff,Manufacturing,250-999,Remote Support,78.7,New,0,0
L000170,CU000170,2024-02-03,Paid Social,Paid Social,CMP_PAI_SHE,Sheffield,Retail,1-49,Remote Access,37.2,New,0,0
L000171,CU000171,2024-02-03,Organic Search,Organic Search,CMP_ORG_GLA,Glasgow,Professional Services,1-49,Remote Access,65.1,New,0,0
L000172,CU000172,2024-02-03,Direct,Direct,CMP_DIR_SHE,Sheffield,Professional Services,250-999,Security Add-on,60.7,New,0,0
L000173,CU000173,2024-02-03,Partner,Partner,CMP_PAR_LON,London,Manufacturing,50-249,Enterprise Connectivity,65.4,New,0,0
L000174,CU000174,2024-02-03,Events,Events,CMP_EVE_LIV,Liverpool,Education,250-999,Security Add-on,59.2,MQL,1,0
L000175,CU000175,2024-02-04,Email,Email,CMP_EMA_LEE,Leeds,Healthcare,50-249,Remote Access,53.9,SQL,1,1
L000176,CU000176,2024-02-04,Paid Search - Non-Brand,Paid Search - Non-Brand,CMP_PAI_LON,London,Education,1-49,Security Add-on,69.5,New,0,0
L000177,CU000177,2024-02-04,Email,Email,CMP_EMA_SHE,Sheffield,Healthcare,250-999,Remote Support,57.4,SQL,1,1
L000178,CU000178,2024-02-04,Paid Search - Non-Brand,Paid Search - Non-Brand,CMP_PAI_SHE,Sheffield,Manufacturing,250-999,Security Add-on,60.2,SQL,1,1
L000179,CU000179,2024-02-04,LinkedIn,LinkedIn,CMP_LIN_GLA,Glasgow,Professional Services,250-999,Remote Support,70.4,New,0,0
L000180,CU000180,2024-02-04,Organic Search,Organic Search,CMP_ORG_GLA,Glasgow,Retail,50-249,Remote Access,86.5,SQL,1,1
L000181,CU000181,2024-02-04,Direct,Direct,CMP_DIR_LEE,Leeds,Retail,250-999,Enterprise Connectivity,81.3,MQL,1,0
L000182,CU000182,2024-02-04,Paid Search - Non-Brand,Paid Search - Non-Brand,CMP_PAI_LIV,Liverpool,Retail,1000+,Remote Support,66.0,SQL,1,1
L000183,CU000183,2024-02-05,Paid Search - Non-Brand,Paid Search - Non-Brand,CMP_PAI_MAN,Manchester,Manufacturing,50-249,Remote Access,65.7,SQL,1,1
L000184,CU000184,2024-02-05,LinkedIn,LinkedIn,CMP_LIN_LEE,Leeds,Technology,1000+,Enterprise Connectivity,95.6,SQL,1,1
L000185,CU000185,2024-02-05,Direct,Direct,CMP_DIR_LON,London,Retail,250-999,Security Add-on,71.8,SQL,1,1
L000186,CU000186,2024-02-05,Email,Email,CMP_EMA_MAN,Manchester,Manufacturing,1000+,Enterprise Connectivity,64.2,SQL,1,1
L000187,CU000187,2024-02-06,Organic Search,Organic Search,CMP_ORG_GLA,Glasgow,Professional Services,1-49,Enterprise Connectivity,91.7,MQL,1,0
L000188,CU000188,2024-02-06,Events,Events,CMP_EVE_MAN,Manchester,Manufacturing,1-49,Enterprise Connectivity,61.2,SQL,1,1
L000189,CU000189,2024-02-06,Partner,Partner,CMP_PAR_SHE,Sheffield,Retail,1-49,Security Add-on,34.0,New,0,0
L000190,CU000190,2024-02-06,Partner,Partner,CMP_PAR_BIR,Birmingham,Healthcare,1-49,Enterprise Connectivity,68.9,SQL,1,1
L000191,CU000191,2024-02-06,LinkedIn,LinkedIn,CMP_LIN_BIR,Birmingham,Technology,1000+,Remote Support,78.3,SQL,1,1
L000192,CU000192,2024-02-06,LinkedIn,LinkedIn,CMP_LIN_BRI,Bristol,Manufacturing,50-249,Security Add-on,96.3,SQL,1,1
L000193,CU000193,2024-02-06,Direct,Direct,CMP_DIR_LON,London,Manufacturing,1000+,Enterprise Connectivity,58.4,New,0,0
L000194,CU000194,2024-02-06,Events,Events,CMP_EVE_MAN,Manchester,Professional Services,250-999,Security Add-on,35.3,New,0,0
L000195,CU000195,2024-02-07,Organic Search,Organic Search,CMP_ORG_MAN,Manchester,Healthcare,1000+,Remote Access,78.5,SQL,1,1
L000196,CU000196,2024-02-07,Organic Search,Organic Search,CMP_ORG_LEE,Leeds,Education,250-999,Security Add-on,59.3,New,0,0
L000197,CU000197,2024-02-07,Paid Search - Non-Brand,Paid Search - Non-Brand,CMP_PAI_EDI,Edinburgh,Healthcare,250-999,Enterprise Connectivity,77.4,MQL,1,0
L000198,CU000198,2024-02-07,Events,Events,CMP_EVE_EDI,Edinburgh,Healthcare,50-249,Enterprise Connectivity,49.7,New,0,0
L000199,CU000199,2024-02-08,YouTube,YouTube,CMP_YOU_LON,London,Education,50-249,Security Add-on,68.5,SQL,1,1
L000200,CU000200,2024-02-08,Paid Search - Non-Brand,Paid Search - Non-Brand,CMP_PAI_LEE,Leeds,Technology,50-249,Remote Access,65.4,SQL,1,1
L000201,CU000201,2024-02-08,Paid Search - Non-Brand,Paid Search - Non-Brand,CMP_PAI_MAN,Manchester,Retail,50-249,Enterprise Connectivity,50.7,MQL,1,0
L000202,CU000202,2024-02-08,Paid Search - Non-Brand,Paid Search - Non-Brand,CMP_PAI_BRI,Bristol,Technology,1000+,Security Add-on,53.3,New,0,0
L000203,CU000203,2024-02-08,Paid Search - Non-Brand,Paid Search - Non-Brand,CMP_PAI_BIR,Birmingham,Healthcare,50-249,Remote Support,38.5,New,0,0
L000204,CU000204,2024-02-08,LinkedIn,LinkedIn,CMP_LIN_BIR,Birmingham,Retail,250-999,Enterprise Connectivity,82.6,MQL,1,0
L000205,CU000205,2024-02-08,Paid Search - Brand,Paid Search - Brand,CMP_PAI_LEE,Leeds,Technology,1000+,Enterprise Connectivity,67.8,SQL,1,1
L000206,CU000206,2024-02-09,Paid Search - Non-Brand,Paid Search - Non-Brand,CMP_PAI_GLA,Glasgow,Professional Services,1000+,Enterprise Connectivity,68.2,New,0,0
L000207,CU000207,2024-02-10,LinkedIn,LinkedIn,CMP_LIN_BIR,Birmingham,Retail,250-999,Enterprise Connectivity,67.2,MQL,1,0
L000208,CU000208,2024-02-10,Paid Social,Paid Social,CMP_PAI_BIR,Birmingham,Retail,1-49,Remote Access,63.7,SQL,1,1
L000209,CU000209,2024-02-10,Paid Social,Paid Social,CMP_PAI_LIV,Liverpool,Technology,250-999,Remote Support,69.3,MQL,1,0
L000210,CU000210,2024-02-10,Paid Search - Brand,Paid Search - Brand,CMP_PAI_EDI,Edinburgh,Manufacturing,1-49,Enterprise Connectivity,91.3,SQL,1,1
L000211,CU000211,2024-02-10,Partner,Partner,CMP_PAR_MAN,Manchester,Healthcare,1000+,Security Add-on,60.1,MQL,1,0
L000212,CU000212,2024-02-10,Paid Search - Brand,Paid Search - Brand,CMP_PAI_BRI,Bristol,Professional Services,1000+,Remote Access,58.3,New,0,0
L000213,CU000213,2024-02-10,Organic Search,Organic Search,CMP_ORG_GLA,Glasgow,Healthcare,50-249,Remote Support,44.1,New,0,0
L000214,CU000214,2024-02-10,Paid Search - Brand,Paid Search - Brand,CMP_PAI_BIR,Birmingham,Healthcare,50-249,Security Add-on,69.8,MQL,1,0
L000215,CU000215,2024-02-11,Partner,Partner,CMP_PAR_LEE,Leeds,Retail,50-249,Remote Support,71.7,MQL,1,0
L000216,CU000216,2024-02-11,Email,Email,CMP_EMA_LEE,Leeds,Professional Services,50-249,Remote Access,81.7,MQL,1,0
L000217,CU000217,2024-02-11,LinkedIn,LinkedIn,CMP_LIN_BRI,Bristol,Manufacturing,250-999,Security Add-on,83.6,New,0,0
L000218,CU000218,2024-02-11,Partner,Partner,CMP_PAR_MAN,Manchester,Education,250-999,Remote Access,63.9,MQL,1,0
L000219,CU000219,2024-02-12,Paid Search - Non-Brand,Paid Search - Non-Brand,CMP_PAI_MAN,Manchester,Retail,1-49,Remote Access,53.7,SQL,1,1
L000220,CU000220,2024-02-12,Organic Search,Organic Search,CMP_ORG_MAN,Manchester,Technology,50-249,Remote Support,63.5,New,0,0
L000221,CU000221,2024-02-12,Paid Search - Non-Brand,Paid Search - Non-Brand,CMP_PAI_MAN,Manchester,Education,1000+,Security Add-on,86.9,New,0,0
L000222,CU000222,2024-02-12,Events,Events,CMP_EVE_EDI,Edinburgh,Retail,50-249,Enterprise Connectivity,68.0,New,0,0
L000223,CU000223,2024-02-12,Paid Search - Brand,Paid Search - Brand,CMP_PAI_LON,London,Professional Services,250-999,Security Add-on,57.9,New,0,0
L000224,CU000224,2024-02-12,Events,Events,CMP_EVE_MAN,Manchester,Education,1000+,Security Add-on,54.7,New,0,0
L000225,CU000225,2024-02-12,Paid Social,Paid Social,CMP_PAI_MAN,Manchester,Retail,50-249,Remote Access,28.0,New,0,0
L000226,CU000226,2024-02-13,Email,Email,CMP_EMA_CAR,Cardiff,Healthcare,1-49,Remote Support,65.5,New,0,0
L000227,CU000227,2024-02-13,Paid Search - Brand,Paid Search - Brand,CMP_PAI_LON,London,Healthcare,50-249,Enterprise Connectivity,80.7,New,0,0
L000228,CU000228,2024-02-13,Paid Search - Brand,Paid Search - Brand,CMP_PAI_LEE,Leeds,Retail,1-49,Remote Access,46.9,SQL,1,1
L000229,CU000229,2024-02-13,Paid Search - Non-Brand,Paid Search - Non-Brand,CMP_PAI_MAN,Manchester,Healthcare,50-249,Remote Access,81.6,SQL,1,1
L000230,CU000230,2024-02-13,Paid Search - Brand,Paid Search - Brand,CMP_PAI_MAN,Manchester,Education,250-999,Enterprise Connectivity,64.7,SQL,1,1
L000231,CU000231,2024-02-14,Email,Email,CMP_EMA_LIV,Liverpool,Education,1-49,Security Add-on,56.7,SQL,1,1
L000232,CU000232,2024-02-14,Paid Search - Brand,Paid Search - Brand,CMP_PAI_MAN,Manchester,Retail,1000+,Remote Support,40.4,New,0,0
L000233,CU000233,2024-02-14,Email,Email,CMP_EMA_BRI,Bristol,Education,1-49,Remote Access,61.3,SQL,1,1
L000234,CU000234,2024-02-14,Events,Events,CMP_EVE_GLA,Glasgow,Education,1000+,Security Add-on,55.4,New,0,0
L000235,CU000235,2024-02-14,Paid Search - Brand,Paid Search - Brand,CMP_PAI_EDI,Edinburgh,Retail,1000+,Security Add-on,41.9,MQL,1,0
L000236,CU000236,2024-02-14,YouTube,YouTube,CMP_YOU_GLA,Glasgow,Professional Services,1-49,Remote Support,53.6,New,0,0
L000237,CU000237,2024-02-14,Paid Search - Non-Brand,Paid Search - Non-Brand,CMP_PAI_BRI,Bristol,Technology,250-999,Enterprise Connectivity,28.6,New,0,0
L000238,CU000238,2024-02-14,Paid Search - Brand,Paid Search - Brand,CMP_PAI_BIR,Birmingham,Technology,1-49,Enterprise Connectivity,71.2,SQL,1,1
L000239,CU000239,2024-02-14,Paid Social,Paid Social,CMP_PAI_SHE,Sheffield,Retail,1-49,Enterprise Connectivity,36.0,MQL,1,0
L000240,CU000240,2024-02-14,Organic Search,Organic Search,CMP_ORG_LEE,Leeds,Education,1-49,Security Add-on,63.6,New,0,0
L000241,CU000241,2024-02-15,Partner,Partner,CMP_PAR_LIV,Liverpool,Retail,250-999,Remote Support,80.9,SQL,1,1
L000242,CU000242,2024-02-15,Organic Search,Organic Search,CMP_ORG_CAR,Cardiff,Professional Services,50-249,Security Add-on,75.2,SQL,1,1
L000243,CU000243,2024-02-15,Paid Social,Paid Social,CMP_PAI_LEE,Leeds,Manufacturing,50-249,Enterprise Connectivity,55.4,New,0,0
L000244,CU000244,2024-02-15,LinkedIn,LinkedIn,CMP_LIN_BRI,Bristol,Professional Services,1000+,Enterprise Connectivity,83.0,MQL,1,0
L000245,CU000245,2024-02-15,Direct,Direct,CMP_DIR_GLA,Glasgow,Technology,1-49,Remote Support,62.3,SQL,1,1
L000246,CU000246,2024-02-15,Paid Search - Brand,Paid Search - Brand,CMP_PAI_LEE,Leeds,Retail,250-999,Remote Support,56.6,MQL,1,0
L000247,CU000247,2024-02-15,Paid Social,Paid Social,CMP_PAI_BRI,Bristol,Technology,50-249,Remote Access,37.7,MQL,1,0
L000248,CU000248,2024-02-15,Paid Search - Brand,Paid Search - Brand,CMP_PAI_GLA,Glasgow,Professional Services,250-999,Enterprise Connectivity,81.4,New,0,0
L000249,CU000249,2024-02-16,Organic Search,Organic Search,CMP_ORG_BIR,Birmingham,Retail,250-999,Enterprise Connectivity,62.8,New,0,0
L000250,CU000250,2024-02-16,Paid Search - Non-Brand,Paid Search - Non-Brand,CMP_PAI_MAN,Manchester,Education,1000+,Remote Access,63.2,MQL,1,0
L000251,CU000251,2024-02-16,Events,Events,CMP_EVE_GLA,Glasgow,Technology,1-49,Remote Support,70.5,SQL,1,1
L000252,CU000252,2024-02-16,Partner,Partner,CMP_PAR_MAN,Manchester,Healthcare,250-999,Remote Access,36.1,New,0,0
L000253,CU000253,2024-02-16,Direct,Direct,CMP_DIR_SHE,Sheffield,Professional Services,1-49,Remote Support,60.9,New,0,0
L000254,CU000254,2024-02-16,Paid Social,Paid Social,CMP_PAI_BIR,Birmingham,Manufacturing,1-49,Enterprise Connectivity,28.3,New,0,0
L000255,CU000255,2024-02-16,Organic Search,Organic Search,CMP_ORG_MAN,Manchester,Retail,250-999,Remote Access,79.2,MQL,1,0
L000256,CU000256,2024-02-17,Email,Email,CMP_EMA_LEE,Leeds,Professional Services,1-49,Security Add-on,70.2,SQL,1,1
L000257,CU000257,2024-02-17,Events,Events,CMP_EVE_GLA,Glasgow,Technology,50-249,Remote Support,73.7,SQL,1,1
L000258,CU000258,2024-02-17,Events,Events,CMP_EVE_GLA,Glasgow,Education,1-49,Security Add-on,63.6,New,0,0
L000259,CU000259,2024-02-17,Paid Social,Paid Social,CMP_PAI_MAN,Manchester,Professional Services,1-49,Security Add-on,62.1,New,0,0
L000260,CU000260,2024-02-17,Paid Search - Brand,Paid Search - Brand,CMP_PAI_LON,London,Professional Services,1000+,Remote Access,95.2,New,0,0
L000261,CU000261,2024-02-18,Paid Social,Paid Social,CMP_PAI_CAR,Cardiff,Education,250-999,Remote Support,41.3,SQL,1,1
L000262,CU000262,2024-02-18,Paid Search - Brand,Paid Search - Brand,CMP_PAI_GLA,Glasgow,Manufacturing,50-249,Remote Support,59.7,New,0,0
L000263,CU000263,2024-02-18,Organic Search,Organic Search,CMP_ORG_MAN,Manchester,Manufacturing,1-49,Remote Support,67.4,SQL,1,1
L000264,CU000264,2024-02-18,Paid Social,Paid Social,CMP_PAI_CAR,Cardiff,Professional Services,1-49,Remote Support,38.5,New,0,0
L000265,CU000265,2024-02-18,Paid Search - Brand,Paid Search - Brand,CMP_PAI_LON,London,Technology,50-249,Enterprise Connectivity,69.0,New,0,0
L000266,CU000266,2024-02-18,Paid Search - Non-Brand,Paid Search - Non-Brand,CMP_PAI_GLA,Glasgow,Healthcare,50-249,Security Add-on,71.2,MQL,1,0
L000267,CU000267,2024-02-18,Paid Social,Paid Social,CMP_PAI_SHE,Sheffield,Healthcare,1-49,Remote Access,30.6,New,0,0
L000268,CU000268,2024-02-19,Partner,Partner,CMP_PAR_LON,London,Retail,50-249,Remote Support,62.5,MQL,1,0
L000269,CU000269,2024-02-19,Organic Search,Organic Search,CMP_ORG_BRI,Bristol,Education,1000+,Enterprise Connectivity,98.8,MQL,1,0
L000270,CU000270,2024-02-19,LinkedIn,LinkedIn,CMP_LIN_EDI,Edinburgh,Education,1000+,Enterprise Connectivity,70.8,New,0,0
L000271,CU000271,2024-02-19,Paid Search - Non-Brand,Paid Search - Non-Brand,CMP_PAI_BRI,Bristol,Manufacturing,50-249,Remote Support,46.7,New,0,0
L000272,CU000272,2024-02-19,Email,Email,CMP_EMA_GLA,Glasgow,Retail,50-249,Remote Support,74.0,MQL,1,0
L000273,CU000273,2024-02-19,Paid Search - Brand,Paid Search - Brand,CMP_PAI_LON,London,Healthcare,50-249,Security Add-on,52.8,New,0,0
L000274,CU000274,2024-02-19,Direct,Direct,CMP_DIR_EDI,Edinburgh,Manufacturing,1000+,Remote Access,52.0,SQL,1,1
L000275,CU000275,2024-02-19,Paid Search - Brand,Paid Search - Brand,CMP_PAI_MAN,Manchester,Healthcare,250-999,Remote Access,71.8,SQL,1,1
L000276,CU000276,2024-02-19,Organic Search,Organic Search,CMP_ORG_LON,London,Manufacturing,1-49,Enterprise Connectivity,73.9,SQL,1,1
L000277,CU000277,2024-02-19,Paid Search - Brand,Paid Search - Brand,CMP_PAI_BIR,Birmingham,Healthcare,250-999,Remote Support,65.8,MQL,1,0
L000278,CU000278,2024-02-20,Paid Social,Paid Social,CMP_PAI_LEE,Leeds,Retail,1-49,Enterprise Connectivity,47.7,New,0,0
L000279,CU000279,2024-02-20,Paid Search - Non-Brand,Paid Search - Non-Brand,CMP_PAI_LEE,Leeds,Education,50-249,Remote Access,63.9,MQL,1,0
L000280,CU000280,2024-02-20,Paid Social,Paid Social,CMP_PAI_EDI,Edinburgh,Healthcare,1000+,Enterprise Connectivity,55.2,New,0,0
L000281,CU000281,2024-02-20,Email,Email,CMP_EMA_GLA,Glasgow,Retail,1-49,Security Add-on,80.4,MQL,1,0
L000282,CU000282,2024-02-20,Direct,Direct,CMP_DIR_LEE,Leeds,Professional Services,250-999,Remote Support,28.6,SQL,1,1
L000283,CU000283,2024-02-21,Organic Search,Organic Search,CMP_ORG_EDI,Edinburgh,Healthcare,1000+,Remote Access,42.7,MQL,1,0
L000284,CU000284,2024-02-21,Paid Search - Brand,Paid Search - Brand,CMP_PAI_BRI,Bristol,Retail,50-249,Security Add-on,68.3,New,0,0
L000285,CU000285,2024-02-21,Organic Search,Organic Search,CMP_ORG_BRI,Bristol,Technology,50-249,Remote Support,57.7,New,0,0
L000286,CU000286,2024-02-21,Paid Social,Paid Social,CMP_PAI_LIV,Liverpool,Education,1-49,Remote Support,42.6,New,0,0
L000287,CU000287,2024-02-21,Partner,Partner,CMP_PAR_LIV,Liverpool,Technology,250-999,Remote Support,65.0,SQL,1,1
L000288,CU000288,2024-02-21,Paid Social,Paid Social,CMP_PAI_LON,London,Professional Services,250-999,Security Add-on,25.5,New,0,0
L000289,CU000289,2024-02-21,Direct,Direct,CMP_DIR_LON,London,Technology,250-999,Remote Access,71.6,SQL,1,1
L000290,CU000290,2024-02-21,Paid Search - Brand,Paid Search - Brand,CMP_PAI_LON,London,Education,250-999,Enterprise Connectivity,71.2,SQL,1,1
L000291,CU000291,2024-02-21,Partner,Partner,CMP_PAR_MAN,Manchester,Professional Services,250-999,Remote Support,55.0,SQL,1,1
L000292,CU000292,2024-02-22,Paid Search - Brand,Paid Search - Brand,CMP_PAI_BIR,Birmingham,Technology,50-249,Remote Access,66.5,SQL,1,1
L000293,CU000293,2024-02-22,Paid Search - Brand,Paid Search - Brand,CMP_PAI_LIV,Liverpool,Technology,1-49,Remote Support,58.2,New,0,0
L000294,CU000294,2024-02-22,Partner,Partner,CMP_PAR_BRI,Bristol,Professional Services,50-249,Remote Access,75.8,New,0,0
L000295,CU000295,2024-02-22,Paid Search - Non-Brand,Paid Search - Non-Brand,CMP_PAI_LIV,Liverpool,Manufacturing,50-249,Remote Access,34.7,MQL,1,0
L000296,CU000296,2024-02-22,Paid Social,Paid Social,CMP_PAI_LIV,Liverpool,Education,250-999,Remote Support,65.1,SQL,1,1
L000297,CU000297,2024-02-22,Paid Search - Brand,Paid Search - Brand,CMP_PAI_LEE,Leeds,Retail,250-999,Enterprise Connectivity,50.0,SQL,1,1
L000298,CU000298,2024-02-23,Paid Search - Non-Brand,Paid Search - Non-Brand,CMP_PAI_LEE,Leeds,Professional Services,1-49,Enterprise Connectivity,69.6,New,0,0
L000299,CU000299,2024-02-23,Paid Search - Non-Brand,Paid Search - Non-Brand,CMP_PAI_SHE,Sheffield,Manufacturing,50-249,Remote Access,71.3,SQL,1,1
L000300,CU000300,2024-02-23,Paid Social,Paid Social,CMP_PAI_MAN,Manchester,Healthcare,1-49,Remote Access,61.2,New,0,0
L000301,CU000301,2024-02-23,YouTube,YouTube,CMP_YOU_MAN,Manchester,Healthcare,1-49,Remote Support,73.7,New,0,0
L000302,CU000302,2024-02-23,Partner,Partner,CMP_PAR_LON,London,Healthcare,1-49,Remote Access,57.9,New,0,0
L000303,CU000303,2024-02-23,Paid Social,Paid Social,CMP_PAI_GLA,Glasgow,Education,50-249,Remote Access,70.4,MQL,1,0
L000304,CU000304,2024-02-24,Paid Search - Non-Brand,Paid Search - Non-Brand,CMP_PAI_LON,London,Healthcare,1000+,Enterprise Connectivity,73.1,New,0,0
L000305,CU000305,2024-02-24,LinkedIn,LinkedIn,CMP_LIN_GLA,Glasgow,Healthcare,1000+,Enterprise Connectivity,72.0,MQL,1,0
L000306,CU000306,2024-02-24,Paid Social,Paid Social,CMP_PAI_LEE,Leeds,Education,1-49,Security Add-on,37.3,New,0,0
L000307,CU000307,2024-02-24,LinkedIn,LinkedIn,CMP_LIN_GLA,Glasgow,Technology,1-49,Security Add-on,57.9,SQL,1,1
L000308,CU000308,2024-02-24,Organic Search,Organic Search,CMP_ORG_LEE,Leeds,Retail,1000+,Enterprise Connectivity,66.7,New,0,0
L000309,CU000309,2024-02-25,Paid Social,Paid Social,CMP_PAI_CAR,Cardiff,Manufacturing,250-999,Remote Access,41.6,New,0,0
L000310,CU000310,2024-02-25,Paid Search - Brand,Paid Search - Brand,CMP_PAI_MAN,Manchester,Retail,250-999,Enterprise Connectivity,64.9,MQL,1,0
L000311,CU000311,2024-02-25,Direct,Direct,CMP_DIR_LEE,Leeds,Education,1000+,Security Add-on,58.9,New,0,0
L000312,CU000312,2024-02-25,Paid Search - Brand,Paid Search - Brand,CMP_PAI_CAR,Cardiff,Retail,50-249,Enterprise Connectivity,82.7,SQL,1,1
L000313,CU000313,2024-02-25,Paid Search - Brand,Paid Search - Brand,CMP_PAI_LEE,Leeds,Technology,250-999,Remote Support,60.5,SQL,1,1
L000314,CU000314,2024-02-25,Partner,Partner,CMP_PAR_EDI,Edinburgh,Education,50-249,Remote Support,43.5,New,0,0
L000315,CU000315,2024-02-25,Organic Search,Organic Search,CMP_ORG_BIR,Birmingham,Education,1000+,Remote Support,72.6,New,0,0
L000316,CU000316,2024-02-25,Paid Search - Non-Brand,Paid Search - Non-Brand,CMP_PAI_BIR,Birmingham,Technology,50-249,Remote Support,73.9,SQL,1,1
L000317,CU000317,2024-02-25,Paid Social,Paid Social,CMP_PAI_BRI,Bristol,Professional Services,50-249,Remote Access,63.7,New,0,0
L000318,CU000318,2024-02-25,Partner,Partner,CMP_PAR_BRI,Bristol,Retail,1-49,Enterprise Connectivity,50.0,New,0,0
L000319,CU000319,2024-02-26,Paid Search - Brand,Paid Search - Brand,CMP_PAI_LIV,Liverpool,Technology,1-49,Security Add-on,68.1,SQL,1,1
L000320,CU000320,2024-02-26,Organic Search,Organic Search,CMP_ORG_LIV,Liverpool,Retail,250-999,Remote Support,71.0,SQL,1,1
L000321,CU000321,2024-02-27,Paid Search - Brand,Paid Search - Brand,CMP_PAI_MAN,Manchester,Professional Services,50-249,Remote Support,40.3,New,0,0
L000322,CU000322,2024-02-27,Paid Search - Non-Brand,Paid Search - Non-Brand,CMP_PAI_BIR,Birmingham,Manufacturing,50-249,Remote Support,55.9,New,0,0
L000323,CU000323,2024-02-27,Direct,Direct,CMP_DIR_EDI,Edinburgh,Education,50-249,Remote Support,58.1,New,0,0
L000324,CU000324,2024-02-28,Email,Email,CMP_EMA_BIR,Birmingham,Manufacturing,1-49,Remote Support,63.4,New,0,0
L000325,CU000325,2024-02-28,Direct,Direct,CMP_DIR_BIR,Birmingham,Education,50-249,Enterprise Connectivity,65.1,MQL,1,0
L000326,CU000326,2024-02-28,Paid Search - Brand,Paid Search - Brand,CMP_PAI_BIR,Birmingham,Technology,250-999,Remote Support,61.0,New,0,0
L000327,CU000327,2024-02-28,Organic Search,Organic Search,CMP_ORG_GLA,Glasgow,Manufacturing,50-249,Security Add-on,76.1,New,0,0
L000328,CU000328,2024-02-28,Paid Search - Brand,Paid Search - Brand,CMP_PAI_LON,London,Healthcare,250-999,Security Add-on,77.1,SQL,1,1
L000329,CU000329,2024-02-28,Paid Social,Paid Social,CMP_PAI_BIR,Birmingham,Healthcare,50-249,Security Add-on,41.4,MQL,1,0
L000330,CU000330,2024-02-28,Direct,Direct,CMP_DIR_LON,London,Retail,50-249,Security Add-on,67.9,SQL,1,1
L000331,CU000331,2024-02-28,Events,Events,CMP_EVE_LIV,Liverpool,Technology,1000+,Security Add-on,58.3,New,0,0
L000332,CU000332,2024-02-29,Paid Search - Non-Brand,Paid Search - Non-Brand,CMP_PAI_EDI,Edinburgh,Healthcare,1-49,Enterprise Connectivity,67.6,MQL,1,0
L000333,CU000333,2024-02-29,Paid Social,Paid Social,CMP_PAI_LON,London,Manufacturing,50-249,Security Add-on,49.7,SQL,1,1
L000334,CU000334,2024-02-29,Paid Search - Non-Brand,Paid Search - Non-Brand,CMP_PAI_LON,London,Education,50-249,Remote Support,49.9,New,0,0
L000335,CU000335,2024-02-29,Email,Email,CMP_EMA_LIV,Liverpool,Education,50-249,Security Add-on,60.6,SQL,1,1
L000336,CU000336,2024-02-29,Organic Search,Organic Search,CMP_ORG_SHE,Sheffield,Retail,50-249,Remote Support,65.3,MQL,1,0
L000337,CU000337,2024-03-01,Paid Search - Non-Brand,Paid Search - Non-Brand,CMP_PAI_LON,London,Technology,1-49,Security Add-on,55.1,New,0,0
L000338,CU000338,2024-03-01,Organic Search,Organic Search,CMP_ORG_BIR,Birmingham,Technology,250-999,Remote Access,36.1,SQL,1,1
L000339,CU000339,2024-03-01,LinkedIn,LinkedIn,CMP_LIN_BRI,Bristol,Retail,250-999,Security Add-on,89.0,New,0,0
L000340,CU000340,2024-03-02,Paid Social,Paid Social,CMP_PAI_CAR,Cardiff,Technology,50-249,Remote Access,49.9,New,0,0
L000341,CU000341,2024-03-02,Paid Social,Paid Social,CMP_PAI_GLA,Glasgow,Manufacturing,250-999,Remote Support,66.4,New,0,0
L000342,CU000342,2024-03-02,LinkedIn,LinkedIn,CMP_LIN_BRI,Bristol,Healthcare,250-999,Enterprise Connectivity,81.6,MQL,1,0
L000343,CU000343,2024-03-02,Paid Search - Non-Brand,Paid Search - Non-Brand,CMP_PAI_BRI,Bristol,Professional Services,50-249,Enterprise Connectivity,74.0,New,0,0
L000344,CU000344,2024-03-03,YouTube,YouTube,CMP_YOU_MAN,Manchester,Manufacturing,50-249,Remote Support,77.9,SQL,1,1
L000345,CU000345,2024-03-03,Paid Search - Non-Brand,Paid Search - Non-Brand,CMP_PAI_LON,London,Retail,1000+,Remote Support,64.8,New,0,0
L000346,CU000346,2024-03-03,Paid Search - Brand,Paid Search - Brand,CMP_PAI_BRI,Bristol,Technology,1000+,Enterprise Connectivity,61.7,New,0,0
L000347,CU000347,2024-03-03,Display,Display,CMP_DIS_EDI,Edinburgh,Technology,1-49,Remote Support,61.1,New,0,0
L000348,CU000348,2024-03-03,Paid Social,Paid Social,CMP_PAI_BRI,Bristol,Retail,50-249,Enterprise Connectivity,46.4,New,0,0
L000349,CU000349,2024-03-03,Direct,Direct,CMP_DIR_BIR,Birmingham,Technology,250-999,Remote Support,67.1,MQL,1,0
L000350,CU000350,2024-03-03,Email,Email,CMP_EMA_SHE,Sheffield,Retail,250-999,Remote Access,54.0,New,0,0
L000351,CU000351,2024-03-03,Paid Search - Non-Brand,Paid Search - Non-Brand,CMP_PAI_SHE,Sheffield,Education,250-999,Remote Access,74.0,SQL,1,1
L000352,CU000352,2024-03-04,Organic Search,Organic Search,CMP_ORG_GLA,Glasgow,Technology,50-249,Remote Access,55.3,SQL,1,1
L000353,CU000353,2024-03-04,Paid Search - Non-Brand,Paid Search - Non-Brand,CMP_PAI_LON,London,Manufacturing,250-999,Remote Access,73.9,SQL,1,1
L000354,CU000354,2024-03-04,Paid Search - Brand,Paid Search - Brand,CMP_PAI_LON,London,Technology,1000+,Remote Access,56.6,SQL,1,1
L000355,CU000355,2024-03-04,Paid Search - Brand,Paid Search - Brand,CMP_PAI_EDI,Edinburgh,Professional Services,50-249,Security Add-on,68.2,SQL,1,1
L000356,CU000356,2024-03-04,Paid Search - Brand,Paid Search - Brand,CMP_PAI_LEE,Leeds,Professional Services,50-249,Enterprise Connectivity,74.4,SQL,1,1
L000357,CU000357,2024-03-04,Organic Search,Organic Search,CMP_ORG_SHE,Sheffield,Retail,1000+,Remote Access,72.8,New,0,0
L000358,CU000358,2024-03-05,Paid Search - Brand,Paid Search - Brand,CMP_PAI_MAN,Manchester,Retail,250-999,Security Add-on,80.6,MQL,1,0
L000359,CU000359,2024-03-05,Paid Search - Brand,Paid Search - Brand,CMP_PAI_MAN,Manchester,Technology,1000+,Security Add-on,64.7,MQL,1,0
L000360,CU000360,2024-03-05,Paid Search - Brand,Paid Search - Brand,CMP_PAI_MAN,Manchester,Professional Services,250-999,Security Add-on,85.9,SQL,1,1
L000361,CU000361,2024-03-05,Events,Events,CMP_EVE_LEE,Leeds,Technology,1000+,Remote Access,68.3,New,0,0
L000362,CU000362,2024-03-05,Organic Search,Organic Search,CMP_ORG_BRI,Bristol,Healthcare,50-249,Security Add-on,60.0,SQL,1,1
L000363,CU000363,2024-03-06,Paid Search - Non-Brand,Paid Search - Non-Brand,CMP_PAI_LON,London,Professional Services,1-49,Security Add-on,53.1,New,0,0
L000364,CU000364,2024-03-06,Paid Search - Non-Brand,Paid Search - Non-Brand,CMP_PAI_BIR,Birmingham,Retail,250-999,Enterprise Connectivity,71.5,New,0,0
L000365,CU000365,2024-03-06,Paid Search - Brand,Paid Search - Brand,CMP_PAI_SHE,Sheffield,Technology,250-999,Security Add-on,69.4,New,0,0
L000366,CU000366,2024-03-06,Paid Search - Brand,Paid Search - Brand,CMP_PAI_CAR,Cardiff,Professional Services,250-999,Enterprise Connectivity,59.1,MQL,1,0
L000367,CU000367,2024-03-06,Email,Email,CMP_EMA_LON,London,Retail,1000+,Remote Access,47.6,New,0,0
L000368,CU000368,2024-03-06,Direct,Direct,CMP_DIR_BIR,Birmingham,Retail,50-249,Enterprise Connectivity,63.2,MQL,1,0
L000369,CU000369,2024-03-06,Events,Events,CMP_EVE_BRI,Bristol,Professional Services,50-249,Enterprise Connectivity,94.5,SQL,1,1
L000370,CU000370,2024-03-06,Email,Email,CMP_EMA_LON,London,Manufacturing,50-249,Enterprise Connectivity,68.1,SQL,1,1
L000371,CU000371,2024-03-07,LinkedIn,LinkedIn,CMP_LIN_LEE,Leeds,Education,1-49,Remote Access,89.2,SQL,1,1
L000372,CU000372,2024-03-07,Direct,Direct,CMP_DIR_BRI,Bristol,Retail,1000+,Security Add-on,48.7,New,0,0
L000373,CU000373,2024-03-07,Email,Email,CMP_EMA_BRI,Bristol,Healthcare,250-999,Security Add-on,67.3,New,0,0
L000374,CU000374,2024-03-07,Direct,Direct,CMP_DIR_LON,London,Healthcare,1-49,Remote Support,77.4,MQL,1,0
L000375,CU000375,2024-03-07,Paid Search - Non-Brand,Paid Search - Non-Brand,CMP_PAI_CAR,Cardiff,Manufacturing,250-999,Remote Support,69.8,New,0,0
L000376,CU000376,2024-03-07,Paid Social,Paid Social,CMP_PAI_LON,London,Healthcare,50-249,Security Add-on,47.9,SQL,1,1
L000377,CU000377,2024-03-07,Paid Social,Paid Social,CMP_PAI_BRI,Bristol,Manufacturing,1-49,Remote Support,50.3,MQL,1,0
L000378,CU000378,2024-03-07,Paid Social,Paid Social,CMP_PAI_BIR,Birmingham,Healthcare,50-249,Security Add-on,55.3,SQL,1,1
L000379,CU000379,2024-03-07,Paid Search - Brand,Paid Search - Brand,CMP_PAI_CAR,Cardiff,Technology,1-49,Remote Support,76.4,MQL,1,0
L000380,CU000380,2024-03-08,LinkedIn,LinkedIn,CMP_LIN_LON,London,Education,1-49,Remote Support,72.5,SQL,1,1
L000381,CU000381,2024-03-08,Paid Search - Brand,Paid Search - Brand,CMP_PAI_BIR,Birmingham,Retail,1-49,Remote Support,81.4,MQL,1,0
L000382,CU000382,2024-03-08,Paid Search - Brand,Paid Search - Brand,CMP_PAI_BIR,Birmingham,Manufacturing,50-249,Enterprise Connectivity,59.1,New,0,0
L000383,CU000383,2024-03-08,Paid Search - Brand,Paid Search - Brand,CMP_PAI_LEE,Leeds,Healthcare,1000+,Remote Support,50.6,SQL,1,1
L000384,CU000384,2024-03-08,Organic Search,Organic Search,CMP_ORG_LIV,Liverpool,Education,1-49,Remote Support,77.0,New,0,0
L000385,CU000385,2024-03-09,LinkedIn,LinkedIn,CMP_LIN_BIR,Birmingham,Retail,1-49,Security Add-on,76.0,New,0,0
L000386,CU000386,2024-03-09,Organic Search,Organic Search,CMP_ORG_BIR,Birmingham,Healthcare,250-999,Remote Access,61.6,MQL,1,0
L000387,CU000387,2024-03-09,Events,Events,CMP_EVE_LIV,Liverpool,Education,50-249,Enterprise Connectivity,79.5,SQL,1,1
L000388,CU000388,2024-03-09,Paid Search - Brand,Paid Search - Brand,CMP_PAI_BIR,Birmingham,Professional Services,250-999,Security Add-on,60.6,New,0,0
L000389,CU000389,2024-03-09,Events,Events,CMP_EVE_LEE,Leeds,Manufacturing,50-249,Remote Access,71.3,SQL,1,1
L000390,CU000390,2024-03-09,Paid Search - Brand,Paid Search - Brand,CMP_PAI_CAR,Cardiff,Professional Services,1-49,Remote Access,85.4,MQL,1,0
L000391,CU000391,2024-03-09,Direct,Direct,CMP_DIR_EDI,Edinburgh,Education,1-49,Remote Support,60.2,New,0,0
L000392,CU000392,2024-03-09,Paid Social,Paid Social,CMP_PAI_LEE,Leeds,Professional Services,1-49,Remote Support,34.6,New,0,0
L000393,CU000393,2024-03-09,Display,Display,CMP_DIS_BIR,Birmingham,Healthcare,50-249,Security Add-on,65.5,SQL,1,1
L000394,CU000394,2024-03-09,Paid Social,Paid Social,CMP_PAI_GLA,Glasgow,Retail,1-49,Remote Support,46.7,New,0,0
L000395,CU000395,2024-03-10,Paid Search - Brand,Paid Search - Brand,CMP_PAI_EDI,Edinburgh,Education,1000+,Enterprise Connectivity,75.9,SQL,1,1
L000396,CU000396,2024-03-10,Paid Search - Brand,Paid Search - Brand,CMP_PAI_MAN,Manchester,Healthcare,1000+,Remote Support,66.4,New,0,0
L000397,CU000397,2024-03-10,Partner,Partner,CMP_PAR_LEE,Leeds,Retail,1-49,Security Add-on,37.9,SQL,1,1
L000398,CU000398,2024-03-11,Paid Search - Brand,Paid Search - Brand,CMP_PAI_LON,London,Professional Services,50-249,Remote Access,39.6,New,0,0
L000399,CU000399,2024-03-11,Paid Search - Non-Brand,Paid Search - Non-Brand,CMP_PAI_LON,London,Manufacturing,50-249,Security Add-on,45.9,New,0,0
L000400,CU000400,2024-03-11,Paid Social,Paid Social,CMP_PAI_LEE,Leeds,Professional Services,1-49,Remote Access,45.7,New,0,0
L000401,CU000401,2024-03-11,Paid Social,Paid Social,CMP_PAI_LIV,Liverpool,Professional Services,50-249,Remote Support,56.0,New,0,0
L000402,CU000402,2024-03-11,Paid Search - Brand,Paid Search - Brand,CMP_PAI_MAN,Manchester,Professional Services,1-49,Remote Access,77.7,SQL,1,1
L000403,CU000403,2024-03-11,Paid Search - Non-Brand,Paid Search - Non-Brand,CMP_PAI_BIR,Birmingham,Manufacturing,250-999,Remote Access,80.4,SQL,1,1
L000404,CU000404,2024-03-12,Paid Search - Brand,Paid Search - Brand,CMP_PAI_BRI,Bristol,Professional Services,50-249,Remote Support,86.2,SQL,1,1
L000405,CU000405,2024-03-12,Paid Search - Non-Brand,Paid Search - Non-Brand,CMP_PAI_CAR,Cardiff,Professional Services,1000+,Remote Access,51.3,New,0,0
L000406,CU000406,2024-03-12,Direct,Direct,CMP_DIR_CAR,Cardiff,Retail,1-49,Enterprise Connectivity,61.9,New,0,0
L000407,CU000407,2024-03-12,Email,Email,CMP_EMA_GLA,Glasgow,Technology,250-999,Remote Access,55.8,SQL,1,1
L000408,CU000408,2024-03-12,Partner,Partner,CMP_PAR_LEE,Leeds,Technology,1000+,Enterprise Connectivity,67.4,SQL,1,1
L000409,CU000409,2024-03-12,Paid Search - Non-Brand,Paid Search - Non-Brand,CMP_PAI_CAR,Cardiff,Technology,250-999,Security Add-on,65.0,New,0,0
L000410,CU000410,2024-03-12,Paid Social,Paid Social,CMP_PAI_SHE,Sheffield,Technology,1-49,Remote Support,57.5,New,0,0
L000411,CU000411,2024-03-12,Paid Social,Paid Social,CMP_PAI_LEE,Leeds,Technology,50-249,Security Add-on,54.6,New,0,0
L000412,CU000412,2024-03-13,Organic Search,Organic Search,CMP_ORG_MAN,Manchester,Manufacturing,50-249,Remote Access,81.8,SQL,1,1
L000413,CU000413,2024-03-13,Paid Social,Paid Social,CMP_PAI_EDI,Edinburgh,Professional Services,50-249,Security Add-on,52.9,MQL,1,0
L000414,CU000414,2024-03-13,Paid Search - Brand,Paid Search - Brand,CMP_PAI_LEE,Leeds,Technology,50-249,Enterprise Connectivity,50.0,MQL,1,0
L000415,CU000415,2024-03-13,Organic Search,Organic Search,CMP_ORG_LIV,Liverpool,Professional Services,250-999,Security Add-on,68.1,New,0,0
L000416,CU000416,2024-03-13,Events,Events,CMP_EVE_CAR,Cardiff,Education,50-249,Remote Access,45.2,SQL,1,1
L000417,CU000417,2024-03-13,Organic Search,Organic Search,CMP_ORG_GLA,Glasgow,Manufacturing,1-49,Remote Access,48.6,New,0,0
L000418,CU000418,2024-03-14,Paid Search - Brand,Paid Search - Brand,CMP_PAI_LIV,Liverpool,Healthcare,1-49,Remote Access,64.9,MQL,1,0
L000419,CU000419,2024-03-14,Organic Search,Organic Search,CMP_ORG_LEE,Leeds,Retail,1-49,Remote Access,76.7,New,0,0
L000420,CU000420,2024-03-14,Email,Email,CMP_EMA_LON,London,Manufacturing,50-249,Security Add-on,76.7,New,0,0
L000421,CU000421,2024-03-14,Partner,Partner,CMP_PAR_GLA,Glasgow,Healthcare,50-249,Enterprise Connectivity,66.8,SQL,1,1
L000422,CU000422,2024-03-15,Partner,Partner,CMP_PAR_CAR,Cardiff,Retail,250-999,Remote Access,48.2,MQL,1,0
L000423,CU000423,2024-03-15,Display,Display,CMP_DIS_BRI,Bristol,Retail,50-249,Enterprise Connectivity,38.9,New,0,0
L000424,CU000424,2024-03-15,LinkedIn,LinkedIn,CMP_LIN_GLA,Glasgow,Professional Services,250-999,Remote Support,81.4,SQL,1,1
L000425,CU000425,2024-03-15,Email,Email,CMP_EMA_BIR,Birmingham,Retail,250-999,Remote Access,71.5,New,0,0
L000426,CU000426,2024-03-15,Partner,Partner,CMP_PAR_MAN,Manchester,Technology,1000+,Remote Access,60.0,MQL,1,0
L000427,CU000427,2024-03-15,Email,Email,CMP_EMA_LIV,Liverpool,Education,1-49,Enterprise Connectivity,87.5,New,0,0
L000428,CU000428,2024-03-16,Events,Events,CMP_EVE_LEE,Leeds,Education,250-999,Remote Access,66.3,SQL,1,1
L000429,CU000429,2024-03-16,Paid Search - Non-Brand,Paid Search - Non-Brand,CMP_PAI_LEE,Leeds,Retail,1-49,Security Add-on,42.2,MQL,1,0
L000430,CU000430,2024-03-16,Paid Social,Paid Social,CMP_PAI_LON,London,Retail,1000+,Remote Support,39.2,MQL,1,0
L000431,CU000431,2024-03-17,Organic Search,Organic Search,CMP_ORG_GLA,Glasgow,Manufacturing,50-249,Enterprise Connectivity,74.1,New,0,0
L000432,CU000432,2024-03-17,Paid Search - Non-Brand,Paid Search - Non-Brand,CMP_PAI_LEE,Leeds,Education,50-249,Remote Support,70.4,MQL,1,0
L000433,CU000433,2024-03-17,Paid Search - Brand,Paid Search - Brand,CMP_PAI_LIV,Liverpool,Manufacturing,50-249,Remote Access,72.7,New,0,0
L000434,CU000434,2024-03-17,Partner,Partner,CMP_PAR_LIV,Liverpool,Professional Services,250-999,Remote Access,79.4,SQL,1,1
L000435,CU000435,2024-03-18,Paid Search - Non-Brand,Paid Search - Non-Brand,CMP_PAI_LEE,Leeds,Retail,250-999,Remote Access,60.1,SQL,1,1
L000436,CU000436,2024-03-18,Paid Search - Non-Brand,Paid Search - Non-Brand,CMP_PAI_BIR,Birmingham,Professional Services,250-999,Enterprise Connectivity,57.4,SQL,1,1
L000437,CU000437,2024-03-19,Organic Search,Organic Search,CMP_ORG_LEE,Leeds,Professional Services,50-249,Enterprise Connectivity,59.4,New,0,0
L000438,CU000438,2024-03-19,Paid Search - Brand,Paid Search - Brand,CMP_PAI_LIV,Liverpool,Professional Services,50-249,Remote Support,52.9,SQL,1,1
L000439,CU000439,2024-03-19,Direct,Direct,CMP_DIR_SHE,Sheffield,Professional Services,250-999,Security Add-on,68.6,New,0,0
L000440,CU000440,2024-03-19,Paid Search - Brand,Paid Search - Brand,CMP_PAI_BIR,Birmingham,Professional Services,250-999,Security Add-on,71.3,MQL,1,0
L000441,CU000441,2024-03-19,Partner,Partner,CMP_PAR_EDI,Edinburgh,Healthcare,250-999,Security Add-on,45.0,New,0,0
L000442,CU000442,2024-03-19,LinkedIn,LinkedIn,CMP_LIN_BIR,Birmingham,Retail,50-249,Enterprise Connectivity,94.9,MQL,1,0
L000443,CU000443,2024-03-19,Organic Search,Organic Search,CMP_ORG_MAN,Manchester,Retail,250-999,Remote Support,55.1,New,0,0
L000444,CU000444,2024-03-19,Events,Events,CMP_EVE_BRI,Bristol,Education,1-49,Enterprise Connectivity,79.4,SQL,1,1
L000445,CU000445,2024-03-19,Email,Email,CMP_EMA_MAN,Manchester,Retail,50-249,Remote Support,84.7,New,0,0
L000446,CU000446,2024-03-20,Partner,Partner,CMP_PAR_BIR,Birmingham,Manufacturing,50-249,Enterprise Connectivity,59.1,SQL,1,1
L000447,CU000447,2024-03-21,Partner,Partner,CMP_PAR_LON,London,Retail,50-249,Remote Access,69.4,MQL,1,0
L000448,CU000448,2024-03-21,Paid Search - Brand,Paid Search - Brand,CMP_PAI_LON,London,Manufacturing,250-999,Security Add-on,66.8,SQL,1,1
L000449,CU000449,2024-03-21,Paid Social,Paid Social,CMP_PAI_SHE,Sheffield,Healthcare,1-49,Security Add-on,60.9,New,0,0
L000450,CU000450,2024-03-21,Paid Search - Brand,Paid Search - Brand,CMP_PAI_LIV,Liverpool,Healthcare,250-999,Enterprise Connectivity,76.7,New,0,0
L000451,CU000451,2024-03-21,Organic Search,Organic Search,CMP_ORG_LEE,Leeds,Retail,1-49,Remote Access,44.9,New,0,0
L000452,CU000452,2024-03-21,Partner,Partner,CMP_PAR_LEE,Leeds,Education,1000+,Remote Access,56.5,MQL,1,0
L000453,CU000453,2024-03-21,Events,Events,CMP_EVE_LEE,Leeds,Retail,1000+,Enterprise Connectivity,63.2,MQL,1,0
L000454,CU000454,2024-03-21,Paid Search - Brand,Paid Search - Brand,CMP_PAI_EDI,Edinburgh,Education,50-249,Security Add-on,50.0,MQL,1,0
L000455,CU000455,2024-03-21,Events,Events,CMP_EVE_EDI,Edinburgh,Retail,50-249,Remote Support,49.6,MQL,1,0
L000456,CU000456,2024-03-21,Paid Search - Brand,Paid Search - Brand,CMP_PAI_SHE,Sheffield,Retail,1-49,Enterprise Connectivity,66.1,New,0,0
L000457,CU000457,2024-03-22,Paid Search - Brand,Paid Search - Brand,CMP_PAI_EDI,Edinburgh,Education,1000+,Remote Support,76.2,SQL,1,1
L000458,CU000458,2024-03-22,Paid Search - Non-Brand,Paid Search - Non-Brand,CMP_PAI_LEE,Leeds,Manufacturing,50-249,Remote Support,88.3,New,0,0
L000459,CU000459,2024-03-22,Display,Display,CMP_DIS_LON,London,Education,1-49,Remote Support,67.5,SQL,1,1
L000460,CU000460,2024-03-22,Direct,Direct,CMP_DIR_LON,London,Retail,50-249,Remote Access,74.7,New,0,0
L000461,CU000461,2024-03-22,Paid Search - Non-Brand,Paid Search - Non-Brand,CMP_PAI_CAR,Cardiff,Healthcare,50-249,Remote Support,81.5,New,0,0
L000462,CU000462,2024-03-23,Organic Search,Organic Search,CMP_ORG_BRI,Bristol,Manufacturing,1-49,Security Add-on,66.4,New,0,0
L000463,CU000463,2024-03-23,Events,Events,CMP_EVE_LEE,Leeds,Healthcare,1000+,Security Add-on,73.6,New,0,0
L000464,CU000464,2024-03-23,Email,Email,CMP_EMA_EDI,Edinburgh,Healthcare,1000+,Enterprise Connectivity,55.8,New,0,0
L000465,CU000465,2024-03-23,Email,Email,CMP_EMA_SHE,Sheffield,Manufacturing,1-49,Remote Access,67.4,New,0,0
L000466,CU000466,2024-03-23,Paid Social,Paid Social,CMP_PAI_LIV,Liverpool,Education,50-249,Security Add-on,19.1,New,0,0
L000467,CU000467,2024-03-23,Paid Social,Paid Social,CMP_PAI_LIV,Liverpool,Retail,50-249,Security Add-on,44.9,MQL,1,0
L000468,CU000468,2024-03-23,Events,Events,CMP_EVE_SHE,Sheffield,Manufacturing,250-999,Security Add-on,58.1,New,0,0
L000469,CU000469,2024-03-24,Partner,Partner,CMP_PAR_BIR,Birmingham,Professional Services,250-999,Enterprise Connectivity,49.4,New,0,0
L000470,CU000470,2024-03-24,Paid Social,Paid Social,CMP_PAI_MAN,Manchester,Education,1-49,Remote Access,48.8,SQL,1,1
L000471,CU000471,2024-03-24,Paid Search - Brand,Paid Search - Brand,CMP_PAI_LIV,Liverpool,Technology,250-999,Security Add-on,36.8,New,0,0
L000472,CU000472,2024-03-24,Events,Events,CMP_EVE_LON,London,Retail,1000+,Security Add-on,57.6,SQL,1,1
L000473,CU000473,2024-03-25,Paid Social,Paid Social,CMP_PAI_LEE,Leeds,Retail,1-49,Remote Support,35.2,New,0,0
L000474,CU000474,2024-03-25,Paid Search - Non-Brand,Paid Search - Non-Brand,CMP_PAI_LEE,Leeds,Professional Services,50-249,Remote Support,66.7,New,0,0
L000475,CU000475,2024-03-25,Organic Search,Organic Search,CMP_ORG_CAR,Cardiff,Retail,1-49,Remote Access,61.3,SQL,1,1
L000476,CU000476,2024-03-25,Email,Email,CMP_EMA_SHE,Sheffield,Healthcare,1-49,Remote Support,38.9,MQL,1,0
L000477,CU000477,2024-03-25,Paid Social,Paid Social,CMP_PAI_GLA,Glasgow,Retail,1000+,Enterprise Connectivity,54.6,New,0,0
L000478,CU000478,2024-03-25,Direct,Direct,CMP_DIR_LEE,Leeds,Technology,250-999,Remote Access,65.9,MQL,1,0
L000479,CU000479,2024-03-25,YouTube,YouTube,CMP_YOU_EDI,Edinburgh,Retail,250-999,Remote Support,67.6,MQL,1,0
L000480,CU000480,2024-03-26,Paid Search - Brand,Paid Search - Brand,CMP_PAI_MAN,Manchester,Manufacturing,250-999,Remote Support,53.1,MQL,1,0
L000481,CU000481,2024-03-26,YouTube,YouTube,CMP_YOU_LON,London,Manufacturing,1-49,Remote Support,79.8,MQL,1,0
L000482,CU000482,2024-03-27,Partner,Partner,CMP_PAR_BIR,Birmingham,Retail,1000+,Remote Access,64.2,SQL,1,1
L000483,CU000483,2024-03-27,Email,Email,CMP_EMA_GLA,Glasgow,Healthcare,250-999,Enterprise Connectivity,91.7,SQL,1,1
L000484,CU000484,2024-03-27,Events,Events,CMP_EVE_BRI,Bristol,Education,1-49,Enterprise Connectivity,61.1,MQL,1,0
L000485,CU000485,2024-03-28,Email,Email,CMP_EMA_MAN,Manchester,Technology,50-249,Security Add-on,62.5,SQL,1,1
L000486,CU000486,2024-03-28,Email,Email,CMP_EMA_CAR,Cardiff,Manufacturing,1000+,Remote Access,62.6,New,0,0
L000487,CU000487,2024-03-28,Email,Email,CMP_EMA_LON,London,Professional Services,250-999,Security Add-on,66.9,New,0,0
L000488,CU000488,2024-03-28,Paid Social,Paid Social,CMP_PAI_CAR,Cardiff,Retail,250-999,Remote Support,26.5,MQL,1,0
L000489,CU000489,2024-03-28,Paid Search - Brand,Paid Search - Brand,CMP_PAI_GLA,Glasgow,Healthcare,1000+,Remote Access,61.8,New,0,0
L000490,CU000490,2024-03-28,Paid Search - Non-Brand,Paid Search - Non-Brand,CMP_PAI_LON,London,Professional Services,50-249,Enterprise Connectivity,67.2,New,0,0
L000491,CU000491,2024-03-28,Paid Social,Paid Social,CMP_PAI_LIV,Liverpool,Professional Services,250-999,Enterprise Connectivity,52.5,New,0,0
L000492,CU000492,2024-03-28,Paid Search - Brand,Paid Search - Brand,CMP_PAI_SHE,Sheffield,Manufacturing,250-999,Remote Access,46.9,MQL,1,0
L000493,CU000493,2024-03-28,Direct,Direct,CMP_DIR_GLA,Glasgow,Technology,1-49,Remote Support,67.8,SQL,1,1
L000494,CU000494,2024-03-29,Organic Search,Organic Search,CMP_ORG_MAN,Manchester,Manufacturing,250-999,Security Add-on,49.0,New,0,0
L000495,CU000495,2024-03-29,Direct,Direct,CMP_DIR_LON,London,Education,50-249,Security Add-on,88.7,New,0,0
L000496,CU000496,2024-03-29,Direct,Direct,CMP_DIR_EDI,Edinburgh,Technology,250-999,Remote Access,58.1,SQL,1,1
L000497,CU000497,2024-03-29,Events,Events,CMP_EVE_MAN,Manchester,Manufacturing,50-249,Security Add-on,72.2,SQL,1,1
L000498,CU000498,2024-03-30,Paid Search - Non-Brand,Paid Search - Non-Brand,CMP_PAI_BRI,Bristol,Retail,250-999,Remote Access,75.2,SQL,1,1
L000499,CU000499,2024-03-30,LinkedIn,LinkedIn,CMP_LIN_LIV,Liverpool,Education,250-999,Enterprise Connectivity,70.9,New,0,0
L000500,CU000500,2024-03-30,Organic Search,Organic Search,CMP_ORG_BRI,Bristol,Technology,50-249,Enterprise Connectivity,76.4,SQL,1,1
L000501,CU000501,2024-03-30,Partner,Partner,CMP_PAR_EDI,Edinburgh,Healthcare,250-999,Remote Access,50.2,SQL,1,1
L000502,CU000502,2024-03-30,Partner,Partner,CMP_PAR_MAN,Manchester,Manufacturing,50-249,Remote Access,71.0,New,0,0
L000503,CU000503,2024-03-31,Events,Events,CMP_EVE_LIV,Liverpool,Healthcare,250-999,Remote Access,70.5,SQL,1,1
L000504,CU000504,2024-03-31,Direct,Direct,CMP_DIR_BIR,Birmingham,Healthcare,50-249,Remote Support,80.9,SQL,1,1
L000505,CU000505,2024-03-31,LinkedIn,LinkedIn,CMP_LIN_BIR,Birmingham,Manufacturing,1000+,Enterprise Connectivity,79.0,MQL,1,0
L000506,CU000506,2024-03-31,YouTube,YouTube,CMP_YOU_BRI,Bristol,Manufacturing,250-999,Enterprise Connectivity,75.7,SQL,1,1
L000507,CU000507,2024-03-31,Direct,Direct,CMP_DIR_BIR,Birmingham,Retail,50-249,Remote Access,67.7,New,0,0
L000508,CU000508,2024-04-01,Paid Search - Non-Brand,Paid Search - Non-Brand,CMP_PAI_LEE,Leeds,Manufacturing,50-249,Remote Access,71.9,SQL,1,1
L000509,CU000509,2024-04-01,Email,Email,CMP_EMA_EDI,Edinburgh,Technology,250-999,Remote Access,88.8,MQL,1,0
L000510,CU000510,2024-04-01,Email,Email,CMP_EMA_LIV,Liverpool,Healthcare,50-249,Enterprise Connectivity,64.1,New,0,0
L000511,CU000511,2024-04-01,Paid Search - Non-Brand,Paid Search - Non-Brand,CMP_PAI_BRI,Bristol,Manufacturing,250-999,Remote Access,54.5,New,0,0
L000512,CU000512,2024-04-01,Direct,Direct,CMP_DIR_BRI,Bristol,Healthcare,1-49,Remote Access,64.1,New,0,0
L000513,CU000513,2024-04-01,Paid Search - Brand,Paid Search - Brand,CMP_PAI_SHE,Sheffield,Retail,1000+,Enterprise Connectivity,56.6,MQL,1,0
L000514,CU000514,2024-04-01,Direct,Direct,CMP_DIR_BIR,Birmingham,Professional Services,250-999,Remote Support,50.8,SQL,1,1
L000515,CU000515,2024-04-02,LinkedIn,LinkedIn,CMP_LIN_SHE,Sheffield,Retail,1000+,Enterprise Connectivity,81.0,SQL,1,1
L000516,CU000516,2024-04-02,LinkedIn,LinkedIn,CMP_LIN_BRI,Bristol,Manufacturing,1000+,Remote Support,86.5,MQL,1,0
L000517,CU000517,2024-04-02,Paid Search - Non-Brand,Paid Search - Non-Brand,CMP_PAI_SHE,Sheffield,Retail,250-999,Enterprise Connectivity,34.0,SQL,1,1
L000518,CU000518,2024-04-03,Paid Search - Non-Brand,Paid Search - Non-Brand,CMP_PAI_LON,London,Manufacturing,250-999,Remote Support,59.6,SQL,1,1
L000519,CU000519,2024-04-03,Paid Search - Brand,Paid Search - Brand,CMP_PAI_BRI,Bristol,Retail,250-999,Remote Access,74.7,SQL,1,1
L000520,CU000520,2024-04-03,Paid Search - Non-Brand,Paid Search - Non-Brand,CMP_PAI_LON,London,Retail,250-999,Remote Access,66.8,New,0,0
L000521,CU000521,2024-04-03,Events,Events,CMP_EVE_LON,London,Education,1-49,Security Add-on,60.1,New,0,0
L000522,CU000522,2024-04-03,Display,Display,CMP_DIS_BRI,Bristol,Technology,1000+,Remote Support,49.1,MQL,1,0
L000523,CU000523,2024-04-03,Email,Email,CMP_EMA_LIV,Liverpool,Retail,1-49,Enterprise Connectivity,71.7,MQL,1,0
L000524,CU000524,2024-04-03,LinkedIn,LinkedIn,CMP_LIN_LON,London,Professional Services,250-999,Enterprise Connectivity,87.9,MQL,1,0
L000525,CU000525,2024-04-03,Organic Search,Organic Search,CMP_ORG_MAN,Manchester,Retail,1-49,Security Add-on,81.7,New,0,0
L000526,CU000526,2024-04-03,Paid Search - Brand,Paid Search - Brand,CMP_PAI_LON,London,Technology,50-249,Remote Access,81.8,MQL,1,0
L000527,CU000527,2024-04-04,Organic Search,Organic Search,CMP_ORG_MAN,Manchester,Technology,250-999,Security Add-on,64.1,New,0,0
L000528,CU000528,2024-04-04,Direct,Direct,CMP_DIR_CAR,Cardiff,Education,50-249,Remote Support,61.6,MQL,1,0
L000529,CU000529,2024-04-04,Direct,Direct,CMP_DIR_LON,London,Healthcare,1000+,Security Add-on,61.6,MQL,1,0
L000530,CU000530,2024-04-04,Email,Email,CMP_EMA_SHE,Sheffield,Retail,250-999,Remote Support,59.8,New,0,0
L000531,CU000531,2024-04-04,Organic Search,Organic Search,CMP_ORG_EDI,Edinburgh,Manufacturing,50-249,Security Add-on,62.5,New,0,0
L000532,CU000532,2024-04-04,Direct,Direct,CMP_DIR_BRI,Bristol,Healthcare,1000+,Enterprise Connectivity,74.0,New,0,0
L000533,CU000533,2024-04-04,Organic Search,Organic Search,CMP_ORG_BIR,Birmingham,Technology,50-249,Enterprise Connectivity,75.2,New,0,0
L000534,CU000534,2024-04-04,Paid Social,Paid Social,CMP_PAI_MAN,Manchester,Retail,1-49,Enterprise Connectivity,53.4,MQL,1,0
L000535,CU000535,2024-04-04,Organic Search,Organic Search,CMP_ORG_MAN,Manchester,Healthcare,250-999,Security Add-on,58.5,New,0,0
L000536,CU000536,2024-04-04,Organic Search,Organic Search,CMP_ORG_LON,London,Professional Services,50-249,Remote Support,40.7,New,0,0
L000537,CU000537,2024-04-05,Direct,Direct,CMP_DIR_GLA,Glasgow,Education,250-999,Remote Support,82.5,SQL,1,1
L000538,CU000538,2024-04-05,Paid Social,Paid Social,CMP_PAI_SHE,Sheffield,Education,1-49,Enterprise Connectivity,62.4,SQL,1,1
L000539,CU000539,2024-04-05,Direct,Direct,CMP_DIR_SHE,Sheffield,Technology,1-49,Remote Support,74.5,New,0,0
L000540,CU000540,2024-04-05,Organic Search,Organic Search,CMP_ORG_LON,London,Manufacturing,1000+,Enterprise Connectivity,65.6,New,0,0
L000541,CU000541,2024-04-06,Paid Search - Brand,Paid Search - Brand,CMP_PAI_EDI,Edinburgh,Healthcare,250-999,Enterprise Connectivity,49.3,New,0,0
L000542,CU000542,2024-04-06,Organic Search,Organic Search,CMP_ORG_BIR,Birmingham,Education,1-49,Remote Support,75.8,New,0,0
L000543,CU000543,2024-04-07,Paid Search - Brand,Paid Search - Brand,CMP_PAI_BIR,Birmingham,Technology,1000+,Enterprise Connectivity,59.9,SQL,1,1
L000544,CU000544,2024-04-07,Paid Social,Paid Social,CMP_PAI_LEE,Leeds,Manufacturing,1-49,Remote Access,31.9,MQL,1,0
L000545,CU000545,2024-04-07,Events,Events,CMP_EVE_LON,London,Education,50-249,Remote Support,71.0,New,0,0
L000546,CU000546,2024-04-07,Partner,Partner,CMP_PAR_MAN,Manchester,Education,50-249,Security Add-on,67.3,MQL,1,0
L000547,CU000547,2024-04-07,Paid Search - Non-Brand,Paid Search - Non-Brand,CMP_PAI_LON,London,Education,250-999,Remote Support,70.9,MQL,1,0
L000548,CU000548,2024-04-08,Paid Search - Brand,Paid Search - Brand,CMP_PAI_GLA,Glasgow,Healthcare,1000+,Enterprise Connectivity,71.6,New,0,0
L000549,CU000549,2024-04-08,LinkedIn,LinkedIn,CMP_LIN_LON,London,Education,1000+,Enterprise Connectivity,92.7,MQL,1,0
L000550,CU000550,2024-04-08,Paid Search - Non-Brand,Paid Search - Non-Brand,CMP_PAI_SHE,Sheffield,Education,1-49,Enterprise Connectivity,83.6,SQL,1,1
L000551,CU000551,2024-04-08,Paid Social,Paid Social,CMP_PAI_BIR,Birmingham,Retail,250-999,Security Add-on,44.4,New,0,0
L000552,CU000552,2024-04-08,Paid Search - Brand,Paid Search - Brand,CMP_PAI_SHE,Sheffield,Manufacturing,250-999,Remote Access,42.1,New,0,0
L000553,CU000553,2024-04-08,Paid Search - Brand,Paid Search - Brand,CMP_PAI_LIV,Liverpool,Manufacturing,1000+,Enterprise Connectivity,52.5,New,0,0
L000554,CU000554,2024-04-08,Events,Events,CMP_EVE_LON,London,Education,1-49,Remote Support,59.8,New,0,0
L000555,CU000555,2024-04-08,Paid Social,Paid Social,CMP_PAI_BIR,Birmingham,Retail,1-49,Enterprise Connectivity,40.2,MQL,1,0
L000556,CU000556,2024-04-08,Direct,Direct,CMP_DIR_LON,London,Healthcare,1-49,Enterprise Connectivity,58.8,New,0,0
L000557,CU000557,2024-04-09,Direct,Direct,CMP_DIR_BIR,Birmingham,Professional Services,1-49,Remote Support,49.2,New,0,0
L000558,CU000558,2024-04-10,Paid Search - Brand,Paid Search - Brand,CMP_PAI_LON,London,Professional Services,50-249,Remote Support,78.2,MQL,1,0
L000559,CU000559,2024-04-10,Paid Search - Brand,Paid Search - Brand,CMP_PAI_BIR,Birmingham,Professional Services,50-249,Security Add-on,60.8,New,0,0
L000560,CU000560,2024-04-10,Paid Search - Brand,Paid Search - Brand,CMP_PAI_LON,London,Professional Services,250-999,Remote Support,61.7,MQL,1,0
L000561,CU000561,2024-04-11,Paid Search - Brand,Paid Search - Brand,CMP_PAI_EDI,Edinburgh,Retail,1-49,Security Add-on,65.7,SQL,1,1
L000562,CU000562,2024-04-11,Events,Events,CMP_EVE_BRI,Bristol,Healthcare,1-49,Remote Support,86.8,MQL,1,0
L000563,CU000563,2024-04-11,Paid Search - Non-Brand,Paid Search - Non-Brand,CMP_PAI_BRI,Bristol,Retail,1-49,Remote Access,61.2,New,0,0
L000564,CU000564,2024-04-11,Events,Events,CMP_EVE_SHE,Sheffield,Technology,1-49,Security Add-on,53.6,New,0,0
L000565,CU000565,2024-04-11,Paid Search - Non-Brand,Paid Search - Non-Brand,CMP_PAI_BIR,Birmingham,Education,50-249,Remote Access,48.1,New,0,0
L000566,CU000566,2024-04-12,Paid Search - Brand,Paid Search - Brand,CMP_PAI_EDI,Edinburgh,Retail,1-49,Security Add-on,59.2,MQL,1,0
L000567,CU000567,2024-04-12,LinkedIn,LinkedIn,CMP_LIN_BIR,Birmingham,Healthcare,50-249,Remote Access,92.7,MQL,1,0
L000568,CU000568,2024-04-12,Direct,Direct,CMP_DIR_LON,London,Healthcare,50-249,Enterprise Connectivity,83.6,New,0,0
L000569,CU000569,2024-04-12,Direct,Direct,CMP_DIR_BRI,Bristol,Professional Services,1000+,Enterprise Connectivity,79.1,New,0,0
L000570,CU000570,2024-04-12,Paid Search - Brand,Paid Search - Brand,CMP_PAI_BIR,Birmingham,Healthcare,1-49,Remote Support,54.0,New,0,0
L000571,CU000571,2024-04-12,LinkedIn,LinkedIn,CMP_LIN_LON,London,Technology,1000+,Remote Support,87.9,MQL,1,0
L000572,CU000572,2024-04-13,Partner,Partner,CMP_PAR_LEE,Leeds,Professional Services,50-249,Remote Support,70.3,MQL,1,0
L000573,CU000573,2024-04-13,Paid Search - Non-Brand,Paid Search - Non-Brand,CMP_PAI_LON,London,Education,50-249,Security Add-on,54.0,New,0,0
L000574,CU000574,2024-04-14,Paid Search - Non-Brand,Paid Search - Non-Brand,CMP_PAI_LON,London,Education,1000+,Security Add-on,64.4,SQL,1,1
L000575,CU000575,2024-04-14,Events,Events,CMP_EVE_SHE,Sheffield,Retail,250-999,Remote Support,67.4,New,0,0
L000576,CU000576,2024-04-14,YouTube,YouTube,CMP_YOU_LIV,Liverpool,Manufacturing,1000+,Remote Support,70.6,MQL,1,0
L000577,CU000577,2024-04-14,Email,Email,CMP_EMA_LEE,Leeds,Education,1-49,Remote Access,68.4,New,0,0
L000578,CU000578,2024-04-14,Paid Search - Brand,Paid Search - Brand,CMP_PAI_GLA,Glasgow,Healthcare,1000+,Remote Access,74.9,MQL,1,0
L000579,CU000579,2024-04-14,Events,Events,CMP_EVE_BRI,Bristol,Professional Services,1-49,Remote Support,72.5,New,0,0
L000580,CU000580,2024-04-15,LinkedIn,LinkedIn,CMP_LIN_LIV,Liverpool,Professional Services,50-249,Remote Access,78.4,SQL,1,1
L000581,CU000581,2024-04-15,Partner,Partner,CMP_PAR_SHE,Sheffield,Healthcare,250-999,Remote Support,61.5,New,0,0
L000582,CU000582,2024-04-15,Email,Email,CMP_EMA_BRI,Bristol,Healthcare,1000+,Enterprise Connectivity,45.1,New,0,0
L000583,CU000583,2024-04-15,Paid Social,Paid Social,CMP_PAI_LON,London,Retail,250-999,Enterprise Connectivity,38.5,New,0,0
L000584,CU000584,2024-04-15,Direct,Direct,CMP_DIR_LIV,Liverpool,Education,250-999,Enterprise Connectivity,33.5,New,0,0
L000585,CU000585,2024-04-16,Paid Search - Non-Brand,Paid Search - Non-Brand,CMP_PAI_LON,London,Technology,250-999,Remote Support,78.6,MQL,1,0
L000586,CU000586,2024-04-16,Partner,Partner,CMP_PAR_MAN,Manchester,Healthcare,50-249,Remote Support,46.0,MQL,1,0
L000587,CU000587,2024-04-16,Events,Events,CMP_EVE_SHE,Sheffield,Education,1-49,Security Add-on,44.9,New,0,0
L000588,CU000588,2024-04-16,Direct,Direct,CMP_DIR_MAN,Manchester,Manufacturing,250-999,Remote Access,65.7,MQL,1,0
L000589,CU000589,2024-04-16,LinkedIn,LinkedIn,CMP_LIN_LON,London,Manufacturing,1000+,Remote Access,82.6,New,0,0
L000590,CU000590,2024-04-16,LinkedIn,LinkedIn,CMP_LIN_EDI,Edinburgh,Education,250-999,Remote Support,83.9,SQL,1,1
L000591,CU000591,2024-04-16,Paid Social,Paid Social,CMP_PAI_BIR,Birmingham,Manufacturing,1000+,Enterprise Connectivity,55.0,MQL,1,0
L000592,CU000592,2024-04-17,Email,Email,CMP_EMA_SHE,Sheffield,Technology,50-249,Security Add-on,50.4,New,0,0
L000593,CU000593,2024-04-17,Email,Email,CMP_EMA_BIR,Birmingham,Education,250-999,Security Add-on,70.5,MQL,1,0
L000594,CU000594,2024-04-17,Partner,Partner,CMP_PAR_LON,London,Technology,50-249,Security Add-on,67.4,SQL,1,1
L000595,CU000595,2024-04-17,YouTube,YouTube,CMP_YOU_MAN,Manchester,Professional Services,50-249,Remote Access,61.2,New,0,0
L000596,CU000596,2024-04-17,Direct,Direct,CMP_DIR_SHE,Sheffield,Healthcare,250-999,Enterprise Connectivity,85.1,MQL,1,0
L000597,CU000597,2024-04-17,Organic Search,Organic Search,CMP_ORG_LIV,Liverpool,Technology,1-49,Security Add-on,62.6,MQL,1,0
L000598,CU000598,2024-04-18,Organic Search,Organic Search,CMP_ORG_MAN,Manchester,Retail,1-49,Enterprise Connectivity,78.2,New,0,0
L000599,CU000599,2024-04-18,Email,Email,CMP_EMA_EDI,Edinburgh,Professional Services,1-49,Enterprise Connectivity,69.7,New,0,0
L000600,CU000600,2024-04-18,Partner,Partner,CMP_PAR_GLA,Glasgow,Manufacturing,1-49,Security Add-on,81.0,SQL,1,1
L000601,CU000601,2024-04-18,Direct,Direct,CMP_DIR_GLA,Glasgow,Healthcare,50-249,Enterprise Connectivity,64.6,SQL,1,1
L000602,CU000602,2024-04-18,LinkedIn,LinkedIn,CMP_LIN_BRI,Bristol,Manufacturing,250-999,Remote Access,74.7,MQL,1,0
L000603,CU000603,2024-04-19,Events,Events,CMP_EVE_EDI,Edinburgh,Education,1000+,Security Add-on,70.1,SQL,1,1
L000604,CU000604,2024-04-19,LinkedIn,LinkedIn,CMP_LIN_LEE,Leeds,Technology,1000+,Enterprise Connectivity,75.7,SQL,1,1
L000605,CU000605,2024-04-19,Organic Search,Organic Search,CMP_ORG_LON,London,Professional Services,1-49,Remote Access,61.3,MQL,1,0
L000606,CU000606,2024-04-19,LinkedIn,LinkedIn,CMP_LIN_MAN,Manchester,Education,1000+,Remote Access,77.8,New,0,0
L000607,CU000607,2024-04-20,Paid Search - Non-Brand,Paid Search - Non-Brand,CMP_PAI_MAN,Manchester,Technology,250-999,Security Add-on,62.5,SQL,1,1
L000608,CU000608,2024-04-20,Events,Events,CMP_EVE_LON,London,Education,250-999,Security Add-on,77.3,MQL,1,0
L000609,CU000609,2024-04-20,Paid Search - Non-Brand,Paid Search - Non-Brand,CMP_PAI_LON,London,Technology,250-999,Remote Access,70.8,MQL,1,0
L000610,CU000610,2024-04-20,Paid Search - Brand,Paid Search - Brand,CMP_PAI_BIR,Birmingham,Healthcare,250-999,Enterprise Connectivity,37.1,MQL,1,0
L000611,CU000611,2024-04-20,Paid Search - Brand,Paid Search - Brand,CMP_PAI_MAN,Manchester,Professional Services,1-49,Enterprise Connectivity,45.0,New,0,0
L000612,CU000612,2024-04-21,Paid Social,Paid Social,CMP_PAI_LON,London,Professional Services,250-999,Security Add-on,59.3,New,0,0
L000613,CU000613,2024-04-21,Direct,Direct,CMP_DIR_SHE,Sheffield,Professional Services,50-249,Enterprise Connectivity,89.8,SQL,1,1
L000614,CU000614,2024-04-21,Direct,Direct,CMP_DIR_SHE,Sheffield,Technology,250-999,Remote Access,76.3,New,0,0
L000615,CU000615,2024-04-21,Paid Search - Brand,Paid Search - Brand,CMP_PAI_LEE,Leeds,Healthcare,50-249,Remote Access,56.6,New,0,0
L000616,CU000616,2024-04-21,Organic Search,Organic Search,CMP_ORG_EDI,Edinburgh,Retail,250-999,Enterprise Connectivity,32.3,New,0,0
L000617,CU000617,2024-04-21,LinkedIn,LinkedIn,CMP_LIN_LIV,Liverpool,Professional Services,1000+,Remote Support,82.0,MQL,1,0
L000618,CU000618,2024-04-22,Paid Search - Brand,Paid Search - Brand,CMP_PAI_LON,London,Education,1-49,Enterprise Connectivity,75.5,MQL,1,0
L000619,CU000619,2024-04-22,Paid Search - Non-Brand,Paid Search - Non-Brand,CMP_PAI_LEE,Leeds,Technology,250-999,Remote Access,100.0,SQL,1,1
L000620,CU000620,2024-04-22,Paid Social,Paid Social,CMP_PAI_LEE,Leeds,Technology,1-49,Remote Support,64.6,New,0,0
L000621,CU000621,2024-04-22,LinkedIn,LinkedIn,CMP_LIN_LEE,Leeds,Healthcare,1000+,Security Add-on,86.1,New,0,0
L000622,CU000622,2024-04-23,Events,Events,CMP_EVE_LIV,Liverpool,Retail,250-999,Enterprise Connectivity,52.8,New,0,0
L000623,CU000623,2024-04-23,LinkedIn,LinkedIn,CMP_LIN_MAN,Manchester,Professional Services,1000+,Remote Support,71.4,SQL,1,1
L000624,CU000624,2024-04-23,Paid Search - Brand,Paid Search - Brand,CMP_PAI_LON,London,Healthcare,50-249,Remote Access,54.1,MQL,1,0
L000625,CU000625,2024-04-23,Paid Search - Brand,Paid Search - Brand,CMP_PAI_GLA,Glasgow,Retail,1-49,Security Add-on,79.2,MQL,1,0
L000626,CU000626,2024-04-23,Paid Search - Brand,Paid Search - Brand,CMP_PAI_GLA,Glasgow,Education,50-249,Security Add-on,27.5,MQL,1,0
L000627,CU000627,2024-04-23,Events,Events,CMP_EVE_LEE,Leeds,Professional Services,50-249,Security Add-on,46.4,New,0,0
L000628,CU000628,2024-04-24,Direct,Direct,CMP_DIR_GLA,Glasgow,Manufacturing,50-249,Remote Access,53.5,New,0,0
L000629,CU000629,2024-04-24,Paid Search - Brand,Paid Search - Brand,CMP_PAI_GLA,Glasgow,Education,50-249,Security Add-on,64.2,MQL,1,0
L000630,CU000630,2024-04-24,Paid Search - Brand,Paid Search - Brand,CMP_PAI_LON,London,Healthcare,50-249,Remote Access,71.4,New,0,0
L000631,CU000631,2024-04-24,Paid Search - Brand,Paid Search - Brand,CMP_PAI_LIV,Liverpool,Healthcare,50-249,Remote Access,79.0,MQL,1,0
L000632,CU000632,2024-04-24,Display,Display,CMP_DIS_LON,London,Healthcare,1-49,Enterprise Connectivity,79.0,MQL,1,0
L000633,CU000633,2024-04-25,Direct,Direct,CMP_DIR_MAN,Manchester,Education,1-49,Enterprise Connectivity,78.3,MQL,1,0
L000634,CU000634,2024-04-25,Paid Search - Non-Brand,Paid Search - Non-Brand,CMP_PAI_LON,London,Healthcare,50-249,Remote Access,69.9,MQL,1,0
L000635,CU000635,2024-04-25,Events,Events,CMP_EVE_MAN,Manchester,Technology,1000+,Remote Access,68.1,New,0,0
L000636,CU000636,2024-04-26,Direct,Direct,CMP_DIR_LON,London,Technology,50-249,Remote Support,69.4,MQL,1,0
L000637,CU000637,2024-04-26,Paid Search - Brand,Paid Search - Brand,CMP_PAI_LON,London,Professional Services,250-999,Security Add-on,50.5,New,0,0
L000638,CU000638,2024-04-26,Partner,Partner,CMP_PAR_LON,London,Education,50-249,Security Add-on,50.7,MQL,1,0
L000639,CU000639,2024-04-26,Paid Social,Paid Social,CMP_PAI_MAN,Manchester,Professional Services,50-249,Remote Support,40.9,MQL,1,0
L000640,CU000640,2024-04-26,Paid Search - Brand,Paid Search - Brand,CMP_PAI_MAN,Manchester,Education,1000+,Security Add-on,66.0,SQL,1,1
L000641,CU000641,2024-04-26,Direct,Direct,CMP_DIR_LON,London,Technology,50-249,Remote Access,78.8,New,0,0
L000642,CU000642,2024-04-26,Paid Search - Brand,Paid Search - Brand,CMP_PAI_EDI,Edinburgh,Healthcare,1-49,Enterprise Connectivity,49.8,New,0,0
L000643,CU000643,2024-04-26,Partner,Partner,CMP_PAR_EDI,Edinburgh,Retail,50-249,Security Add-on,78.0,MQL,1,0
L000644,CU000644,2024-04-26,Paid Search - Brand,Paid Search - Brand,CMP_PAI_LON,London,Healthcare,1000+,Security Add-on,89.1,New,0,0
L000645,CU000645,2024-04-27,Paid Social,Paid Social,CMP_PAI_LEE,Leeds,Retail,50-249,Enterprise Connectivity,40.8,New,0,0
L000646,CU000646,2024-04-28,LinkedIn,LinkedIn,CMP_LIN_SHE,Sheffield,Professional Services,1000+,Security Add-on,68.6,New,0,0
L000647,CU000647,2024-04-28,Partner,Partner,CMP_PAR_BRI,Bristol,Healthcare,50-249,Remote Access,41.1,SQL,1,1
L000648,CU000648,2024-04-28,Paid Social,Paid Social,CMP_PAI_BIR,Birmingham,Healthcare,1-49,Security Add-on,74.8,MQL,1,0
L000649,CU000649,2024-04-29,LinkedIn,LinkedIn,CMP_LIN_LEE,Leeds,Manufacturing,1000+,Security Add-on,86.0,SQL,1,1
L000650,CU000650,2024-04-29,Paid Social,Paid Social,CMP_PAI_EDI,Edinburgh,Retail,1000+,Security Add-on,47.3,New,0,0
L000651,CU000651,2024-04-30,Email,Email,CMP_EMA_LEE,Leeds,Manufacturing,50-249,Security Add-on,64.1,SQL,1,1
L000652,CU000652,2024-04-30,Paid Search - Non-Brand,Paid Search - Non-Brand,CMP_PAI_LON,London,Education,50-249,Remote Support,56.7,MQL,1,0
L000653,CU000653,2024-04-30,Paid Search - Brand,Paid Search - Brand,CMP_PAI_LEE,Leeds,Healthcare,1000+,Security Add-on,87.1,New,0,0
L000654,CU000654,2024-04-30,Direct,Direct,CMP_DIR_LEE,Leeds,Education,250-999,Enterprise Connectivity,49.0,New,0,0
L000655,CU000655,2024-04-30,YouTube,YouTube,CMP_YOU_SHE,Sheffield,Retail,1-49,Enterprise Connectivity,49.4,New,0,0
L000656,CU000656,2024-04-30,Paid Search - Non-Brand,Paid Search - Non-Brand,CMP_PAI_LON,London,Education,1-49,Remote Support,50.2,SQL,1,1
L000657,CU000657,2024-05-01,Events,Events,CMP_EVE_BIR,Birmingham,Retail,250-999,Enterprise Connectivity,58.0,New,0,0
L000658,CU000658,2024-05-01,Paid Search - Brand,Paid Search - Brand,CMP_PAI_SHE,Sheffield,Manufacturing,250-999,Security Add-on,77.0,New,0,0
L000659,CU000659,2024-05-01,LinkedIn,LinkedIn,CMP_LIN_LON,London,Technology,50-249,Security Add-on,78.5,MQL,1,0
L000660,CU000660,2024-05-01,Organic Search,Organic Search,CMP_ORG_LIV,Liverpool,Professional Services,1000+,Remote Support,57.1,New,0,0
L000661,CU000661,2024-05-02,Organic Search,Organic Search,CMP_ORG_CAR,Cardiff,Manufacturing,50-249,Security Add-on,45.9,MQL,1,0
L000662,CU000662,2024-05-02,Paid Social,Paid Social,CMP_PAI_GLA,Glasgow,Retail,50-249,Security Add-on,49.4,MQL,1,0
L000663,CU000663,2024-05-02,Paid Search - Brand,Paid Search - Brand,CMP_PAI_LEE,Leeds,Manufacturing,250-999,Security Add-on,59.6,MQL,1,0
L000664,CU000664,2024-05-02,Paid Search - Brand,Paid Search - Brand,CMP_PAI_GLA,Glasgow,Healthcare,250-999,Remote Support,73.4,New,0,0
L000665,CU000665,2024-05-03,Email,Email,CMP_EMA_LIV,Liverpool,Manufacturing,250-999,Remote Support,70.9,New,0,0
L000666,CU000666,2024-05-03,Paid Search - Non-Brand,Paid Search - Non-Brand,CMP_PAI_BIR,Birmingham,Manufacturing,50-249,Enterprise Connectivity,84.1,SQL,1,1
L000667,CU000667,2024-05-03,LinkedIn,LinkedIn,CMP_LIN_EDI,Edinburgh,Healthcare,250-999,Remote Support,76.8,New,0,0
L000668,CU000668,2024-05-04,Organic Search,Organic Search,CMP_ORG_CAR,Cardiff,Technology,50-249,Remote Access,54.2,SQL,1,1
L000669,CU000669,2024-05-04,Direct,Direct,CMP_DIR_MAN,Manchester,Healthcare,50-249,Security Add-on,97.1,New,0,0
L000670,CU000670,2024-05-04,LinkedIn,LinkedIn,CMP_LIN_EDI,Edinburgh,Professional Services,50-249,Security Add-on,71.2,SQL,1,1
L000671,CU000671,2024-05-05,Organic Search,Organic Search,CMP_ORG_LON,London,Professional Services,50-249,Remote Support,52.1,SQL,1,1
L000672,CU000672,2024-05-05,Paid Search - Non-Brand,Paid Search - Non-Brand,CMP_PAI_LEE,Leeds,Technology,50-249,Remote Support,67.1,SQL,1,1
L000673,CU000673,2024-05-05,Email,Email,CMP_EMA_LON,London,Manufacturing,1-49,Enterprise Connectivity,51.6,MQL,1,0
L000674,CU000674,2024-05-06,Events,Events,CMP_EVE_LON,London,Education,50-249,Enterprise Connectivity,69.6,New,0,0
L000675,CU000675,2024-05-06,Paid Search - Brand,Paid Search - Brand,CMP_PAI_LIV,Liverpool,Education,50-249,Enterprise Connectivity,70.0,MQL,1,0
L000676,CU000676,2024-05-06,Email,Email,CMP_EMA_SHE,Sheffield,Technology,1000+,Remote Support,47.2,SQL,1,1
L000677,CU000677,2024-05-06,Paid Social,Paid Social,CMP_PAI_BIR,Birmingham,Professional Services,50-249,Enterprise Connectivity,41.3,SQL,1,1
L000678,CU000678,2024-05-06,Paid Search - Brand,Paid Search - Brand,CMP_PAI_BIR,Birmingham,Healthcare,50-249,Remote Access,53.3,SQL,1,1
L000679,CU000679,2024-05-06,Paid Search - Non-Brand,Paid Search - Non-Brand,CMP_PAI_LIV,Liverpool,Manufacturing,50-249,Remote Support,67.8,MQL,1,0
L000680,CU000680,2024-05-06,Organic Search,Organic Search,CMP_ORG_LON,London,Education,250-999,Enterprise Connectivity,60.2,New,0,0
L000681,CU000681,2024-05-07,Direct,Direct,CMP_DIR_LEE,Leeds,Retail,250-999,Remote Access,74.4,New,0,0
L000682,CU000682,2024-05-07,Paid Social,Paid Social,CMP_PAI_BIR,Birmingham,Healthcare,1-49,Remote Support,58.5,MQL,1,0
L000683,CU000683,2024-05-07,Paid Search - Brand,Paid Search - Brand,CMP_PAI_BRI,Bristol,Professional Services,1-49,Remote Support,66.6,MQL,1,0
L000684,CU000684,2024-05-07,Paid Search - Brand,Paid Search - Brand,CMP_PAI_EDI,Edinburgh,Retail,250-999,Enterprise Connectivity,79.2,SQL,1,1
L000685,CU000685,2024-05-07,Events,Events,CMP_EVE_LON,London,Technology,1-49,Remote Access,78.8,New,0,0
L000686,CU000686,2024-05-08,Paid Search - Brand,Paid Search - Brand,CMP_PAI_GLA,Glasgow,Manufacturing,250-999,Enterprise Connectivity,85.5,New,0,0
L000687,CU000687,2024-05-08,Organic Search,Organic Search,CMP_ORG_MAN,Manchester,Education,250-999,Security Add-on,81.2,SQL,1,1
L000688,CU000688,2024-05-08,Paid Search - Non-Brand,Paid Search - Non-Brand,CMP_PAI_BRI,Bristol,Technology,250-999,Remote Access,61.8,SQL,1,1
L000689,CU000689,2024-05-09,Email,Email,CMP_EMA_GLA,Glasgow,Manufacturing,1000+,Remote Access,64.6,SQL,1,1
L000690,CU000690,2024-05-09,Paid Search - Brand,Paid Search - Brand,CMP_PAI_MAN,Manchester,Professional Services,1-49,Enterprise Connectivity,78.6,SQL,1,1
L000691,CU000691,2024-05-09,Partner,Partner,CMP_PAR_LON,London,Technology,250-999,Remote Access,72.9,MQL,1,0
L000692,CU000692,2024-05-09,Email,Email,CMP_EMA_CAR,Cardiff,Retail,50-249,Remote Access,49.1,SQL,1,1
L000693,CU000693,2024-05-09,Direct,Direct,CMP_DIR_BIR,Birmingham,Professional Services,50-249,Remote Support,50.8,New,0,0
L000694,CU000694,2024-05-10,Paid Social,Paid Social,CMP_PAI_LIV,Liverpool,Manufacturing,1-49,Enterprise Connectivity,46.5,New,0,0
L000695,CU000695,2024-05-10,Paid Search - Brand,Paid Search - Brand,CMP_PAI_EDI,Edinburgh,Education,50-249,Security Add-on,87.4,New,0,0
L000696,CU000696,2024-05-10,LinkedIn,LinkedIn,CMP_LIN_EDI,Edinburgh,Technology,50-249,Security Add-on,71.0,New,0,0
L000697,CU000697,2024-05-10,Organic Search,Organic Search,CMP_ORG_MAN,Manchester,Education,1-49,Security Add-on,90.4,MQL,1,0
L000698,CU000698,2024-05-10,Organic Search,Organic Search,CMP_ORG_BRI,Bristol,Technology,50-249,Enterprise Connectivity,64.7,New,0,0
L000699,CU000699,2024-05-10,Paid Search - Brand,Paid Search - Brand,CMP_PAI_BIR,Birmingham,Technology,1-49,Remote Access,64.7,New,0,0
L000700,CU000700,2024-05-10,Organic Search,Organic Search,CMP_ORG_LON,London,Professional Services,250-999,Remote Support,54.2,MQL,1,0
L000701,CU000701,2024-05-11,Paid Search - Non-Brand,Paid Search - Non-Brand,CMP_PAI_BRI,Bristol,Manufacturing,50-249,Enterprise Connectivity,44.3,MQL,1,0
L000702,CU000702,2024-05-11,Paid Search - Non-Brand,Paid Search - Non-Brand,CMP_PAI_LON,London,Professional Services,1000+,Security Add-on,59.0,SQL,1,1
L000703,CU000703,2024-05-11,Partner,Partner,CMP_PAR_LON,London,Professional Services,1-49,Remote Support,61.3,MQL,1,0
L000704,CU000704,2024-05-11,Organic Search,Organic Search,CMP_ORG_SHE,Sheffield,Education,250-999,Enterprise Connectivity,50.2,SQL,1,1
L000705,CU000705,2024-05-12,Paid Search - Non-Brand,Paid Search - Non-Brand,CMP_PAI_LEE,Leeds,Healthcare,1-49,Security Add-on,48.0,MQL,1,0
L000706,CU000706,2024-05-12,Paid Search - Non-Brand,Paid Search - Non-Brand,CMP_PAI_MAN,Manchester,Healthcare,250-999,Security Add-on,69.3,MQL,1,0
L000707,CU000707,2024-05-12,Paid Search - Brand,Paid Search - Brand,CMP_PAI_CAR,Cardiff,Retail,1-49,Enterprise Connectivity,54.5,MQL,1,0
L000708,CU000708,2024-05-12,Organic Search,Organic Search,CMP_ORG_LEE,Leeds,Technology,250-999,Remote Access,57.4,New,0,0
L000709,CU000709,2024-05-13,Paid Social,Paid Social,CMP_PAI_SHE,Sheffield,Education,250-999,Remote Support,28.1,New,0,0
L000710,CU000710,2024-05-13,LinkedIn,LinkedIn,CMP_LIN_LEE,Leeds,Healthcare,50-249,Security Add-on,84.0,SQL,1,1
L000711,CU000711,2024-05-13,YouTube,YouTube,CMP_YOU_MAN,Manchester,Manufacturing,1000+,Security Add-on,91.6,SQL,1,1
L000712,CU000712,2024-05-13,Paid Search - Brand,Paid Search - Brand,CMP_PAI_MAN,Manchester,Technology,1-49,Remote Support,84.7,New,0,0
L000713,CU000713,2024-05-13,Paid Search - Brand,Paid Search - Brand,CMP_PAI_LON,London,Retail,1-49,Remote Access,81.1,SQL,1,1
L000714,CU000714,2024-05-13,LinkedIn,LinkedIn,CMP_LIN_MAN,Manchester,Manufacturing,50-249,Remote Access,80.8,SQL,1,1
L000715,CU000715,2024-05-14,Events,Events,CMP_EVE_GLA,Glasgow,Manufacturing,1-49,Remote Access,74.1,MQL,1,0
L000716,CU000716,2024-05-14,Paid Search - Non-Brand,Paid Search - Non-Brand,CMP_PAI_LON,London,Technology,250-999,Enterprise Connectivity,75.0,New,0,0
L000717,CU000717,2024-05-14,Partner,Partner,CMP_PAR_LIV,Liverpool,Professional Services,1000+,Remote Access,51.3,SQL,1,1
L000718,CU000718,2024-05-15,Email,Email,CMP_EMA_LON,London,Manufacturing,50-249,Security Add-on,56.8,New,0,0
L000719,CU000719,2024-05-15,Paid Social,Paid Social,CMP_PAI_EDI,Edinburgh,Manufacturing,1000+,Remote Support,47.0,MQL,1,0
L000720,CU000720,2024-05-15,Paid Search - Non-Brand,Paid Search - Non-Brand,CMP_PAI_LON,London,Education,250-999,Enterprise Connectivity,67.7,SQL,1,1
L000721,CU000721,2024-05-16,Email,Email,CMP_EMA_BRI,Bristol,Professional Services,1-49,Enterprise Connectivity,61.1,SQL,1,1
L000722,CU000722,2024-05-16,Paid Search - Brand,Paid Search - Brand,CMP_PAI_MAN,Manchester,Technology,250-999,Remote Access,51.5,New,0,0
L000723,CU000723,2024-05-16,Paid Search - Non-Brand,Paid Search - Non-Brand,CMP_PAI_CAR,Cardiff,Retail,50-249,Remote Access,75.8,MQL,1,0
L000724,CU000724,2024-05-16,Paid Search - Non-Brand,Paid Search - Non-Brand,CMP_PAI_BIR,Birmingham,Technology,1-49,Enterprise Connectivity,88.5,SQL,1,1
L000725,CU000725,2024-05-16,Display,Display,CMP_DIS_SHE,Sheffield,Education,1000+,Remote Access,58.0,New,0,0
L000726,CU000726,2024-05-16,Events,Events,CMP_EVE_SHE,Sheffield,Retail,250-999,Remote Access,61.1,New,0,0
L000727,CU000727,2024-05-16,Direct,Direct,CMP_DIR_EDI,Edinburgh,Retail,1000+,Remote Support,46.7,New,0,0
L000728,CU000728,2024-05-16,Paid Search - Brand,Paid Search - Brand,CMP_PAI_SHE,Sheffield,Technology,1-49,Remote Support,63.7,SQL,1,1
L000729,CU000729,2024-05-16,Organic Search,Organic Search,CMP_ORG_GLA,Glasgow,Healthcare,50-249,Security Add-on,69.6,New,0,0
L000730,CU000730,2024-05-17,Paid Search - Non-Brand,Paid Search - Non-Brand,CMP_PAI_SHE,Sheffield,Technology,50-249,Remote Support,54.8,SQL,1,1
L000731,CU000731,2024-05-17,Paid Search - Brand,Paid Search - Brand,CMP_PAI_BIR,Birmingham,Education,1-49,Security Add-on,67.0,SQL,1,1
L000732,CU000732,2024-05-17,Events,Events,CMP_EVE_EDI,Edinburgh,Healthcare,250-999,Remote Support,62.0,MQL,1,0
L000733,CU000733,2024-05-18,Email,Email,CMP_EMA_MAN,Manchester,Professional Services,1000+,Remote Support,57.5,SQL,1,1
L000734,CU000734,2024-05-18,Paid Search - Brand,Paid Search - Brand,CMP_PAI_MAN,Manchester,Manufacturing,1-49,Remote Access,52.7,MQL,1,0
L000735,CU000735,2024-05-18,Paid Search - Non-Brand,Paid Search - Non-Brand,CMP_PAI_LIV,Liverpool,Healthcare,50-249,Enterprise Connectivity,46.4,MQL,1,0
L000736,CU000736,2024-05-18,Paid Social,Paid Social,CMP_PAI_LON,London,Retail,1-49,Remote Access,43.6,SQL,1,1
L000737,CU000737,2024-05-18,Direct,Direct,CMP_DIR_BRI,Bristol,Technology,1000+,Remote Access,53.0,New,0,0
L000738,CU000738,2024-05-18,Paid Search - Brand,Paid Search - Brand,CMP_PAI_BRI,Bristol,Healthcare,50-249,Remote Access,61.9,New,0,0
L000739,CU000739,2024-05-18,Paid Search - Brand,Paid Search - Brand,CMP_PAI_LIV,Liverpool,Retail,1-49,Remote Support,55.0,New,0,0
L000740,CU000740,2024-05-19,Organic Search,Organic Search,CMP_ORG_MAN,Manchester,Technology,50-249,Remote Access,47.6,MQL,1,0
L000741,CU000741,2024-05-19,LinkedIn,LinkedIn,CMP_LIN_BIR,Birmingham,Education,1000+,Security Add-on,61.1,New,0,0
L000742,CU000742,2024-05-19,Paid Social,Paid Social,CMP_PAI_LON,London,Retail,1-49,Security Add-on,46.3,New,0,0
L000743,CU000743,2024-05-19,YouTube,YouTube,CMP_YOU_BRI,Bristol,Education,1000+,Remote Access,57.9,New,0,0
L000744,CU000744,2024-05-19,Paid Search - Non-Brand,Paid Search - Non-Brand,CMP_PAI_LON,London,Education,1-49,Enterprise Connectivity,58.3,New,0,0
L000745,CU000745,2024-05-19,Paid Search - Non-Brand,Paid Search - Non-Brand,CMP_PAI_CAR,Cardiff,Education,250-999,Remote Access,67.0,New,0,0
L000746,CU000746,2024-05-19,Paid Search - Brand,Paid Search - Brand,CMP_PAI_BRI,Bristol,Manufacturing,250-999,Security Add-on,84.8,MQL,1,0
L000747,CU000747,2024-05-20,Organic Search,Organic Search,CMP_ORG_SHE,Sheffield,Professional Services,50-249,Security Add-on,84.1,MQL,1,0
L000748,CU000748,2024-05-20,Events,Events,CMP_EVE_MAN,Manchester,Education,50-249,Remote Support,62.5,SQL,1,1
L000749,CU000749,2024-05-20,Partner,Partner,CMP_PAR_CAR,Cardiff,Education,1-49,Remote Support,85.9,MQL,1,0
L000750,CU000750,2024-05-20,Partner,Partner,CMP_PAR_LIV,Liverpool,Professional Services,50-249,Enterprise Connectivity,56.0,New,0,0
L000751,CU000751,2024-05-20,Direct,Direct,CMP_DIR_GLA,Glasgow,Retail,250-999,Remote Support,44.3,New,0,0
L000752,CU000752,2024-05-21,YouTube,YouTube,CMP_YOU_SHE,Sheffield,Education,1-49,Remote Support,82.3,MQL,1,0
L000753,CU000753,2024-05-21,Paid Search - Non-Brand,Paid Search - Non-Brand,CMP_PAI_BRI,Bristol,Healthcare,250-999,Remote Access,66.4,MQL,1,0
L000754,CU000754,2024-05-21,Email,Email,CMP_EMA_LON,London,Healthcare,50-249,Security Add-on,71.1,New,0,0
L000755,CU000755,2024-05-21,Partner,Partner,CMP_PAR_SHE,Sheffield,Manufacturing,50-249,Enterprise Connectivity,50.8,MQL,1,0
L000756,CU000756,2024-05-21,LinkedIn,LinkedIn,CMP_LIN_LIV,Liverpool,Education,50-249,Remote Support,71.8,MQL,1,0
L000757,CU000757,2024-05-21,Organic Search,Organic Search,CMP_ORG_BRI,Bristol,Technology,250-999,Enterprise Connectivity,52.7,New,0,0
L000758,CU000758,2024-05-21,Paid Social,Paid Social,CMP_PAI_BIR,Birmingham,Professional Services,1-49,Enterprise Connectivity,59.6,New,0,0
L000759,CU000759,2024-05-21,Paid Search - Brand,Paid Search - Brand,CMP_PAI_LON,London,Technology,250-999,Security Add-on,62.6,SQL,1,1
L000760,CU000760,2024-05-22,Organic Search,Organic Search,CMP_ORG_LON,London,Professional Services,250-999,Remote Access,62.7,SQL,1,1
L000761,CU000761,2024-05-22,Events,Events,CMP_EVE_LEE,Leeds,Healthcare,250-999,Remote Access,55.9,New,0,0
L000762,CU000762,2024-05-22,Paid Search - Brand,Paid Search - Brand,CMP_PAI_SHE,Sheffield,Professional Services,250-999,Enterprise Connectivity,63.6,SQL,1,1
L000763,CU000763,2024-05-22,Email,Email,CMP_EMA_BIR,Birmingham,Professional Services,1000+,Remote Support,66.8,New,0,0
L000764,CU000764,2024-05-22,Paid Search - Brand,Paid Search - Brand,CMP_PAI_LON,London,Retail,1000+,Remote Support,77.6,New,0,0
L000765,CU000765,2024-05-23,Paid Search - Brand,Paid Search - Brand,CMP_PAI_LON,London,Technology,50-249,Remote Access,67.6,SQL,1,1
L000766,CU000766,2024-05-23,Paid Social,Paid Social,CMP_PAI_MAN,Manchester,Technology,1000+,Remote Access,55.1,MQL,1,0
L000767,CU000767,2024-05-23,LinkedIn,LinkedIn,CMP_LIN_BRI,Bristol,Professional Services,1000+,Remote Support,82.8,SQL,1,1
L000768,CU000768,2024-05-23,Display,Display,CMP_DIS_LON,London,Education,50-249,Remote Access,84.7,MQL,1,0
L000769,CU000769,2024-05-23,Paid Social,Paid Social,CMP_PAI_CAR,Cardiff,Retail,50-249,Remote Access,43.5,New,0,0
L000770,CU000770,2024-05-23,Organic Search,Organic Search,CMP_ORG_LEE,Leeds,Professional Services,50-249,Enterprise Connectivity,76.1,New,0,0
L000771,CU000771,2024-05-23,Paid Search - Non-Brand,Paid Search - Non-Brand,CMP_PAI_BIR,Birmingham,Retail,250-999,Remote Support,76.4,New,0,0
L000772,CU000772,2024-05-23,Paid Search - Brand,Paid Search - Brand,CMP_PAI_LIV,Liverpool,Professional Services,50-249,Remote Support,50.6,SQL,1,1
L000773,CU000773,2024-05-23,Events,Events,CMP_EVE_GLA,Glasgow,Technology,50-249,Remote Access,75.2,SQL,1,1
L000774,CU000774,2024-05-23,Email,Email,CMP_EMA_BIR,Birmingham,Retail,50-249,Remote Support,85.9,New,0,0
L000775,CU000775,2024-05-24,Direct,Direct,CMP_DIR_EDI,Edinburgh,Retail,1000+,Remote Access,72.9,MQL,1,0
L000776,CU000776,2024-05-24,Display,Display,CMP_DIS_CAR,Cardiff,Manufacturing,1-49,Security Add-on,49.3,New,0,0
L000777,CU000777,2024-05-24,Partner,Partner,CMP_PAR_LEE,Leeds,Healthcare,250-999,Security Add-on,74.3,New,0,0
L000778,CU000778,2024-05-24,Display,Display,CMP_DIS_GLA,Glasgow,Education,250-999,Remote Access,65.2,SQL,1,1
L000779,CU000779,2024-05-24,Direct,Direct,CMP_DIR_MAN,Manchester,Education,1-49,Enterprise Connectivity,70.6,SQL,1,1
L000780,CU000780,2024-05-25,Paid Search - Brand,Paid Search - Brand,CMP_PAI_LEE,Leeds,Manufacturing,250-999,Remote Support,51.4,SQL,1,1
L000781,CU000781,2024-05-25,Paid Search - Brand,Paid Search - Brand,CMP_PAI_GLA,Glasgow,Technology,50-249,Remote Access,59.7,New,0,0
L000782,CU000782,2024-05-25,Email,Email,CMP_EMA_BRI,Bristol,Healthcare,50-249,Remote Access,50.7,SQL,1,1
L000783,CU000783,2024-05-25,Paid Search - Non-Brand,Paid Search - Non-Brand,CMP_PAI_LIV,Liverpool,Healthcare,250-999,Remote Access,59.1,New,0,0
L000784,CU000784,2024-05-25,Direct,Direct,CMP_DIR_LON,London,Retail,250-999,Security Add-on,66.7,New,0,0
L000785,CU000785,2024-05-26,Direct,Direct,CMP_DIR_LEE,Leeds,Professional Services,250-999,Remote Support,52.6,MQL,1,0
L000786,CU000786,2024-05-27,Paid Search - Non-Brand,Paid Search - Non-Brand,CMP_PAI_GLA,Glasgow,Manufacturing,250-999,Remote Access,68.8,New,0,0
L000787,CU000787,2024-05-27,Organic Search,Organic Search,CMP_ORG_LIV,Liverpool,Education,250-999,Remote Access,57.7,SQL,1,1
L000788,CU000788,2024-05-27,Paid Search - Brand,Paid Search - Brand,CMP_PAI_LON,London,Professional Services,1-49,Security Add-on,76.9,MQL,1,0
L000789,CU000789,2024-05-27,Events,Events,CMP_EVE_BIR,Birmingham,Education,1000+,Remote Support,86.2,New,0,0
L000790,CU000790,2024-05-28,Email,Email,CMP_EMA_LIV,Liverpool,Technology,50-249,Remote Access,63.6,SQL,1,1
L000791,CU000791,2024-05-28,Events,Events,CMP_EVE_BRI,Bristol,Retail,50-249,Remote Support,74.2,MQL,1,0
L000792,CU000792,2024-05-28,LinkedIn,LinkedIn,CMP_LIN_BIR,Birmingham,Professional Services,250-999,Security Add-on,91.2,SQL,1,1
L000793,CU000793,2024-05-28,Paid Search - Non-Brand,Paid Search - Non-Brand,CMP_PAI_GLA,Glasgow,Technology,1-49,Enterprise Connectivity,75.0,SQL,1,1
L000794,CU000794,2024-05-28,Paid Search - Brand,Paid Search - Brand,CMP_PAI_EDI,Edinburgh,Healthcare,50-249,Enterprise Connectivity,74.3,New,0,0
L000795,CU000795,2024-05-28,Direct,Direct,CMP_DIR_EDI,Edinburgh,Healthcare,50-249,Remote Access,66.4,New,0,0
L000796,CU000796,2024-05-28,Events,Events,CMP_EVE_LON,London,Healthcare,1000+,Enterprise Connectivity,36.3,New,0,0
L000797,CU000797,2024-05-28,Partner,Partner,CMP_PAR_LON,London,Healthcare,1-49,Enterprise Connectivity,82.4,New,0,0
L000798,CU000798,2024-05-28,Organic Search,Organic Search,CMP_ORG_BIR,Birmingham,Retail,50-249,Security Add-on,31.2,New,0,0
L000799,CU000799,2024-05-28,Events,Events,CMP_EVE_EDI,Edinburgh,Manufacturing,250-999,Security Add-on,57.2,SQL,1,1
L000800,CU000800,2024-05-29,Organic Search,Organic Search,CMP_ORG_BRI,Bristol,Healthcare,50-249,Remote Support,75.7,MQL,1,0
L000801,CU000801,2024-05-29,Paid Search - Non-Brand,Paid Search - Non-Brand,CMP_PAI_BIR,Birmingham,Retail,1000+,Security Add-on,54.6,New,0,0
L000802,CU000802,2024-05-29,Paid Social,Paid Social,CMP_PAI_BIR,Birmingham,Retail,250-999,Security Add-on,29.9,New,0,0
L000803,CU000803,2024-05-29,Paid Search - Non-Brand,Paid Search - Non-Brand,CMP_PAI_EDI,Edinburgh,Technology,1000+,Remote Support,51.6,SQL,1,1
L000804,CU000804,2024-05-29,LinkedIn,LinkedIn,CMP_LIN_LON,London,Manufacturing,1000+,Security Add-on,73.9,New,0,0
L000805,CU000805,2024-05-29,Direct,Direct,CMP_DIR_LIV,Liverpool,Education,1-49,Security Add-on,50.6,SQL,1,1
L000806,CU000806,2024-05-30,Organic Search,Organic Search,CMP_ORG_MAN,Manchester,Retail,50-249,Security Add-on,78.7,MQL,1,0
L000807,CU000807,2024-05-30,Paid Search - Non-Brand,Paid Search - Non-Brand,CMP_PAI_BRI,Bristol,Education,1000+,Remote Access,74.0,New,0,0
L000808,CU000808,2024-05-30,Direct,Direct,CMP_DIR_BRI,Bristol,Retail,50-249,Security Add-on,57.5,New,0,0
L000809,CU000809,2024-05-30,Paid Social,Paid Social,CMP_PAI_BIR,Birmingham,Education,1-49,Security Add-on,31.3,New,0,0
L000810,CU000810,2024-05-30,Email,Email,CMP_EMA_BRI,Bristol,Technology,1000+,Security Add-on,55.7,SQL,1,1
L000811,CU000811,2024-05-30,LinkedIn,LinkedIn,CMP_LIN_MAN,Manchester,Healthcare,250-999,Security Add-on,82.1,MQL,1,0
L000812,CU000812,2024-05-31,YouTube,YouTube,CMP_YOU_BRI,Bristol,Technology,50-249,Security Add-on,54.6,SQL,1,1
L000813,CU000813,2024-05-31,Partner,Partner,CMP_PAR_BIR,Birmingham,Healthcare,1000+,Remote Support,80.2,New,0,0
L000814,CU000814,2024-05-31,Partner,Partner,CMP_PAR_LON,London,Education,50-249,Enterprise Connectivity,87.2,MQL,1,0
L000815,CU000815,2024-05-31,Paid Search - Brand,Paid Search - Brand,CMP_PAI_SHE,Sheffield,Healthcare,250-999,Security Add-on,49.2,New,0,0
L000816,CU000816,2024-05-31,Organic Search,Organic Search,CMP_ORG_BIR,Birmingham,Retail,50-249,Enterprise Connectivity,62.6,New,0,0
L000817,CU000817,2024-05-31,LinkedIn,LinkedIn,CMP_LIN_BRI,Bristol,Education,50-249,Enterprise Connectivity,78.7,SQL,1,1
L000818,CU000818,2024-06-01,Paid Search - Brand,Paid Search - Brand,CMP_PAI_LIV,Liverpool,Education,250-999,Enterprise Connectivity,52.5,New,0,0
L000819,CU000819,2024-06-01,Paid Search - Brand,Paid Search - Brand,CMP_PAI_CAR,Cardiff,Professional Services,1-49,Security Add-on,74.3,New,0,0
L000820,CU000820,2024-06-01,Organic Search,Organic Search,CMP_ORG_GLA,Glasgow,Retail,250-999,Remote Support,56.2,SQL,1,1
L000821,CU000821,2024-06-01,Partner,Partner,CMP_PAR_LON,London,Education,250-999,Enterprise Connectivity,60.5,SQL,1,1
L000822,CU000822,2024-06-01,Organic Search,Organic Search,CMP_ORG_EDI,Edinburgh,Professional Services,1000+,Remote Support,58.7,New,0,0
L000823,CU000823,2024-06-01,LinkedIn,LinkedIn,CMP_LIN_BIR,Birmingham,Retail,250-999,Enterprise Connectivity,83.9,SQL,1,1
L000824,CU000824,2024-06-01,Paid Social,Paid Social,CMP_PAI_BIR,Birmingham,Education,1-49,Remote Access,62.0,SQL,1,1
L000825,CU000825,2024-06-02,Organic Search,Organic Search,CMP_ORG_SHE,Sheffield,Professional Services,50-249,Remote Access,52.5,SQL,1,1
L000826,CU000826,2024-06-02,Direct,Direct,CMP_DIR_LIV,Liverpool,Healthcare,50-249,Enterprise Connectivity,56.4,MQL,1,0
L000827,CU000827,2024-06-02,Paid Search - Non-Brand,Paid Search - Non-Brand,CMP_PAI_MAN,Manchester,Education,50-249,Enterprise Connectivity,63.9,MQL,1,0
L000828,CU000828,2024-06-02,Partner,Partner,CMP_PAR_LON,London,Education,50-249,Remote Access,60.2,SQL,1,1
L000829,CU000829,2024-06-03,Paid Social,Paid Social,CMP_PAI_SHE,Sheffield,Manufacturing,1-49,Security Add-on,35.8,SQL,1,1
L000830,CU000830,2024-06-03,Paid Social,Paid Social,CMP_PAI_MAN,Manchester,Manufacturing,1000+,Security Add-on,74.5,MQL,1,0
L000831,CU000831,2024-06-03,Paid Search - Brand,Paid Search - Brand,CMP_PAI_BIR,Birmingham,Technology,50-249,Security Add-on,59.5,SQL,1,1
L000832,CU000832,2024-06-03,Direct,Direct,CMP_DIR_LON,London,Retail,50-249,Enterprise Connectivity,60.4,New,0,0
L000833,CU000833,2024-06-03,LinkedIn,LinkedIn,CMP_LIN_LON,London,Technology,50-249,Remote Access,75.1,New,0,0
L000834,CU000834,2024-06-03,Email,Email,CMP_EMA_LIV,Liverpool,Education,1-49,Enterprise Connectivity,56.6,New,0,0
L000835,CU000835,2024-06-04,Paid Search - Non-Brand,Paid Search - Non-Brand,CMP_PAI_LON,London,Healthcare,250-999,Enterprise Connectivity,40.7,New,0,0
L000836,CU000836,2024-06-04,Paid Social,Paid Social,CMP_PAI_LON,London,Retail,1-49,Enterprise Connectivity,43.6,New,0,0
L000837,CU000837,2024-06-04,Events,Events,CMP_EVE_MAN,Manchester,Education,250-999,Remote Access,68.5,MQL,1,0
L000838,CU000838,2024-06-04,LinkedIn,LinkedIn,CMP_LIN_LIV,Liverpool,Healthcare,50-249,Remote Support,71.7,New,0,0
L000839,CU000839,2024-06-05,Direct,Direct,CMP_DIR_LIV,Liverpool,Healthcare,250-999,Remote Access,83.3,MQL,1,0
L000840,CU000840,2024-06-05,Email,Email,CMP_EMA_CAR,Cardiff,Healthcare,50-249,Remote Access,67.2,New,0,0
L000841,CU000841,2024-06-05,Partner,Partner,CMP_PAR_GLA,Glasgow,Healthcare,250-999,Enterprise Connectivity,64.5,New,0,0
L000842,CU000842,2024-06-05,Email,Email,CMP_EMA_BIR,Birmingham,Manufacturing,1-49,Remote Support,62.9,New,0,0
L000843,CU000843,2024-06-05,Paid Social,Paid Social,CMP_PAI_MAN,Manchester,Education,50-249,Enterprise Connectivity,53.6,MQL,1,0
L000844,CU000844,2024-06-05,Paid Search - Brand,Paid Search - Brand,CMP_PAI_BRI,Bristol,Professional Services,250-999,Remote Access,59.9,New,0,0
L000845,CU000845,2024-06-05,Direct,Direct,CMP_DIR_SHE,Sheffield,Technology,1000+,Remote Support,76.8,New,0,0
L000846,CU000846,2024-06-05,Direct,Direct,CMP_DIR_EDI,Edinburgh,Retail,1-49,Remote Support,55.8,MQL,1,0
L000847,CU000847,2024-06-06,LinkedIn,LinkedIn,CMP_LIN_MAN,Manchester,Manufacturing,250-999,Security Add-on,72.4,SQL,1,1
L000848,CU000848,2024-06-06,Paid Social,Paid Social,CMP_PAI_LON,London,Technology,50-249,Security Add-on,56.8,New,0,0
L000849,CU000849,2024-06-06,Direct,Direct,CMP_DIR_MAN,Manchester,Manufacturing,50-249,Security Add-on,62.7,New,0,0
L000850,CU000850,2024-06-06,Paid Social,Paid Social,CMP_PAI_BRI,Bristol,Technology,1-49,Remote Access,35.3,New,0,0
L000851,CU000851,2024-06-06,Paid Search - Brand,Paid Search - Brand,CMP_PAI_BIR,Birmingham,Manufacturing,250-999,Enterprise Connectivity,59.1,New,0,0
L000852,CU000852,2024-06-06,Direct,Direct,CMP_DIR_BIR,Birmingham,Professional Services,250-999,Security Add-on,67.9,SQL,1,1
L000853,CU000853,2024-06-07,Events,Events,CMP_EVE_EDI,Edinburgh,Healthcare,250-999,Enterprise Connectivity,51.0,SQL,1,1
L000854,CU000854,2024-06-07,Paid Search - Non-Brand,Paid Search - Non-Brand,CMP_PAI_BIR,Birmingham,Education,250-999,Enterprise Connectivity,60.7,SQL,1,1
L000855,CU000855,2024-06-07,Paid Search - Brand,Paid Search - Brand,CMP_PAI_BIR,Birmingham,Healthcare,250-999,Security Add-on,96.1,SQL,1,1
L000856,CU000856,2024-06-07,Email,Email,CMP_EMA_LEE,Leeds,Retail,250-999,Enterprise Connectivity,81.7,New,0,0
L000857,CU000857,2024-06-07,Paid Search - Brand,Paid Search - Brand,CMP_PAI_SHE,Sheffield,Retail,250-999,Remote Access,68.0,New,0,0
L000858,CU000858,2024-06-07,Paid Search - Non-Brand,Paid Search - Non-Brand,CMP_PAI_LEE,Leeds,Manufacturing,250-999,Remote Support,62.6,New,0,0
L000859,CU000859,2024-06-08,Email,Email,CMP_EMA_LON,London,Manufacturing,1-49,Security Add-on,59.4,SQL,1,1
L000860,CU000860,2024-06-08,Organic Search,Organic Search,CMP_ORG_LIV,Liverpool,Healthcare,1-49,Security Add-on,51.7,New,0,0
L000861,CU000861,2024-06-08,Events,Events,CMP_EVE_SHE,Sheffield,Professional Services,50-249,Remote Support,66.3,MQL,1,0
L000862,CU000862,2024-06-08,Partner,Partner,CMP_PAR_LON,London,Healthcare,1-49,Enterprise Connectivity,59.8,MQL,1,0
L000863,CU000863,2024-06-08,Display,Display,CMP_DIS_LEE,Leeds,Manufacturing,250-999,Enterprise Connectivity,42.8,New,0,0
L000864,CU000864,2024-06-08,Paid Search - Brand,Paid Search - Brand,CMP_PAI_LON,London,Technology,1-49,Enterprise Connectivity,86.1,MQL,1,0
L000865,CU000865,2024-06-08,Direct,Direct,CMP_DIR_LON,London,Education,1-49,Remote Access,74.1,New,0,0
L000866,CU000866,2024-06-09,Direct,Direct,CMP_DIR_GLA,Glasgow,Technology,50-249,Enterprise Connectivity,80.7,SQL,1,1
L000867,CU000867,2024-06-09,Paid Search - Brand,Paid Search - Brand,CMP_PAI_EDI,Edinburgh,Manufacturing,250-999,Remote Support,49.2,New,0,0
L000868,CU000868,2024-06-09,Events,Events,CMP_EVE_BRI,Bristol,Retail,1-49,Security Add-on,55.7,SQL,1,1
L000869,CU000869,2024-06-09,Paid Social,Paid Social,CMP_PAI_SHE,Sheffield,Education,250-999,Enterprise Connectivity,64.6,New,0,0
L000870,CU000870,2024-06-09,Events,Events,CMP_EVE_MAN,Manchester,Healthcare,1000+,Remote Support,46.5,MQL,1,0
L000871,CU000871,2024-06-09,Paid Search - Non-Brand,Paid Search - Non-Brand,CMP_PAI_BIR,Birmingham,Professional Services,50-249,Remote Access,71.0,MQL,1,0
L000872,CU000872,2024-06-10,Organic Search,Organic Search,CMP_ORG_BRI,Bristol,Professional Services,250-999,Remote Access,42.6,New,0,0
L000873,CU000873,2024-06-10,Paid Search - Brand,Paid Search - Brand,CMP_PAI_LON,London,Healthcare,250-999,Remote Support,72.2,New,0,0
L000874,CU000874,2024-06-10,Direct,Direct,CMP_DIR_MAN,Manchester,Retail,50-249,Remote Access,58.9,MQL,1,0
L000875,CU000875,2024-06-10,Email,Email,CMP_EMA_LON,London,Professional Services,1-49,Enterprise Connectivity,68.9,New,0,0
L000876,CU000876,2024-06-11,Events,Events,CMP_EVE_LIV,Liverpool,Healthcare,1-49,Remote Access,61.9,New,0,0
L000877,CU000877,2024-06-11,Paid Social,Paid Social,CMP_PAI_BIR,Birmingham,Professional Services,1000+,Security Add-on,34.0,New,0,0
L000878,CU000878,2024-06-11,Paid Search - Brand,Paid Search - Brand,CMP_PAI_CAR,Cardiff,Professional Services,50-249,Security Add-on,97.7,New,0,0
L000879,CU000879,2024-06-12,Paid Search - Non-Brand,Paid Search - Non-Brand,CMP_PAI_LON,London,Manufacturing,50-249,Remote Access,68.2,New,0,0
L000880,CU000880,2024-06-12,Paid Search - Brand,Paid Search - Brand,CMP_PAI_BIR,Birmingham,Technology,1000+,Remote Access,68.8,New,0,0
L000881,CU000881,2024-06-12,LinkedIn,LinkedIn,CMP_LIN_BIR,Birmingham,Technology,1000+,Remote Access,84.7,SQL,1,1
L000882,CU000882,2024-06-12,Direct,Direct,CMP_DIR_LON,London,Technology,50-249,Enterprise Connectivity,44.0,New,0,0
L000883,CU000883,2024-06-12,Paid Search - Brand,Paid Search - Brand,CMP_PAI_CAR,Cardiff,Education,50-249,Security Add-on,60.8,New,0,0
L000884,CU000884,2024-06-12,Paid Search - Non-Brand,Paid Search - Non-Brand,CMP_PAI_MAN,Manchester,Healthcare,250-999,Enterprise Connectivity,48.1,SQL,1,1
L000885,CU000885,2024-06-13,Paid Search - Non-Brand,Paid Search - Non-Brand,CMP_PAI_GLA,Glasgow,Healthcare,50-249,Remote Access,78.4,MQL,1,0
L000886,CU000886,2024-06-13,Paid Search - Non-Brand,Paid Search - Non-Brand,CMP_PAI_LEE,Leeds,Education,1000+,Remote Access,60.3,SQL,1,1
L000887,CU000887,2024-06-13,Paid Search - Brand,Paid Search - Brand,CMP_PAI_SHE,Sheffield,Manufacturing,1-49,Security Add-on,72.9,MQL,1,0
L000888,CU000888,2024-06-13,YouTube,YouTube,CMP_YOU_GLA,Glasgow,Manufacturing,50-249,Enterprise Connectivity,67.3,New,0,0
L000889,CU000889,2024-06-13,Organic Search,Organic Search,CMP_ORG_BRI,Bristol,Manufacturing,1-49,Security Add-on,55.1,New,0,0
L000890,CU000890,2024-06-13,Events,Events,CMP_EVE_BRI,Bristol,Education,1000+,Enterprise Connectivity,56.1,SQL,1,1
L000891,CU000891,2024-06-13,Events,Events,CMP_EVE_EDI,Edinburgh,Retail,50-249,Remote Support,67.5,MQL,1,0
L000892,CU000892,2024-06-14,Events,Events,CMP_EVE_GLA,Glasgow,Retail,1000+,Remote Support,61.9,New,0,0
L000893,CU000893,2024-06-14,YouTube,YouTube,CMP_YOU_BRI,Bristol,Manufacturing,50-249,Enterprise Connectivity,46.1,New,0,0
L000894,CU000894,2024-06-14,Paid Search - Non-Brand,Paid Search - Non-Brand,CMP_PAI_EDI,Edinburgh,Healthcare,250-999,Remote Access,74.8,New,0,0
L000895,CU000895,2024-06-14,Paid Social,Paid Social,CMP_PAI_EDI,Edinburgh,Retail,1-49,Remote Access,65.4,New,0,0
L000896,CU000896,2024-06-14,Paid Search - Brand,Paid Search - Brand,CMP_PAI_CAR,Cardiff,Retail,50-249,Remote Access,81.8,MQL,1,0
L000897,CU000897,2024-06-14,Events,Events,CMP_EVE_LON,London,Manufacturing,1-49,Remote Support,81.0,SQL,1,1
L000898,CU000898,2024-06-14,Paid Social,Paid Social,CMP_PAI_CAR,Cardiff,Manufacturing,250-999,Remote Access,51.5,SQL,1,1
L000899,CU000899,2024-06-14,Events,Events,CMP_EVE_MAN,Manchester,Education,250-999,Remote Support,74.8,SQL,1,1
L000900,CU000900,2024-06-14,Email,Email,CMP_EMA_SHE,Sheffield,Healthcare,50-249,Remote Access,70.2,New,0,0
L000901,CU000901,2024-06-15,Partner,Partner,CMP_PAR_LON,London,Professional Services,1-49,Security Add-on,70.5,MQL,1,0
L000902,CU000902,2024-06-15,Display,Display,CMP_DIS_LON,London,Technology,1-49,Remote Access,81.7,New,0,0
L000903,CU000903,2024-06-15,Email,Email,CMP_EMA_LON,London,Professional Services,50-249,Remote Support,76.2,MQL,1,0
L000904,CU000904,2024-06-15,Direct,Direct,CMP_DIR_LIV,Liverpool,Professional Services,1-49,Remote Support,82.1,MQL,1,0
L000905,CU000905,2024-06-15,Partner,Partner,CMP_PAR_GLA,Glasgow,Technology,1000+,Enterprise Connectivity,65.9,New,0,0
L000906,CU000906,2024-06-16,Paid Search - Non-Brand,Paid Search - Non-Brand,CMP_PAI_GLA,Glasgow,Technology,1000+,Remote Support,67.3,New,0,0
L000907,CU000907,2024-06-16,Organic Search,Organic Search,CMP_ORG_EDI,Edinburgh,Education,1-49,Security Add-on,72.2,SQL,1,1
L000908,CU000908,2024-06-16,Organic Search,Organic Search,CMP_ORG_BIR,Birmingham,Education,50-249,Remote Access,53.3,New,0,0
L000909,CU000909,2024-06-16,Paid Social,Paid Social,CMP_PAI_LON,London,Education,250-999,Remote Support,45.0,New,0,0
L000910,CU000910,2024-06-16,Paid Search - Brand,Paid Search - Brand,CMP_PAI_GLA,Glasgow,Technology,250-999,Remote Support,52.3,New,0,0
L000911,CU000911,2024-06-17,YouTube,YouTube,CMP_YOU_BIR,Birmingham,Healthcare,50-249,Remote Access,71.9,New,0,0
L000912,CU000912,2024-06-17,Paid Social,Paid Social,CMP_PAI_EDI,Edinburgh,Technology,50-249,Enterprise Connectivity,79.9,New,0,0
L000913,CU000913,2024-06-17,Direct,Direct,CMP_DIR_CAR,Cardiff,Healthcare,1000+,Remote Support,59.0,New,0,0
L000914,CU000914,2024-06-17,Email,Email,CMP_EMA_LIV,Liverpool,Manufacturing,1000+,Remote Access,59.4,SQL,1,1
L000915,CU000915,2024-06-17,Organic Search,Organic Search,CMP_ORG_MAN,Manchester,Professional Services,50-249,Security Add-on,63.1,MQL,1,0
L000916,CU000916,2024-06-17,Organic Search,Organic Search,CMP_ORG_GLA,Glasgow,Manufacturing,50-249,Security Add-on,48.6,SQL,1,1
L000917,CU000917,2024-06-17,Paid Search - Brand,Paid Search - Brand,CMP_PAI_MAN,Manchester,Education,250-999,Remote Access,62.1,New,0,0
L000918,CU000918,2024-06-18,Paid Search - Non-Brand,Paid Search - Non-Brand,CMP_PAI_GLA,Glasgow,Retail,250-999,Enterprise Connectivity,55.9,New,0,0
L000919,CU000919,2024-06-18,Paid Search - Brand,Paid Search - Brand,CMP_PAI_SHE,Sheffield,Manufacturing,1-49,Remote Access,55.2,MQL,1,0
L000920,CU000920,2024-06-18,Paid Search - Brand,Paid Search - Brand,CMP_PAI_LON,London,Education,1-49,Security Add-on,40.8,SQL,1,1
L000921,CU000921,2024-06-18,Paid Search - Non-Brand,Paid Search - Non-Brand,CMP_PAI_SHE,Sheffield,Manufacturing,1000+,Enterprise Connectivity,78.9,MQL,1,0
L000922,CU000922,2024-06-18,Events,Events,CMP_EVE_LON,London,Professional Services,1-49,Enterprise Connectivity,83.0,SQL,1,1
L000923,CU000923,2024-06-18,Paid Search - Brand,Paid Search - Brand,CMP_PAI_BRI,Bristol,Professional Services,1000+,Remote Support,84.6,New,0,0
L000924,CU000924,2024-06-18,Paid Search - Brand,Paid Search - Brand,CMP_PAI_LON,London,Education,250-999,Enterprise Connectivity,71.2,SQL,1,1
L000925,CU000925,2024-06-18,Email,Email,CMP_EMA_LON,London,Education,1-49,Remote Access,80.8,MQL,1,0
L000926,CU000926,2024-06-18,Email,Email,CMP_EMA_LIV,Liverpool,Healthcare,50-249,Remote Support,54.8,New,0,0
L000927,CU000927,2024-06-18,Events,Events,CMP_EVE_BRI,Bristol,Education,50-249,Enterprise Connectivity,91.0,MQL,1,0
L000928,CU000928,2024-06-18,Partner,Partner,CMP_PAR_LIV,Liverpool,Education,50-249,Remote Access,64.6,New,0,0
L000929,CU000929,2024-06-18,Events,Events,CMP_EVE_LIV,Liverpool,Healthcare,50-249,Security Add-on,51.7,SQL,1,1
L000930,CU000930,2024-06-19,Direct,Direct,CMP_DIR_BRI,Bristol,Technology,50-249,Remote Access,54.4,New,0,0
L000931,CU000931,2024-06-19,Direct,Direct,CMP_DIR_LON,London,Professional Services,50-249,Security Add-on,61.8,New,0,0
L000932,CU000932,2024-06-19,Paid Search - Brand,Paid Search - Brand,CMP_PAI_MAN,Manchester,Education,250-999,Enterprise Connectivity,65.3,New,0,0
L000933,CU000933,2024-06-19,Paid Social,Paid Social,CMP_PAI_GLA,Glasgow,Retail,1-49,Security Add-on,22.2,New,0,0
L000934,CU000934,2024-06-19,Paid Search - Non-Brand,Paid Search - Non-Brand,CMP_PAI_EDI,Edinburgh,Retail,1000+,Enterprise Connectivity,71.4,SQL,1,1
L000935,CU000935,2024-06-19,Direct,Direct,CMP_DIR_LIV,Liverpool,Technology,50-249,Remote Support,44.8,New,0,0
L000936,CU000936,2024-06-19,Organic Search,Organic Search,CMP_ORG_BRI,Bristol,Education,1-49,Remote Support,67.9,New,0,0
L000937,CU000937,2024-06-19,Direct,Direct,CMP_DIR_BIR,Birmingham,Healthcare,1000+,Remote Access,57.1,New,0,0
L000938,CU000938,2024-06-19,Paid Social,Paid Social,CMP_PAI_GLA,Glasgow,Retail,1-49,Enterprise Connectivity,52.1,MQL,1,0
L000939,CU000939,2024-06-19,Organic Search,Organic Search,CMP_ORG_LON,London,Retail,250-999,Security Add-on,79.2,New,0,0
L000940,CU000940,2024-06-20,Paid Search - Non-Brand,Paid Search - Non-Brand,CMP_PAI_EDI,Edinburgh,Retail,1000+,Security Add-on,65.9,New,0,0
L000941,CU000941,2024-06-20,Direct,Direct,CMP_DIR_MAN,Manchester,Technology,1000+,Remote Support,65.5,MQL,1,0
L000942,CU000942,2024-06-20,Paid Search - Non-Brand,Paid Search - Non-Brand,CMP_PAI_LON,London,Retail,1-49,Remote Access,67.0,SQL,1,1
L000943,CU000943,2024-06-20,Events,Events,CMP_EVE_BIR,Birmingham,Manufacturing,1-49,Remote Support,65.8,MQL,1,0
L000944,CU000944,2024-06-20,Partner,Partner,CMP_PAR_GLA,Glasgow,Healthcare,50-249,Remote Support,62.9,MQL,1,0
L000945,CU000945,2024-06-20,LinkedIn,LinkedIn,CMP_LIN_MAN,Manchester,Technology,1000+,Remote Support,81.0,SQL,1,1
L000946,CU000946,2024-06-21,YouTube,YouTube,CMP_YOU_LEE,Leeds,Technology,1-49,Security Add-on,43.6,MQL,1,0
L000947,CU000947,2024-06-21,Paid Search - Brand,Paid Search - Brand,CMP_PAI_CAR,Cardiff,Professional Services,1000+,Security Add-on,85.5,SQL,1,1
L000948,CU000948,2024-06-21,Email,Email,CMP_EMA_LEE,Leeds,Manufacturing,250-999,Security Add-on,70.6,New,0,0
L000949,CU000949,2024-06-21,Events,Events,CMP_EVE_LIV,Liverpool,Retail,250-999,Security Add-on,55.7,MQL,1,0
L000950,CU000950,2024-06-21,Paid Search - Brand,Paid Search - Brand,CMP_PAI_BIR,Birmingham,Professional Services,1-49,Security Add-on,68.8,SQL,1,1
L000951,CU000951,2024-06-21,Paid Search - Brand,Paid Search - Brand,CMP_PAI_BIR,Birmingham,Professional Services,50-249,Remote Support,72.2,SQL,1,1
L000952,CU000952,2024-06-21,Email,Email,CMP_EMA_GLA,Glasgow,Professional Services,50-249,Security Add-on,81.8,MQL,1,0
L000953,CU000953,2024-06-22,Partner,Partner,CMP_PAR_LIV,Liverpool,Professional Services,1-49,Remote Support,77.3,MQL,1,0
L000954,CU000954,2024-06-22,Paid Search - Brand,Paid Search - Brand,CMP_PAI_BIR,Birmingham,Professional Services,1-49,Remote Support,66.5,MQL,1,0
L000955,CU000955,2024-06-22,Organic Search,Organic Search,CMP_ORG_GLA,Glasgow,Technology,50-249,Security Add-on,72.8,MQL,1,0
L000956,CU000956,2024-06-22,Direct,Direct,CMP_DIR_LIV,Liverpool,Professional Services,250-999,Security Add-on,69.4,New,0,0
L000957,CU000957,2024-06-22,Paid Search - Non-Brand,Paid Search - Non-Brand,CMP_PAI_BIR,Birmingham,Retail,1000+,Security Add-on,53.2,MQL,1,0
L000958,CU000958,2024-06-23,LinkedIn,LinkedIn,CMP_LIN_BIR,Birmingham,Technology,250-999,Remote Access,88.2,SQL,1,1
L000959,CU000959,2024-06-23,Paid Search - Non-Brand,Paid Search - Non-Brand,CMP_PAI_GLA,Glasgow,Professional Services,1-49,Enterprise Connectivity,73.5,New,0,0
L000960,CU000960,2024-06-24,Paid Search - Non-Brand,Paid Search - Non-Brand,CMP_PAI_LIV,Liverpool,Technology,50-249,Enterprise Connectivity,64.8,New,0,0
L000961,CU000961,2024-06-24,Events,Events,CMP_EVE_BRI,Bristol,Manufacturing,1000+,Remote Support,37.7,New,0,0
L000962,CU000962,2024-06-24,Paid Social,Paid Social,CMP_PAI_LON,London,Healthcare,1-49,Security Add-on,42.9,New,0,0
L000963,CU000963,2024-06-24,Paid Search - Brand,Paid Search - Brand,CMP_PAI_LON,London,Healthcare,50-249,Remote Access,60.7,SQL,1,1
L000964,CU000964,2024-06-24,Partner,Partner,CMP_PAR_BRI,Bristol,Healthcare,1-49,Remote Support,51.3,MQL,1,0
L000965,CU000965,2024-06-24,LinkedIn,LinkedIn,CMP_LIN_LIV,Liverpool,Technology,50-249,Enterprise Connectivity,73.9,SQL,1,1
L000966,CU000966,2024-06-24,Events,Events,CMP_EVE_LON,London,Technology,1000+,Security Add-on,75.5,MQL,1,0
L000967,CU000967,2024-06-24,Partner,Partner,CMP_PAR_LON,London,Manufacturing,250-999,Security Add-on,49.8,New,0,0
L000968,CU000968,2024-06-25,Paid Search - Brand,Paid Search - Brand,CMP_PAI_LEE,Leeds,Healthcare,250-999,Remote Access,72.9,MQL,1,0
L000969,CU000969,2024-06-25,Email,Email,CMP_EMA_BRI,Bristol,Healthcare,1000+,Remote Access,68.5,MQL,1,0
L000970,CU000970,2024-06-25,Email,Email,CMP_EMA_LEE,Leeds,Professional Services,1-49,Remote Access,71.9,MQL,1,0
L000971,CU000971,2024-06-25,Direct,Direct,CMP_DIR_LON,London,Technology,50-249,Remote Access,46.5,MQL,1,0
L000972,CU000972,2024-06-26,Paid Search - Brand,Paid Search - Brand,CMP_PAI_CAR,Cardiff,Healthcare,50-249,Enterprise Connectivity,81.8,SQL,1,1
L000973,CU000973,2024-06-26,Paid Social,Paid Social,CMP_PAI_LON,London,Retail,50-249,Enterprise Connectivity,59.3,New,0,0
L000974,CU000974,2024-06-26,Display,Display,CMP_DIS_BIR,Birmingham,Education,1-49,Security Add-on,67.8,SQL,1,1
L000975,CU000975,2024-06-26,Paid Search - Non-Brand,Paid Search - Non-Brand,CMP_PAI_SHE,Sheffield,Healthcare,50-249,Enterprise Connectivity,42.1,SQL,1,1
L000976,CU000976,2024-06-26,Email,Email,CMP_EMA_EDI,Edinburgh,Education,1000+,Security Add-on,62.6,New,0,0
L000977,CU000977,2024-06-27,LinkedIn,LinkedIn,CMP_LIN_GLA,Glasgow,Healthcare,1000+,Remote Access,68.2,MQL,1,0
L000978,CU000978,2024-06-27,Email,Email,CMP_EMA_LEE,Leeds,Manufacturing,1000+,Remote Access,56.1,New,0,0
L000979,CU000979,2024-06-27,Organic Search,Organic Search,CMP_ORG_LON,London,Professional Services,250-999,Remote Support,56.6,MQL,1,0
L000980,CU000980,2024-06-27,Paid Search - Non-Brand,Paid Search - Non-Brand,CMP_PAI_EDI,Edinburgh,Education,50-249,Enterprise Connectivity,61.2,SQL,1,1
L000981,CU000981,2024-06-27,Organic Search,Organic Search,CMP_ORG_LIV,Liverpool,Professional Services,1-49,Security Add-on,44.3,New,0,0
L000982,CU000982,2024-06-27,Organic Search,Organic Search,CMP_ORG_LEE,Leeds,Professional Services,1-49,Security Add-on,54.9,New,0,0
L000983,CU000983,2024-06-27,Direct,Direct,CMP_DIR_BRI,Bristol,Retail,50-249,Remote Access,77.2,New,0,0
L000984,CU000984,2024-06-27,Paid Search - Brand,Paid Search - Brand,CMP_PAI_SHE,Sheffield,Manufacturing,50-249,Security Add-on,52.1,SQL,1,1
L000985,CU000985,2024-06-27,Direct,Direct,CMP_DIR_CAR,Cardiff,Retail,1000+,Remote Support,70.1,MQL,1,0
L000986,CU000986,2024-06-27,Paid Search - Non-Brand,Paid Search - Non-Brand,CMP_PAI_EDI,Edinburgh,Professional Services,250-999,Security Add-on,61.0,MQL,1,0
L000987,CU000987,2024-06-27,Email,Email,CMP_EMA_CAR,Cardiff,Retail,1-49,Security Add-on,50.9,New,0,0
L000988,CU000988,2024-06-27,Partner,Partner,CMP_PAR_LIV,Liverpool,Retail,1-49,Enterprise Connectivity,53.9,MQL,1,0
L000989,CU000989,2024-06-28,Email,Email,CMP_EMA_GLA,Glasgow,Manufacturing,1000+,Security Add-on,57.6,New,0,0
L000990,CU000990,2024-06-28,Email,Email,CMP_EMA_BRI,Bristol,Education,1-49,Security Add-on,72.4,New,0,0
L000991,CU000991,2024-06-28,Paid Search - Brand,Paid Search - Brand,CMP_PAI_LON,London,Manufacturing,250-999,Security Add-on,77.6,New,0,0
L000992,CU000992,2024-06-28,Organic Search,Organic Search,CMP_ORG_BIR,Birmingham,Education,50-249,Remote Support,85.7,MQL,1,0
L000993,CU000993,2024-06-28,Email,Email,CMP_EMA_SHE,Sheffield,Technology,50-249,Remote Access,72.1,SQL,1,1
L000994,CU000994,2024-06-28,Events,Events,CMP_EVE_GLA,Glasgow,Professional Services,250-999,Enterprise Connectivity,42.8,MQL,1,0
L000995,CU000995,2024-06-28,LinkedIn,LinkedIn,CMP_LIN_CAR,Cardiff,Retail,250-999,Remote Support,80.3,SQL,1,1
L000996,CU000996,2024-06-29,Paid Search - Non-Brand,Paid Search - Non-Brand,CMP_PAI_LON,London,Technology,1-49,Remote Support,49.6,New,0,0
L000997,CU000997,2024-06-29,Partner,Partner,CMP_PAR_EDI,Edinburgh,Manufacturing,250-999,Security Add-on,79.4,MQL,1,0
L000998,CU000998,2024-06-29,Paid Search - Non-Brand,Paid Search - Non-Brand,CMP_PAI_BRI,Bristol,Professional Services,1000+,Remote Access,50.7,New,0,0
L000999,CU000999,2024-06-29,Events,Events,CMP_EVE_SHE,Sheffield,Education,50-249,Security Add-on,70.8,SQL,1,1
L001000,CU001000,2024-06-29,Paid Search - Non-Brand,Paid Search - Non-Brand,CMP_PAI_LON,London,Professional Services,1-49,Remote Support,63.3,New,0,0
L001001,CU001001,2024-06-29,Paid Search - Brand,Paid Search - Brand,CMP_PAI_GLA,Glasgow,Technology,250-999,Enterprise Connectivity,59.5,SQL,1,1
L001002,CU001002,2024-06-30,Direct,Direct,CMP_DIR_LEE,Leeds,Education,250-999,Security Add-on,76.4,SQL,1,1
L001003,CU001003,2024-06-30,Events,Events,CMP_EVE_LON,London,Education,1000+,Remote Access,37.9,New,0,0
L001004,CU001004,2024-06-30,Paid Search - Brand,Paid Search - Brand,CMP_PAI_BRI,Bristol,Professional Services,250-999,Remote Access,63.4,MQL,1,0
L001005,CU001005,2024-06-30,Paid Social,Paid Social,CMP_PAI_LON,London,Technology,1-49,Remote Access,39.1,New,0,0
L001006,CU001006,2024-06-30,Direct,Direct,CMP_DIR_GLA,Glasgow,Professional Services,250-999,Security Add-on,60.9,New,0,0
L001007,CU001007,2024-06-30,Paid Search - Non-Brand,Paid Search - Non-Brand,CMP_PAI_CAR,Cardiff,Technology,250-999,Security Add-on,58.6,New,0,0
L001008,CU001008,2024-07-01,Events,Events,CMP_EVE_GLA,Glasgow,Retail,1000+,Remote Access,57.7,New,0,0
L001009,CU001009,2024-07-01,Partner,Partner,CMP_PAR_GLA,Glasgow,Education,1-49,Remote Access,51.7,New,0,0
L001010,CU001010,2024-07-02,Partner,Partner,CMP_PAR_LON,London,Technology,250-999,Enterprise Connectivity,71.6,New,0,0
L001011,CU001011,2024-07-02,Events,Events,CMP_EVE_LON,London,Professional Services,1-49,Enterprise Connectivity,68.3,New,0,0
L001012,CU001012,2024-07-02,Paid Search - Brand,Paid Search - Brand,CMP_PAI_LEE,Leeds,Technology,1000+,Security Add-on,76.3,MQL,1,0
L001013,CU001013,2024-07-02,Events,Events,CMP_EVE_SHE,Sheffield,Healthcare,1-49,Enterprise Connectivity,52.2,New,0,0
L001014,CU001014,2024-07-02,Organic Search,Organic Search,CMP_ORG_BRI,Bristol,Professional Services,250-999,Security Add-on,57.5,SQL,1,1
L001015,CU001015,2024-07-02,Email,Email,CMP_EMA_BIR,Birmingham,Professional Services,1-49,Remote Access,57.8,MQL,1,0
L001016,CU001016,2024-07-02,LinkedIn,LinkedIn,CMP_LIN_EDI,Edinburgh,Professional Services,250-999,Remote Support,74.3,SQL,1,1
L001017,CU001017,2024-07-02,Organic Search,Organic Search,CMP_ORG_CAR,Cardiff,Professional Services,1000+,Remote Support,69.7,New,0,0
L001018,CU001018,2024-07-03,Direct,Direct,CMP_DIR_MAN,Manchester,Retail,50-249,Enterprise Connectivity,90.2,MQL,1,0
L001019,CU001019,2024-07-03,Paid Search - Brand,Paid Search - Brand,CMP_PAI_LON,London,Retail,250-999,Remote Access,61.1,New,0,0
L001020,CU001020,2024-07-03,Paid Search - Brand,Paid Search - Brand,CMP_PAI_MAN,Manchester,Professional Services,1-49,Remote Support,56.2,New,0,0
L001021,CU001021,2024-07-04,Paid Search - Brand,Paid Search - Brand,CMP_PAI_SHE,Sheffield,Technology,50-249,Security Add-on,62.0,New,0,0
L001022,CU001022,2024-07-04,Email,Email,CMP_EMA_BIR,Birmingham,Technology,1-49,Remote Support,88.5,New,0,0
L001023,CU001023,2024-07-05,Organic Search,Organic Search,CMP_ORG_SHE,Sheffield,Education,1-49,Remote Access,70.5,New,0,0
L001024,CU001024,2024-07-05,Paid Search - Brand,Paid Search - Brand,CMP_PAI_GLA,Glasgow,Manufacturing,250-999,Remote Support,42.3,New,0,0
L001025,CU001025,2024-07-05,Events,Events,CMP_EVE_LON,London,Manufacturing,250-999,Remote Support,67.2,New,0,0
L001026,CU001026,2024-07-05,Paid Search - Non-Brand,Paid Search - Non-Brand,CMP_PAI_MAN,Manchester,Education,50-249,Remote Access,38.9,New,0,0
L001027,CU001027,2024-07-05,Events,Events,CMP_EVE_MAN,Manchester,Technology,1-49,Remote Access,71.8,New,0,0
L001028,CU001028,2024-07-05,Paid Search - Brand,Paid Search - Brand,CMP_PAI_SHE,Sheffield,Technology,1-49,Security Add-on,60.0,MQL,1,0
L001029,CU001029,2024-07-05,LinkedIn,LinkedIn,CMP_LIN_EDI,Edinburgh,Education,250-999,Remote Access,86.4,SQL,1,1
L001030,CU001030,2024-07-05,Direct,Direct,CMP_DIR_EDI,Edinburgh,Technology,1000+,Remote Support,52.8,New,0,0
L001031,CU001031,2024-07-05,Organic Search,Organic Search,CMP_ORG_EDI,Edinburgh,Professional Services,250-999,Security Add-on,67.1,SQL,1,1
L001032,CU001032,2024-07-05,Paid Search - Non-Brand,Paid Search - Non-Brand,CMP_PAI_LON,London,Education,50-249,Security Add-on,45.0,New,0,0
L001033,CU001033,2024-07-06,Direct,Direct,CMP_DIR_GLA,Glasgow,Retail,50-249,Remote Access,76.8,SQL,1,1
L001034,CU001034,2024-07-06,Paid Search - Non-Brand,Paid Search - Non-Brand,CMP_PAI_LON,London,Education,1-49,Enterprise Connectivity,64.6,SQL,1,1
L001035,CU001035,2024-07-06,LinkedIn,LinkedIn,CMP_LIN_MAN,Manchester,Technology,250-999,Enterprise Connectivity,86.5,SQL,1,1
L001036,CU001036,2024-07-06,Organic Search,Organic Search,CMP_ORG_MAN,Manchester,Education,250-999,Remote Support,55.4,MQL,1,0
L001037,CU001037,2024-07-07,Events,Events,CMP_EVE_LON,London,Retail,250-999,Enterprise Connectivity,48.8,New,0,0
L001038,CU001038,2024-07-07,Paid Search - Brand,Paid Search - Brand,CMP_PAI_SHE,Sheffield,Professional Services,1000+,Remote Support,62.8,MQL,1,0
L001039,CU001039,2024-07-07,Paid Search - Non-Brand,Paid Search - Non-Brand,CMP_PAI_LIV,Liverpool,Manufacturing,250-999,Remote Support,71.7,MQL,1,0
L001040,CU001040,2024-07-07,Direct,Direct,CMP_DIR_BRI,Bristol,Education,1-49,Remote Access,79.9,New,0,0
L001041,CU001041,2024-07-08,Organic Search,Organic Search,CMP_ORG_LIV,Liverpool,Education,50-249,Remote Support,48.1,MQL,1,0
L001042,CU001042,2024-07-08,Paid Search - Non-Brand,Paid Search - Non-Brand,CMP_PAI_LIV,Liverpool,Professional Services,1-49,Remote Support,36.8,New,0,0
L001043,CU001043,2024-07-08,Paid Social,Paid Social,CMP_PAI_GLA,Glasgow,Technology,50-249,Remote Access,71.7,New,0,0
L001044,CU001044,2024-07-08,Email,Email,CMP_EMA_BRI,Bristol,Healthcare,1-49,Security Add-on,72.9,SQL,1,1
L001045,CU001045,2024-07-08,Email,Email,CMP_EMA_LIV,Liverpool,Professional Services,50-249,Enterprise Connectivity,90.0,SQL,1,1
L001046,CU001046,2024-07-08,Paid Search - Non-Brand,Paid Search - Non-Brand,CMP_PAI_LIV,Liverpool,Education,1000+,Security Add-on,59.8,SQL,1,1
L001047,CU001047,2024-07-08,Email,Email,CMP_EMA_LIV,Liverpool,Retail,1000+,Remote Support,75.7,New,0,0
L001048,CU001048,2024-07-09,LinkedIn,LinkedIn,CMP_LIN_BRI,Bristol,Healthcare,250-999,Remote Access,78.7,New,0,0
L001049,CU001049,2024-07-09,Partner,Partner,CMP_PAR_MAN,Manchester,Technology,50-249,Security Add-on,58.0,New,0,0
L001050,CU001050,2024-07-09,Events,Events,CMP_EVE_LIV,Liverpool,Manufacturing,1-49,Remote Access,63.6,MQL,1,0
L001051,CU001051,2024-07-09,Direct,Direct,CMP_DIR_BIR,Birmingham,Healthcare,50-249,Enterprise Connectivity,62.6,SQL,1,1
L001052,CU001052,2024-07-09,Paid Search - Brand,Paid Search - Brand,CMP_PAI_MAN,Manchester,Technology,1000+,Enterprise Connectivity,63.3,New,0,0
L001053,CU001053,2024-07-09,Paid Search - Brand,Paid Search - Brand,CMP_PAI_SHE,Sheffield,Manufacturing,1-49,Remote Access,59.3,MQL,1,0
L001054,CU001054,2024-07-09,Email,Email,CMP_EMA_LEE,Leeds,Retail,1-49,Security Add-on,58.5,MQL,1,0
L001055,CU001055,2024-07-10,Paid Social,Paid Social,CMP_PAI_EDI,Edinburgh,Technology,250-999,Remote Support,63.2,New,0,0
L001056,CU001056,2024-07-10,Events,Events,CMP_EVE_SHE,Sheffield,Healthcare,1-49,Remote Support,58.7,SQL,1,1
L001057,CU001057,2024-07-10,Paid Social,Paid Social,CMP_PAI_LON,London,Technology,250-999,Remote Support,75.9,MQL,1,0
L001058,CU001058,2024-07-10,Events,Events,CMP_EVE_LIV,Liverpool,Manufacturing,1-49,Remote Access,66.7,New,0,0
L001059,CU001059,2024-07-10,Paid Search - Non-Brand,Paid Search - Non-Brand,CMP_PAI_CAR,Cardiff,Manufacturing,50-249,Remote Support,16.3,New,0,0
L001060,CU001060,2024-07-11,Email,Email,CMP_EMA_LON,London,Education,50-249,Remote Support,68.3,SQL,1,1
L001061,CU001061,2024-07-11,Paid Search - Brand,Paid Search - Brand,CMP_PAI_BIR,Birmingham,Manufacturing,250-999,Enterprise Connectivity,58.2,New,0,0
L001062,CU001062,2024-07-11,Paid Search - Brand,Paid Search - Brand,CMP_PAI_LON,London,Healthcare,50-249,Remote Support,51.6,New,0,0
L001063,CU001063,2024-07-11,Paid Search - Brand,Paid Search - Brand,CMP_PAI_BRI,Bristol,Retail,50-249,Enterprise Connectivity,67.3,MQL,1,0
L001064,CU001064,2024-07-11,Events,Events,CMP_EVE_LON,London,Healthcare,1000+,Remote Access,66.1,MQL,1,0
L001065,CU001065,2024-07-11,Paid Search - Brand,Paid Search - Brand,CMP_PAI_LON,London,Education,50-249,Remote Support,48.9,SQL,1,1
L001066,CU001066,2024-07-11,Organic Search,Organic Search,CMP_ORG_LON,London,Professional Services,1-49,Security Add-on,80.0,MQL,1,0
L001067,CU001067,2024-07-11,Events,Events,CMP_EVE_LON,London,Manufacturing,1-49,Security Add-on,74.0,MQL,1,0
L001068,CU001068,2024-07-12,Paid Social,Paid Social,CMP_PAI_CAR,Cardiff,Healthcare,1-49,Enterprise Connectivity,49.5,New,0,0
L001069,CU001069,2024-07-12,Events,Events,CMP_EVE_CAR,Cardiff,Technology,50-249,Remote Support,49.1,New,0,0
L001070,CU001070,2024-07-12,Paid Search - Brand,Paid Search - Brand,CMP_PAI_EDI,Edinburgh,Manufacturing,1-49,Security Add-on,63.9,New,0,0
L001071,CU001071,2024-07-12,Direct,Direct,CMP_DIR_MAN,Manchester,Healthcare,1-49,Remote Support,66.2,SQL,1,1
L001072,CU001072,2024-07-12,Paid Social,Paid Social,CMP_PAI_MAN,Manchester,Education,50-249,Enterprise Connectivity,42.4,MQL,1,0
L001073,CU001073,2024-07-12,Paid Search - Brand,Paid Search - Brand,CMP_PAI_MAN,Manchester,Professional Services,1000+,Remote Access,93.0,New,0,0
L001074,CU001074,2024-07-14,Email,Email,CMP_EMA_LIV,Liverpool,Manufacturing,250-999,Security Add-on,31.5,New,0,0
L001075,CU001075,2024-07-15,Paid Search - Non-Brand,Paid Search - Non-Brand,CMP_PAI_LON,London,Professional Services,50-249,Security Add-on,62.7,MQL,1,0
L001076,CU001076,2024-07-15,LinkedIn,LinkedIn,CMP_LIN_MAN,Manchester,Retail,50-249,Enterprise Connectivity,81.6,SQL,1,1
L001077,CU001077,2024-07-15,Email,Email,CMP_EMA_MAN,Manchester,Technology,50-249,Remote Support,65.0,New,0,0
L001078,CU001078,2024-07-15,LinkedIn,LinkedIn,CMP_LIN_LON,London,Technology,1000+,Enterprise Connectivity,100.0,SQL,1,1
L001079,CU001079,2024-07-16,Email,Email,CMP_EMA_LON,London,Technology,50-249,Remote Support,47.8,SQL,1,1
L001080,CU001080,2024-07-16,Organic Search,Organic Search,CMP_ORG_LEE,Leeds,Healthcare,1-49,Enterprise Connectivity,56.4,SQL,1,1
L001081,CU001081,2024-07-17,Paid Search - Brand,Paid Search - Brand,CMP_PAI_LIV,Liverpool,Healthcare,1-49,Remote Support,64.3,New,0,0
L001082,CU001082,2024-07-17,Partner,Partner,CMP_PAR_LEE,Leeds,Technology,250-999,Remote Support,65.8,SQL,1,1
L001083,CU001083,2024-07-17,Organic Search,Organic Search,CMP_ORG_LIV,Liverpool,Healthcare,50-249,Remote Support,90.0,MQL,1,0
L001084,CU001084,2024-07-17,Organic Search,Organic Search,CMP_ORG_SHE,Sheffield,Healthcare,1-49,Security Add-on,47.1,MQL,1,0
L001085,CU001085,2024-07-17,Events,Events,CMP_EVE_BRI,Bristol,Manufacturing,50-249,Remote Access,63.7,New,0,0
L001086,CU001086,2024-07-17,LinkedIn,LinkedIn,CMP_LIN_LON,London,Professional Services,250-999,Remote Access,74.2,New,0,0
L001087,CU001087,2024-07-17,LinkedIn,LinkedIn,CMP_LIN_BIR,Birmingham,Retail,1000+,Remote Support,86.3,SQL,1,1
L001088,CU001088,2024-07-17,Organic Search,Organic Search,CMP_ORG_LIV,Liverpool,Professional Services,50-249,Remote Support,69.3,New,0,0
L001089,CU001089,2024-07-17,Direct,Direct,CMP_DIR_LON,London,Manufacturing,50-249,Remote Access,63.4,New,0,0
L001090,CU001090,2024-07-17,Display,Display,CMP_DIS_LIV,Liverpool,Retail,50-249,Enterprise Connectivity,75.8,SQL,1,1
L001091,CU001091,2024-07-17,LinkedIn,LinkedIn,CMP_LIN_GLA,Glasgow,Education,50-249,Enterprise Connectivity,66.0,New,0,0
L001092,CU001092,2024-07-18,LinkedIn,LinkedIn,CMP_LIN_BRI,Bristol,Retail,1000+,Remote Access,97.5,SQL,1,1
L001093,CU001093,2024-07-18,LinkedIn,LinkedIn,CMP_LIN_SHE,Sheffield,Education,1-49,Enterprise Connectivity,77.6,New,0,0
L001094,CU001094,2024-07-18,Email,Email,CMP_EMA_LON,London,Professional Services,1-49,Remote Support,76.4,SQL,1,1
L001095,CU001095,2024-07-18,Events,Events,CMP_EVE_MAN,Manchester,Technology,50-249,Enterprise Connectivity,59.7,New,0,0
L001096,CU001096,2024-07-18,Paid Search - Non-Brand,Paid Search - Non-Brand,CMP_PAI_BRI,Bristol,Professional Services,50-249,Remote Support,52.2,SQL,1,1
L001097,CU001097,2024-07-18,Direct,Direct,CMP_DIR_LIV,Liverpool,Manufacturing,50-249,Remote Access,74.6,MQL,1,0
L001098,CU001098,2024-07-19,Organic Search,Organic Search,CMP_ORG_MAN,Manchester,Healthcare,50-249,Remote Access,72.5,MQL,1,0
L001099,CU001099,2024-07-19,Partner,Partner,CMP_PAR_LIV,Liverpool,Manufacturing,1000+,Enterprise Connectivity,61.2,SQL,1,1
L001100,CU001100,2024-07-19,Direct,Direct,CMP_DIR_BIR,Birmingham,Professional Services,1-49,Security Add-on,45.7,New,0,0
L001101,CU001101,2024-07-19,Email,Email,CMP_EMA_BRI,Bristol,Retail,50-249,Remote Support,63.2,New,0,0
L001102,CU001102,2024-07-19,Paid Search - Brand,Paid Search - Brand,CMP_PAI_BIR,Birmingham,Healthcare,1-49,Remote Access,60.5,New,0,0
L001103,CU001103,2024-07-19,Paid Search - Brand,Paid Search - Brand,CMP_PAI_MAN,Manchester,Retail,50-249,Remote Access,65.4,MQL,1,0
L001104,CU001104,2024-07-19,Organic Search,Organic Search,CMP_ORG_MAN,Manchester,Manufacturing,50-249,Security Add-on,80.2,SQL,1,1
L001105,CU001105,2024-07-19,Paid Search - Non-Brand,Paid Search - Non-Brand,CMP_PAI_BIR,Birmingham,Professional Services,50-249,Remote Support,65.8,New,0,0
L001106,CU001106,2024-07-19,Direct,Direct,CMP_DIR_MAN,Manchester,Education,1000+,Remote Support,50.6,SQL,1,1
L001107,CU001107,2024-07-19,Paid Search - Brand,Paid Search - Brand,CMP_PAI_LON,London,Education,50-249,Remote Support,71.8,SQL,1,1
L001108,CU001108,2024-07-20,LinkedIn,LinkedIn,CMP_LIN_SHE,Sheffield,Healthcare,1000+,Remote Access,69.7,New,0,0
L001109,CU001109,2024-07-20,Paid Social,Paid Social,CMP_PAI_LIV,Liverpool,Retail,50-249,Security Add-on,41.7,New,0,0
L001110,CU001110,2024-07-20,Paid Search - Non-Brand,Paid Search - Non-Brand,CMP_PAI_LEE,Leeds,Professional Services,250-999,Remote Support,62.0,New,0,0
L001111,CU001111,2024-07-20,Email,Email,CMP_EMA_BIR,Birmingham,Retail,1-49,Enterprise Connectivity,65.9,New,0,0
L001112,CU001112,2024-07-20,Paid Social,Paid Social,CMP_PAI_BIR,Birmingham,Professional Services,50-249,Security Add-on,50.9,MQL,1,0
L001113,CU001113,2024-07-21,Events,Events,CMP_EVE_LON,London,Healthcare,1000+,Remote Support,66.0,MQL,1,0
L001114,CU001114,2024-07-21,Paid Search - Non-Brand,Paid Search - Non-Brand,CMP_PAI_BRI,Bristol,Manufacturing,50-249,Remote Access,47.3,New,0,0
L001115,CU001115,2024-07-21,Direct,Direct,CMP_DIR_MAN,Manchester,Education,1000+,Security Add-on,62.9,MQL,1,0
L001116,CU001116,2024-07-21,Paid Search - Brand,Paid Search - Brand,CMP_PAI_LIV,Liverpool,Manufacturing,250-999,Security Add-on,87.9,MQL,1,0
L001117,CU001117,2024-07-21,YouTube,YouTube,CMP_YOU_GLA,Glasgow,Retail,1000+,Remote Access,60.8,New,0,0
L001118,CU001118,2024-07-21,Events,Events,CMP_EVE_BRI,Bristol,Retail,250-999,Remote Access,69.5,SQL,1,1
L001119,CU001119,2024-07-21,Paid Search - Non-Brand,Paid Search - Non-Brand,CMP_PAI_LIV,Liverpool,Education,250-999,Remote Support,68.4,MQL,1,0
L001120,CU001120,2024-07-22,Organic Search,Organic Search,CMP_ORG_LON,London,Technology,250-999,Enterprise Connectivity,79.0,MQL,1,0
L001121,CU001121,2024-07-22,Direct,Direct,CMP_DIR_LON,London,Healthcare,1000+,Enterprise Connectivity,46.4,New,0,0
L001122,CU001122,2024-07-22,Events,Events,CMP_EVE_LIV,Liverpool,Manufacturing,1000+,Remote Access,79.6,SQL,1,1
L001123,CU001123,2024-07-22,Direct,Direct,CMP_DIR_CAR,Cardiff,Technology,1-49,Remote Access,57.8,SQL,1,1
L001124,CU001124,2024-07-23,Organic Search,Organic Search,CMP_ORG_GLA,Glasgow,Education,50-249,Enterprise Connectivity,64.8,New,0,0
L001125,CU001125,2024-07-23,Email,Email,CMP_EMA_MAN,Manchester,Education,50-249,Security Add-on,69.2,SQL,1,1
L001126,CU001126,2024-07-23,Organic Search,Organic Search,CMP_ORG_LIV,Liverpool,Retail,250-999,Remote Support,74.5,New,0,0
L001127,CU001127,2024-07-23,LinkedIn,LinkedIn,CMP_LIN_LON,London,Retail,50-249,Remote Access,65.7,SQL,1,1
L001128,CU001128,2024-07-23,Paid Search - Non-Brand,Paid Search - Non-Brand,CMP_PAI_LIV,Liverpool,Professional Services,250-999,Remote Support,76.4,New,0,0
L001129,CU001129,2024-07-23,Direct,Direct,CMP_DIR_EDI,Edinburgh,Manufacturing,1-49,Enterprise Connectivity,53.6,New,0,0
L001130,CU001130,2024-07-24,Direct,Direct,CMP_DIR_GLA,Glasgow,Technology,50-249,Remote Support,73.5,SQL,1,1
L001131,CU001131,2024-07-24,Paid Search - Brand,Paid Search - Brand,CMP_PAI_MAN,Manchester,Technology,50-249,Security Add-on,61.3,New,0,0
L001132,CU001132,2024-07-24,Paid Search - Brand,Paid Search - Brand,CMP_PAI_BIR,Birmingham,Healthcare,250-999,Security Add-on,100.0,New,0,0
L001133,CU001133,2024-07-24,Paid Social,Paid Social,CMP_PAI_LIV,Liverpool,Retail,50-249,Remote Access,46.2,New,0,0
L001134,CU001134,2024-07-24,Paid Social,Paid Social,CMP_PAI_GLA,Glasgow,Retail,1-49,Remote Support,49.3,SQL,1,1
L001135,CU001135,2024-07-24,Organic Search,Organic Search,CMP_ORG_LIV,Liverpool,Manufacturing,1000+,Enterprise Connectivity,65.6,New,0,0
L001136,CU001136,2024-07-24,Direct,Direct,CMP_DIR_EDI,Edinburgh,Manufacturing,50-249,Remote Access,72.8,New,0,0
L001137,CU001137,2024-07-24,Paid Search - Non-Brand,Paid Search - Non-Brand,CMP_PAI_BIR,Birmingham,Healthcare,1-49,Enterprise Connectivity,73.6,New,0,0
L001138,CU001138,2024-07-25,Partner,Partner,CMP_PAR_CAR,Cardiff,Professional Services,1-49,Enterprise Connectivity,77.6,MQL,1,0
L001139,CU001139,2024-07-25,Paid Search - Non-Brand,Paid Search - Non-Brand,CMP_PAI_LON,London,Technology,50-249,Remote Access,53.9,New,0,0
L001140,CU001140,2024-07-25,Display,Display,CMP_DIS_LON,London,Professional Services,1-49,Enterprise Connectivity,50.0,MQL,1,0
L001141,CU001141,2024-07-25,Organic Search,Organic Search,CMP_ORG_SHE,Sheffield,Professional Services,50-249,Security Add-on,72.6,MQL,1,0
L001142,CU001142,2024-07-25,Events,Events,CMP_EVE_CAR,Cardiff,Healthcare,50-249,Security Add-on,33.8,New,0,0
L001143,CU001143,2024-07-26,Paid Search - Brand,Paid Search - Brand,CMP_PAI_SHE,Sheffield,Professional Services,1000+,Security Add-on,76.5,SQL,1,1
L001144,CU001144,2024-07-26,Display,Display,CMP_DIS_LON,London,Education,50-249,Remote Access,51.0,New,0,0
L001145,CU001145,2024-07-26,Direct,Direct,CMP_DIR_LEE,Leeds,Manufacturing,1-49,Security Add-on,69.1,SQL,1,1
L001146,CU001146,2024-07-26,Email,Email,CMP_EMA_SHE,Sheffield,Professional Services,50-249,Remote Support,21.2,SQL,1,1
L001147,CU001147,2024-07-26,Paid Search - Brand,Paid Search - Brand,CMP_PAI_GLA,Glasgow,Healthcare,1000+,Security Add-on,46.9,New,0,0
L001148,CU001148,2024-07-26,Paid Search - Brand,Paid Search - Brand,CMP_PAI_MAN,Manchester,Retail,50-249,Enterprise Connectivity,63.4,New,0,0
L001149,CU001149,2024-07-26,Email,Email,CMP_EMA_GLA,Glasgow,Professional Services,50-249,Security Add-on,68.3,SQL,1,1
L001150,CU001150,2024-07-27,LinkedIn,LinkedIn,CMP_LIN_BIR,Birmingham,Retail,1000+,Remote Access,77.4,MQL,1,0
L001151,CU001151,2024-07-27,Paid Search - Non-Brand,Paid Search - Non-Brand,CMP_PAI_MAN,Manchester,Manufacturing,250-999,Remote Access,63.9,New,0,0
L001152,CU001152,2024-07-27,Partner,Partner,CMP_PAR_MAN,Manchester,Education,1-49,Remote Support,50.4,MQL,1,0
L001153,CU001153,2024-07-27,Partner,Partner,CMP_PAR_MAN,Manchester,Retail,50-249,Remote Support,63.9,New,0,0
L001154,CU001154,2024-07-28,Email,Email,CMP_EMA_LON,London,Technology,250-999,Remote Support,69.9,SQL,1,1
L001155,CU001155,2024-07-28,Paid Search - Brand,Paid Search - Brand,CMP_PAI_BRI,Bristol,Retail,1-49,Remote Access,63.9,SQL,1,1
L001156,CU001156,2024-07-28,Paid Social,Paid Social,CMP_PAI_CAR,Cardiff,Manufacturing,1-49,Enterprise Connectivity,72.9,SQL,1,1
L001157,CU001157,2024-07-28,Paid Search - Non-Brand,Paid Search - Non-Brand,CMP_PAI_LON,London,Healthcare,1000+,Security Add-on,65.0,MQL,1,0
L001158,CU001158,2024-07-29,Events,Events,CMP_EVE_BIR,Birmingham,Technology,250-999,Security Add-on,85.9,SQL,1,1
L001159,CU001159,2024-07-29,Organic Search,Organic Search,CMP_ORG_LIV,Liverpool,Professional Services,50-249,Enterprise Connectivity,49.0,New,0,0
L001160,CU001160,2024-07-29,Paid Search - Non-Brand,Paid Search - Non-Brand,CMP_PAI_SHE,Sheffield,Professional Services,250-999,Remote Support,53.4,SQL,1,1
L001161,CU001161,2024-07-30,Email,Email,CMP_EMA_EDI,Edinburgh,Retail,1-49,Remote Access,52.2,New,0,0
L001162,CU001162,2024-07-30,Direct,Direct,CMP_DIR_LIV,Liverpool,Retail,1000+,Remote Support,68.0,New,0,0
L001163,CU001163,2024-07-30,Paid Search - Brand,Paid Search - Brand,CMP_PAI_LEE,Leeds,Manufacturing,50-249,Remote Access,51.4,New,0,0
L001164,CU001164,2024-07-30,Partner,Partner,CMP_PAR_LIV,Liverpool,Technology,250-999,Remote Access,63.7,MQL,1,0
L001165,CU001165,2024-07-30,Direct,Direct,CMP_DIR_LON,London,Education,50-249,Enterprise Connectivity,73.6,MQL,1,0
L001166,CU001166,2024-07-30,Display,Display,CMP_DIS_GLA,Glasgow,Professional Services,1-49,Remote Access,51.7,New,0,0
L001167,CU001167,2024-07-30,Paid Search - Non-Brand,Paid Search - Non-Brand,CMP_PAI_MAN,Manchester,Manufacturing,250-999,Security Add-on,78.7,SQL,1,1
L001168,CU001168,2024-07-30,Paid Search - Brand,Paid Search - Brand,CMP_PAI_SHE,Sheffield,Education,50-249,Enterprise Connectivity,69.7,New,0,0
L001169,CU001169,2024-07-31,Direct,Direct,CMP_DIR_MAN,Manchester,Manufacturing,50-249,Security Add-on,55.9,MQL,1,0
L001170,CU001170,2024-07-31,YouTube,YouTube,CMP_YOU_LON,London,Education,1000+,Enterprise Connectivity,71.4,MQL,1,0
L001171,CU001171,2024-07-31,Paid Social,Paid Social,CMP_PAI_CAR,Cardiff,Manufacturing,1-49,Enterprise Connectivity,43.6,MQL,1,0
L001172,CU001172,2024-07-31,Display,Display,CMP_DIS_BIR,Birmingham,Professional Services,50-249,Enterprise Connectivity,57.5,MQL,1,0
L001173,CU001173,2024-08-01,Paid Social,Paid Social,CMP_PAI_CAR,Cardiff,Technology,250-999,Security Add-on,71.3,MQL,1,0
L001174,CU001174,2024-08-01,Direct,Direct,CMP_DIR_LON,London,Retail,1-49,Remote Support,70.6,New,0,0
L001175,CU001175,2024-08-01,Paid Search - Brand,Paid Search - Brand,CMP_PAI_LEE,Leeds,Professional Services,1000+,Security Add-on,52.3,New,0,0
L001176,CU001176,2024-08-01,Paid Search - Non-Brand,Paid Search - Non-Brand,CMP_PAI_SHE,Sheffield,Technology,1-49,Security Add-on,84.0,MQL,1,0
L001177,CU001177,2024-08-01,Email,Email,CMP_EMA_CAR,Cardiff,Manufacturing,1-49,Security Add-on,70.4,New,0,0
L001178,CU001178,2024-08-01,Paid Search - Non-Brand,Paid Search - Non-Brand,CMP_PAI_LEE,Leeds,Manufacturing,250-999,Remote Support,66.2,New,0,0
L001179,CU001179,2024-08-02,Partner,Partner,CMP_PAR_CAR,Cardiff,Education,50-249,Security Add-on,57.9,New,0,0
L001180,CU001180,2024-08-02,Paid Search - Brand,Paid Search - Brand,CMP_PAI_LON,London,Professional Services,1-49,Enterprise Connectivity,63.8,MQL,1,0
L001181,CU001181,2024-08-02,Paid Social,Paid Social,CMP_PAI_LON,London,Healthcare,1-49,Security Add-on,40.3,New,0,0
L001182,CU001182,2024-08-02,LinkedIn,LinkedIn,CMP_LIN_BRI,Bristol,Retail,250-999,Remote Access,85.4,SQL,1,1
L001183,CU001183,2024-08-02,Paid Social,Paid Social,CMP_PAI_LON,London,Education,250-999,Remote Access,57.6,New,0,0
L001184,CU001184,2024-08-02,Paid Search - Brand,Paid Search - Brand,CMP_PAI_LEE,Leeds,Retail,1-49,Security Add-on,64.5,New,0,0
L001185,CU001185,2024-08-02,Paid Search - Non-Brand,Paid Search - Non-Brand,CMP_PAI_GLA,Glasgow,Professional Services,1-49,Enterprise Connectivity,67.9,MQL,1,0
L001186,CU001186,2024-08-03,Paid Search - Brand,Paid Search - Brand,CMP_PAI_LON,London,Technology,50-249,Remote Access,58.6,New,0,0
L001187,CU001187,2024-08-03,Paid Search - Brand,Paid Search - Brand,CMP_PAI_MAN,Manchester,Education,1-49,Security Add-on,71.2,New,0,0
L001188,CU001188,2024-08-03,Paid Search - Non-Brand,Paid Search - Non-Brand,CMP_PAI_EDI,Edinburgh,Manufacturing,50-249,Remote Support,49.9,MQL,1,0
L001189,CU001189,2024-08-04,Paid Search - Non-Brand,Paid Search - Non-Brand,CMP_PAI_MAN,Manchester,Education,1-49,Security Add-on,23.7,New,0,0
L001190,CU001190,2024-08-04,Partner,Partner,CMP_PAR_GLA,Glasgow,Retail,250-999,Security Add-on,78.5,SQL,1,1
L001191,CU001191,2024-08-04,Direct,Direct,CMP_DIR_SHE,Sheffield,Technology,1000+,Security Add-on,55.9,SQL,1,1
L001192,CU001192,2024-08-04,Email,Email,CMP_EMA_BIR,Birmingham,Professional Services,1000+,Remote Access,66.3,SQL,1,1
L001193,CU001193,2024-08-05,LinkedIn,LinkedIn,CMP_LIN_BIR,Birmingham,Healthcare,250-999,Remote Access,91.5,New,0,0
L001194,CU001194,2024-08-05,Paid Search - Non-Brand,Paid Search - Non-Brand,CMP_PAI_SHE,Sheffield,Technology,50-249,Remote Access,56.2,New,0,0
L001195,CU001195,2024-08-05,Paid Search - Non-Brand,Paid Search - Non-Brand,CMP_PAI_BRI,Bristol,Education,50-249,Security Add-on,57.3,New,0,0
L001196,CU001196,2024-08-05,Paid Social,Paid Social,CMP_PAI_MAN,Manchester,Manufacturing,50-249,Remote Access,68.3,MQL,1,0
L001197,CU001197,2024-08-06,Paid Social,Paid Social,CMP_PAI_LEE,Leeds,Education,50-249,Remote Access,55.5,New,0,0
L001198,CU001198,2024-08-06,Partner,Partner,CMP_PAR_LON,London,Education,1-49,Remote Support,52.9,SQL,1,1
L001199,CU001199,2024-08-06,Organic Search,Organic Search,CMP_ORG_BIR,Birmingham,Healthcare,1000+,Enterprise Connectivity,58.6,New,0,0
L001200,CU001200,2024-08-06,Paid Social,Paid Social,CMP_PAI_LEE,Leeds,Healthcare,50-249,Security Add-on,68.6,New,0,0
L001201,CU001201,2024-08-06,Paid Search - Non-Brand,Paid Search - Non-Brand,CMP_PAI_LIV,Liverpool,Professional Services,250-999,Security Add-on,86.3,SQL,1,1
L001202,CU001202,2024-08-06,Direct,Direct,CMP_DIR_LON,London,Professional Services,1000+,Enterprise Connectivity,50.4,MQL,1,0
L001203,CU001203,2024-08-06,Paid Search - Non-Brand,Paid Search - Non-Brand,CMP_PAI_BRI,Bristol,Professional Services,50-249,Remote Support,41.3,New,0,0
L001204,CU001204,2024-08-06,Paid Search - Brand,Paid Search - Brand,CMP_PAI_BRI,Bristol,Technology,1000+,Security Add-on,59.9,New,0,0
L001205,CU001205,2024-08-07,Paid Search - Brand,Paid Search - Brand,CMP_PAI_MAN,Manchester,Retail,50-249,Remote Access,52.5,MQL,1,0
L001206,CU001206,2024-08-07,Partner,Partner,CMP_PAR_GLA,Glasgow,Professional Services,1000+,Remote Access,83.6,MQL,1,0
L001207,CU001207,2024-08-08,Paid Search - Brand,Paid Search - Brand,CMP_PAI_BRI,Bristol,Healthcare,50-249,Remote Access,61.1,New,0,0
L001208,CU001208,2024-08-08,Paid Search - Brand,Paid Search - Brand,CMP_PAI_LEE,Leeds,Retail,1000+,Remote Access,64.8,New,0,0
L001209,CU001209,2024-08-08,Paid Social,Paid Social,CMP_PAI_GLA,Glasgow,Professional Services,50-249,Security Add-on,44.8,New,0,0
L001210,CU001210,2024-08-08,Direct,Direct,CMP_DIR_BIR,Birmingham,Education,1000+,Enterprise Connectivity,68.5,New,0,0
L001211,CU001211,2024-08-08,YouTube,YouTube,CMP_YOU_MAN,Manchester,Education,1-49,Remote Access,50.9,SQL,1,1
L001212,CU001212,2024-08-09,Paid Search - Brand,Paid Search - Brand,CMP_PAI_SHE,Sheffield,Professional Services,50-249,Enterprise Connectivity,54.8,SQL,1,1
L001213,CU001213,2024-08-09,Email,Email,CMP_EMA_LON,London,Manufacturing,250-999,Remote Access,83.6,New,0,0
L001214,CU001214,2024-08-09,Paid Search - Brand,Paid Search - Brand,CMP_PAI_LIV,Liverpool,Education,1000+,Enterprise Connectivity,59.5,MQL,1,0
L001215,CU001215,2024-08-10,Organic Search,Organic Search,CMP_ORG_BRI,Bristol,Retail,250-999,Enterprise Connectivity,63.3,SQL,1,1
L001216,CU001216,2024-08-10,Paid Search - Non-Brand,Paid Search - Non-Brand,CMP_PAI_SHE,Sheffield,Healthcare,250-999,Enterprise Connectivity,60.3,New,0,0
L001217,CU001217,2024-08-10,LinkedIn,LinkedIn,CMP_LIN_CAR,Cardiff,Professional Services,250-999,Enterprise Connectivity,87.8,SQL,1,1
L001218,CU001218,2024-08-10,Paid Search - Non-Brand,Paid Search - Non-Brand,CMP_PAI_LEE,Leeds,Healthcare,1000+,Security Add-on,58.8,New,0,0
L001219,CU001219,2024-08-10,Email,Email,CMP_EMA_LEE,Leeds,Professional Services,1-49,Remote Support,84.5,MQL,1,0
L001220,CU001220,2024-08-11,Organic Search,Organic Search,CMP_ORG_SHE,Sheffield,Professional Services,50-249,Remote Support,74.6,New,0,0
L001221,CU001221,2024-08-11,Direct,Direct,CMP_DIR_LEE,Leeds,Retail,1000+,Enterprise Connectivity,68.0,New,0,0
L001222,CU001222,2024-08-11,Organic Search,Organic Search,CMP_ORG_LIV,Liverpool,Education,50-249,Remote Access,50.8,MQL,1,0
L001223,CU001223,2024-08-11,Paid Social,Paid Social,CMP_PAI_BIR,Birmingham,Manufacturing,1-49,Security Add-on,70.6,New,0,0
L001224,CU001224,2024-08-12,Paid Search - Brand,Paid Search - Brand,CMP_PAI_LIV,Liverpool,Education,250-999,Security Add-on,69.9,New,0,0
L001225,CU001225,2024-08-12,Display,Display,CMP_DIS_LIV,Liverpool,Manufacturing,250-999,Security Add-on,76.5,MQL,1,0
L001226,CU001226,2024-08-12,LinkedIn,LinkedIn,CMP_LIN_BIR,Birmingham,Manufacturing,50-249,Enterprise Connectivity,68.3,MQL,1,0
L001227,CU001227,2024-08-12,Paid Social,Paid Social,CMP_PAI_LIV,Liverpool,Professional Services,250-999,Enterprise Connectivity,49.3,New,0,0
L001228,CU001228,2024-08-13,Email,Email,CMP_EMA_BRI,Bristol,Healthcare,250-999,Remote Support,58.9,New,0,0
L001229,CU001229,2024-08-13,Organic Search,Organic Search,CMP_ORG_BIR,Birmingham,Healthcare,50-249,Security Add-on,56.1,New,0,0
L001230,CU001230,2024-08-13,Paid Search - Brand,Paid Search - Brand,CMP_PAI_LEE,Leeds,Healthcare,1000+,Remote Access,88.8,MQL,1,0
L001231,CU001231,2024-08-14,Paid Social,Paid Social,CMP_PAI_CAR,Cardiff,Manufacturing,50-249,Remote Access,50.5,New,0,0
L001232,CU001232,2024-08-14,Paid Search - Brand,Paid Search - Brand,CMP_PAI_BRI,Bristol,Healthcare,50-249,Security Add-on,54.3,MQL,1,0
L001233,CU001233,2024-08-14,Paid Search - Non-Brand,Paid Search - Non-Brand,CMP_PAI_LIV,Liverpool,Professional Services,250-999,Enterprise Connectivity,75.2,New,0,0
L001234,CU001234,2024-08-14,Paid Social,Paid Social,CMP_PAI_BRI,Bristol,Manufacturing,50-249,Remote Support,58.0,New,0,0
L001235,CU001235,2024-08-14,Email,Email,CMP_EMA_LON,London,Retail,50-249,Remote Support,43.8,MQL,1,0
L001236,CU001236,2024-08-14,YouTube,YouTube,CMP_YOU_BIR,Birmingham,Education,1000+,Enterprise Connectivity,66.2,SQL,1,1
L001237,CU001237,2024-08-14,Paid Search - Non-Brand,Paid Search - Non-Brand,CMP_PAI_BIR,Birmingham,Professional Services,250-999,Enterprise Connectivity,64.9,SQL,1,1
L001238,CU001238,2024-08-14,Paid Search - Non-Brand,Paid Search - Non-Brand,CMP_PAI_BIR,Birmingham,Manufacturing,50-249,Enterprise Connectivity,63.1,MQL,1,0
L001239,CU001239,2024-08-15,Organic Search,Organic Search,CMP_ORG_EDI,Edinburgh,Healthcare,1000+,Remote Support,69.3,MQL,1,0
L001240,CU001240,2024-08-15,Paid Search - Brand,Paid Search - Brand,CMP_PAI_MAN,Manchester,Retail,1-49,Enterprise Connectivity,59.2,New,0,0
L001241,CU001241,2024-08-15,Direct,Direct,CMP_DIR_BIR,Birmingham,Education,1000+,Security Add-on,75.9,MQL,1,0
L001242,CU001242,2024-08-15,Paid Search - Brand,Paid Search - Brand,CMP_PAI_CAR,Cardiff,Professional Services,1-49,Security Add-on,71.2,SQL,1,1
L001243,CU001243,2024-08-15,Email,Email,CMP_EMA_BRI,Bristol,Healthcare,1-49,Remote Support,62.0,SQL,1,1
L001244,CU001244,2024-08-15,LinkedIn,LinkedIn,CMP_LIN_BIR,Birmingham,Technology,50-249,Enterprise Connectivity,79.0,MQL,1,0
L001245,CU001245,2024-08-15,Email,Email,CMP_EMA_BIR,Birmingham,Healthcare,50-249,Remote Support,66.5,SQL,1,1
L001246,CU001246,2024-08-15,Display,Display,CMP_DIS_LON,London,Retail,250-999,Enterprise Connectivity,73.3,New,0,0
L001247,CU001247,2024-08-16,Email,Email,CMP_EMA_MAN,Manchester,Education,250-999,Security Add-on,53.5,New,0,0
L001248,CU001248,2024-08-16,Email,Email,CMP_EMA_LEE,Leeds,Healthcare,1-49,Remote Access,79.4,New,0,0
L001249,CU001249,2024-08-16,Paid Social,Paid Social,CMP_PAI_LON,London,Professional Services,50-249,Remote Support,48.9,New,0,0
L001250,CU001250,2024-08-16,Paid Search - Brand,Paid Search - Brand,CMP_PAI_GLA,Glasgow,Technology,50-249,Enterprise Connectivity,77.2,New,0,0
L001251,CU001251,2024-08-16,Organic Search,Organic Search,CMP_ORG_LON,London,Professional Services,1000+,Security Add-on,57.5,New,0,0
L001252,CU001252,2024-08-16,Display,Display,CMP_DIS_MAN,Manchester,Technology,1000+,Security Add-on,47.2,New,0,0
L001253,CU001253,2024-08-16,Paid Search - Brand,Paid Search - Brand,CMP_PAI_BIR,Birmingham,Technology,50-249,Remote Access,67.6,SQL,1,1
L001254,CU001254,2024-08-16,Paid Search - Brand,Paid Search - Brand,CMP_PAI_BIR,Birmingham,Education,50-249,Enterprise Connectivity,82.1,New,0,0
L001255,CU001255,2024-08-17,Events,Events,CMP_EVE_LIV,Liverpool,Manufacturing,250-999,Enterprise Connectivity,80.9,New,0,0
L001256,CU001256,2024-08-17,Paid Search - Brand,Paid Search - Brand,CMP_PAI_LEE,Leeds,Retail,1000+,Remote Access,51.3,MQL,1,0
L001257,CU001257,2024-08-17,Email,Email,CMP_EMA_LON,London,Healthcare,50-249,Enterprise Connectivity,65.3,New,0,0
L001258,CU001258,2024-08-17,Paid Search - Non-Brand,Paid Search - Non-Brand,CMP_PAI_SHE,Sheffield,Healthcare,50-249,Security Add-on,73.2,New,0,0
L001259,CU001259,2024-08-17,Partner,Partner,CMP_PAR_LON,London,Healthcare,50-249,Remote Access,60.0,New,0,0
L001260,CU001260,2024-08-17,Direct,Direct,CMP_DIR_LEE,Leeds,Manufacturing,1000+,Security Add-on,68.7,New,0,0
L001261,CU001261,2024-08-18,Direct,Direct,CMP_DIR_BRI,Bristol,Retail,250-999,Remote Access,29.7,SQL,1,1
L001262,CU001262,2024-08-18,Paid Social,Paid Social,CMP_PAI_SHE,Sheffield,Retail,1-49,Remote Support,37.2,New,0,0
L001263,CU001263,2024-08-18,Partner,Partner,CMP_PAR_LON,London,Technology,1000+,Remote Support,61.2,New,0,0
L001264,CU001264,2024-08-18,Paid Search - Brand,Paid Search - Brand,CMP_PAI_EDI,Edinburgh,Manufacturing,50-249,Remote Support,45.9,MQL,1,0
L001265,CU001265,2024-08-19,Direct,Direct,CMP_DIR_LON,London,Professional Services,1000+,Remote Support,60.1,MQL,1,0
L001266,CU001266,2024-08-19,YouTube,YouTube,CMP_YOU_SHE,Sheffield,Retail,1-49,Security Add-on,69.0,New,0,0
L001267,CU001267,2024-08-19,Paid Social,Paid Social,CMP_PAI_BIR,Birmingham,Retail,50-249,Security Add-on,50.5,New,0,0
L001268,CU001268,2024-08-19,Email,Email,CMP_EMA_GLA,Glasgow,Professional Services,1-49,Enterprise Connectivity,71.8,SQL,1,1
L001269,CU001269,2024-08-19,Paid Search - Non-Brand,Paid Search - Non-Brand,CMP_PAI_LEE,Leeds,Manufacturing,1-49,Remote Support,66.6,New,0,0
L001270,CU001270,2024-08-19,Paid Search - Brand,Paid Search - Brand,CMP_PAI_BIR,Birmingham,Healthcare,50-249,Enterprise Connectivity,60.8,MQL,1,0
L001271,CU001271,2024-08-19,Paid Search - Non-Brand,Paid Search - Non-Brand,CMP_PAI_CAR,Cardiff,Professional Services,1-49,Security Add-on,81.2,SQL,1,1
L001272,CU001272,2024-08-19,LinkedIn,LinkedIn,CMP_LIN_SHE,Sheffield,Education,250-999,Security Add-on,56.4,SQL,1,1
L001273,CU001273,2024-08-20,Paid Search - Brand,Paid Search - Brand,CMP_PAI_MAN,Manchester,Manufacturing,250-999,Security Add-on,61.4,MQL,1,0
L001274,CU001274,2024-08-20,Direct,Direct,CMP_DIR_MAN,Manchester,Education,250-999,Remote Access,79.8,New,0,0
L001275,CU001275,2024-08-20,Email,Email,CMP_EMA_EDI,Edinburgh,Technology,1000+,Remote Access,62.5,New,0,0
L001276,CU001276,2024-08-21,Events,Events,CMP_EVE_LON,London,Professional Services,1000+,Remote Support,50.7,SQL,1,1
L001277,CU001277,2024-08-21,Direct,Direct,CMP_DIR_LEE,Leeds,Healthcare,50-249,Enterprise Connectivity,44.6,SQL,1,1
L001278,CU001278,2024-08-21,LinkedIn,LinkedIn,CMP_LIN_CAR,Cardiff,Professional Services,250-999,Enterprise Connectivity,78.1,MQL,1,0
L001279,CU001279,2024-08-21,Paid Search - Brand,Paid Search - Brand,CMP_PAI_LEE,Leeds,Professional Services,50-249,Enterprise Connectivity,61.0,New,0,0
L001280,CU001280,2024-08-22,Paid Search - Non-Brand,Paid Search - Non-Brand,CMP_PAI_EDI,Edinburgh,Education,250-999,Security Add-on,40.2,New,0,0
L001281,CU001281,2024-08-22,Email,Email,CMP_EMA_LON,London,Education,1-49,Remote Access,61.7,New,0,0
L001282,CU001282,2024-08-22,Direct,Direct,CMP_DIR_LON,London,Healthcare,50-249,Security Add-on,74.4,New,0,0
L001283,CU001283,2024-08-22,Direct,Direct,CMP_DIR_EDI,Edinburgh,Healthcare,50-249,Remote Access,60.0,New,0,0
L001284,CU001284,2024-08-22,Organic Search,Organic Search,CMP_ORG_BIR,Birmingham,Education,250-999,Remote Support,60.1,New,0,0
L001285,CU001285,2024-08-22,Paid Search - Brand,Paid Search - Brand,CMP_PAI_EDI,Edinburgh,Professional Services,1-49,Security Add-on,57.7,New,0,0
L001286,CU001286,2024-08-23,Paid Search - Brand,Paid Search - Brand,CMP_PAI_SHE,Sheffield,Technology,250-999,Enterprise Connectivity,70.6,New,0,0
L001287,CU001287,2024-08-23,LinkedIn,LinkedIn,CMP_LIN_SHE,Sheffield,Healthcare,1000+,Remote Access,70.1,SQL,1,1
L001288,CU001288,2024-08-23,Events,Events,CMP_EVE_GLA,Glasgow,Manufacturing,50-249,Security Add-on,52.8,New,0,0
L001289,CU001289,2024-08-23,Paid Search - Non-Brand,Paid Search - Non-Brand,CMP_PAI_EDI,Edinburgh,Education,1000+,Remote Support,82.6,MQL,1,0
L001290,CU001290,2024-08-23,LinkedIn,LinkedIn,CMP_LIN_SHE,Sheffield,Education,1000+,Enterprise Connectivity,71.3,New,0,0
L001291,CU001291,2024-08-23,Paid Social,Paid Social,CMP_PAI_EDI,Edinburgh,Retail,250-999,Security Add-on,61.3,MQL,1,0
L001292,CU001292,2024-08-23,Events,Events,CMP_EVE_BRI,Bristol,Education,250-999,Remote Access,47.4,SQL,1,1
L001293,CU001293,2024-08-24,LinkedIn,LinkedIn,CMP_LIN_BIR,Birmingham,Manufacturing,250-999,Remote Access,69.7,SQL,1,1
L001294,CU001294,2024-08-24,Direct,Direct,CMP_DIR_BRI,Bristol,Retail,50-249,Remote Access,75.4,SQL,1,1
L001295,CU001295,2024-08-24,Organic Search,Organic Search,CMP_ORG_LON,London,Healthcare,1000+,Enterprise Connectivity,72.4,SQL,1,1
L001296,CU001296,2024-08-24,Partner,Partner,CMP_PAR_CAR,Cardiff,Healthcare,50-249,Remote Access,66.5,SQL,1,1
L001297,CU001297,2024-08-24,LinkedIn,LinkedIn,CMP_LIN_BIR,Birmingham,Retail,1000+,Security Add-on,77.2,SQL,1,1
L001298,CU001298,2024-08-24,Paid Search - Non-Brand,Paid Search - Non-Brand,CMP_PAI_LON,London,Professional Services,50-249,Remote Access,83.5,New,0,0
L001299,CU001299,2024-08-25,Paid Search - Non-Brand,Paid Search - Non-Brand,CMP_PAI_MAN,Manchester,Retail,1-49,Remote Support,74.5,New,0,0
L001300,CU001300,2024-08-25,Email,Email,CMP_EMA_LON,London,Retail,1000+,Enterprise Connectivity,48.1,New,0,0
L001301,CU001301,2024-08-25,Paid Search - Non-Brand,Paid Search - Non-Brand,CMP_PAI_GLA,Glasgow,Retail,1-49,Remote Support,71.4,New,0,0
L001302,CU001302,2024-08-25,Direct,Direct,CMP_DIR_BIR,Birmingham,Manufacturing,250-999,Enterprise Connectivity,69.3,New,0,0
L001303,CU001303,2024-08-25,Organic Search,Organic Search,CMP_ORG_LON,London,Retail,1-49,Remote Access,56.3,New,0,0
L001304,CU001304,2024-08-26,Organic Search,Organic Search,CMP_ORG_LON,London,Healthcare,1-49,Remote Access,63.5,MQL,1,0
L001305,CU001305,2024-08-26,YouTube,YouTube,CMP_YOU_SHE,Sheffield,Technology,50-249,Remote Access,63.5,MQL,1,0
L001306,CU001306,2024-08-26,Email,Email,CMP_EMA_MAN,Manchester,Manufacturing,1-49,Remote Access,78.9,SQL,1,1
L001307,CU001307,2024-08-26,Direct,Direct,CMP_DIR_BRI,Bristol,Technology,250-999,Enterprise Connectivity,47.7,New,0,0
L001308,CU001308,2024-08-26,Events,Events,CMP_EVE_MAN,Manchester,Technology,1-49,Remote Access,55.8,New,0,0
L001309,CU001309,2024-08-26,Paid Search - Brand,Paid Search - Brand,CMP_PAI_MAN,Manchester,Technology,1-49,Security Add-on,66.2,New,0,0
L001310,CU001310,2024-08-26,Events,Events,CMP_EVE_BIR,Birmingham,Education,250-999,Security Add-on,50.9,New,0,0
L001311,CU001311,2024-08-26,Email,Email,CMP_EMA_SHE,Sheffield,Retail,50-249,Enterprise Connectivity,52.5,SQL,1,1
L001312,CU001312,2024-08-26,Organic Search,Organic Search,CMP_ORG_CAR,Cardiff,Professional Services,1-49,Remote Support,74.7,New,0,0
L001313,CU001313,2024-08-26,LinkedIn,LinkedIn,CMP_LIN_LIV,Liverpool,Retail,250-999,Remote Support,69.5,SQL,1,1
L001314,CU001314,2024-08-26,YouTube,YouTube,CMP_YOU_BIR,Birmingham,Education,1-49,Security Add-on,67.1,SQL,1,1
L001315,CU001315,2024-08-27,Paid Search - Brand,Paid Search - Brand,CMP_PAI_GLA,Glasgow,Retail,50-249,Remote Support,39.6,New,0,0
L001316,CU001316,2024-08-27,Paid Search - Brand,Paid Search - Brand,CMP_PAI_BIR,Birmingham,Professional Services,1000+,Security Add-on,63.2,MQL,1,0
L001317,CU001317,2024-08-27,Paid Search - Non-Brand,Paid Search - Non-Brand,CMP_PAI_BIR,Birmingham,Manufacturing,1000+,Security Add-on,63.3,MQL,1,0
L001318,CU001318,2024-08-28,Events,Events,CMP_EVE_CAR,Cardiff,Manufacturing,50-249,Enterprise Connectivity,85.7,MQL,1,0
L001319,CU001319,2024-08-28,LinkedIn,LinkedIn,CMP_LIN_BIR,Birmingham,Healthcare,1-49,Remote Access,79.6,SQL,1,1
L001320,CU001320,2024-08-28,Paid Search - Non-Brand,Paid Search - Non-Brand,CMP_PAI_BIR,Birmingham,Retail,50-249,Remote Support,71.1,New,0,0
L001321,CU001321,2024-08-28,Partner,Partner,CMP_PAR_GLA,Glasgow,Manufacturing,250-999,Security Add-on,46.8,New,0,0
L001322,CU001322,2024-08-28,YouTube,YouTube,CMP_YOU_LEE,Leeds,Professional Services,1000+,Enterprise Connectivity,87.3,SQL,1,1
L001323,CU001323,2024-08-29,Display,Display,CMP_DIS_SHE,Sheffield,Education,250-999,Remote Access,50.4,New,0,0
L001324,CU001324,2024-08-29,Paid Social,Paid Social,CMP_PAI_LON,London,Technology,50-249,Remote Support,52.3,New,0,0
L001325,CU001325,2024-08-29,Organic Search,Organic Search,CMP_ORG_LON,London,Retail,250-999,Remote Access,78.8,New,0,0
L001326,CU001326,2024-08-29,Partner,Partner,CMP_PAR_LON,London,Healthcare,1-49,Remote Support,60.8,New,0,0
L001327,CU001327,2024-08-29,Events,Events,CMP_EVE_LON,London,Technology,1000+,Enterprise Connectivity,53.3,New,0,0
L001328,CU001328,2024-08-30,Email,Email,CMP_EMA_CAR,Cardiff,Healthcare,50-249,Remote Support,53.8,New,0,0
L001329,CU001329,2024-08-30,Paid Social,Paid Social,CMP_PAI_BIR,Birmingham,Technology,250-999,Remote Support,71.1,New,0,0
L001330,CU001330,2024-08-30,Email,Email,CMP_EMA_MAN,Manchester,Manufacturing,1-49,Enterprise Connectivity,78.1,New,0,0
L001331,CU001331,2024-08-30,Paid Search - Brand,Paid Search - Brand,CMP_PAI_SHE,Sheffield,Professional Services,50-249,Remote Support,100.0,MQL,1,0
L001332,CU001332,2024-08-30,Paid Search - Non-Brand,Paid Search - Non-Brand,CMP_PAI_EDI,Edinburgh,Healthcare,1-49,Enterprise Connectivity,68.5,New,0,0
L001333,CU001333,2024-08-30,Events,Events,CMP_EVE_BIR,Birmingham,Education,50-249,Enterprise Connectivity,47.2,SQL,1,1
L001334,CU001334,2024-08-31,Paid Search - Non-Brand,Paid Search - Non-Brand,CMP_PAI_BIR,Birmingham,Education,50-249,Security Add-on,64.9,New,0,0
L001335,CU001335,2024-08-31,Paid Social,Paid Social,CMP_PAI_BIR,Birmingham,Manufacturing,1-49,Security Add-on,45.7,New,0,0
L001336,CU001336,2024-08-31,Email,Email,CMP_EMA_BRI,Bristol,Healthcare,1-49,Security Add-on,42.8,MQL,1,0
L001337,CU001337,2024-08-31,Partner,Partner,CMP_PAR_LON,London,Professional Services,50-249,Remote Support,60.8,New,0,0
L001338,CU001338,2024-08-31,Paid Search - Non-Brand,Paid Search - Non-Brand,CMP_PAI_BIR,Birmingham,Professional Services,50-249,Remote Access,72.5,MQL,1,0
L001339,CU001339,2024-08-31,Email,Email,CMP_EMA_LIV,Liverpool,Education,50-249,Security Add-on,58.6,New,0,0
L001340,CU001340,2024-08-31,Paid Search - Brand,Paid Search - Brand,CMP_PAI_MAN,Manchester,Technology,250-999,Remote Access,76.7,New,0,0
L001341,CU001341,2024-09-01,Email,Email,CMP_EMA_LEE,Leeds,Education,1000+,Remote Support,56.5,New,0,0
L001342,CU001342,2024-09-01,Paid Search - Non-Brand,Paid Search - Non-Brand,CMP_PAI_LON,London,Professional Services,50-249,Security Add-on,52.3,New,0,0
L001343,CU001343,2024-09-01,Events,Events,CMP_EVE_LON,London,Professional Services,250-999,Enterprise Connectivity,70.7,New,0,0
L001344,CU001344,2024-09-01,Paid Social,Paid Social,CMP_PAI_LON,London,Professional Services,250-999,Enterprise Connectivity,41.7,New,0,0
L001345,CU001345,2024-09-02,Partner,Partner,CMP_PAR_EDI,Edinburgh,Healthcare,250-999,Remote Access,43.8,New,0,0
L001346,CU001346,2024-09-02,Partner,Partner,CMP_PAR_LON,London,Retail,250-999,Security Add-on,60.4,New,0,0
L001347,CU001347,2024-09-02,Paid Search - Brand,Paid Search - Brand,CMP_PAI_BIR,Birmingham,Education,1-49,Enterprise Connectivity,66.0,New,0,0
L001348,CU001348,2024-09-02,Direct,Direct,CMP_DIR_LON,London,Retail,50-249,Enterprise Connectivity,100.0,MQL,1,0
L001349,CU001349,2024-09-02,Organic Search,Organic Search,CMP_ORG_LIV,Liverpool,Healthcare,1000+,Enterprise Connectivity,63.1,New,0,0
L001350,CU001350,2024-09-02,Organic Search,Organic Search,CMP_ORG_BIR,Birmingham,Retail,50-249,Remote Support,79.6,New,0,0
L001351,CU001351,2024-09-03,Paid Search - Non-Brand,Paid Search - Non-Brand,CMP_PAI_LEE,Leeds,Education,50-249,Security Add-on,57.4,New,0,0
L001352,CU001352,2024-09-03,Organic Search,Organic Search,CMP_ORG_EDI,Edinburgh,Retail,250-999,Remote Support,79.1,SQL,1,1
L001353,CU001353,2024-09-03,Paid Search - Brand,Paid Search - Brand,CMP_PAI_LON,London,Healthcare,250-999,Security Add-on,69.5,SQL,1,1
L001354,CU001354,2024-09-04,Direct,Direct,CMP_DIR_EDI,Edinburgh,Education,1000+,Security Add-on,70.5,MQL,1,0
L001355,CU001355,2024-09-04,Direct,Direct,CMP_DIR_EDI,Edinburgh,Retail,250-999,Enterprise Connectivity,52.1,MQL,1,0
L001356,CU001356,2024-09-04,YouTube,YouTube,CMP_YOU_SHE,Sheffield,Professional Services,1-49,Remote Support,42.0,New,0,0
L001357,CU001357,2024-09-04,Paid Search - Brand,Paid Search - Brand,CMP_PAI_EDI,Edinburgh,Education,1000+,Enterprise Connectivity,60.3,New,0,0
L001358,CU001358,2024-09-05,Organic Search,Organic Search,CMP_ORG_LON,London,Professional Services,250-999,Security Add-on,62.6,New,0,0
L001359,CU001359,2024-09-05,LinkedIn,LinkedIn,CMP_LIN_GLA,Glasgow,Retail,250-999,Remote Access,90.7,New,0,0
L001360,CU001360,2024-09-05,LinkedIn,LinkedIn,CMP_LIN_BRI,Bristol,Education,250-999,Remote Access,71.8,SQL,1,1
L001361,CU001361,2024-09-05,Paid Search - Non-Brand,Paid Search - Non-Brand,CMP_PAI_BRI,Bristol,Education,50-249,Security Add-on,59.3,MQL,1,0
L001362,CU001362,2024-09-05,Paid Search - Brand,Paid Search - Brand,CMP_PAI_EDI,Edinburgh,Education,50-249,Enterprise Connectivity,68.5,New,0,0
L001363,CU001363,2024-09-05,Paid Search - Brand,Paid Search - Brand,CMP_PAI_MAN,Manchester,Healthcare,50-249,Remote Support,77.4,New,0,0
L001364,CU001364,2024-09-06,Paid Search - Non-Brand,Paid Search - Non-Brand,CMP_PAI_LIV,Liverpool,Manufacturing,1-49,Enterprise Connectivity,72.9,New,0,0
L001365,CU001365,2024-09-06,Organic Search,Organic Search,CMP_ORG_BRI,Bristol,Education,1-49,Security Add-on,72.5,New,0,0
L001366,CU001366,2024-09-06,Email,Email,CMP_EMA_BIR,Birmingham,Retail,1000+,Remote Access,79.6,SQL,1,1
L001367,CU001367,2024-09-06,Paid Search - Brand,Paid Search - Brand,CMP_PAI_CAR,Cardiff,Technology,1-49,Security Add-on,65.4,New,0,0
L001368,CU001368,2024-09-07,Direct,Direct,CMP_DIR_MAN,Manchester,Retail,250-999,Security Add-on,45.8,New,0,0
L001369,CU001369,2024-09-07,Partner,Partner,CMP_PAR_LIV,Liverpool,Technology,1000+,Remote Access,91.1,MQL,1,0
L001370,CU001370,2024-09-07,Direct,Direct,CMP_DIR_LON,London,Education,1-49,Enterprise Connectivity,56.4,SQL,1,1
L001371,CU001371,2024-09-07,Paid Search - Brand,Paid Search - Brand,CMP_PAI_CAR,Cardiff,Manufacturing,50-249,Security Add-on,55.8,MQL,1,0
L001372,CU001372,2024-09-07,Paid Social,Paid Social,CMP_PAI_EDI,Edinburgh,Technology,1-49,Enterprise Connectivity,67.5,New,0,0
L001373,CU001373,2024-09-07,Paid Search - Brand,Paid Search - Brand,CMP_PAI_LIV,Liverpool,Education,1000+,Enterprise Connectivity,89.4,New,0,0
L001374,CU001374,2024-09-08,LinkedIn,LinkedIn,CMP_LIN_BIR,Birmingham,Retail,50-249,Enterprise Connectivity,73.2,New,0,0
L001375,CU001375,2024-09-08,Paid Social,Paid Social,CMP_PAI_LIV,Liverpool,Professional Services,1-49,Enterprise Connectivity,60.5,SQL,1,1
L001376,CU001376,2024-09-08,Paid Social,Paid Social,CMP_PAI_CAR,Cardiff,Professional Services,50-249,Enterprise Connectivity,38.9,New,0,0
L001377,CU001377,2024-09-08,Paid Social,Paid Social,CMP_PAI_LON,London,Professional Services,50-249,Enterprise Connectivity,62.8,New,0,0
L001378,CU001378,2024-09-09,Events,Events,CMP_EVE_EDI,Edinburgh,Education,50-249,Remote Support,69.9,MQL,1,0
L001379,CU001379,2024-09-09,Paid Search - Brand,Paid Search - Brand,CMP_PAI_LIV,Liverpool,Technology,50-249,Security Add-on,51.8,New,0,0
L001380,CU001380,2024-09-09,Organic Search,Organic Search,CMP_ORG_BRI,Bristol,Technology,50-249,Enterprise Connectivity,92.6,New,0,0
L001381,CU001381,2024-09-09,Events,Events,CMP_EVE_GLA,Glasgow,Manufacturing,250-999,Enterprise Connectivity,73.1,New,0,0
L001382,CU001382,2024-09-09,Events,Events,CMP_EVE_CAR,Cardiff,Healthcare,1000+,Security Add-on,45.3,New,0,0
L001383,CU001383,2024-09-09,Paid Search - Brand,Paid Search - Brand,CMP_PAI_EDI,Edinburgh,Education,250-999,Remote Access,69.9,SQL,1,1
L001384,CU001384,2024-09-09,Events,Events,CMP_EVE_MAN,Manchester,Retail,250-999,Security Add-on,81.0,SQL,1,1
L001385,CU001385,2024-09-09,Paid Search - Brand,Paid Search - Brand,CMP_PAI_LON,London,Technology,50-249,Remote Support,62.1,SQL,1,1
L001386,CU001386,2024-09-09,Events,Events,CMP_EVE_LON,London,Healthcare,1000+,Enterprise Connectivity,66.1,SQL,1,1
L001387,CU001387,2024-09-09,Paid Search - Brand,Paid Search - Brand,CMP_PAI_BIR,Birmingham,Professional Services,50-249,Enterprise Connectivity,48.3,SQL,1,1
L001388,CU001388,2024-09-09,YouTube,YouTube,CMP_YOU_MAN,Manchester,Retail,250-999,Security Add-on,77.2,SQL,1,1
L001389,CU001389,2024-09-10,Paid Search - Brand,Paid Search - Brand,CMP_PAI_MAN,Manchester,Manufacturing,250-999,Security Add-on,60.1,MQL,1,0
L001390,CU001390,2024-09-10,Paid Search - Brand,Paid Search - Brand,CMP_PAI_BIR,Birmingham,Healthcare,50-249,Security Add-on,74.5,New,0,0
L001391,CU001391,2024-09-10,LinkedIn,LinkedIn,CMP_LIN_CAR,Cardiff,Education,1000+,Remote Support,86.3,MQL,1,0
L001392,CU001392,2024-09-10,Paid Search - Non-Brand,Paid Search - Non-Brand,CMP_PAI_LEE,Leeds,Retail,1000+,Remote Access,47.4,SQL,1,1
L001393,CU001393,2024-09-10,Paid Search - Non-Brand,Paid Search - Non-Brand,CMP_PAI_BRI,Bristol,Manufacturing,50-249,Remote Support,58.0,New,0,0
L001394,CU001394,2024-09-11,Organic Search,Organic Search,CMP_ORG_LON,London,Retail,50-249,Enterprise Connectivity,80.8,New,0,0
L001395,CU001395,2024-09-11,Organic Search,Organic Search,CMP_ORG_LON,London,Education,50-249,Enterprise Connectivity,67.3,New,0,0
L001396,CU001396,2024-09-11,Events,Events,CMP_EVE_LON,London,Retail,50-249,Remote Access,67.6,MQL,1,0
L001397,CU001397,2024-09-11,Direct,Direct,CMP_DIR_CAR,Cardiff,Education,1000+,Enterprise Connectivity,68.0,New,0,0
L001398,CU001398,2024-09-11,Direct,Direct,CMP_DIR_EDI,Edinburgh,Retail,250-999,Security Add-on,68.4,SQL,1,1
L001399,CU001399,2024-09-11,Organic Search,Organic Search,CMP_ORG_MAN,Manchester,Professional Services,250-999,Enterprise Connectivity,76.7,SQL,1,1
L001400,CU001400,2024-09-11,Paid Search - Brand,Paid Search - Brand,CMP_PAI_MAN,Manchester,Retail,250-999,Remote Support,79.1,New,0,0
L001401,CU001401,2024-09-11,Paid Search - Brand,Paid Search - Brand,CMP_PAI_LON,London,Technology,50-249,Remote Access,77.4,New,0,0
L001402,CU001402,2024-09-11,YouTube,YouTube,CMP_YOU_SHE,Sheffield,Professional Services,1000+,Enterprise Connectivity,56.1,SQL,1,1
L001403,CU001403,2024-09-12,Direct,Direct,CMP_DIR_BRI,Bristol,Education,50-249,Remote Support,72.3,New,0,0
L001404,CU001404,2024-09-12,Events,Events,CMP_EVE_BIR,Birmingham,Education,1-49,Remote Access,43.2,New,0,0
L001405,CU001405,2024-09-12,Paid Social,Paid Social,CMP_PAI_LIV,Liverpool,Manufacturing,50-249,Security Add-on,25.2,SQL,1,1
L001406,CU001406,2024-09-12,Paid Search - Non-Brand,Paid Search - Non-Brand,CMP_PAI_SHE,Sheffield,Education,50-249,Security Add-on,58.7,New,0,0
L001407,CU001407,2024-09-12,Paid Social,Paid Social,CMP_PAI_BIR,Birmingham,Professional Services,1-49,Security Add-on,34.5,SQL,1,1
L001408,CU001408,2024-09-12,LinkedIn,LinkedIn,CMP_LIN_CAR,Cardiff,Professional Services,1000+,Enterprise Connectivity,78.6,New,0,0
L001409,CU001409,2024-09-13,LinkedIn,LinkedIn,CMP_LIN_SHE,Sheffield,Retail,1000+,Enterprise Connectivity,61.3,New,0,0
L001410,CU001410,2024-09-13,Paid Search - Brand,Paid Search - Brand,CMP_PAI_LIV,Liverpool,Manufacturing,250-999,Remote Support,70.6,SQL,1,1
L001411,CU001411,2024-09-13,Organic Search,Organic Search,CMP_ORG_MAN,Manchester,Education,250-999,Remote Support,67.8,New,0,0
L001412,CU001412,2024-09-13,Organic Search,Organic Search,CMP_ORG_LEE,Leeds,Education,250-999,Remote Support,77.4,SQL,1,1
L001413,CU001413,2024-09-13,Paid Search - Brand,Paid Search - Brand,CMP_PAI_LIV,Liverpool,Professional Services,1000+,Security Add-on,70.7,SQL,1,1
L001414,CU001414,2024-09-13,Paid Social,Paid Social,CMP_PAI_BIR,Birmingham,Professional Services,1-49,Security Add-on,42.9,New,0,0
L001415,CU001415,2024-09-13,Paid Search - Non-Brand,Paid Search - Non-Brand,CMP_PAI_BRI,Bristol,Technology,50-249,Remote Support,75.0,SQL,1,1
L001416,CU001416,2024-09-14,LinkedIn,LinkedIn,CMP_LIN_LEE,Leeds,Manufacturing,250-999,Remote Access,88.8,New,0,0
L001417,CU001417,2024-09-14,Email,Email,CMP_EMA_LON,London,Retail,50-249,Security Add-on,62.7,New,0,0
L001418,CU001418,2024-09-14,Organic Search,Organic Search,CMP_ORG_MAN,Manchester,Healthcare,250-999,Enterprise Connectivity,51.1,MQL,1,0
L001419,CU001419,2024-09-14,Paid Search - Non-Brand,Paid Search - Non-Brand,CMP_PAI_LON,London,Healthcare,250-999,Security Add-on,59.8,New,0,0
L001420,CU001420,2024-09-14,Paid Search - Brand,Paid Search - Brand,CMP_PAI_SHE,Sheffield,Manufacturing,250-999,Enterprise Connectivity,33.4,New,0,0
L001421,CU001421,2024-09-14,LinkedIn,LinkedIn,CMP_LIN_SHE,Sheffield,Technology,1000+,Remote Access,87.1,MQL,1,0
L001422,CU001422,2024-09-14,Paid Social,Paid Social,CMP_PAI_LEE,Leeds,Technology,1-49,Security Add-on,23.6,MQL,1,0
L001423,CU001423,2024-09-15,Direct,Direct,CMP_DIR_LON,London,Healthcare,250-999,Security Add-on,34.7,New,0,0
L001424,CU001424,2024-09-15,YouTube,YouTube,CMP_YOU_EDI,Edinburgh,Retail,1-49,Enterprise Connectivity,39.3,New,0,0
L001425,CU001425,2024-09-15,Organic Search,Organic Search,CMP_ORG_LEE,Leeds,Technology,1-49,Remote Support,52.1,SQL,1,1
L001426,CU001426,2024-09-16,Email,Email,CMP_EMA_MAN,Manchester,Manufacturing,1-49,Remote Access,75.2,MQL,1,0
L001427,CU001427,2024-09-16,Paid Search - Brand,Paid Search - Brand,CMP_PAI_LON,London,Education,50-249,Enterprise Connectivity,54.4,New,0,0
L001428,CU001428,2024-09-16,Email,Email,CMP_EMA_BIR,Birmingham,Technology,1-49,Enterprise Connectivity,62.5,New,0,0
L001429,CU001429,2024-09-16,Paid Social,Paid Social,CMP_PAI_LEE,Leeds,Education,1-49,Security Add-on,55.7,SQL,1,1
L001430,CU001430,2024-09-16,Paid Social,Paid Social,CMP_PAI_GLA,Glasgow,Healthcare,250-999,Remote Support,30.4,MQL,1,0
L001431,CU001431,2024-09-16,Email,Email,CMP_EMA_BRI,Bristol,Retail,1-49,Security Add-on,44.6,New,0,0
L001432,CU001432,2024-09-16,Email,Email,CMP_EMA_BIR,Birmingham,Professional Services,1-49,Remote Support,92.6,New,0,0
L001433,CU001433,2024-09-16,Paid Social,Paid Social,CMP_PAI_LON,London,Retail,1-49,Enterprise Connectivity,42.7,MQL,1,0
L001434,CU001434,2024-09-17,Events,Events,CMP_EVE_MAN,Manchester,Technology,50-249,Remote Access,46.3,New,0,0
L001435,CU001435,2024-09-17,YouTube,YouTube,CMP_YOU_EDI,Edinburgh,Manufacturing,250-999,Enterprise Connectivity,84.8,SQL,1,1
L001436,CU001436,2024-09-17,Partner,Partner,CMP_PAR_BRI,Bristol,Retail,50-249,Remote Support,56.6,New,0,0
L001437,CU001437,2024-09-17,LinkedIn,LinkedIn,CMP_LIN_LON,London,Professional Services,1000+,Remote Access,64.0,New,0,0
L001438,CU001438,2024-09-17,Paid Search - Non-Brand,Paid Search - Non-Brand,CMP_PAI_GLA,Glasgow,Technology,1-49,Remote Access,57.6,New,0,0
L001439,CU001439,2024-09-17,Direct,Direct,CMP_DIR_LEE,Leeds,Retail,50-249,Enterprise Connectivity,77.2,New,0,0
L001440,CU001440,2024-09-18,Direct,Direct,CMP_DIR_LON,London,Healthcare,1000+,Remote Support,56.9,New,0,0
L001441,CU001441,2024-09-18,Organic Search,Organic Search,CMP_ORG_CAR,Cardiff,Manufacturing,1000+,Remote Access,50.3,New,0,0
L001442,CU001442,2024-09-18,Email,Email,CMP_EMA_LEE,Leeds,Manufacturing,250-999,Enterprise Connectivity,80.5,SQL,1,1
L001443,CU001443,2024-09-18,Paid Social,Paid Social,CMP_PAI_GLA,Glasgow,Technology,50-249,Enterprise Connectivity,55.8,SQL,1,1
L001444,CU001444,2024-09-18,Paid Search - Brand,Paid Search - Brand,CMP_PAI_EDI,Edinburgh,Technology,1000+,Remote Access,42.2,MQL,1,0
L001445,CU001445,2024-09-18,YouTube,YouTube,CMP_YOU_LON,London,Professional Services,1-49,Security Add-on,61.1,New,0,0
L001446,CU001446,2024-09-19,LinkedIn,LinkedIn,CMP_LIN_CAR,Cardiff,Healthcare,1000+,Enterprise Connectivity,100.0,New,0,0
L001447,CU001447,2024-09-19,Organic Search,Organic Search,CMP_ORG_BIR,Birmingham,Education,50-249,Remote Support,50.8,SQL,1,1
L001448,CU001448,2024-09-19,Paid Search - Non-Brand,Paid Search - Non-Brand,CMP_PAI_EDI,Edinburgh,Retail,1-49,Remote Support,58.3,New,0,0
L001449,CU001449,2024-09-19,Email,Email,CMP_EMA_BRI,Bristol,Technology,1-49,Enterprise Connectivity,74.0,New,0,0
L001450,CU001450,2024-09-19,Paid Search - Non-Brand,Paid Search - Non-Brand,CMP_PAI_LIV,Liverpool,Manufacturing,1-49,Remote Support,58.7,New,0,0
L001451,CU001451,2024-09-19,Events,Events,CMP_EVE_LIV,Liverpool,Retail,50-249,Remote Access,66.2,New,0,0
L001452,CU001452,2024-09-19,Paid Search - Brand,Paid Search - Brand,CMP_PAI_EDI,Edinburgh,Manufacturing,1000+,Enterprise Connectivity,57.5,SQL,1,1
L001453,CU001453,2024-09-19,Paid Social,Paid Social,CMP_PAI_BIR,Birmingham,Education,1-49,Security Add-on,43.7,New,0,0
L001454,CU001454,2024-09-19,Paid Social,Paid Social,CMP_PAI_LEE,Leeds,Education,1-49,Enterprise Connectivity,33.4,New,0,0
L001455,CU001455,2024-09-19,Partner,Partner,CMP_PAR_CAR,Cardiff,Professional Services,1-49,Security Add-on,50.1,SQL,1,1
L001456,CU001456,2024-09-20,Organic Search,Organic Search,CMP_ORG_GLA,Glasgow,Professional Services,250-999,Remote Support,59.7,MQL,1,0
L001457,CU001457,2024-09-20,Direct,Direct,CMP_DIR_BIR,Birmingham,Manufacturing,1-49,Remote Access,63.7,New,0,0
L001458,CU001458,2024-09-20,Paid Search - Brand,Paid Search - Brand,CMP_PAI_GLA,Glasgow,Manufacturing,1000+,Security Add-on,61.5,New,0,0
L001459,CU001459,2024-09-20,LinkedIn,LinkedIn,CMP_LIN_LIV,Liverpool,Education,1000+,Enterprise Connectivity,85.0,MQL,1,0
L001460,CU001460,2024-09-20,Paid Search - Brand,Paid Search - Brand,CMP_PAI_LEE,Leeds,Manufacturing,1-49,Remote Access,88.7,MQL,1,0
L001461,CU001461,2024-09-20,Organic Search,Organic Search,CMP_ORG_BRI,Bristol,Manufacturing,1000+,Remote Access,77.2,SQL,1,1
L001462,CU001462,2024-09-20,Events,Events,CMP_EVE_BIR,Birmingham,Retail,250-999,Remote Access,74.0,SQL,1,1
L001463,CU001463,2024-09-20,Paid Social,Paid Social,CMP_PAI_EDI,Edinburgh,Retail,50-249,Remote Support,61.5,New,0,0
L001464,CU001464,2024-09-20,Paid Search - Non-Brand,Paid Search - Non-Brand,CMP_PAI_BRI,Bristol,Professional Services,1-49,Security Add-on,60.3,MQL,1,0
L001465,CU001465,2024-09-20,Organic Search,Organic Search,CMP_ORG_LON,London,Education,50-249,Remote Support,74.0,New,0,0
L001466,CU001466,2024-09-20,Paid Social,Paid Social,CMP_PAI_SHE,Sheffield,Healthcare,1-49,Remote Support,69.4,New,0,0
L001467,CU001467,2024-09-21,Paid Social,Paid Social,CMP_PAI_CAR,Cardiff,Manufacturing,50-249,Remote Access,67.6,New,0,0
L001468,CU001468,2024-09-21,Email,Email,CMP_EMA_LON,London,Manufacturing,1-49,Remote Support,41.0,New,0,0
L001469,CU001469,2024-09-21,Paid Social,Paid Social,CMP_PAI_MAN,Manchester,Professional Services,1-49,Security Add-on,21.7,New,0,0
L001470,CU001470,2024-09-21,Paid Search - Brand,Paid Search - Brand,CMP_PAI_GLA,Glasgow,Technology,1000+,Security Add-on,71.9,SQL,1,1
L001471,CU001471,2024-09-21,Paid Social,Paid Social,CMP_PAI_MAN,Manchester,Professional Services,1000+,Enterprise Connectivity,53.2,MQL,1,0
L001472,CU001472,2024-09-22,Events,Events,CMP_EVE_MAN,Manchester,Professional Services,1-49,Enterprise Connectivity,79.5,New,0,0
L001473,CU001473,2024-09-22,Paid Search - Non-Brand,Paid Search - Non-Brand,CMP_PAI_EDI,Edinburgh,Healthcare,1-49,Remote Support,61.1,SQL,1,1
L001474,CU001474,2024-09-22,Direct,Direct,CMP_DIR_BIR,Birmingham,Education,1-49,Enterprise Connectivity,47.4,MQL,1,0
L001475,CU001475,2024-09-23,Paid Search - Non-Brand,Paid Search - Non-Brand,CMP_PAI_LON,London,Education,1-49,Remote Support,55.8,New,0,0
L001476,CU001476,2024-09-23,Paid Search - Brand,Paid Search - Brand,CMP_PAI_BIR,Birmingham,Education,1-49,Remote Support,80.8,SQL,1,1
L001477,CU001477,2024-09-23,Email,Email,CMP_EMA_LEE,Leeds,Education,1-49,Remote Access,63.4,New,0,0
L001478,CU001478,2024-09-23,Partner,Partner,CMP_PAR_CAR,Cardiff,Retail,50-249,Security Add-on,34.3,New,0,0
L001479,CU001479,2024-09-23,Paid Search - Brand,Paid Search - Brand,CMP_PAI_LON,London,Manufacturing,1-49,Security Add-on,58.3,MQL,1,0
L001480,CU001480,2024-09-24,Paid Search - Non-Brand,Paid Search - Non-Brand,CMP_PAI_CAR,Cardiff,Healthcare,250-999,Remote Access,62.6,SQL,1,1
L001481,CU001481,2024-09-24,Organic Search,Organic Search,CMP_ORG_GLA,Glasgow,Retail,1-49,Remote Support,60.3,SQL,1,1
L001482,CU001482,2024-09-24,LinkedIn,LinkedIn,CMP_LIN_LON,London,Healthcare,50-249,Security Add-on,74.3,SQL,1,1
L001483,CU001483,2024-09-24,Direct,Direct,CMP_DIR_BIR,Birmingham,Healthcare,1000+,Remote Access,71.7,SQL,1,1
L001484,CU001484,2024-09-24,Paid Search - Non-Brand,Paid Search - Non-Brand,CMP_PAI_LEE,Leeds,Healthcare,250-999,Enterprise Connectivity,63.0,SQL,1,1
L001485,CU001485,2024-09-24,Paid Search - Non-Brand,Paid Search - Non-Brand,CMP_PAI_LON,London,Manufacturing,50-249,Enterprise Connectivity,49.6,New,0,0
L001486,CU001486,2024-09-24,LinkedIn,LinkedIn,CMP_LIN_MAN,Manchester,Manufacturing,1000+,Enterprise Connectivity,71.5,New,0,0
L001487,CU001487,2024-09-24,Partner,Partner,CMP_PAR_BIR,Birmingham,Manufacturing,1-49,Remote Support,86.6,SQL,1,1
L001488,CU001488,2024-09-24,Paid Search - Brand,Paid Search - Brand,CMP_PAI_GLA,Glasgow,Healthcare,50-249,Remote Access,81.7,New,0,0
L001489,CU001489,2024-09-24,Paid Search - Brand,Paid Search - Brand,CMP_PAI_LIV,Liverpool,Education,250-999,Remote Access,61.6,SQL,1,1
L001490,CU001490,2024-09-25,Organic Search,Organic Search,CMP_ORG_LIV,Liverpool,Manufacturing,1000+,Security Add-on,59.1,SQL,1,1
L001491,CU001491,2024-09-25,Paid Search - Brand,Paid Search - Brand,CMP_PAI_BRI,Bristol,Technology,50-249,Remote Support,67.0,New,0,0
L001492,CU001492,2024-09-25,Direct,Direct,CMP_DIR_LEE,Leeds,Healthcare,1-49,Remote Access,75.3,New,0,0
L001493,CU001493,2024-09-25,Paid Social,Paid Social,CMP_PAI_LIV,Liverpool,Manufacturing,50-249,Remote Support,62.8,SQL,1,1
L001494,CU001494,2024-09-26,Paid Search - Brand,Paid Search - Brand,CMP_PAI_BRI,Bristol,Manufacturing,250-999,Enterprise Connectivity,50.7,New,0,0
L001495,CU001495,2024-09-26,Partner,Partner,CMP_PAR_SHE,Sheffield,Technology,250-999,Remote Support,33.4,SQL,1,1
L001496,CU001496,2024-09-26,Direct,Direct,CMP_DIR_LON,London,Professional Services,50-249,Remote Access,67.4,New,0,0
L001497,CU001497,2024-09-26,Email,Email,CMP_EMA_BIR,Birmingham,Retail,50-249,Security Add-on,56.9,New,0,0
L001498,CU001498,2024-09-26,Paid Search - Brand,Paid Search - Brand,CMP_PAI_EDI,Edinburgh,Manufacturing,50-249,Enterprise Connectivity,63.9,MQL,1,0
L001499,CU001499,2024-09-26,Paid Search - Brand,Paid Search - Brand,CMP_PAI_LEE,Leeds,Retail,50-249,Security Add-on,77.1,SQL,1,1
L001500,CU001500,2024-09-26,Events,Events,CMP_EVE_MAN,Manchester,Manufacturing,50-249,Remote Access,66.4,MQL,1,0
L001501,CU001501,2024-09-26,Organic Search,Organic Search,CMP_ORG_LIV,Liverpool,Healthcare,250-999,Enterprise Connectivity,83.0,MQL,1,0
L001502,CU001502,2024-09-27,Direct,Direct,CMP_DIR_LIV,Liverpool,Professional Services,250-999,Security Add-on,56.5,SQL,1,1
L001503,CU001503,2024-09-27,Organic Search,Organic Search,CMP_ORG_BRI,Bristol,Professional Services,1000+,Enterprise Connectivity,61.5,SQL,1,1
L001504,CU001504,2024-09-27,Paid Search - Brand,Paid Search - Brand,CMP_PAI_SHE,Sheffield,Retail,50-249,Enterprise Connectivity,61.9,New,0,0
L001505,CU001505,2024-09-27,Direct,Direct,CMP_DIR_MAN,Manchester,Healthcare,1000+,Remote Support,65.0,New,0,0
L001506,CU001506,2024-09-28,Paid Social,Paid Social,CMP_PAI_LON,London,Technology,50-249,Security Add-on,29.7,New,0,0
L001507,CU001507,2024-09-28,Paid Search - Brand,Paid Search - Brand,CMP_PAI_MAN,Manchester,Education,1000+,Security Add-on,56.8,New,0,0
L001508,CU001508,2024-09-28,Organic Search,Organic Search,CMP_ORG_BIR,Birmingham,Healthcare,50-249,Remote Access,56.2,SQL,1,1
L001509,CU001509,2024-09-28,Email,Email,CMP_EMA_LIV,Liverpool,Professional Services,1000+,Remote Support,60.9,New,0,0
L001510,CU001510,2024-09-28,Events,Events,CMP_EVE_GLA,Glasgow,Healthcare,50-249,Security Add-on,82.1,New,0,0
L001511,CU001511,2024-09-28,Direct,Direct,CMP_DIR_GLA,Glasgow,Education,50-249,Remote Support,58.7,MQL,1,0
L001512,CU001512,2024-09-29,Paid Search - Brand,Paid Search - Brand,CMP_PAI_MAN,Manchester,Education,1000+,Enterprise Connectivity,68.5,New,0,0
L001513,CU001513,2024-09-29,Paid Search - Brand,Paid Search - Brand,CMP_PAI_EDI,Edinburgh,Education,50-249,Remote Support,79.8,MQL,1,0
L001514,CU001514,2024-09-29,Paid Search - Brand,Paid Search - Brand,CMP_PAI_BIR,Birmingham,Manufacturing,50-249,Remote Support,69.8,New,0,0
L001515,CU001515,2024-09-29,Paid Social,Paid Social,CMP_PAI_SHE,Sheffield,Professional Services,1000+,Security Add-on,50.9,New,0,0
L001516,CU001516,2024-09-29,Paid Search - Brand,Paid Search - Brand,CMP_PAI_EDI,Edinburgh,Technology,50-249,Enterprise Connectivity,59.4,New,0,0
L001517,CU001517,2024-09-29,Direct,Direct,CMP_DIR_EDI,Edinburgh,Education,50-249,Enterprise Connectivity,66.3,New,0,0
L001518,CU001518,2024-09-30,Paid Social,Paid Social,CMP_PAI_EDI,Edinburgh,Healthcare,1-49,Remote Access,65.0,New,0,0
L001519,CU001519,2024-09-30,Paid Social,Paid Social,CMP_PAI_LIV,Liverpool,Retail,250-999,Remote Support,48.1,New,0,0
L001520,CU001520,2024-09-30,Paid Search - Non-Brand,Paid Search - Non-Brand,CMP_PAI_BIR,Birmingham,Education,250-999,Remote Access,57.2,New,0,0
L001521,CU001521,2024-09-30,Paid Search - Non-Brand,Paid Search - Non-Brand,CMP_PAI_GLA,Glasgow,Manufacturing,1-49,Remote Access,62.3,New,0,0
L001522,CU001522,2024-09-30,Email,Email,CMP_EMA_LON,London,Professional Services,1000+,Remote Support,63.3,New,0,0
L001523,CU001523,2024-09-30,Paid Search - Brand,Paid Search - Brand,CMP_PAI_GLA,Glasgow,Education,1000+,Security Add-on,69.9,New,0,0
L001524,CU001524,2024-09-30,Direct,Direct,CMP_DIR_MAN,Manchester,Technology,50-249,Enterprise Connectivity,57.6,MQL,1,0
L001525,CU001525,2024-10-01,Paid Search - Brand,Paid Search - Brand,CMP_PAI_LIV,Liverpool,Healthcare,1000+,Remote Access,60.8,New,0,0
L001526,CU001526,2024-10-01,Paid Search - Non-Brand,Paid Search - Non-Brand,CMP_PAI_EDI,Edinburgh,Technology,250-999,Remote Access,67.0,SQL,1,1
L001527,CU001527,2024-10-01,Events,Events,CMP_EVE_MAN,Manchester,Healthcare,1-49,Remote Support,60.0,SQL,1,1
L001528,CU001528,2024-10-01,Organic Search,Organic Search,CMP_ORG_CAR,Cardiff,Retail,1-49,Enterprise Connectivity,60.7,MQL,1,0
L001529,CU001529,2024-10-01,Paid Search - Brand,Paid Search - Brand,CMP_PAI_SHE,Sheffield,Professional Services,1-49,Remote Support,64.1,SQL,1,1
L001530,CU001530,2024-10-01,Events,Events,CMP_EVE_LON,London,Manufacturing,50-249,Enterprise Connectivity,66.7,SQL,1,1
L001531,CU001531,2024-10-01,Paid Search - Brand,Paid Search - Brand,CMP_PAI_LIV,Liverpool,Manufacturing,250-999,Remote Support,71.9,SQL,1,1
L001532,CU001532,2024-10-01,Partner,Partner,CMP_PAR_LON,London,Healthcare,250-999,Remote Access,64.5,SQL,1,1
L001533,CU001533,2024-10-02,Paid Search - Brand,Paid Search - Brand,CMP_PAI_GLA,Glasgow,Technology,50-249,Security Add-on,67.2,SQL,1,1
L001534,CU001534,2024-10-02,Events,Events,CMP_EVE_BRI,Bristol,Professional Services,250-999,Security Add-on,53.3,MQL,1,0
L001535,CU001535,2024-10-02,Paid Search - Brand,Paid Search - Brand,CMP_PAI_LIV,Liverpool,Education,250-999,Remote Access,76.1,New,0,0
L001536,CU001536,2024-10-02,Paid Search - Non-Brand,Paid Search - Non-Brand,CMP_PAI_SHE,Sheffield,Education,1-49,Enterprise Connectivity,57.5,SQL,1,1
L001537,CU001537,2024-10-02,Paid Search - Non-Brand,Paid Search - Non-Brand,CMP_PAI_EDI,Edinburgh,Technology,1-49,Security Add-on,67.9,New,0,0
L001538,CU001538,2024-10-03,Email,Email,CMP_EMA_LON,London,Professional Services,250-999,Remote Support,49.4,SQL,1,1
L001539,CU001539,2024-10-03,Partner,Partner,CMP_PAR_BIR,Birmingham,Manufacturing,250-999,Enterprise Connectivity,85.5,SQL,1,1
L001540,CU001540,2024-10-03,Display,Display,CMP_DIS_BRI,Bristol,Technology,1000+,Security Add-on,62.2,SQL,1,1
L001541,CU001541,2024-10-03,LinkedIn,LinkedIn,CMP_LIN_LON,London,Technology,1-49,Remote Support,75.4,New,0,0
L001542,CU001542,2024-10-03,Direct,Direct,CMP_DIR_BRI,Bristol,Technology,50-249,Remote Access,50.0,MQL,1,0
L001543,CU001543,2024-10-03,Paid Search - Brand,Paid Search - Brand,CMP_PAI_BIR,Birmingham,Professional Services,50-249,Enterprise Connectivity,67.3,MQL,1,0
L001544,CU001544,2024-10-03,Email,Email,CMP_EMA_GLA,Glasgow,Technology,1000+,Enterprise Connectivity,82.5,SQL,1,1
L001545,CU001545,2024-10-03,Direct,Direct,CMP_DIR_BIR,Birmingham,Retail,50-249,Remote Access,71.9,MQL,1,0
L001546,CU001546,2024-10-03,Direct,Direct,CMP_DIR_LON,London,Professional Services,50-249,Security Add-on,48.8,MQL,1,0
L001547,CU001547,2024-10-04,Partner,Partner,CMP_PAR_LON,London,Manufacturing,1-49,Enterprise Connectivity,51.4,New,0,0
L001548,CU001548,2024-10-04,Paid Search - Brand,Paid Search - Brand,CMP_PAI_LIV,Liverpool,Professional Services,50-249,Enterprise Connectivity,61.8,MQL,1,0
L001549,CU001549,2024-10-04,Email,Email,CMP_EMA_LON,London,Professional Services,1000+,Enterprise Connectivity,57.9,SQL,1,1
L001550,CU001550,2024-10-04,Paid Search - Brand,Paid Search - Brand,CMP_PAI_LON,London,Professional Services,1-49,Enterprise Connectivity,49.2,New,0,0
L001551,CU001551,2024-10-04,Partner,Partner,CMP_PAR_LON,London,Professional Services,1-49,Enterprise Connectivity,70.1,MQL,1,0
L001552,CU001552,2024-10-05,Paid Search - Non-Brand,Paid Search - Non-Brand,CMP_PAI_CAR,Cardiff,Healthcare,50-249,Remote Support,56.7,New,0,0
L001553,CU001553,2024-10-05,LinkedIn,LinkedIn,CMP_LIN_BRI,Bristol,Healthcare,250-999,Remote Access,91.3,New,0,0
L001554,CU001554,2024-10-05,Paid Social,Paid Social,CMP_PAI_CAR,Cardiff,Healthcare,250-999,Remote Access,70.8,SQL,1,1
L001555,CU001555,2024-10-05,Organic Search,Organic Search,CMP_ORG_BIR,Birmingham,Retail,250-999,Remote Support,46.2,SQL,1,1
L001556,CU001556,2024-10-05,Events,Events,CMP_EVE_LON,London,Manufacturing,50-249,Remote Support,56.0,SQL,1,1
L001557,CU001557,2024-10-05,Paid Search - Non-Brand,Paid Search - Non-Brand,CMP_PAI_LEE,Leeds,Healthcare,1000+,Security Add-on,68.4,New,0,0
L001558,CU001558,2024-10-05,Paid Search - Non-Brand,Paid Search - Non-Brand,CMP_PAI_MAN,Manchester,Manufacturing,250-999,Remote Access,62.6,New,0,0
L001559,CU001559,2024-10-06,Partner,Partner,CMP_PAR_GLA,Glasgow,Professional Services,1-49,Remote Access,73.5,New,0,0
L001560,CU001560,2024-10-06,Direct,Direct,CMP_DIR_LON,London,Manufacturing,50-249,Remote Support,73.8,SQL,1,1
L001561,CU001561,2024-10-06,Email,Email,CMP_EMA_LEE,Leeds,Technology,50-249,Enterprise Connectivity,73.8,SQL,1,1
L001562,CU001562,2024-10-06,Paid Search - Non-Brand,Paid Search - Non-Brand,CMP_PAI_BRI,Bristol,Retail,1-49,Security Add-on,46.4,New,0,0
L001563,CU001563,2024-10-06,Events,Events,CMP_EVE_LEE,Leeds,Professional Services,1-49,Security Add-on,63.9,New,0,0
L001564,CU001564,2024-10-07,Events,Events,CMP_EVE_BRI,Bristol,Retail,50-249,Remote Access,78.7,SQL,1,1
L001565,CU001565,2024-10-07,Direct,Direct,CMP_DIR_MAN,Manchester,Retail,1000+,Enterprise Connectivity,58.3,New,0,0
L001566,CU001566,2024-10-07,Paid Search - Brand,Paid Search - Brand,CMP_PAI_GLA,Glasgow,Manufacturing,50-249,Remote Access,61.7,MQL,1,0
L001567,CU001567,2024-10-07,Email,Email,CMP_EMA_EDI,Edinburgh,Retail,50-249,Remote Access,74.1,MQL,1,0
L001568,CU001568,2024-10-07,Paid Social,Paid Social,CMP_PAI_LON,London,Manufacturing,50-249,Remote Support,50.5,MQL,1,0
L001569,CU001569,2024-10-08,Direct,Direct,CMP_DIR_LEE,Leeds,Manufacturing,250-999,Security Add-on,49.8,New,0,0
L001570,CU001570,2024-10-08,Organic Search,Organic Search,CMP_ORG_LON,London,Technology,250-999,Remote Support,57.7,New,0,0
L001571,CU001571,2024-10-08,Paid Search - Non-Brand,Paid Search - Non-Brand,CMP_PAI_BIR,Birmingham,Manufacturing,1000+,Remote Access,53.5,SQL,1,1
L001572,CU001572,2024-10-08,Partner,Partner,CMP_PAR_GLA,Glasgow,Healthcare,1-49,Security Add-on,58.5,New,0,0
L001573,CU001573,2024-10-08,Paid Social,Paid Social,CMP_PAI_MAN,Manchester,Professional Services,250-999,Remote Support,70.9,New,0,0
L001574,CU001574,2024-10-08,Paid Search - Brand,Paid Search - Brand,CMP_PAI_MAN,Manchester,Professional Services,50-249,Security Add-on,40.1,New,0,0
L001575,CU001575,2024-10-09,Paid Search - Non-Brand,Paid Search - Non-Brand,CMP_PAI_MAN,Manchester,Retail,1000+,Remote Access,74.8,SQL,1,1
L001576,CU001576,2024-10-09,LinkedIn,LinkedIn,CMP_LIN_MAN,Manchester,Retail,1000+,Remote Access,74.8,SQL,1,1
L001577,CU001577,2024-10-09,Partner,Partner,CMP_PAR_BIR,Birmingham,Healthcare,250-999,Remote Support,61.4,New,0,0
L001578,CU001578,2024-10-09,Paid Search - Non-Brand,Paid Search - Non-Brand,CMP_PAI_BRI,Bristol,Technology,50-249,Security Add-on,54.3,New,0,0
L001579,CU001579,2024-10-09,Email,Email,CMP_EMA_LON,London,Professional Services,50-249,Enterprise Connectivity,54.4,New,0,0
L001580,CU001580,2024-10-09,Paid Search - Brand,Paid Search - Brand,CMP_PAI_BRI,Bristol,Manufacturing,50-249,Remote Support,69.8,New,0,0
L001581,CU001581,2024-10-09,Partner,Partner,CMP_PAR_LON,London,Technology,50-249,Security Add-on,65.2,SQL,1,1
L001582,CU001582,2024-10-09,Paid Search - Brand,Paid Search - Brand,CMP_PAI_MAN,Manchester,Education,250-999,Remote Support,59.8,SQL,1,1
L001583,CU001583,2024-10-10,Paid Search - Brand,Paid Search - Brand,CMP_PAI_LON,London,Technology,1000+,Remote Support,72.3,SQL,1,1
L001584,CU001584,2024-10-10,Events,Events,CMP_EVE_MAN,Manchester,Healthcare,1000+,Remote Support,63.9,SQL,1,1
L001585,CU001585,2024-10-10,Email,Email,CMP_EMA_SHE,Sheffield,Technology,1-49,Remote Access,74.4,SQL,1,1
L001586,CU001586,2024-10-10,Organic Search,Organic Search,CMP_ORG_LON,London,Manufacturing,50-249,Security Add-on,76.4,New,0,0
L001587,CU001587,2024-10-10,Paid Search - Brand,Paid Search - Brand,CMP_PAI_BIR,Birmingham,Retail,1000+,Enterprise Connectivity,45.0,MQL,1,0
L001588,CU001588,2024-10-10,Paid Search - Brand,Paid Search - Brand,CMP_PAI_LEE,Leeds,Professional Services,50-249,Remote Support,47.7,MQL,1,0
L001589,CU001589,2024-10-11,Paid Search - Non-Brand,Paid Search - Non-Brand,CMP_PAI_LON,London,Education,250-999,Remote Access,55.7,New,0,0
L001590,CU001590,2024-10-11,Paid Search - Brand,Paid Search - Brand,CMP_PAI_GLA,Glasgow,Manufacturing,250-999,Remote Support,55.8,New,0,0
L001591,CU001591,2024-10-11,LinkedIn,LinkedIn,CMP_LIN_GLA,Glasgow,Manufacturing,1-49,Security Add-on,68.9,New,0,0
L001592,CU001592,2024-10-11,Partner,Partner,CMP_PAR_LEE,Leeds,Retail,1-49,Enterprise Connectivity,67.5,SQL,1,1
L001593,CU001593,2024-10-11,Paid Search - Non-Brand,Paid Search - Non-Brand,CMP_PAI_LON,London,Retail,250-999,Remote Access,54.2,SQL,1,1
L001594,CU001594,2024-10-11,Email,Email,CMP_EMA_SHE,Sheffield,Healthcare,1000+,Remote Support,55.3,New,0,0
L001595,CU001595,2024-10-11,Paid Search - Non-Brand,Paid Search - Non-Brand,CMP_PAI_BRI,Bristol,Manufacturing,1000+,Remote Access,49.3,SQL,1,1
L001596,CU001596,2024-10-11,Email,Email,CMP_EMA_MAN,Manchester,Retail,1000+,Enterprise Connectivity,47.5,SQL,1,1
L001597,CU001597,2024-10-12,Paid Search - Non-Brand,Paid Search - Non-Brand,CMP_PAI_BIR,Birmingham,Healthcare,50-249,Security Add-on,62.3,New,0,0
L001598,CU001598,2024-10-12,Paid Search - Non-Brand,Paid Search - Non-Brand,CMP_PAI_SHE,Sheffield,Education,50-249,Remote Access,73.4,New,0,0
L001599,CU001599,2024-10-12,Paid Search - Non-Brand,Paid Search - Non-Brand,CMP_PAI_BIR,Birmingham,Manufacturing,250-999,Security Add-on,49.7,MQL,1,0
L001600,CU001600,2024-10-12,Paid Search - Brand,Paid Search - Brand,CMP_PAI_MAN,Manchester,Professional Services,50-249,Enterprise Connectivity,86.2,New,0,0
L001601,CU001601,2024-10-12,Paid Social,Paid Social,CMP_PAI_LON,London,Professional Services,1-49,Remote Access,53.8,New,0,0
L001602,CU001602,2024-10-13,Email,Email,CMP_EMA_BRI,Bristol,Retail,50-249,Remote Support,80.8,MQL,1,0
L001603,CU001603,2024-10-13,Paid Search - Brand,Paid Search - Brand,CMP_PAI_LON,London,Healthcare,1000+,Remote Access,44.6,SQL,1,1
L001604,CU001604,2024-10-13,Events,Events,CMP_EVE_LON,London,Education,50-249,Security Add-on,49.0,SQL,1,1
L001605,CU001605,2024-10-13,LinkedIn,LinkedIn,CMP_LIN_GLA,Glasgow,Manufacturing,250-999,Enterprise Connectivity,76.5,SQL,1,1
L001606,CU001606,2024-10-13,Display,Display,CMP_DIS_GLA,Glasgow,Healthcare,250-999,Remote Support,74.4,SQL,1,1
L001607,CU001607,2024-10-14,Paid Search - Brand,Paid Search - Brand,CMP_PAI_BRI,Bristol,Professional Services,50-249,Security Add-on,75.5,SQL,1,1
L001608,CU001608,2024-10-14,Paid Social,Paid Social,CMP_PAI_LON,London,Education,1-49,Remote Support,57.2,SQL,1,1
L001609,CU001609,2024-10-14,Paid Search - Brand,Paid Search - Brand,CMP_PAI_BRI,Bristol,Healthcare,1-49,Security Add-on,45.3,New,0,0
L001610,CU001610,2024-10-14,LinkedIn,LinkedIn,CMP_LIN_SHE,Sheffield,Healthcare,1000+,Enterprise Connectivity,57.9,MQL,1,0
L001611,CU001611,2024-10-14,Direct,Direct,CMP_DIR_MAN,Manchester,Technology,250-999,Remote Access,53.5,New,0,0
L001612,CU001612,2024-10-15,Paid Social,Paid Social,CMP_PAI_EDI,Edinburgh,Healthcare,1-49,Remote Support,63.6,SQL,1,1
L001613,CU001613,2024-10-15,Organic Search,Organic Search,CMP_ORG_LEE,Leeds,Professional Services,1000+,Remote Support,78.3,New,0,0
L001614,CU001614,2024-10-15,Events,Events,CMP_EVE_EDI,Edinburgh,Professional Services,50-249,Remote Support,60.1,New,0,0
L001615,CU001615,2024-10-15,Paid Search - Brand,Paid Search - Brand,CMP_PAI_LON,London,Healthcare,250-999,Security Add-on,83.1,New,0,0
L001616,CU001616,2024-10-15,Paid Social,Paid Social,CMP_PAI_LON,London,Manufacturing,1-49,Remote Access,78.9,MQL,1,0
L001617,CU001617,2024-10-15,Paid Search - Non-Brand,Paid Search - Non-Brand,CMP_PAI_EDI,Edinburgh,Education,250-999,Remote Support,59.8,MQL,1,0
L001618,CU001618,2024-10-16,Paid Search - Brand,Paid Search - Brand,CMP_PAI_LON,London,Healthcare,250-999,Remote Support,92.9,SQL,1,1
L001619,CU001619,2024-10-16,Direct,Direct,CMP_DIR_BIR,Birmingham,Retail,250-999,Security Add-on,61.4,New,0,0
L001620,CU001620,2024-10-16,Direct,Direct,CMP_DIR_MAN,Manchester,Healthcare,1-49,Security Add-on,58.8,New,0,0
L001621,CU001621,2024-10-16,Paid Social,Paid Social,CMP_PAI_LON,London,Retail,50-249,Remote Support,63.5,New,0,0
L001622,CU001622,2024-10-16,Paid Search - Non-Brand,Paid Search - Non-Brand,CMP_PAI_BIR,Birmingham,Manufacturing,1000+,Security Add-on,48.7,New,0,0
L001623,CU001623,2024-10-16,Paid Search - Non-Brand,Paid Search - Non-Brand,CMP_PAI_BIR,Birmingham,Manufacturing,1000+,Remote Access,42.1,New,0,0
L001624,CU001624,2024-10-16,Paid Social,Paid Social,CMP_PAI_LON,London,Manufacturing,50-249,Remote Access,35.0,SQL,1,1
L001625,CU001625,2024-10-16,Direct,Direct,CMP_DIR_GLA,Glasgow,Technology,1-49,Enterprise Connectivity,51.1,MQL,1,0
L001626,CU001626,2024-10-17,Partner,Partner,CMP_PAR_LIV,Liverpool,Retail,1000+,Enterprise Connectivity,66.7,MQL,1,0
L001627,CU001627,2024-10-17,Direct,Direct,CMP_DIR_LON,London,Healthcare,50-249,Security Add-on,79.2,SQL,1,1
L001628,CU001628,2024-10-17,Paid Search - Brand,Paid Search - Brand,CMP_PAI_LEE,Leeds,Healthcare,1000+,Remote Access,46.6,New,0,0
L001629,CU001629,2024-10-17,Email,Email,CMP_EMA_SHE,Sheffield,Professional Services,250-999,Remote Support,72.3,SQL,1,1
L001630,CU001630,2024-10-17,Paid Search - Brand,Paid Search - Brand,CMP_PAI_LEE,Leeds,Manufacturing,250-999,Remote Support,69.6,MQL,1,0
L001631,CU001631,2024-10-17,LinkedIn,LinkedIn,CMP_LIN_LEE,Leeds,Healthcare,1000+,Remote Support,77.1,SQL,1,1
L001632,CU001632,2024-10-18,Organic Search,Organic Search,CMP_ORG_EDI,Edinburgh,Professional Services,1000+,Enterprise Connectivity,77.4,New,0,0
L001633,CU001633,2024-10-18,Paid Social,Paid Social,CMP_PAI_LON,London,Manufacturing,1-49,Remote Support,47.9,New,0,0
L001634,CU001634,2024-10-18,Paid Search - Brand,Paid Search - Brand,CMP_PAI_MAN,Manchester,Retail,50-249,Remote Access,64.5,New,0,0
L001635,CU001635,2024-10-20,Paid Search - Brand,Paid Search - Brand,CMP_PAI_BIR,Birmingham,Healthcare,1000+,Security Add-on,67.5,SQL,1,1
L001636,CU001636,2024-10-20,YouTube,YouTube,CMP_YOU_MAN,Manchester,Retail,1-49,Security Add-on,53.0,New,0,0
L001637,CU001637,2024-10-20,Display,Display,CMP_DIS_MAN,Manchester,Healthcare,50-249,Security Add-on,74.8,New,0,0
L001638,CU001638,2024-10-21,Paid Social,Paid Social,CMP_PAI_MAN,Manchester,Education,1-49,Enterprise Connectivity,49.5,MQL,1,0
L001639,CU001639,2024-10-21,Email,Email,CMP_EMA_SHE,Sheffield,Professional Services,250-999,Remote Support,53.4,MQL,1,0
L001640,CU001640,2024-10-21,Direct,Direct,CMP_DIR_BRI,Bristol,Retail,1000+,Remote Support,78.8,New,0,0
L001641,CU001641,2024-10-21,LinkedIn,LinkedIn,CMP_LIN_EDI,Edinburgh,Education,1000+,Enterprise Connectivity,74.3,New,0,0
L001642,CU001642,2024-10-21,Display,Display,CMP_DIS_BIR,Birmingham,Technology,1000+,Security Add-on,60.9,MQL,1,0
L001643,CU001643,2024-10-21,Paid Search - Brand,Paid Search - Brand,CMP_PAI_GLA,Glasgow,Technology,1-49,Remote Support,89.5,New,0,0
L001644,CU001644,2024-10-21,Email,Email,CMP_EMA_LON,London,Professional Services,50-249,Remote Support,73.0,MQL,1,0
L001645,CU001645,2024-10-21,Events,Events,CMP_EVE_MAN,Manchester,Education,1000+,Enterprise Connectivity,61.6,SQL,1,1
L001646,CU001646,2024-10-22,Organic Search,Organic Search,CMP_ORG_LON,London,Technology,250-999,Remote Access,72.9,New,0,0
L001647,CU001647,2024-10-22,Email,Email,CMP_EMA_SHE,Sheffield,Education,250-999,Enterprise Connectivity,37.8,New,0,0
L001648,CU001648,2024-10-22,Email,Email,CMP_EMA_LIV,Liverpool,Healthcare,1-49,Enterprise Connectivity,88.4,SQL,1,1
L001649,CU001649,2024-10-22,Direct,Direct,CMP_DIR_EDI,Edinburgh,Healthcare,250-999,Security Add-on,62.8,SQL,1,1
L001650,CU001650,2024-10-22,LinkedIn,LinkedIn,CMP_LIN_BIR,Birmingham,Manufacturing,50-249,Remote Access,66.3,SQL,1,1
L001651,CU001651,2024-10-22,Partner,Partner,CMP_PAR_LEE,Leeds,Retail,1000+,Remote Support,66.9,MQL,1,0
L001652,CU001652,2024-10-23,Paid Social,Paid Social,CMP_PAI_LIV,Liverpool,Technology,1-49,Remote Support,55.6,New,0,0
L001653,CU001653,2024-10-23,Organic Search,Organic Search,CMP_ORG_BRI,Bristol,Manufacturing,250-999,Enterprise Connectivity,86.4,MQL,1,0
L001654,CU001654,2024-10-23,LinkedIn,LinkedIn,CMP_LIN_LON,London,Professional Services,1-49,Remote Access,93.7,New,0,0
L001655,CU001655,2024-10-23,Email,Email,CMP_EMA_LIV,Liverpool,Technology,50-249,Enterprise Connectivity,72.4,New,0,0
L001656,CU001656,2024-10-23,Paid Search - Non-Brand,Paid Search - Non-Brand,CMP_PAI_LIV,Liverpool,Healthcare,50-249,Remote Access,70.2,MQL,1,0
L001657,CU001657,2024-10-23,Paid Search - Non-Brand,Paid Search - Non-Brand,CMP_PAI_CAR,Cardiff,Healthcare,250-999,Security Add-on,68.9,SQL,1,1
L001658,CU001658,2024-10-23,Paid Search - Non-Brand,Paid Search - Non-Brand,CMP_PAI_LIV,Liverpool,Healthcare,50-249,Enterprise Connectivity,31.5,SQL,1,1
L001659,CU001659,2024-10-24,Events,Events,CMP_EVE_EDI,Edinburgh,Technology,50-249,Security Add-on,69.9,New,0,0
L001660,CU001660,2024-10-24,Organic Search,Organic Search,CMP_ORG_GLA,Glasgow,Technology,1000+,Remote Access,63.1,SQL,1,1
L001661,CU001661,2024-10-24,Organic Search,Organic Search,CMP_ORG_CAR,Cardiff,Healthcare,50-249,Remote Access,75.0,MQL,1,0
L001662,CU001662,2024-10-24,LinkedIn,LinkedIn,CMP_LIN_CAR,Cardiff,Retail,1000+,Remote Support,65.2,New,0,0
L001663,CU001663,2024-10-24,Paid Social,Paid Social,CMP_PAI_LIV,Liverpool,Healthcare,1-49,Remote Access,39.6,New,0,0
L001664,CU001664,2024-10-24,Organic Search,Organic Search,CMP_ORG_MAN,Manchester,Healthcare,1-49,Security Add-on,62.3,New,0,0
L001665,CU001665,2024-10-24,Email,Email,CMP_EMA_SHE,Sheffield,Manufacturing,1000+,Enterprise Connectivity,73.1,MQL,1,0
L001666,CU001666,2024-10-24,Paid Social,Paid Social,CMP_PAI_MAN,Manchester,Manufacturing,1-49,Remote Access,49.8,New,0,0
L001667,CU001667,2024-10-24,Paid Search - Non-Brand,Paid Search - Non-Brand,CMP_PAI_LON,London,Manufacturing,1000+,Remote Access,70.5,SQL,1,1
L001668,CU001668,2024-10-24,Partner,Partner,CMP_PAR_BRI,Bristol,Healthcare,250-999,Remote Access,47.3,SQL,1,1
L001669,CU001669,2024-10-25,Events,Events,CMP_EVE_LON,London,Manufacturing,1-49,Remote Support,62.7,MQL,1,0
L001670,CU001670,2024-10-25,Direct,Direct,CMP_DIR_MAN,Manchester,Technology,1-49,Security Add-on,75.1,New,0,0
L001671,CU001671,2024-10-25,Paid Search - Brand,Paid Search - Brand,CMP_PAI_CAR,Cardiff,Retail,50-249,Remote Support,49.5,MQL,1,0
L001672,CU001672,2024-10-25,Direct,Direct,CMP_DIR_BIR,Birmingham,Healthcare,50-249,Security Add-on,69.6,New,0,0
L001673,CU001673,2024-10-25,Direct,Direct,CMP_DIR_BRI,Bristol,Professional Services,50-249,Remote Access,32.2,SQL,1,1
L001674,CU001674,2024-10-25,Paid Social,Paid Social,CMP_PAI_BRI,Bristol,Education,50-249,Enterprise Connectivity,18.4,New,0,0
L001675,CU001675,2024-10-25,Paid Search - Brand,Paid Search - Brand,CMP_PAI_BIR,Birmingham,Retail,1000+,Remote Support,54.1,New,0,0
L001676,CU001676,2024-10-25,Paid Social,Paid Social,CMP_PAI_MAN,Manchester,Education,1-49,Remote Access,57.6,New,0,0
L001677,CU001677,2024-10-26,Paid Search - Non-Brand,Paid Search - Non-Brand,CMP_PAI_GLA,Glasgow,Retail,50-249,Enterprise Connectivity,68.8,New,0,0
L001678,CU001678,2024-10-26,Direct,Direct,CMP_DIR_BIR,Birmingham,Retail,1000+,Enterprise Connectivity,49.8,New,0,0
L001679,CU001679,2024-10-26,Direct,Direct,CMP_DIR_BRI,Bristol,Retail,250-999,Enterprise Connectivity,49.2,SQL,1,1
L001680,CU001680,2024-10-26,Events,Events,CMP_EVE_LIV,Liverpool,Technology,50-249,Remote Support,50.9,New,0,0
L001681,CU001681,2024-10-26,Organic Search,Organic Search,CMP_ORG_BIR,Birmingham,Healthcare,50-249,Security Add-on,72.3,New,0,0
L001682,CU001682,2024-10-26,Paid Social,Paid Social,CMP_PAI_LIV,Liverpool,Retail,1-49,Enterprise Connectivity,49.9,New,0,0
L001683,CU001683,2024-10-27,Events,Events,CMP_EVE_BIR,Birmingham,Education,1-49,Remote Support,74.0,MQL,1,0
L001684,CU001684,2024-10-27,Organic Search,Organic Search,CMP_ORG_MAN,Manchester,Education,1-49,Remote Support,53.4,MQL,1,0
L001685,CU001685,2024-10-27,LinkedIn,LinkedIn,CMP_LIN_LON,London,Professional Services,250-999,Remote Support,86.7,New,0,0
L001686,CU001686,2024-10-27,Paid Search - Non-Brand,Paid Search - Non-Brand,CMP_PAI_SHE,Sheffield,Healthcare,1-49,Remote Support,73.1,SQL,1,1
L001687,CU001687,2024-10-27,Email,Email,CMP_EMA_MAN,Manchester,Healthcare,1000+,Remote Access,65.0,New,0,0
L001688,CU001688,2024-10-28,Paid Search - Brand,Paid Search - Brand,CMP_PAI_CAR,Cardiff,Education,1000+,Enterprise Connectivity,83.0,New,0,0
L001689,CU001689,2024-10-28,LinkedIn,LinkedIn,CMP_LIN_GLA,Glasgow,Healthcare,250-999,Enterprise Connectivity,72.0,New,0,0
L001690,CU001690,2024-10-28,Partner,Partner,CMP_PAR_LIV,Liverpool,Manufacturing,250-999,Enterprise Connectivity,66.5,New,0,0
L001691,CU001691,2024-10-28,Organic Search,Organic Search,CMP_ORG_GLA,Glasgow,Education,1-49,Enterprise Connectivity,67.1,MQL,1,0
L001692,CU001692,2024-10-29,Email,Email,CMP_EMA_BIR,Birmingham,Retail,50-249,Enterprise Connectivity,87.9,New,0,0
L001693,CU001693,2024-10-29,Paid Search - Brand,Paid Search - Brand,CMP_PAI_LIV,Liverpool,Healthcare,1-49,Security Add-on,65.5,New,0,0
L001694,CU001694,2024-10-29,Paid Search - Brand,Paid Search - Brand,CMP_PAI_GLA,Glasgow,Retail,1-49,Remote Support,67.5,New,0,0
L001695,CU001695,2024-10-29,LinkedIn,LinkedIn,CMP_LIN_BRI,Bristol,Technology,250-999,Security Add-on,71.1,MQL,1,0
L001696,CU001696,2024-10-29,Paid Social,Paid Social,CMP_PAI_GLA,Glasgow,Education,1-49,Security Add-on,45.6,New,0,0
L001697,CU001697,2024-10-29,Paid Search - Brand,Paid Search - Brand,CMP_PAI_CAR,Cardiff,Healthcare,50-249,Remote Support,77.8,New,0,0
L001698,CU001698,2024-10-30,Paid Search - Brand,Paid Search - Brand,CMP_PAI_SHE,Sheffield,Professional Services,250-999,Security Add-on,44.3,New,0,0
L001699,CU001699,2024-10-30,Partner,Partner,CMP_PAR_BRI,Bristol,Retail,50-249,Security Add-on,75.6,New,0,0
L001700,CU001700,2024-10-30,Email,Email,CMP_EMA_LON,London,Retail,50-249,Enterprise Connectivity,59.0,MQL,1,0
L001701,CU001701,2024-10-30,Paid Search - Brand,Paid Search - Brand,CMP_PAI_LIV,Liverpool,Retail,250-999,Security Add-on,68.1,New,0,0
L001702,CU001702,2024-10-30,Paid Search - Non-Brand,Paid Search - Non-Brand,CMP_PAI_MAN,Manchester,Technology,1000+,Enterprise Connectivity,56.9,New,0,0
L001703,CU001703,2024-10-30,Paid Social,Paid Social,CMP_PAI_LON,London,Professional Services,50-249,Enterprise Connectivity,51.5,New,0,0
L001704,CU001704,2024-10-30,Direct,Direct,CMP_DIR_BRI,Bristol,Manufacturing,50-249,Enterprise Connectivity,61.3,New,0,0
L001705,CU001705,2024-10-30,Direct,Direct,CMP_DIR_LON,London,Technology,50-249,Remote Access,57.9,MQL,1,0
L001706,CU001706,2024-10-31,Paid Search - Brand,Paid Search - Brand,CMP_PAI_LON,London,Professional Services,250-999,Remote Support,63.6,New,0,0
L001707,CU001707,2024-10-31,Paid Search - Brand,Paid Search - Brand,CMP_PAI_EDI,Edinburgh,Technology,1-49,Security Add-on,75.3,MQL,1,0
L001708,CU001708,2024-10-31,Events,Events,CMP_EVE_BIR,Birmingham,Technology,250-999,Security Add-on,87.6,New,0,0
L001709,CU001709,2024-10-31,Paid Search - Non-Brand,Paid Search - Non-Brand,CMP_PAI_MAN,Manchester,Manufacturing,1-49,Remote Access,82.9,SQL,1,1
L001710,CU001710,2024-10-31,Paid Search - Brand,Paid Search - Brand,CMP_PAI_LON,London,Healthcare,50-249,Security Add-on,55.6,New,0,0
L001711,CU001711,2024-10-31,LinkedIn,LinkedIn,CMP_LIN_SHE,Sheffield,Manufacturing,50-249,Enterprise Connectivity,65.7,MQL,1,0
L001712,CU001712,2024-10-31,Organic Search,Organic Search,CMP_ORG_CAR,Cardiff,Healthcare,250-999,Security Add-on,84.0,SQL,1,1
L001713,CU001713,2024-11-01,Partner,Partner,CMP_PAR_BIR,Birmingham,Retail,250-999,Security Add-on,55.4,New,0,0
L001714,CU001714,2024-11-01,Direct,Direct,CMP_DIR_GLA,Glasgow,Technology,1000+,Enterprise Connectivity,53.0,New,0,0
L001715,CU001715,2024-11-01,Paid Search - Non-Brand,Paid Search - Non-Brand,CMP_PAI_GLA,Glasgow,Education,1000+,Security Add-on,45.3,New,0,0
L001716,CU001716,2024-11-02,Paid Search - Non-Brand,Paid Search - Non-Brand,CMP_PAI_BRI,Bristol,Healthcare,1000+,Remote Support,57.6,New,0,0
L001717,CU001717,2024-11-02,Paid Search - Non-Brand,Paid Search - Non-Brand,CMP_PAI_CAR,Cardiff,Education,50-249,Remote Access,72.7,MQL,1,0
L001718,CU001718,2024-11-03,Events,Events,CMP_EVE_LON,London,Retail,1-49,Remote Access,53.8,New,0,0
L001719,CU001719,2024-11-03,Paid Search - Non-Brand,Paid Search - Non-Brand,CMP_PAI_GLA,Glasgow,Technology,50-249,Enterprise Connectivity,73.1,SQL,1,1
L001720,CU001720,2024-11-03,Organic Search,Organic Search,CMP_ORG_LON,London,Technology,250-999,Security Add-on,74.1,MQL,1,0
L001721,CU001721,2024-11-03,Paid Social,Paid Social,CMP_PAI_LEE,Leeds,Education,1000+,Security Add-on,69.6,MQL,1,0
L001722,CU001722,2024-11-04,Direct,Direct,CMP_DIR_LIV,Liverpool,Technology,1000+,Security Add-on,71.0,SQL,1,1
L001723,CU001723,2024-11-04,Email,Email,CMP_EMA_BRI,Bristol,Technology,250-999,Remote Access,76.9,New,0,0
L001724,CU001724,2024-11-04,Partner,Partner,CMP_PAR_BIR,Birmingham,Manufacturing,50-249,Remote Access,42.8,SQL,1,1
L001725,CU001725,2024-11-05,Paid Search - Non-Brand,Paid Search - Non-Brand,CMP_PAI_LEE,Leeds,Education,1-49,Security Add-on,72.4,New,0,0
L001726,CU001726,2024-11-05,Email,Email,CMP_EMA_LON,London,Technology,1-49,Security Add-on,63.4,New,0,0
L001727,CU001727,2024-11-05,Partner,Partner,CMP_PAR_LON,London,Manufacturing,250-999,Security Add-on,69.1,MQL,1,0
L001728,CU001728,2024-11-05,LinkedIn,LinkedIn,CMP_LIN_SHE,Sheffield,Education,1000+,Security Add-on,85.6,New,0,0
L001729,CU001729,2024-11-05,Paid Search - Brand,Paid Search - Brand,CMP_PAI_LEE,Leeds,Education,250-999,Remote Access,66.3,New,0,0
L001730,CU001730,2024-11-05,Events,Events,CMP_EVE_BIR,Birmingham,Technology,1-49,Remote Access,68.2,New,0,0
L001731,CU001731,2024-11-05,Organic Search,Organic Search,CMP_ORG_MAN,Manchester,Professional Services,50-249,Security Add-on,53.1,New,0,0
L001732,CU001732,2024-11-05,Email,Email,CMP_EMA_MAN,Manchester,Technology,1-49,Security Add-on,80.4,New,0,0
L001733,CU001733,2024-11-05,LinkedIn,LinkedIn,CMP_LIN_CAR,Cardiff,Professional Services,1000+,Remote Support,76.8,SQL,1,1
L001734,CU001734,2024-11-06,LinkedIn,LinkedIn,CMP_LIN_LON,London,Retail,50-249,Remote Access,61.3,SQL,1,1
L001735,CU001735,2024-11-06,Paid Search - Brand,Paid Search - Brand,CMP_PAI_MAN,Manchester,Professional Services,1-49,Security Add-on,56.3,MQL,1,0
L001736,CU001736,2024-11-07,Paid Social,Paid Social,CMP_PAI_MAN,Manchester,Retail,1-49,Remote Support,50.0,New,0,0
L001737,CU001737,2024-11-07,Paid Social,Paid Social,CMP_PAI_BRI,Bristol,Healthcare,1-49,Security Add-on,37.3,New,0,0
L001738,CU001738,2024-11-07,Paid Search - Brand,Paid Search - Brand,CMP_PAI_MAN,Manchester,Professional Services,1-49,Security Add-on,49.2,New,0,0
L001739,CU001739,2024-11-07,Paid Social,Paid Social,CMP_PAI_LIV,Liverpool,Education,50-249,Remote Support,69.2,New,0,0
L001740,CU001740,2024-11-07,Paid Search - Brand,Paid Search - Brand,CMP_PAI_BIR,Birmingham,Education,250-999,Remote Access,58.6,SQL,1,1
L001741,CU001741,2024-11-07,Paid Search - Non-Brand,Paid Search - Non-Brand,CMP_PAI_MAN,Manchester,Retail,1-49,Security Add-on,67.1,New,0,0
L001742,CU001742,2024-11-07,Email,Email,CMP_EMA_LIV,Liverpool,Retail,250-999,Security Add-on,35.6,New,0,0
L001743,CU001743,2024-11-07,Display,Display,CMP_DIS_GLA,Glasgow,Professional Services,1000+,Remote Support,66.1,New,0,0
L001744,CU001744,2024-11-07,Partner,Partner,CMP_PAR_MAN,Manchester,Technology,50-249,Remote Support,64.9,SQL,1,1
L001745,CU001745,2024-11-07,Direct,Direct,CMP_DIR_CAR,Cardiff,Technology,50-249,Security Add-on,64.4,New,0,0
L001746,CU001746,2024-11-08,Email,Email,CMP_EMA_CAR,Cardiff,Retail,250-999,Enterprise Connectivity,65.9,New,0,0
L001747,CU001747,2024-11-08,Paid Search - Brand,Paid Search - Brand,CMP_PAI_LIV,Liverpool,Healthcare,1000+,Remote Support,69.3,New,0,0
L001748,CU001748,2024-11-08,LinkedIn,LinkedIn,CMP_LIN_CAR,Cardiff,Manufacturing,1000+,Enterprise Connectivity,81.5,MQL,1,0
L001749,CU001749,2024-11-08,Organic Search,Organic Search,CMP_ORG_LIV,Liverpool,Retail,1-49,Remote Support,70.2,MQL,1,0
L001750,CU001750,2024-11-08,Paid Social,Paid Social,CMP_PAI_LON,London,Healthcare,250-999,Security Add-on,61.6,New,0,0
L001751,CU001751,2024-11-08,Direct,Direct,CMP_DIR_SHE,Sheffield,Technology,50-249,Enterprise Connectivity,57.3,New,0,0
L001752,CU001752,2024-11-09,Direct,Direct,CMP_DIR_LIV,Liverpool,Retail,1000+,Remote Support,65.9,New,0,0
L001753,CU001753,2024-11-09,Events,Events,CMP_EVE_BIR,Birmingham,Education,250-999,Remote Support,47.5,New,0,0
L001754,CU001754,2024-11-09,Organic Search,Organic Search,CMP_ORG_CAR,Cardiff,Healthcare,50-249,Security Add-on,48.4,MQL,1,0
L001755,CU001755,2024-11-09,LinkedIn,LinkedIn,CMP_LIN_LIV,Liverpool,Healthcare,1000+,Enterprise Connectivity,72.4,New,0,0
L001756,CU001756,2024-11-09,Paid Search - Non-Brand,Paid Search - Non-Brand,CMP_PAI_LIV,Liverpool,Retail,50-249,Remote Support,65.4,New,0,0
L001757,CU001757,2024-11-10,Paid Search - Non-Brand,Paid Search - Non-Brand,CMP_PAI_LON,London,Professional Services,50-249,Security Add-on,89.9,SQL,1,1
L001758,CU001758,2024-11-10,Email,Email,CMP_EMA_LON,London,Manufacturing,50-249,Security Add-on,55.3,New,0,0
L001759,CU001759,2024-11-10,Direct,Direct,CMP_DIR_LEE,Leeds,Technology,50-249,Enterprise Connectivity,44.1,New,0,0
L001760,CU001760,2024-11-10,Organic Search,Organic Search,CMP_ORG_EDI,Edinburgh,Healthcare,1000+,Enterprise Connectivity,59.8,MQL,1,0
L001761,CU001761,2024-11-10,Paid Search - Non-Brand,Paid Search - Non-Brand,CMP_PAI_MAN,Manchester,Technology,250-999,Enterprise Connectivity,62.6,New,0,0
L001762,CU001762,2024-11-10,LinkedIn,LinkedIn,CMP_LIN_LEE,Leeds,Healthcare,1000+,Security Add-on,83.3,New,0,0
L001763,CU001763,2024-11-10,Direct,Direct,CMP_DIR_GLA,Glasgow,Retail,1-49,Remote Access,53.1,New,0,0
L001764,CU001764,2024-11-10,Paid Search - Brand,Paid Search - Brand,CMP_PAI_GLA,Glasgow,Manufacturing,250-999,Remote Support,62.9,MQL,1,0
L001765,CU001765,2024-11-10,Direct,Direct,CMP_DIR_LIV,Liverpool,Retail,50-249,Enterprise Connectivity,54.9,MQL,1,0
L001766,CU001766,2024-11-11,Paid Search - Non-Brand,Paid Search - Non-Brand,CMP_PAI_LON,London,Education,50-249,Remote Access,57.2,New,0,0
L001767,CU001767,2024-11-11,Paid Search - Brand,Paid Search - Brand,CMP_PAI_LON,London,Retail,1000+,Security Add-on,86.4,New,0,0
L001768,CU001768,2024-11-11,Paid Search - Brand,Paid Search - Brand,CMP_PAI_BIR,Birmingham,Retail,1-49,Enterprise Connectivity,49.4,New,0,0
L001769,CU001769,2024-11-11,Paid Search - Brand,Paid Search - Brand,CMP_PAI_LIV,Liverpool,Technology,50-249,Remote Access,51.5,New,0,0
L001770,CU001770,2024-11-11,Direct,Direct,CMP_DIR_LEE,Leeds,Manufacturing,50-249,Enterprise Connectivity,47.8,New,0,0
L001771,CU001771,2024-11-12,Paid Search - Non-Brand,Paid Search - Non-Brand,CMP_PAI_GLA,Glasgow,Retail,1000+,Remote Access,59.4,MQL,1,0
L001772,CU001772,2024-11-12,Email,Email,CMP_EMA_LIV,Liverpool,Education,1000+,Security Add-on,54.6,MQL,1,0
L001773,CU001773,2024-11-12,Email,Email,CMP_EMA_LON,London,Manufacturing,1-49,Remote Support,60.0,New,0,0
L001774,CU001774,2024-11-12,Partner,Partner,CMP_PAR_CAR,Cardiff,Healthcare,250-999,Enterprise Connectivity,44.3,SQL,1,1
L001775,CU001775,2024-11-12,Paid Search - Non-Brand,Paid Search - Non-Brand,CMP_PAI_LEE,Leeds,Education,50-249,Security Add-on,51.3,New,0,0
L001776,CU001776,2024-11-12,Direct,Direct,CMP_DIR_BRI,Bristol,Healthcare,1-49,Remote Access,46.6,New,0,0
L001777,CU001777,2024-11-12,Organic Search,Organic Search,CMP_ORG_MAN,Manchester,Professional Services,50-249,Enterprise Connectivity,67.2,SQL,1,1
L001778,CU001778,2024-11-13,Organic Search,Organic Search,CMP_ORG_MAN,Manchester,Manufacturing,1000+,Security Add-on,58.1,New,0,0
L001779,CU001779,2024-11-13,Display,Display,CMP_DIS_MAN,Manchester,Manufacturing,250-999,Security Add-on,80.3,MQL,1,0
L001780,CU001780,2024-11-13,Paid Social,Paid Social,CMP_PAI_BIR,Birmingham,Education,1000+,Security Add-on,24.6,New,0,0
L001781,CU001781,2024-11-13,Events,Events,CMP_EVE_LEE,Leeds,Professional Services,50-249,Remote Access,64.7,New,0,0
L001782,CU001782,2024-11-13,Paid Search - Brand,Paid Search - Brand,CMP_PAI_GLA,Glasgow,Professional Services,250-999,Remote Support,68.1,New,0,0
L001783,CU001783,2024-11-13,Events,Events,CMP_EVE_EDI,Edinburgh,Manufacturing,1-49,Security Add-on,63.3,New,0,0
L001784,CU001784,2024-11-13,Direct,Direct,CMP_DIR_MAN,Manchester,Healthcare,50-249,Security Add-on,68.6,MQL,1,0
L001785,CU001785,2024-11-14,Paid Search - Brand,Paid Search - Brand,CMP_PAI_BIR,Birmingham,Technology,250-999,Security Add-on,62.5,New,0,0
L001786,CU001786,2024-11-14,Organic Search,Organic Search,CMP_ORG_LIV,Liverpool,Retail,50-249,Security Add-on,55.9,MQL,1,0
L001787,CU001787,2024-11-14,Paid Search - Brand,Paid Search - Brand,CMP_PAI_LEE,Leeds,Education,1000+,Remote Support,49.7,New,0,0
L001788,CU001788,2024-11-14,Paid Search - Brand,Paid Search - Brand,CMP_PAI_BIR,Birmingham,Healthcare,50-249,Remote Support,64.0,SQL,1,1
L001789,CU001789,2024-11-14,Direct,Direct,CMP_DIR_LIV,Liverpool,Retail,1-49,Security Add-on,35.6,New,0,0
L001790,CU001790,2024-11-14,LinkedIn,LinkedIn,CMP_LIN_LON,London,Education,50-249,Remote Support,58.4,New,0,0
L001791,CU001791,2024-11-14,Paid Search - Non-Brand,Paid Search - Non-Brand,CMP_PAI_GLA,Glasgow,Healthcare,1000+,Remote Support,83.1,New,0,0
L001792,CU001792,2024-11-14,Partner,Partner,CMP_PAR_LEE,Leeds,Healthcare,1000+,Remote Support,69.6,MQL,1,0
L001793,CU001793,2024-11-14,LinkedIn,LinkedIn,CMP_LIN_LON,London,Professional Services,1000+,Enterprise Connectivity,75.9,SQL,1,1
L001794,CU001794,2024-11-15,Paid Search - Brand,Paid Search - Brand,CMP_PAI_SHE,Sheffield,Retail,250-999,Security Add-on,65.4,New,0,0
L001795,CU001795,2024-11-16,Paid Search - Brand,Paid Search - Brand,CMP_PAI_BIR,Birmingham,Professional Services,50-249,Security Add-on,69.7,New,0,0
L001796,CU001796,2024-11-16,YouTube,YouTube,CMP_YOU_BIR,Birmingham,Professional Services,50-249,Security Add-on,70.6,SQL,1,1
L001797,CU001797,2024-11-16,Paid Social,Paid Social,CMP_PAI_MAN,Manchester,Healthcare,1-49,Remote Support,56.8,SQL,1,1
L001798,CU001798,2024-11-16,Events,Events,CMP_EVE_MAN,Manchester,Healthcare,250-999,Enterprise Connectivity,31.7,New,0,0
L001799,CU001799,2024-11-16,Paid Search - Non-Brand,Paid Search - Non-Brand,CMP_PAI_LON,London,Retail,1-49,Remote Support,67.3,MQL,1,0
L001800,CU001800,2024-11-16,Paid Search - Brand,Paid Search - Brand,CMP_PAI_MAN,Manchester,Technology,1-49,Enterprise Connectivity,60.7,SQL,1,1
L001801,CU001801,2024-11-17,Organic Search,Organic Search,CMP_ORG_SHE,Sheffield,Retail,1-49,Enterprise Connectivity,49.7,SQL,1,1
L001802,CU001802,2024-11-17,Email,Email,CMP_EMA_MAN,Manchester,Retail,50-249,Remote Support,63.8,SQL,1,1
L001803,CU001803,2024-11-17,Paid Search - Brand,Paid Search - Brand,CMP_PAI_BIR,Birmingham,Manufacturing,250-999,Security Add-on,61.1,New,0,0
L001804,CU001804,2024-11-17,Events,Events,CMP_EVE_LEE,Leeds,Professional Services,1-49,Remote Support,82.0,New,0,0
L001805,CU001805,2024-11-17,Paid Social,Paid Social,CMP_PAI_GLA,Glasgow,Retail,1-49,Enterprise Connectivity,58.4,New,0,0
L001806,CU001806,2024-11-17,Paid Social,Paid Social,CMP_PAI_LIV,Liverpool,Retail,250-999,Enterprise Connectivity,40.0,New,0,0
L001807,CU001807,2024-11-18,Organic Search,Organic Search,CMP_ORG_MAN,Manchester,Professional Services,250-999,Remote Support,56.4,SQL,1,1
L001808,CU001808,2024-11-18,Direct,Direct,CMP_DIR_BRI,Bristol,Retail,1000+,Remote Access,59.8,SQL,1,1
L001809,CU001809,2024-11-18,Paid Search - Brand,Paid Search - Brand,CMP_PAI_LON,London,Healthcare,50-249,Remote Access,66.2,New,0,0
L001810,CU001810,2024-11-18,Events,Events,CMP_EVE_GLA,Glasgow,Manufacturing,50-249,Enterprise Connectivity,48.3,New,0,0
L001811,CU001811,2024-11-18,Paid Search - Non-Brand,Paid Search - Non-Brand,CMP_PAI_LIV,Liverpool,Professional Services,1-49,Remote Access,35.2,MQL,1,0
L001812,CU001812,2024-11-19,Events,Events,CMP_EVE_BIR,Birmingham,Retail,1-49,Security Add-on,86.3,SQL,1,1
L001813,CU001813,2024-11-19,Paid Social,Paid Social,CMP_PAI_GLA,Glasgow,Professional Services,50-249,Remote Access,44.6,New,0,0
L001814,CU001814,2024-11-19,Paid Search - Non-Brand,Paid Search - Non-Brand,CMP_PAI_SHE,Sheffield,Manufacturing,1-49,Security Add-on,78.8,New,0,0
L001815,CU001815,2024-11-20,Paid Search - Brand,Paid Search - Brand,CMP_PAI_BIR,Birmingham,Technology,250-999,Enterprise Connectivity,70.9,MQL,1,0
L001816,CU001816,2024-11-20,Organic Search,Organic Search,CMP_ORG_SHE,Sheffield,Professional Services,1-49,Remote Access,67.8,SQL,1,1
L001817,CU001817,2024-11-20,Paid Social,Paid Social,CMP_PAI_LIV,Liverpool,Technology,1-49,Security Add-on,72.6,New,0,0
L001818,CU001818,2024-11-20,LinkedIn,LinkedIn,CMP_LIN_LON,London,Professional Services,1000+,Enterprise Connectivity,82.5,SQL,1,1
L001819,CU001819,2024-11-20,Paid Search - Non-Brand,Paid Search - Non-Brand,CMP_PAI_SHE,Sheffield,Professional Services,50-249,Enterprise Connectivity,79.4,New,0,0
L001820,CU001820,2024-11-20,Paid Search - Brand,Paid Search - Brand,CMP_PAI_LON,London,Education,50-249,Remote Access,68.1,MQL,1,0
L001821,CU001821,2024-11-20,YouTube,YouTube,CMP_YOU_BRI,Bristol,Technology,250-999,Remote Support,62.4,SQL,1,1
L001822,CU001822,2024-11-20,Paid Search - Brand,Paid Search - Brand,CMP_PAI_SHE,Sheffield,Manufacturing,250-999,Remote Access,78.0,SQL,1,1
L001823,CU001823,2024-11-20,Email,Email,CMP_EMA_BRI,Bristol,Manufacturing,250-999,Enterprise Connectivity,72.3,MQL,1,0
L001824,CU001824,2024-11-20,Events,Events,CMP_EVE_EDI,Edinburgh,Healthcare,50-249,Remote Access,76.6,SQL,1,1
L001825,CU001825,2024-11-20,Paid Search - Non-Brand,Paid Search - Non-Brand,CMP_PAI_LIV,Liverpool,Healthcare,1000+,Remote Support,81.6,New,0,0
L001826,CU001826,2024-11-20,Paid Search - Brand,Paid Search - Brand,CMP_PAI_MAN,Manchester,Healthcare,250-999,Remote Access,46.7,SQL,1,1
L001827,CU001827,2024-11-20,Email,Email,CMP_EMA_LEE,Leeds,Professional Services,1000+,Remote Access,65.1,MQL,1,0
L001828,CU001828,2024-11-21,Direct,Direct,CMP_DIR_EDI,Edinburgh,Technology,250-999,Remote Access,73.8,New,0,0
L001829,CU001829,2024-11-21,Email,Email,CMP_EMA_CAR,Cardiff,Retail,1-49,Enterprise Connectivity,54.9,New,0,0
L001830,CU001830,2024-11-21,Organic Search,Organic Search,CMP_ORG_BRI,Bristol,Manufacturing,50-249,Remote Access,66.0,New,0,0
L001831,CU001831,2024-11-21,Direct,Direct,CMP_DIR_SHE,Sheffield,Education,1-49,Remote Access,53.3,New,0,0
L001832,CU001832,2024-11-21,Paid Search - Brand,Paid Search - Brand,CMP_PAI_EDI,Edinburgh,Retail,1-49,Remote Access,67.7,New,0,0
L001833,CU001833,2024-11-21,LinkedIn,LinkedIn,CMP_LIN_MAN,Manchester,Education,50-249,Security Add-on,80.8,SQL,1,1
L001834,CU001834,2024-11-21,Partner,Partner,CMP_PAR_EDI,Edinburgh,Professional Services,1000+,Enterprise Connectivity,78.3,SQL,1,1
L001835,CU001835,2024-11-21,Paid Search - Non-Brand,Paid Search - Non-Brand,CMP_PAI_LON,London,Healthcare,1-49,Remote Access,38.0,New,0,0
L001836,CU001836,2024-11-22,Organic Search,Organic Search,CMP_ORG_CAR,Cardiff,Education,50-249,Remote Support,86.2,MQL,1,0
L001837,CU001837,2024-11-22,Events,Events,CMP_EVE_LIV,Liverpool,Technology,50-249,Enterprise Connectivity,75.5,SQL,1,1
L001838,CU001838,2024-11-22,Events,Events,CMP_EVE_EDI,Edinburgh,Healthcare,1-49,Security Add-on,84.2,New,0,0
L001839,CU001839,2024-11-22,Paid Social,Paid Social,CMP_PAI_LEE,Leeds,Education,1000+,Enterprise Connectivity,50.0,New,0,0
L001840,CU001840,2024-11-22,LinkedIn,LinkedIn,CMP_LIN_LON,London,Healthcare,1000+,Security Add-on,67.8,New,0,0
L001841,CU001841,2024-11-22,Events,Events,CMP_EVE_LON,London,Professional Services,250-999,Remote Support,29.5,SQL,1,1
L001842,CU001842,2024-11-22,Events,Events,CMP_EVE_LON,London,Retail,1-49,Security Add-on,39.3,SQL,1,1
L001843,CU001843,2024-11-23,Paid Search - Brand,Paid Search - Brand,CMP_PAI_BIR,Birmingham,Retail,250-999,Remote Access,77.1,SQL,1,1
L001844,CU001844,2024-11-23,Paid Search - Brand,Paid Search - Brand,CMP_PAI_BRI,Bristol,Manufacturing,50-249,Remote Support,63.2,SQL,1,1
L001845,CU001845,2024-11-23,Paid Social,Paid Social,CMP_PAI_SHE,Sheffield,Retail,1-49,Security Add-on,57.1,New,0,0
L001846,CU001846,2024-11-23,Paid Search - Brand,Paid Search - Brand,CMP_PAI_BRI,Bristol,Professional Services,250-999,Security Add-on,78.5,New,0,0
L001847,CU001847,2024-11-24,Direct,Direct,CMP_DIR_CAR,Cardiff,Education,50-249,Remote Support,81.6,SQL,1,1
L001848,CU001848,2024-11-24,Paid Search - Non-Brand,Paid Search - Non-Brand,CMP_PAI_LEE,Leeds,Education,1000+,Security Add-on,91.2,MQL,1,0
L001849,CU001849,2024-11-24,Email,Email,CMP_EMA_SHE,Sheffield,Retail,1000+,Security Add-on,76.5,MQL,1,0
L001850,CU001850,2024-11-24,Paid Search - Non-Brand,Paid Search - Non-Brand,CMP_PAI_BIR,Birmingham,Professional Services,1000+,Remote Access,57.2,SQL,1,1
L001851,CU001851,2024-11-25,Paid Search - Brand,Paid Search - Brand,CMP_PAI_GLA,Glasgow,Education,1-49,Enterprise Connectivity,43.8,SQL,1,1
L001852,CU001852,2024-11-25,Paid Social,Paid Social,CMP_PAI_GLA,Glasgow,Education,50-249,Remote Access,65.2,SQL,1,1
L001853,CU001853,2024-11-25,Partner,Partner,CMP_PAR_SHE,Sheffield,Healthcare,50-249,Remote Support,73.2,SQL,1,1
L001854,CU001854,2024-11-25,Email,Email,CMP_EMA_BRI,Bristol,Manufacturing,50-249,Enterprise Connectivity,83.0,MQL,1,0
L001855,CU001855,2024-11-25,LinkedIn,LinkedIn,CMP_LIN_LON,London,Technology,1-49,Security Add-on,80.2,SQL,1,1
L001856,CU001856,2024-11-26,Partner,Partner,CMP_PAR_MAN,Manchester,Retail,1-49,Remote Access,59.6,SQL,1,1
L001857,CU001857,2024-11-26,Organic Search,Organic Search,CMP_ORG_LIV,Liverpool,Manufacturing,50-249,Security Add-on,74.3,New,0,0
L001858,CU001858,2024-11-26,Paid Social,Paid Social,CMP_PAI_GLA,Glasgow,Retail,50-249,Remote Access,69.3,MQL,1,0
L001859,CU001859,2024-11-26,Paid Search - Non-Brand,Paid Search - Non-Brand,CMP_PAI_LIV,Liverpool,Retail,1000+,Enterprise Connectivity,37.5,New,0,0
L001860,CU001860,2024-11-26,Direct,Direct,CMP_DIR_LIV,Liverpool,Technology,50-249,Enterprise Connectivity,42.2,SQL,1,1
L001861,CU001861,2024-11-26,Paid Search - Brand,Paid Search - Brand,CMP_PAI_MAN,Manchester,Education,250-999,Security Add-on,57.0,New,0,0
L001862,CU001862,2024-11-26,Direct,Direct,CMP_DIR_LIV,Liverpool,Professional Services,1000+,Remote Support,66.8,SQL,1,1
L001863,CU001863,2024-11-26,Direct,Direct,CMP_DIR_SHE,Sheffield,Education,1000+,Enterprise Connectivity,53.1,New,0,0
L001864,CU001864,2024-11-27,Organic Search,Organic Search,CMP_ORG_BIR,Birmingham,Education,250-999,Security Add-on,65.0,New,0,0
L001865,CU001865,2024-11-27,Organic Search,Organic Search,CMP_ORG_LIV,Liverpool,Retail,50-249,Security Add-on,81.5,New,0,0
L001866,CU001866,2024-11-27,Direct,Direct,CMP_DIR_BRI,Bristol,Retail,50-249,Enterprise Connectivity,26.5,New,0,0
L001867,CU001867,2024-11-27,Events,Events,CMP_EVE_SHE,Sheffield,Professional Services,50-249,Remote Support,54.7,SQL,1,1
L001868,CU001868,2024-11-27,YouTube,YouTube,CMP_YOU_LON,London,Healthcare,50-249,Enterprise Connectivity,33.6,MQL,1,0
L001869,CU001869,2024-11-27,Email,Email,CMP_EMA_BRI,Bristol,Technology,1000+,Remote Support,85.0,SQL,1,1
L001870,CU001870,2024-11-27,Organic Search,Organic Search,CMP_ORG_MAN,Manchester,Professional Services,1-49,Enterprise Connectivity,75.9,New,0,0
L001871,CU001871,2024-11-27,Direct,Direct,CMP_DIR_LIV,Liverpool,Technology,50-249,Remote Access,65.4,SQL,1,1
L001872,CU001872,2024-11-27,Direct,Direct,CMP_DIR_LEE,Leeds,Healthcare,250-999,Enterprise Connectivity,56.0,New,0,0
L001873,CU001873,2024-11-27,Paid Social,Paid Social,CMP_PAI_BIR,Birmingham,Healthcare,1-49,Enterprise Connectivity,48.4,New,0,0
L001874,CU001874,2024-11-28,Direct,Direct,CMP_DIR_LEE,Leeds,Manufacturing,50-249,Remote Access,60.7,MQL,1,0
L001875,CU001875,2024-11-28,Paid Search - Non-Brand,Paid Search - Non-Brand,CMP_PAI_GLA,Glasgow,Technology,50-249,Security Add-on,60.2,SQL,1,1
L001876,CU001876,2024-11-28,Organic Search,Organic Search,CMP_ORG_MAN,Manchester,Technology,1-49,Remote Support,61.1,SQL,1,1
L001877,CU001877,2024-11-28,Events,Events,CMP_EVE_SHE,Sheffield,Retail,1-49,Enterprise Connectivity,74.3,New,0,0
L001878,CU001878,2024-11-28,Events,Events,CMP_EVE_BIR,Birmingham,Manufacturing,50-249,Remote Access,57.8,MQL,1,0
L001879,CU001879,2024-11-28,Events,Events,CMP_EVE_BIR,Birmingham,Retail,1-49,Remote Access,57.5,New,0,0
L001880,CU001880,2024-11-28,YouTube,YouTube,CMP_YOU_LIV,Liverpool,Retail,1-49,Enterprise Connectivity,57.9,MQL,1,0
L001881,CU001881,2024-11-29,Paid Social,Paid Social,CMP_PAI_GLA,Glasgow,Technology,1-49,Remote Access,51.9,MQL,1,0
L001882,CU001882,2024-11-29,Paid Social,Paid Social,CMP_PAI_SHE,Sheffield,Retail,50-249,Remote Support,67.5,New,0,0
L001883,CU001883,2024-11-29,Paid Search - Brand,Paid Search - Brand,CMP_PAI_BRI,Bristol,Healthcare,1000+,Enterprise Connectivity,42.9,SQL,1,1
L001884,CU001884,2024-11-29,Partner,Partner,CMP_PAR_LON,London,Technology,250-999,Remote Access,74.8,New,0,0
L001885,CU001885,2024-11-29,Paid Search - Brand,Paid Search - Brand,CMP_PAI_GLA,Glasgow,Professional Services,50-249,Security Add-on,84.0,New,0,0
L001886,CU001886,2024-11-29,Organic Search,Organic Search,CMP_ORG_GLA,Glasgow,Healthcare,1000+,Remote Access,86.6,MQL,1,0
L001887,CU001887,2024-11-29,Paid Social,Paid Social,CMP_PAI_BIR,Birmingham,Healthcare,50-249,Security Add-on,56.7,MQL,1,0
L001888,CU001888,2024-11-29,Direct,Direct,CMP_DIR_SHE,Sheffield,Professional Services,50-249,Security Add-on,32.9,New,0,0
L001889,CU001889,2024-11-29,Email,Email,CMP_EMA_MAN,Manchester,Education,250-999,Remote Access,84.1,SQL,1,1
L001890,CU001890,2024-11-30,Paid Search - Non-Brand,Paid Search - Non-Brand,CMP_PAI_BIR,Birmingham,Retail,50-249,Security Add-on,64.8,SQL,1,1
L001891,CU001891,2024-11-30,Paid Search - Non-Brand,Paid Search - Non-Brand,CMP_PAI_LEE,Leeds,Technology,1-49,Remote Access,67.7,SQL,1,1
L001892,CU001892,2024-11-30,Email,Email,CMP_EMA_EDI,Edinburgh,Education,1000+,Remote Support,76.8,MQL,1,0
L001893,CU001893,2024-11-30,Paid Search - Non-Brand,Paid Search - Non-Brand,CMP_PAI_BIR,Birmingham,Professional Services,50-249,Enterprise Connectivity,66.5,SQL,1,1
L001894,CU001894,2024-11-30,Paid Search - Brand,Paid Search - Brand,CMP_PAI_CAR,Cardiff,Professional Services,1-49,Security Add-on,78.1,New,0,0
L001895,CU001895,2024-11-30,LinkedIn,LinkedIn,CMP_LIN_LON,London,Retail,250-999,Enterprise Connectivity,83.3,New,0,0
L001896,CU001896,2024-11-30,Paid Social,Paid Social,CMP_PAI_SHE,Sheffield,Professional Services,50-249,Remote Support,35.7,New,0,0
L001897,CU001897,2024-12-01,Paid Search - Non-Brand,Paid Search - Non-Brand,CMP_PAI_BRI,Bristol,Retail,1-49,Remote Support,66.2,MQL,1,0
L001898,CU001898,2024-12-01,Partner,Partner,CMP_PAR_LEE,Leeds,Technology,250-999,Remote Access,56.1,SQL,1,1
L001899,CU001899,2024-12-01,Email,Email,CMP_EMA_SHE,Sheffield,Healthcare,50-249,Enterprise Connectivity,64.3,New,0,0
L001900,CU001900,2024-12-01,Events,Events,CMP_EVE_LON,London,Manufacturing,1000+,Remote Support,64.2,SQL,1,1
L001901,CU001901,2024-12-02,Organic Search,Organic Search,CMP_ORG_LON,London,Manufacturing,1000+,Enterprise Connectivity,74.6,SQL,1,1
L001902,CU001902,2024-12-02,LinkedIn,LinkedIn,CMP_LIN_EDI,Edinburgh,Healthcare,1-49,Remote Support,82.5,SQL,1,1
L001903,CU001903,2024-12-02,Paid Search - Brand,Paid Search - Brand,CMP_PAI_LON,London,Manufacturing,250-999,Security Add-on,31.7,MQL,1,0
L001904,CU001904,2024-12-02,Paid Search - Brand,Paid Search - Brand,CMP_PAI_BIR,Birmingham,Healthcare,1000+,Security Add-on,56.0,New,0,0
L001905,CU001905,2024-12-02,Organic Search,Organic Search,CMP_ORG_LIV,Liverpool,Healthcare,50-249,Enterprise Connectivity,72.0,SQL,1,1
L001906,CU001906,2024-12-02,Paid Search - Non-Brand,Paid Search - Non-Brand,CMP_PAI_MAN,Manchester,Education,1-49,Remote Support,99.6,SQL,1,1
L001907,CU001907,2024-12-02,Direct,Direct,CMP_DIR_LON,London,Manufacturing,50-249,Security Add-on,55.9,SQL,1,1
L001908,CU001908,2024-12-02,Events,Events,CMP_EVE_BIR,Birmingham,Education,1-49,Remote Access,91.4,SQL,1,1
L001909,CU001909,2024-12-03,Partner,Partner,CMP_PAR_LON,London,Technology,1-49,Security Add-on,63.3,MQL,1,0
L001910,CU001910,2024-12-03,Paid Search - Non-Brand,Paid Search - Non-Brand,CMP_PAI_BRI,Bristol,Manufacturing,250-999,Remote Support,74.8,SQL,1,1
L001911,CU001911,2024-12-03,Partner,Partner,CMP_PAR_LON,London,Education,50-249,Security Add-on,41.1,New,0,0
L001912,CU001912,2024-12-03,Email,Email,CMP_EMA_LEE,Leeds,Retail,250-999,Remote Access,62.1,SQL,1,1
L001913,CU001913,2024-12-03,Paid Search - Non-Brand,Paid Search - Non-Brand,CMP_PAI_SHE,Sheffield,Technology,1000+,Security Add-on,71.3,MQL,1,0
L001914,CU001914,2024-12-03,Events,Events,CMP_EVE_MAN,Manchester,Retail,50-249,Security Add-on,45.2,New,0,0
L001915,CU001915,2024-12-04,LinkedIn,LinkedIn,CMP_LIN_LEE,Leeds,Retail,1000+,Remote Access,84.7,New,0,0
L001916,CU001916,2024-12-04,Events,Events,CMP_EVE_MAN,Manchester,Retail,1-49,Security Add-on,64.3,SQL,1,1
L001917,CU001917,2024-12-04,Paid Search - Brand,Paid Search - Brand,CMP_PAI_GLA,Glasgow,Healthcare,1000+,Enterprise Connectivity,59.6,MQL,1,0
L001918,CU001918,2024-12-04,Paid Search - Non-Brand,Paid Search - Non-Brand,CMP_PAI_GLA,Glasgow,Education,1000+,Remote Access,78.0,New,0,0
L001919,CU001919,2024-12-05,Paid Search - Non-Brand,Paid Search - Non-Brand,CMP_PAI_LEE,Leeds,Manufacturing,1-49,Security Add-on,47.8,MQL,1,0
L001920,CU001920,2024-12-05,Email,Email,CMP_EMA_EDI,Edinburgh,Education,1000+,Enterprise Connectivity,69.6,SQL,1,1
L001921,CU001921,2024-12-05,Partner,Partner,CMP_PAR_LON,London,Technology,1000+,Remote Support,62.6,SQL,1,1
L001922,CU001922,2024-12-05,Paid Social,Paid Social,CMP_PAI_LON,London,Retail,250-999,Remote Access,49.9,MQL,1,0
L001923,CU001923,2024-12-05,Direct,Direct,CMP_DIR_LON,London,Technology,50-249,Remote Access,74.7,New,0,0
L001924,CU001924,2024-12-05,LinkedIn,LinkedIn,CMP_LIN_BIR,Birmingham,Technology,1000+,Remote Support,79.5,SQL,1,1
L001925,CU001925,2024-12-05,Partner,Partner,CMP_PAR_LON,London,Education,1-49,Security Add-on,79.9,New,0,0
L001926,CU001926,2024-12-06,Direct,Direct,CMP_DIR_CAR,Cardiff,Education,1000+,Security Add-on,64.3,New,0,0
L001927,CU001927,2024-12-06,Paid Search - Brand,Paid Search - Brand,CMP_PAI_LON,London,Healthcare,250-999,Enterprise Connectivity,75.0,SQL,1,1
L001928,CU001928,2024-12-06,Display,Display,CMP_DIS_MAN,Manchester,Technology,1000+,Remote Support,49.1,New,0,0
L001929,CU001929,2024-12-07,Email,Email,CMP_EMA_LEE,Leeds,Retail,1-49,Remote Support,44.7,New,0,0
L001930,CU001930,2024-12-07,Direct,Direct,CMP_DIR_LEE,Leeds,Education,1000+,Remote Access,67.7,MQL,1,0
L001931,CU001931,2024-12-08,Direct,Direct,CMP_DIR_BRI,Bristol,Manufacturing,1000+,Security Add-on,81.9,SQL,1,1
L001932,CU001932,2024-12-08,Partner,Partner,CMP_PAR_EDI,Edinburgh,Healthcare,1-49,Remote Support,60.3,New,0,0
L001933,CU001933,2024-12-08,Direct,Direct,CMP_DIR_LON,London,Professional Services,50-249,Remote Access,48.7,SQL,1,1
L001934,CU001934,2024-12-08,Paid Social,Paid Social,CMP_PAI_BIR,Birmingham,Professional Services,50-249,Enterprise Connectivity,31.1,SQL,1,1
L001935,CU001935,2024-12-08,Direct,Direct,CMP_DIR_CAR,Cardiff,Retail,1-49,Enterprise Connectivity,79.9,New,0,0
L001936,CU001936,2024-12-09,Paid Search - Brand,Paid Search - Brand,CMP_PAI_LEE,Leeds,Education,50-249,Security Add-on,56.3,New,0,0
L001937,CU001937,2024-12-09,Paid Search - Brand,Paid Search - Brand,CMP_PAI_BRI,Bristol,Healthcare,1000+,Enterprise Connectivity,75.6,SQL,1,1
L001938,CU001938,2024-12-09,Paid Search - Non-Brand,Paid Search - Non-Brand,CMP_PAI_LIV,Liverpool,Healthcare,1-49,Enterprise Connectivity,66.1,New,0,0
L001939,CU001939,2024-12-09,LinkedIn,LinkedIn,CMP_LIN_LON,London,Education,250-999,Security Add-on,75.9,SQL,1,1
L001940,CU001940,2024-12-10,Events,Events,CMP_EVE_EDI,Edinburgh,Healthcare,50-249,Enterprise Connectivity,69.5,New,0,0
L001941,CU001941,2024-12-10,Paid Search - Brand,Paid Search - Brand,CMP_PAI_BIR,Birmingham,Technology,1000+,Enterprise Connectivity,63.7,New,0,0
L001942,CU001942,2024-12-10,Paid Search - Brand,Paid Search - Brand,CMP_PAI_GLA,Glasgow,Manufacturing,1000+,Security Add-on,48.2,New,0,0
L001943,CU001943,2024-12-10,Paid Search - Non-Brand,Paid Search - Non-Brand,CMP_PAI_BRI,Bristol,Professional Services,1000+,Enterprise Connectivity,48.1,New,0,0
L001944,CU001944,2024-12-11,Paid Social,Paid Social,CMP_PAI_MAN,Manchester,Manufacturing,1-49,Remote Support,33.0,MQL,1,0
L001945,CU001945,2024-12-11,Partner,Partner,CMP_PAR_BRI,Bristol,Education,50-249,Remote Access,59.3,New,0,0
L001946,CU001946,2024-12-11,Organic Search,Organic Search,CMP_ORG_CAR,Cardiff,Professional Services,1-49,Remote Support,57.3,New,0,0
L001947,CU001947,2024-12-11,Direct,Direct,CMP_DIR_EDI,Edinburgh,Retail,250-999,Remote Access,56.7,MQL,1,0
L001948,CU001948,2024-12-11,Partner,Partner,CMP_PAR_MAN,Manchester,Retail,250-999,Remote Access,71.7,New,0,0
L001949,CU001949,2024-12-11,Email,Email,CMP_EMA_LON,London,Manufacturing,1-49,Enterprise Connectivity,70.5,SQL,1,1
L001950,CU001950,2024-12-11,Email,Email,CMP_EMA_LON,London,Retail,50-249,Enterprise Connectivity,74.2,MQL,1,0
L001951,CU001951,2024-12-11,LinkedIn,LinkedIn,CMP_LIN_LON,London,Education,1000+,Remote Support,89.9,New,0,0
L001952,CU001952,2024-12-12,Paid Search - Brand,Paid Search - Brand,CMP_PAI_CAR,Cardiff,Manufacturing,250-999,Enterprise Connectivity,71.5,New,0,0
L001953,CU001953,2024-12-12,Direct,Direct,CMP_DIR_BIR,Birmingham,Professional Services,250-999,Remote Access,64.9,SQL,1,1
L001954,CU001954,2024-12-12,Paid Social,Paid Social,CMP_PAI_MAN,Manchester,Professional Services,50-249,Enterprise Connectivity,24.3,New,0,0
L001955,CU001955,2024-12-12,Paid Search - Non-Brand,Paid Search - Non-Brand,CMP_PAI_BIR,Birmingham,Education,50-249,Remote Access,65.7,MQL,1,0
L001956,CU001956,2024-12-12,LinkedIn,LinkedIn,CMP_LIN_LON,London,Technology,50-249,Remote Access,81.9,New,0,0
L001957,CU001957,2024-12-12,Paid Search - Brand,Paid Search - Brand,CMP_PAI_LEE,Leeds,Healthcare,250-999,Remote Support,55.8,New,0,0
L001958,CU001958,2024-12-13,Paid Search - Brand,Paid Search - Brand,CMP_PAI_SHE,Sheffield,Technology,50-249,Remote Access,43.4,SQL,1,1
L001959,CU001959,2024-12-13,Email,Email,CMP_EMA_SHE,Sheffield,Manufacturing,1-49,Security Add-on,37.6,SQL,1,1
L001960,CU001960,2024-12-13,Email,Email,CMP_EMA_LON,London,Retail,1000+,Remote Access,45.8,SQL,1,1
L001961,CU001961,2024-12-13,Paid Search - Non-Brand,Paid Search - Non-Brand,CMP_PAI_LON,London,Manufacturing,50-249,Remote Access,71.9,SQL,1,1
L001962,CU001962,2024-12-14,LinkedIn,LinkedIn,CMP_LIN_LON,London,Professional Services,250-999,Remote Support,84.0,New,0,0
L001963,CU001963,2024-12-14,Events,Events,CMP_EVE_CAR,Cardiff,Professional Services,50-249,Remote Access,66.2,MQL,1,0
L001964,CU001964,2024-12-15,Organic Search,Organic Search,CMP_ORG_BIR,Birmingham,Manufacturing,1-49,Security Add-on,85.9,SQL,1,1
L001965,CU001965,2024-12-15,Partner,Partner,CMP_PAR_LON,London,Professional Services,50-249,Enterprise Connectivity,61.8,SQL,1,1
L001966,CU001966,2024-12-15,LinkedIn,LinkedIn,CMP_LIN_LIV,Liverpool,Healthcare,250-999,Security Add-on,77.1,MQL,1,0
L001967,CU001967,2024-12-15,Paid Search - Brand,Paid Search - Brand,CMP_PAI_LON,London,Professional Services,50-249,Remote Support,56.9,MQL,1,0
L001968,CU001968,2024-12-15,Direct,Direct,CMP_DIR_LEE,Leeds,Education,50-249,Enterprise Connectivity,45.7,New,0,0
L001969,CU001969,2024-12-16,Organic Search,Organic Search,CMP_ORG_GLA,Glasgow,Education,250-999,Remote Access,70.7,SQL,1,1
L001970,CU001970,2024-12-16,LinkedIn,LinkedIn,CMP_LIN_GLA,Glasgow,Education,50-249,Remote Support,72.1,SQL,1,1
L001971,CU001971,2024-12-16,Organic Search,Organic Search,CMP_ORG_SHE,Sheffield,Manufacturing,1000+,Security Add-on,100.0,SQL,1,1
L001972,CU001972,2024-12-16,Organic Search,Organic Search,CMP_ORG_BRI,Bristol,Technology,1000+,Enterprise Connectivity,97.3,MQL,1,0
L001973,CU001973,2024-12-16,Events,Events,CMP_EVE_BIR,Birmingham,Technology,1-49,Remote Access,68.6,New,0,0
L001974,CU001974,2024-12-17,Email,Email,CMP_EMA_BRI,Bristol,Healthcare,250-999,Remote Support,66.1,MQL,1,0
L001975,CU001975,2024-12-17,Email,Email,CMP_EMA_LON,London,Retail,250-999,Remote Support,80.6,SQL,1,1
L001976,CU001976,2024-12-17,Direct,Direct,CMP_DIR_LIV,Liverpool,Retail,1000+,Remote Support,51.0,SQL,1,1
L001977,CU001977,2024-12-17,Partner,Partner,CMP_PAR_MAN,Manchester,Retail,250-999,Enterprise Connectivity,52.6,MQL,1,0
L001978,CU001978,2024-12-17,Paid Social,Paid Social,CMP_PAI_CAR,Cardiff,Retail,50-249,Enterprise Connectivity,37.9,MQL,1,0
L001979,CU001979,2024-12-18,Paid Search - Brand,Paid Search - Brand,CMP_PAI_BRI,Bristol,Education,1-49,Remote Access,61.2,New,0,0
L001980,CU001980,2024-12-18,Paid Search - Brand,Paid Search - Brand,CMP_PAI_BRI,Bristol,Healthcare,50-249,Security Add-on,65.9,SQL,1,1
L001981,CU001981,2024-12-18,YouTube,YouTube,CMP_YOU_SHE,Sheffield,Education,1000+,Remote Support,62.8,MQL,1,0
L001982,CU001982,2024-12-18,LinkedIn,LinkedIn,CMP_LIN_BRI,Bristol,Retail,1000+,Security Add-on,59.4,New,0,0
L001983,CU001983,2024-12-18,Organic Search,Organic Search,CMP_ORG_EDI,Edinburgh,Manufacturing,250-999,Security Add-on,78.8,MQL,1,0
L001984,CU001984,2024-12-18,Paid Search - Non-Brand,Paid Search - Non-Brand,CMP_PAI_BIR,Birmingham,Professional Services,1000+,Enterprise Connectivity,75.5,New,0,0
L001985,CU001985,2024-12-19,Paid Search - Non-Brand,Paid Search - Non-Brand,CMP_PAI_BIR,Birmingham,Technology,1-49,Remote Support,56.0,MQL,1,0
L001986,CU001986,2024-12-19,LinkedIn,LinkedIn,CMP_LIN_BIR,Birmingham,Healthcare,250-999,Remote Support,88.5,MQL,1,0
L001987,CU001987,2024-12-19,Paid Search - Brand,Paid Search - Brand,CMP_PAI_LON,London,Education,50-249,Enterprise Connectivity,82.1,SQL,1,1
L001988,CU001988,2024-12-20,Paid Social,Paid Social,CMP_PAI_MAN,Manchester,Manufacturing,250-999,Remote Access,66.6,New,0,0
L001989,CU001989,2024-12-20,Email,Email,CMP_EMA_LON,London,Professional Services,50-249,Remote Support,59.5,MQL,1,0
L001990,CU001990,2024-12-20,Events,Events,CMP_EVE_GLA,Glasgow,Healthcare,1-49,Security Add-on,56.3,MQL,1,0
L001991,CU001991,2024-12-20,Email,Email,CMP_EMA_LON,London,Technology,50-249,Enterprise Connectivity,54.7,New,0,0
L001992,CU001992,2024-12-20,Paid Search - Brand,Paid Search - Brand,CMP_PAI_SHE,Sheffield,Retail,1-49,Remote Access,52.1,MQL,1,0
L001993,CU001993,2024-12-20,LinkedIn,LinkedIn,CMP_LIN_SHE,Sheffield,Healthcare,1000+,Enterprise Connectivity,60.2,SQL,1,1
L001994,CU001994,2024-12-20,Organic Search,Organic Search,CMP_ORG_LON,London,Manufacturing,250-999,Remote Support,89.6,MQL,1,0
L001995,CU001995,2024-12-23,Events,Events,CMP_EVE_LEE,Leeds,Healthcare,1000+,Remote Access,69.2,New,0,0
L001996,CU001996,2024-12-23,Paid Social,Paid Social,CMP_PAI_BRI,Bristol,Technology,250-999,Security Add-on,62.4,SQL,1,1
L001997,CU001997,2024-12-23,Paid Social,Paid Social,CMP_PAI_SHE,Sheffield,Healthcare,250-999,Enterprise Connectivity,72.9,New,0,0
L001998,CU001998,2024-12-23,LinkedIn,LinkedIn,CMP_LIN_LON,London,Education,50-249,Remote Access,59.7,SQL,1,1
L001999,CU001999,2024-12-23,Events,Events,CMP_EVE_LON,London,Retail,250-999,Security Add-on,59.0,MQL,1,0
L002000,CU002000,2024-12-23,Paid Search - Non-Brand,Paid Search - Non-Brand,CMP_PAI_BIR,Birmingham,Technology,50-249,Remote Support,70.8,SQL,1,1
L002001,CU002001,2024-12-23,Direct,Direct,CMP_DIR_LON,London,Technology,50-249,Enterprise Connectivity,86.9,New,0,0
L002002,CU002002,2024-12-23,Paid Search - Brand,Paid Search - Brand,CMP_PAI_BIR,Birmingham,Retail,250-999,Security Add-on,57.3,MQL,1,0
L002003,CU002003,2024-12-23,Paid Search - Brand,Paid Search - Brand,CMP_PAI_LON,London,Healthcare,50-249,Remote Access,80.7,MQL,1,0
L002004,CU002004,2024-12-24,Email,Email,CMP_EMA_MAN,Manchester,Healthcare,1000+,Enterprise Connectivity,47.7,MQL,1,0
L002005,CU002005,2024-12-24,Organic Search,Organic Search,CMP_ORG_LON,London,Manufacturing,1-49,Remote Access,56.9,New,0,0
L002006,CU002006,2024-12-25,Paid Social,Paid Social,CMP_PAI_CAR,Cardiff,Professional Services,50-249,Remote Support,51.6,MQL,1,0
L002007,CU002007,2024-12-25,Paid Search - Non-Brand,Paid Search - Non-Brand,CMP_PAI_CAR,Cardiff,Professional Services,50-249,Remote Access,53.3,SQL,1,1
L002008,CU002008,2024-12-25,YouTube,YouTube,CMP_YOU_GLA,Glasgow,Technology,250-999,Remote Access,93.8,MQL,1,0
L002009,CU002009,2024-12-25,Email,Email,CMP_EMA_LON,London,Technology,250-999,Enterprise Connectivity,64.0,New,0,0
L002010,CU002010,2024-12-26,Paid Social,Paid Social,CMP_PAI_BIR,Birmingham,Professional Services,1000+,Security Add-on,72.1,New,0,0
L002011,CU002011,2024-12-26,Email,Email,CMP_EMA_LIV,Liverpool,Education,250-999,Remote Support,74.7,SQL,1,1
L002012,CU002012,2024-12-26,Events,Events,CMP_EVE_LIV,Liverpool,Healthcare,50-249,Security Add-on,64.7,New,0,0
L002013,CU002013,2024-12-26,Events,Events,CMP_EVE_MAN,Manchester,Technology,1000+,Remote Access,57.3,New,0,0
L002014,CU002014,2024-12-27,Display,Display,CMP_DIS_LON,London,Technology,1-49,Remote Access,70.3,New,0,0
L002015,CU002015,2024-12-27,Paid Social,Paid Social,CMP_PAI_LIV,Liverpool,Education,250-999,Security Add-on,33.7,SQL,1,1
L002016,CU002016,2024-12-27,Partner,Partner,CMP_PAR_EDI,Edinburgh,Technology,250-999,Enterprise Connectivity,58.0,New,0,0
L002017,CU002017,2024-12-27,Email,Email,CMP_EMA_LON,London,Technology,1000+,Remote Support,74.4,SQL,1,1
L002018,CU002018,2024-12-27,Events,Events,CMP_EVE_LON,London,Manufacturing,1-49,Remote Support,56.8,New,0,0
L002019,CU002019,2024-12-27,Organic Search,Organic Search,CMP_ORG_EDI,Edinburgh,Professional Services,1000+,Enterprise Connectivity,81.1,New,0,0
L002020,CU002020,2024-12-27,Direct,Direct,CMP_DIR_LIV,Liverpool,Professional Services,250-999,Enterprise Connectivity,64.8,MQL,1,0
L002021,CU002021,2024-12-28,Direct,Direct,CMP_DIR_CAR,Cardiff,Technology,50-249,Enterprise Connectivity,70.5,MQL,1,0
L002022,CU002022,2024-12-28,Events,Events,CMP_EVE_LON,London,Professional Services,1-49,Remote Access,73.4,New,0,0
L002023,CU002023,2024-12-28,Paid Search - Non-Brand,Paid Search - Non-Brand,CMP_PAI_GLA,Glasgow,Retail,250-999,Security Add-on,51.8,New,0,0
L002024,CU002024,2024-12-28,Direct,Direct,CMP_DIR_BIR,Birmingham,Healthcare,50-249,Security Add-on,97.2,New,0,0
L002025,CU002025,2024-12-28,Direct,Direct,CMP_DIR_LIV,Liverpool,Manufacturing,50-249,Enterprise Connectivity,80.8,New,0,0
L002026,CU002026,2024-12-29,YouTube,YouTube,CMP_YOU_LON,London,Retail,1-49,Remote Support,56.0,SQL,1,1
L002027,CU002027,2024-12-29,Display,Display,CMP_DIS_LON,London,Professional Services,50-249,Enterprise Connectivity,68.5,New,0,0
L002028,CU002028,2024-12-29,Paid Search - Brand,Paid Search - Brand,CMP_PAI_BRI,Bristol,Healthcare,1-49,Security Add-on,61.0,SQL,1,1
L002029,CU002029,2024-12-29,Organic Search,Organic Search,CMP_ORG_LON,London,Education,1000+,Enterprise Connectivity,74.9,MQL,1,0
L002030,CU002030,2024-12-30,Organic Search,Organic Search,CMP_ORG_LIV,Liverpool,Professional Services,1000+,Remote Support,46.4,New,0,0
L002031,CU002031,2024-12-30,Direct,Direct,CMP_DIR_BRI,Bristol,Technology,250-999,Remote Access,60.6,SQL,1,1
L002032,CU002032,2024-12-30,Paid Search - Brand,Paid Search - Brand,CMP_PAI_LON,London,Technology,1-49,Remote Access,81.6,New,0,0
L002033,CU002033,2024-12-30,LinkedIn,LinkedIn,CMP_LIN_LEE,Leeds,Education,1000+,Remote Access,100.0,MQL,1,0
L002034,CU002034,2024-12-30,Email,Email,CMP_EMA_LON,London,Manufacturing,1000+,Remote Access,67.3,MQL,1,0
L002035,CU002035,2024-12-30,Paid Search - Brand,Paid Search - Brand,CMP_PAI_BIR,Birmingham,Manufacturing,1000+,Remote Support,60.3,New,0,0
L002036,CU002036,2024-12-31,LinkedIn,LinkedIn,CMP_LIN_BIR,Birmingham,Manufacturing,250-999,Enterprise Connectivity,77.6,SQL,1,1
L002037,CU002037,2024-12-31,Paid Search - Brand,Paid Search - Brand,CMP_PAI_MAN,Manchester,Technology,250-999,Remote Support,81.4,SQL,1,1
L002038,CU002038,2024-12-31,YouTube,YouTube,CMP_YOU_GLA,Glasgow,Professional Services,50-249,Remote Support,73.9,New,0,0
L002039,CU002039,2024-12-31,Events,Events,CMP_EVE_BRI,Bristol,Retail,50-249,Remote Access,70.7,MQL,1,0
L002040,CU002040,2024-12-31,Organic Search,Organic Search,CMP_ORG_LEE,Leeds,Technology,1-49,Remote Access,81.7,MQL,1,0
L002041,CU002041,2024-12-31,Paid Search - Non-Brand,Paid Search - Non-Brand,CMP_PAI_GLA,Glasgow,Healthcare,250-999,Enterprise Connectivity,59.4,New,0,0
L002042,CU002042,2025-01-01,Organic Search,Organic Search,CMP_ORG_BRI,Bristol,Manufacturing,50-249,Remote Access,79.8,MQL,1,0
L002043,CU002043,2025-01-01,Paid Search - Non-Brand,Paid Search - Non-Brand,CMP_PAI_CAR,Cardiff,Manufacturing,250-999,Security Add-on,61.4,New,0,0
L002044,CU002044,2025-01-01,Email,Email,CMP_EMA_LIV,Liverpool,Retail,1-49,Security Add-on,56.8,New,0,0
L002045,CU002045,2025-01-02,Partner,Partner,CMP_PAR_LEE,Leeds,Technology,1-49,Enterprise Connectivity,70.2,SQL,1,1
L002046,CU002046,2025-01-02,Paid Social,Paid Social,CMP_PAI_BRI,Bristol,Technology,50-249,Remote Access,71.0,New,0,0
L002047,CU002047,2025-01-02,Paid Social,Paid Social,CMP_PAI_EDI,Edinburgh,Education,50-249,Remote Support,52.5,New,0,0
L002048,CU002048,2025-01-02,YouTube,YouTube,CMP_YOU_GLA,Glasgow,Technology,1000+,Remote Access,46.5,New,0,0
L002049,CU002049,2025-01-02,Paid Search - Non-Brand,Paid Search - Non-Brand,CMP_PAI_GLA,Glasgow,Technology,1-49,Remote Access,63.6,New,0,0
L002050,CU002050,2025-01-02,Email,Email,CMP_EMA_GLA,Glasgow,Retail,250-999,Remote Support,92.9,New,0,0
L002051,CU002051,2025-01-02,Paid Search - Brand,Paid Search - Brand,CMP_PAI_GLA,Glasgow,Manufacturing,1-49,Remote Access,69.6,New,0,0
L002052,CU002052,2025-01-03,Paid Search - Non-Brand,Paid Search - Non-Brand,CMP_PAI_LIV,Liverpool,Manufacturing,50-249,Enterprise Connectivity,59.6,SQL,1,1
L002053,CU002053,2025-01-03,Organic Search,Organic Search,CMP_ORG_LON,London,Technology,1-49,Remote Access,72.7,New,0,0
L002054,CU002054,2025-01-03,Paid Search - Brand,Paid Search - Brand,CMP_PAI_BRI,Bristol,Technology,50-249,Security Add-on,56.8,SQL,1,1
L002055,CU002055,2025-01-03,Paid Search - Non-Brand,Paid Search - Non-Brand,CMP_PAI_LIV,Liverpool,Retail,1000+,Remote Support,47.9,New,0,0
L002056,CU002056,2025-01-04,Paid Search - Non-Brand,Paid Search - Non-Brand,CMP_PAI_LIV,Liverpool,Manufacturing,1-49,Enterprise Connectivity,62.5,New,0,0
L002057,CU002057,2025-01-04,Paid Search - Brand,Paid Search - Brand,CMP_PAI_BRI,Bristol,Manufacturing,250-999,Enterprise Connectivity,61.3,New,0,0
L002058,CU002058,2025-01-04,Direct,Direct,CMP_DIR_LEE,Leeds,Manufacturing,1000+,Remote Support,66.8,New,0,0
L002059,CU002059,2025-01-04,Paid Social,Paid Social,CMP_PAI_LEE,Leeds,Professional Services,50-249,Remote Support,46.0,MQL,1,0
L002060,CU002060,2025-01-04,LinkedIn,LinkedIn,CMP_LIN_LIV,Liverpool,Professional Services,1000+,Remote Access,72.5,New,0,0
L002061,CU002061,2025-01-04,Email,Email,CMP_EMA_LIV,Liverpool,Technology,1000+,Security Add-on,60.0,MQL,1,0
L002062,CU002062,2025-01-05,Direct,Direct,CMP_DIR_LON,London,Healthcare,250-999,Enterprise Connectivity,54.5,New,0,0
L002063,CU002063,2025-01-05,Paid Search - Brand,Paid Search - Brand,CMP_PAI_BIR,Birmingham,Professional Services,50-249,Remote Access,68.2,SQL,1,1
L002064,CU002064,2025-01-05,Paid Social,Paid Social,CMP_PAI_CAR,Cardiff,Education,50-249,Remote Support,48.7,New,0,0
L002065,CU002065,2025-01-05,Direct,Direct,CMP_DIR_BIR,Birmingham,Retail,50-249,Security Add-on,66.2,New,0,0
L002066,CU002066,2025-01-05,Direct,Direct,CMP_DIR_GLA,Glasgow,Retail,1-49,Security Add-on,69.2,SQL,1,1
L002067,CU002067,2025-01-06,Partner,Partner,CMP_PAR_MAN,Manchester,Healthcare,250-999,Remote Support,48.8,SQL,1,1
L002068,CU002068,2025-01-06,Partner,Partner,CMP_PAR_MAN,Manchester,Professional Services,1000+,Security Add-on,87.5,SQL,1,1
L002069,CU002069,2025-01-06,Paid Search - Brand,Paid Search - Brand,CMP_PAI_CAR,Cardiff,Retail,1-49,Security Add-on,59.3,MQL,1,0
L002070,CU002070,2025-01-07,Email,Email,CMP_EMA_CAR,Cardiff,Manufacturing,50-249,Security Add-on,64.0,MQL,1,0
L002071,CU002071,2025-01-07,Direct,Direct,CMP_DIR_MAN,Manchester,Technology,1000+,Security Add-on,38.0,New,0,0
L002072,CU002072,2025-01-07,LinkedIn,LinkedIn,CMP_LIN_BIR,Birmingham,Technology,250-999,Remote Access,77.1,MQL,1,0
L002073,CU002073,2025-01-07,Partner,Partner,CMP_PAR_CAR,Cardiff,Healthcare,250-999,Enterprise Connectivity,71.3,SQL,1,1
L002074,CU002074,2025-01-07,Direct,Direct,CMP_DIR_EDI,Edinburgh,Retail,50-249,Remote Access,62.5,New,0,0
L002075,CU002075,2025-01-07,Paid Social,Paid Social,CMP_PAI_BRI,Bristol,Professional Services,250-999,Remote Access,43.6,New,0,0
L002076,CU002076,2025-01-08,Events,Events,CMP_EVE_LEE,Leeds,Education,1000+,Remote Support,89.2,New,0,0
L002077,CU002077,2025-01-08,Organic Search,Organic Search,CMP_ORG_BRI,Bristol,Professional Services,1-49,Remote Access,76.2,New,0,0
L002078,CU002078,2025-01-08,Partner,Partner,CMP_PAR_GLA,Glasgow,Professional Services,250-999,Remote Access,62.5,New,0,0
L002079,CU002079,2025-01-09,Paid Search - Brand,Paid Search - Brand,CMP_PAI_LON,London,Manufacturing,50-249,Security Add-on,62.2,MQL,1,0
L002080,CU002080,2025-01-09,Organic Search,Organic Search,CMP_ORG_LEE,Leeds,Education,50-249,Remote Access,54.9,New,0,0
L002081,CU002081,2025-01-09,LinkedIn,LinkedIn,CMP_LIN_LIV,Liverpool,Retail,1000+,Remote Support,83.1,MQL,1,0
L002082,CU002082,2025-01-09,Organic Search,Organic Search,CMP_ORG_GLA,Glasgow,Healthcare,1-49,Enterprise Connectivity,50.7,SQL,1,1
L002083,CU002083,2025-01-09,Events,Events,CMP_EVE_MAN,Manchester,Education,1-49,Remote Access,48.6,MQL,1,0
L002084,CU002084,2025-01-09,Paid Social,Paid Social,CMP_PAI_MAN,Manchester,Education,1-49,Enterprise Connectivity,31.4,New,0,0
L002085,CU002085,2025-01-09,Paid Search - Non-Brand,Paid Search - Non-Brand,CMP_PAI_CAR,Cardiff,Healthcare,1000+,Remote Support,38.5,New,0,0
L002086,CU002086,2025-01-09,Direct,Direct,CMP_DIR_BIR,Birmingham,Education,250-999,Security Add-on,71.7,SQL,1,1
L002087,CU002087,2025-01-10,Partner,Partner,CMP_PAR_CAR,Cardiff,Education,50-249,Enterprise Connectivity,69.5,New,0,0
L002088,CU002088,2025-01-10,Paid Social,Paid Social,CMP_PAI_SHE,Sheffield,Retail,50-249,Security Add-on,44.7,New,0,0
L002089,CU002089,2025-01-10,Paid Social,Paid Social,CMP_PAI_BRI,Bristol,Manufacturing,1-49,Remote Support,53.1,SQL,1,1
L002090,CU002090,2025-01-10,Paid Search - Brand,Paid Search - Brand,CMP_PAI_LEE,Leeds,Education,1000+,Remote Support,55.0,MQL,1,0
L002091,CU002091,2025-01-10,Paid Social,Paid Social,CMP_PAI_MAN,Manchester,Manufacturing,1-49,Remote Access,67.6,New,0,0
L002092,CU002092,2025-01-10,Email,Email,CMP_EMA_SHE,Sheffield,Healthcare,50-249,Remote Access,74.3,New,0,0
L002093,CU002093,2025-01-10,Paid Search - Non-Brand,Paid Search - Non-Brand,CMP_PAI_LEE,Leeds,Education,250-999,Enterprise Connectivity,54.0,New,0,0
L002094,CU002094,2025-01-10,Partner,Partner,CMP_PAR_BRI,Bristol,Retail,250-999,Remote Access,91.9,SQL,1,1
L002095,CU002095,2025-01-11,Paid Search - Brand,Paid Search - Brand,CMP_PAI_LON,London,Retail,1-49,Remote Access,87.3,New,0,0
L002096,CU002096,2025-01-11,LinkedIn,LinkedIn,CMP_LIN_LIV,Liverpool,Retail,250-999,Remote Support,83.4,SQL,1,1
L002097,CU002097,2025-01-11,Paid Search - Brand,Paid Search - Brand,CMP_PAI_BRI,Bristol,Manufacturing,50-249,Security Add-on,58.6,New,0,0
L002098,CU002098,2025-01-11,Paid Search - Non-Brand,Paid Search - Non-Brand,CMP_PAI_LON,London,Professional Services,50-249,Remote Support,53.6,MQL,1,0
L002099,CU002099,2025-01-12,Paid Search - Non-Brand,Paid Search - Non-Brand,CMP_PAI_BRI,Bristol,Technology,1-49,Security Add-on,74.5,MQL,1,0
L002100,CU002100,2025-01-12,Organic Search,Organic Search,CMP_ORG_BIR,Birmingham,Professional Services,250-999,Remote Access,59.8,MQL,1,0
L002101,CU002101,2025-01-12,Paid Social,Paid Social,CMP_PAI_LON,London,Manufacturing,250-999,Security Add-on,45.6,New,0,0
L002102,CU002102,2025-01-12,Paid Social,Paid Social,CMP_PAI_GLA,Glasgow,Retail,50-249,Remote Access,58.1,SQL,1,1
L002103,CU002103,2025-01-13,Paid Search - Non-Brand,Paid Search - Non-Brand,CMP_PAI_BIR,Birmingham,Healthcare,250-999,Security Add-on,44.1,SQL,1,1
L002104,CU002104,2025-01-13,Paid Search - Non-Brand,Paid Search - Non-Brand,CMP_PAI_BRI,Bristol,Retail,50-249,Enterprise Connectivity,53.8,New,0,0
L002105,CU002105,2025-01-13,Direct,Direct,CMP_DIR_CAR,Cardiff,Manufacturing,250-999,Remote Access,81.0,MQL,1,0
L002106,CU002106,2025-01-13,Paid Social,Paid Social,CMP_PAI_GLA,Glasgow,Healthcare,250-999,Security Add-on,63.7,New,0,0
L002107,CU002107,2025-01-13,Paid Search - Brand,Paid Search - Brand,CMP_PAI_EDI,Edinburgh,Manufacturing,50-249,Enterprise Connectivity,40.7,New,0,0
L002108,CU002108,2025-01-13,Organic Search,Organic Search,CMP_ORG_EDI,Edinburgh,Manufacturing,250-999,Remote Access,70.5,New,0,0
L002109,CU002109,2025-01-13,Organic Search,Organic Search,CMP_ORG_LON,London,Education,250-999,Remote Support,74.7,New,0,0
L002110,CU002110,2025-01-13,LinkedIn,LinkedIn,CMP_LIN_LON,London,Retail,1000+,Remote Support,73.4,New,0,0
L002111,CU002111,2025-01-14,Paid Search - Brand,Paid Search - Brand,CMP_PAI_BRI,Bristol,Healthcare,50-249,Remote Support,66.4,MQL,1,0
L002112,CU002112,2025-01-14,Events,Events,CMP_EVE_BRI,Bristol,Professional Services,250-999,Security Add-on,72.0,New,0,0
L002113,CU002113,2025-01-14,Paid Search - Brand,Paid Search - Brand,CMP_PAI_LON,London,Professional Services,250-999,Enterprise Connectivity,47.9,New,0,0
L002114,CU002114,2025-01-14,Events,Events,CMP_EVE_EDI,Edinburgh,Education,50-249,Enterprise Connectivity,95.1,New,0,0
L002115,CU002115,2025-01-14,Organic Search,Organic Search,CMP_ORG_LEE,Leeds,Professional Services,1000+,Remote Support,54.0,MQL,1,0
L002116,CU002116,2025-01-14,Paid Search - Non-Brand,Paid Search - Non-Brand,CMP_PAI_MAN,Manchester,Retail,1000+,Remote Access,39.3,SQL,1,1
L002117,CU002117,2025-01-14,Paid Search - Non-Brand,Paid Search - Non-Brand,CMP_PAI_BRI,Bristol,Education,1-49,Remote Access,61.7,MQL,1,0
L002118,CU002118,2025-01-15,Paid Search - Non-Brand,Paid Search - Non-Brand,CMP_PAI_SHE,Sheffield,Healthcare,1-49,Enterprise Connectivity,59.3,SQL,1,1
L002119,CU002119,2025-01-15,Email,Email,CMP_EMA_BIR,Birmingham,Education,50-249,Security Add-on,63.9,SQL,1,1
L002120,CU002120,2025-01-15,Email,Email,CMP_EMA_GLA,Glasgow,Professional Services,1-49,Remote Support,63.7,MQL,1,0
L002121,CU002121,2025-01-16,Partner,Partner,CMP_PAR_GLA,Glasgow,Education,250-999,Security Add-on,64.2,New,0,0
L002122,CU002122,2025-01-16,Events,Events,CMP_EVE_LEE,Leeds,Healthcare,1000+,Remote Access,63.1,New,0,0
L002123,CU002123,2025-01-16,Paid Social,Paid Social,CMP_PAI_MAN,Manchester,Professional Services,50-249,Remote Support,44.5,New,0,0
L002124,CU002124,2025-01-16,Email,Email,CMP_EMA_MAN,Manchester,Education,1000+,Remote Access,61.1,New,0,0
L002125,CU002125,2025-01-17,Paid Search - Brand,Paid Search - Brand,CMP_PAI_CAR,Cardiff,Education,50-249,Remote Support,57.5,New,0,0
L002126,CU002126,2025-01-17,LinkedIn,LinkedIn,CMP_LIN_MAN,Manchester,Professional Services,1000+,Enterprise Connectivity,71.8,New,0,0
L002127,CU002127,2025-01-17,Paid Search - Brand,Paid Search - Brand,CMP_PAI_BIR,Birmingham,Manufacturing,1-49,Enterprise Connectivity,62.6,MQL,1,0
L002128,CU002128,2025-01-17,LinkedIn,LinkedIn,CMP_LIN_LIV,Liverpool,Retail,1000+,Remote Access,52.7,SQL,1,1
L002129,CU002129,2025-01-18,Events,Events,CMP_EVE_LON,London,Retail,1-49,Security Add-on,37.2,New,0,0
L002130,CU002130,2025-01-18,Email,Email,CMP_EMA_SHE,Sheffield,Retail,250-999,Enterprise Connectivity,61.1,MQL,1,0
L002131,CU002131,2025-01-19,Direct,Direct,CMP_DIR_BIR,Birmingham,Retail,1-49,Remote Support,63.8,New,0,0
L002132,CU002132,2025-01-19,Paid Search - Non-Brand,Paid Search - Non-Brand,CMP_PAI_MAN,Manchester,Healthcare,1-49,Remote Access,57.9,MQL,1,0
L002133,CU002133,2025-01-19,Paid Search - Non-Brand,Paid Search - Non-Brand,CMP_PAI_LEE,Leeds,Retail,250-999,Remote Access,53.5,SQL,1,1
L002134,CU002134,2025-01-19,Organic Search,Organic Search,CMP_ORG_CAR,Cardiff,Manufacturing,250-999,Remote Support,80.2,SQL,1,1
L002135,CU002135,2025-01-19,Organic Search,Organic Search,CMP_ORG_BIR,Birmingham,Technology,250-999,Remote Support,68.3,MQL,1,0
L002136,CU002136,2025-01-20,Events,Events,CMP_EVE_MAN,Manchester,Technology,50-249,Enterprise Connectivity,77.1,MQL,1,0
L002137,CU002137,2025-01-20,Paid Search - Brand,Paid Search - Brand,CMP_PAI_SHE,Sheffield,Manufacturing,50-249,Security Add-on,69.7,New,0,0
L002138,CU002138,2025-01-20,Paid Social,Paid Social,CMP_PAI_BRI,Bristol,Healthcare,1-49,Remote Access,53.0,New,0,0
L002139,CU002139,2025-01-20,Paid Search - Non-Brand,Paid Search - Non-Brand,CMP_PAI_MAN,Manchester,Healthcare,1000+,Enterprise Connectivity,63.8,New,0,0
L002140,CU002140,2025-01-20,Events,Events,CMP_EVE_BRI,Bristol,Technology,1-49,Remote Support,81.4,New,0,0
L002141,CU002141,2025-01-20,Paid Social,Paid Social,CMP_PAI_GLA,Glasgow,Retail,50-249,Remote Access,63.0,New,0,0
L002142,CU002142,2025-01-21,Email,Email,CMP_EMA_SHE,Sheffield,Education,1-49,Enterprise Connectivity,85.3,MQL,1,0
L002143,CU002143,2025-01-21,Paid Social,Paid Social,CMP_PAI_SHE,Sheffield,Manufacturing,50-249,Remote Access,27.8,New,0,0
L002144,CU002144,2025-01-21,Paid Search - Brand,Paid Search - Brand,CMP_PAI_BRI,Bristol,Healthcare,50-249,Remote Support,75.5,New,0,0
L002145,CU002145,2025-01-21,Direct,Direct,CMP_DIR_CAR,Cardiff,Professional Services,250-999,Security Add-on,80.5,New,0,0
L002146,CU002146,2025-01-21,Paid Search - Non-Brand,Paid Search - Non-Brand,CMP_PAI_BRI,Bristol,Retail,250-999,Enterprise Connectivity,72.1,MQL,1,0
L002147,CU002147,2025-01-21,Paid Search - Brand,Paid Search - Brand,CMP_PAI_MAN,Manchester,Manufacturing,1-49,Remote Support,72.1,New,0,0
L002148,CU002148,2025-01-22,Direct,Direct,CMP_DIR_LEE,Leeds,Healthcare,50-249,Remote Access,62.6,MQL,1,0
L002149,CU002149,2025-01-22,Events,Events,CMP_EVE_SHE,Sheffield,Professional Services,1-49,Remote Support,58.1,New,0,0
L002150,CU002150,2025-01-22,Direct,Direct,CMP_DIR_SHE,Sheffield,Healthcare,1-49,Security Add-on,75.2,New,0,0
L002151,CU002151,2025-01-22,Organic Search,Organic Search,CMP_ORG_LON,London,Technology,250-999,Enterprise Connectivity,60.2,New,0,0
L002152,CU002152,2025-01-22,Paid Search - Non-Brand,Paid Search - Non-Brand,CMP_PAI_LIV,Liverpool,Retail,1-49,Remote Access,41.0,MQL,1,0
L002153,CU002153,2025-01-22,Email,Email,CMP_EMA_LIV,Liverpool,Retail,50-249,Security Add-on,78.6,MQL,1,0
L002154,CU002154,2025-01-23,Events,Events,CMP_EVE_LEE,Leeds,Technology,50-249,Remote Access,73.5,New,0,0
L002155,CU002155,2025-01-23,Direct,Direct,CMP_DIR_GLA,Glasgow,Technology,1-49,Security Add-on,74.9,MQL,1,0
L002156,CU002156,2025-01-23,Paid Search - Non-Brand,Paid Search - Non-Brand,CMP_PAI_GLA,Glasgow,Technology,50-249,Remote Access,39.7,MQL,1,0
L002157,CU002157,2025-01-23,Paid Social,Paid Social,CMP_PAI_BIR,Birmingham,Retail,1-49,Remote Support,56.2,New,0,0
L002158,CU002158,2025-01-23,Paid Search - Non-Brand,Paid Search - Non-Brand,CMP_PAI_CAR,Cardiff,Retail,250-999,Enterprise Connectivity,61.1,MQL,1,0
L002159,CU002159,2025-01-23,Direct,Direct,CMP_DIR_LON,London,Manufacturing,1000+,Enterprise Connectivity,77.6,SQL,1,1
L002160,CU002160,2025-01-24,Organic Search,Organic Search,CMP_ORG_MAN,Manchester,Healthcare,1-49,Security Add-on,59.0,MQL,1,0
L002161,CU002161,2025-01-24,Organic Search,Organic Search,CMP_ORG_BIR,Birmingham,Professional Services,250-999,Remote Support,71.9,New,0,0
L002162,CU002162,2025-01-24,Paid Search - Non-Brand,Paid Search - Non-Brand,CMP_PAI_LON,London,Retail,1-49,Remote Access,70.5,New,0,0
L002163,CU002163,2025-01-24,Direct,Direct,CMP_DIR_BIR,Birmingham,Manufacturing,50-249,Remote Support,49.2,New,0,0
L002164,CU002164,2025-01-24,Paid Social,Paid Social,CMP_PAI_LON,London,Technology,1-49,Enterprise Connectivity,39.3,New,0,0
L002165,CU002165,2025-01-24,Paid Search - Brand,Paid Search - Brand,CMP_PAI_MAN,Manchester,Education,50-249,Remote Access,64.3,New,0,0
L002166,CU002166,2025-01-24,Paid Search - Brand,Paid Search - Brand,CMP_PAI_EDI,Edinburgh,Education,50-249,Enterprise Connectivity,61.5,SQL,1,1
L002167,CU002167,2025-01-25,Direct,Direct,CMP_DIR_GLA,Glasgow,Manufacturing,1-49,Remote Support,72.9,New,0,0
L002168,CU002168,2025-01-25,Direct,Direct,CMP_DIR_MAN,Manchester,Healthcare,1-49,Enterprise Connectivity,82.4,SQL,1,1
L002169,CU002169,2025-01-25,Events,Events,CMP_EVE_EDI,Edinburgh,Education,50-249,Remote Support,79.6,New,0,0
L002170,CU002170,2025-01-25,Email,Email,CMP_EMA_LON,London,Healthcare,50-249,Remote Access,54.7,SQL,1,1
L002171,CU002171,2025-01-26,Paid Search - Brand,Paid Search - Brand,CMP_PAI_LON,London,Education,50-249,Remote Access,47.8,MQL,1,0
L002172,CU002172,2025-01-26,Paid Social,Paid Social,CMP_PAI_CAR,Cardiff,Technology,1-49,Remote Access,53.3,MQL,1,0
L002173,CU002173,2025-01-26,Organic Search,Organic Search,CMP_ORG_GLA,Glasgow,Technology,1-49,Remote Access,58.3,New,0,0
L002174,CU002174,2025-01-27,Direct,Direct,CMP_DIR_LIV,Liverpool,Professional Services,250-999,Remote Support,81.5,New,0,0
L002175,CU002175,2025-01-27,Paid Social,Paid Social,CMP_PAI_CAR,Cardiff,Retail,250-999,Enterprise Connectivity,37.7,New,0,0
L002176,CU002176,2025-01-27,Partner,Partner,CMP_PAR_LON,London,Professional Services,1000+,Enterprise Connectivity,83.1,New,0,0
L002177,CU002177,2025-01-27,Organic Search,Organic Search,CMP_ORG_GLA,Glasgow,Manufacturing,50-249,Security Add-on,61.4,MQL,1,0
L002178,CU002178,2025-01-27,Partner,Partner,CMP_PAR_EDI,Edinburgh,Education,250-999,Security Add-on,43.4,New,0,0
L002179,CU002179,2025-01-28,Email,Email,CMP_EMA_BIR,Birmingham,Education,1000+,Security Add-on,69.5,New,0,0
L002180,CU002180,2025-01-28,Email,Email,CMP_EMA_LON,London,Manufacturing,250-999,Remote Access,53.7,SQL,1,1
L002181,CU002181,2025-01-29,Email,Email,CMP_EMA_CAR,Cardiff,Education,50-249,Security Add-on,60.4,SQL,1,1
L002182,CU002182,2025-01-29,Paid Social,Paid Social,CMP_PAI_LIV,Liverpool,Healthcare,1-49,Remote Support,14.7,New,0,0
L002183,CU002183,2025-01-29,Paid Search - Non-Brand,Paid Search - Non-Brand,CMP_PAI_BRI,Bristol,Healthcare,50-249,Remote Support,62.8,MQL,1,0
L002184,CU002184,2025-01-29,Direct,Direct,CMP_DIR_BRI,Bristol,Healthcare,50-249,Enterprise Connectivity,48.8,SQL,1,1
L002185,CU002185,2025-01-29,Paid Social,Paid Social,CMP_PAI_MAN,Manchester,Professional Services,250-999,Security Add-on,53.5,MQL,1,0
L002186,CU002186,2025-01-29,Partner,Partner,CMP_PAR_SHE,Sheffield,Healthcare,50-249,Remote Support,45.0,New,0,0
L002187,CU002187,2025-01-29,Paid Search - Brand,Paid Search - Brand,CMP_PAI_GLA,Glasgow,Manufacturing,50-249,Security Add-on,54.9,New,0,0
L002188,CU002188,2025-01-29,Partner,Partner,CMP_PAR_LEE,Leeds,Retail,50-249,Enterprise Connectivity,84.8,SQL,1,1
L002189,CU002189,2025-01-30,Paid Search - Brand,Paid Search - Brand,CMP_PAI_CAR,Cardiff,Professional Services,250-999,Remote Access,62.2,SQL,1,1
L002190,CU002190,2025-01-30,Paid Search - Brand,Paid Search - Brand,CMP_PAI_GLA,Glasgow,Professional Services,50-249,Enterprise Connectivity,75.6,New,0,0
L002191,CU002191,2025-01-30,Direct,Direct,CMP_DIR_LEE,Leeds,Professional Services,250-999,Security Add-on,64.1,SQL,1,1
L002192,CU002192,2025-01-30,Organic Search,Organic Search,CMP_ORG_SHE,Sheffield,Technology,50-249,Security Add-on,75.3,SQL,1,1
L002193,CU002193,2025-01-31,Paid Search - Brand,Paid Search - Brand,CMP_PAI_EDI,Edinburgh,Healthcare,1-49,Remote Support,78.0,SQL,1,1
L002194,CU002194,2025-01-31,Email,Email,CMP_EMA_BIR,Birmingham,Healthcare,50-249,Remote Support,76.8,MQL,1,0
L002195,CU002195,2025-01-31,Organic Search,Organic Search,CMP_ORG_SHE,Sheffield,Professional Services,1000+,Remote Access,86.9,New,0,0
L002196,CU002196,2025-01-31,Display,Display,CMP_DIS_BRI,Bristol,Retail,1-49,Remote Support,79.6,New,0,0
L002197,CU002197,2025-02-01,Events,Events,CMP_EVE_LIV,Liverpool,Professional Services,250-999,Enterprise Connectivity,46.6,MQL,1,0
L002198,CU002198,2025-02-01,LinkedIn,LinkedIn,CMP_LIN_EDI,Edinburgh,Technology,250-999,Enterprise Connectivity,84.4,SQL,1,1
L002199,CU002199,2025-02-01,Events,Events,CMP_EVE_MAN,Manchester,Manufacturing,1000+,Security Add-on,92.9,SQL,1,1
L002200,CU002200,2025-02-01,LinkedIn,LinkedIn,CMP_LIN_MAN,Manchester,Retail,50-249,Security Add-on,97.5,SQL,1,1
L002201,CU002201,2025-02-01,Partner,Partner,CMP_PAR_LEE,Leeds,Education,250-999,Enterprise Connectivity,46.5,MQL,1,0
L002202,CU002202,2025-02-01,Direct,Direct,CMP_DIR_SHE,Sheffield,Professional Services,1-49,Security Add-on,63.3,New,0,0
L002203,CU002203,2025-02-02,Email,Email,CMP_EMA_BRI,Bristol,Technology,1-49,Remote Access,63.0,SQL,1,1
L002204,CU002204,2025-02-02,Direct,Direct,CMP_DIR_EDI,Edinburgh,Technology,1000+,Remote Support,58.8,SQL,1,1
L002205,CU002205,2025-02-03,Organic Search,Organic Search,CMP_ORG_BRI,Bristol,Professional Services,50-249,Enterprise Connectivity,58.3,New,0,0
L002206,CU002206,2025-02-03,Paid Search - Brand,Paid Search - Brand,CMP_PAI_SHE,Sheffield,Professional Services,1-49,Security Add-on,53.6,SQL,1,1
L002207,CU002207,2025-02-03,Paid Social,Paid Social,CMP_PAI_BIR,Birmingham,Technology,50-249,Remote Support,44.0,New,0,0
L002208,CU002208,2025-02-03,Direct,Direct,CMP_DIR_GLA,Glasgow,Manufacturing,1000+,Security Add-on,49.5,MQL,1,0
L002209,CU002209,2025-02-03,YouTube,YouTube,CMP_YOU_LIV,Liverpool,Manufacturing,250-999,Enterprise Connectivity,80.6,New,0,0
L002210,CU002210,2025-02-04,Email,Email,CMP_EMA_CAR,Cardiff,Manufacturing,50-249,Security Add-on,73.9,MQL,1,0
L002211,CU002211,2025-02-04,Paid Search - Brand,Paid Search - Brand,CMP_PAI_LIV,Liverpool,Manufacturing,1000+,Remote Support,62.9,SQL,1,1
L002212,CU002212,2025-02-04,Partner,Partner,CMP_PAR_BRI,Bristol,Professional Services,250-999,Remote Support,49.9,New,0,0
L002213,CU002213,2025-02-04,Events,Events,CMP_EVE_MAN,Manchester,Manufacturing,250-999,Enterprise Connectivity,71.7,MQL,1,0
L002214,CU002214,2025-02-04,Events,Events,CMP_EVE_BRI,Bristol,Retail,50-249,Security Add-on,80.1,New,0,0
L002215,CU002215,2025-02-04,Direct,Direct,CMP_DIR_LON,London,Education,50-249,Remote Support,64.9,New,0,0
L002216,CU002216,2025-02-05,Paid Search - Brand,Paid Search - Brand,CMP_PAI_LIV,Liverpool,Manufacturing,250-999,Remote Access,58.6,MQL,1,0
L002217,CU002217,2025-02-05,Paid Search - Non-Brand,Paid Search - Non-Brand,CMP_PAI_LON,London,Education,250-999,Enterprise Connectivity,76.6,New,0,0
L002218,CU002218,2025-02-06,Partner,Partner,CMP_PAR_GLA,Glasgow,Professional Services,50-249,Remote Access,65.8,MQL,1,0
L002219,CU002219,2025-02-06,Paid Search - Brand,Paid Search - Brand,CMP_PAI_BIR,Birmingham,Professional Services,50-249,Enterprise Connectivity,64.5,New,0,0
L002220,CU002220,2025-02-06,Organic Search,Organic Search,CMP_ORG_MAN,Manchester,Technology,1000+,Remote Access,75.7,New,0,0
L002221,CU002221,2025-02-06,Display,Display,CMP_DIS_LEE,Leeds,Education,50-249,Remote Access,57.5,MQL,1,0
L002222,CU002222,2025-02-07,Paid Search - Brand,Paid Search - Brand,CMP_PAI_LON,London,Professional Services,1-49,Security Add-on,70.7,SQL,1,1
L002223,CU002223,2025-02-07,Paid Search - Brand,Paid Search - Brand,CMP_PAI_MAN,Manchester,Healthcare,50-249,Remote Support,55.0,MQL,1,0
L002224,CU002224,2025-02-07,Direct,Direct,CMP_DIR_LON,London,Professional Services,1000+,Enterprise Connectivity,70.5,SQL,1,1
L002225,CU002225,2025-02-08,Organic Search,Organic Search,CMP_ORG_LEE,Leeds,Retail,1000+,Enterprise Connectivity,71.3,SQL,1,1
L002226,CU002226,2025-02-08,Email,Email,CMP_EMA_LON,London,Retail,250-999,Security Add-on,77.3,SQL,1,1
L002227,CU002227,2025-02-08,Paid Social,Paid Social,CMP_PAI_MAN,Manchester,Retail,50-249,Enterprise Connectivity,43.6,New,0,0
L002228,CU002228,2025-02-09,Paid Search - Brand,Paid Search - Brand,CMP_PAI_BRI,Bristol,Manufacturing,50-249,Security Add-on,73.8,SQL,1,1
L002229,CU002229,2025-02-09,LinkedIn,LinkedIn,CMP_LIN_LON,London,Education,1000+,Enterprise Connectivity,84.3,SQL,1,1
L002230,CU002230,2025-02-09,Paid Search - Brand,Paid Search - Brand,CMP_PAI_LON,London,Healthcare,50-249,Enterprise Connectivity,79.2,MQL,1,0
L002231,CU002231,2025-02-09,LinkedIn,LinkedIn,CMP_LIN_MAN,Manchester,Healthcare,250-999,Enterprise Connectivity,83.3,New,0,0
L002232,CU002232,2025-02-10,Organic Search,Organic Search,CMP_ORG_LON,London,Manufacturing,1-49,Enterprise Connectivity,57.6,New,0,0
L002233,CU002233,2025-02-10,Organic Search,Organic Search,CMP_ORG_EDI,Edinburgh,Education,1-49,Enterprise Connectivity,59.9,New,0,0
L002234,CU002234,2025-02-10,LinkedIn,LinkedIn,CMP_LIN_BRI,Bristol,Technology,1-49,Enterprise Connectivity,85.7,SQL,1,1
L002235,CU002235,2025-02-10,Paid Search - Brand,Paid Search - Brand,CMP_PAI_LON,London,Healthcare,50-249,Remote Support,42.7,New,0,0
L002236,CU002236,2025-02-10,Paid Search - Brand,Paid Search - Brand,CMP_PAI_LON,London,Healthcare,250-999,Remote Support,76.1,SQL,1,1
L002237,CU002237,2025-02-11,LinkedIn,LinkedIn,CMP_LIN_GLA,Glasgow,Retail,250-999,Remote Access,65.6,SQL,1,1
L002238,CU002238,2025-02-11,Direct,Direct,CMP_DIR_LIV,Liverpool,Technology,1-49,Enterprise Connectivity,88.9,MQL,1,0
L002239,CU002239,2025-02-11,Paid Search - Non-Brand,Paid Search - Non-Brand,CMP_PAI_GLA,Glasgow,Healthcare,250-999,Enterprise Connectivity,57.8,SQL,1,1
L002240,CU002240,2025-02-11,Paid Search - Brand,Paid Search - Brand,CMP_PAI_LEE,Leeds,Manufacturing,50-249,Remote Access,47.1,New,0,0
L002241,CU002241,2025-02-11,Paid Social,Paid Social,CMP_PAI_LEE,Leeds,Professional Services,50-249,Remote Support,53.8,New,0,0
L002242,CU002242,2025-02-11,LinkedIn,LinkedIn,CMP_LIN_BIR,Birmingham,Education,1000+,Remote Support,77.5,SQL,1,1
L002243,CU002243,2025-02-12,Paid Search - Non-Brand,Paid Search - Non-Brand,CMP_PAI_EDI,Edinburgh,Manufacturing,50-249,Security Add-on,67.6,New,0,0
L002244,CU002244,2025-02-12,Paid Search - Brand,Paid Search - Brand,CMP_PAI_LEE,Leeds,Retail,250-999,Security Add-on,75.8,SQL,1,1
L002245,CU002245,2025-02-12,Organic Search,Organic Search,CMP_ORG_BRI,Bristol,Manufacturing,250-999,Enterprise Connectivity,70.8,SQL,1,1
L002246,CU002246,2025-02-13,Partner,Partner,CMP_PAR_BRI,Bristol,Technology,1-49,Remote Access,55.5,SQL,1,1
L002247,CU002247,2025-02-13,Organic Search,Organic Search,CMP_ORG_MAN,Manchester,Technology,50-249,Remote Access,89.8,New,0,0
L002248,CU002248,2025-02-13,Paid Social,Paid Social,CMP_PAI_LON,London,Professional Services,50-249,Remote Support,79.8,MQL,1,0
L002249,CU002249,2025-02-14,Paid Social,Paid Social,CMP_PAI_LEE,Leeds,Retail,1-49,Enterprise Connectivity,95.2,MQL,1,0
L002250,CU002250,2025-02-14,Paid Search - Non-Brand,Paid Search - Non-Brand,CMP_PAI_SHE,Sheffield,Education,50-249,Security Add-on,51.3,New,0,0
L002251,CU002251,2025-02-14,Paid Search - Brand,Paid Search - Brand,CMP_PAI_MAN,Manchester,Manufacturing,1-49,Remote Support,75.9,MQL,1,0
L002252,CU002252,2025-02-14,Paid Search - Brand,Paid Search - Brand,CMP_PAI_CAR,Cardiff,Technology,250-999,Remote Access,51.1,New,0,0
L002253,CU002253,2025-02-14,Paid Search - Brand,Paid Search - Brand,CMP_PAI_CAR,Cardiff,Retail,1000+,Enterprise Connectivity,59.9,New,0,0
L002254,CU002254,2025-02-14,Email,Email,CMP_EMA_BRI,Bristol,Technology,250-999,Enterprise Connectivity,59.4,SQL,1,1
L002255,CU002255,2025-02-14,Partner,Partner,CMP_PAR_BRI,Bristol,Education,1000+,Enterprise Connectivity,66.5,New,0,0
L002256,CU002256,2025-02-14,Paid Social,Paid Social,CMP_PAI_CAR,Cardiff,Healthcare,1-49,Enterprise Connectivity,18.6,New,0,0
L002257,CU002257,2025-02-15,Organic Search,Organic Search,CMP_ORG_MAN,Manchester,Education,250-999,Remote Access,49.1,MQL,1,0
L002258,CU002258,2025-02-15,Paid Search - Brand,Paid Search - Brand,CMP_PAI_BIR,Birmingham,Healthcare,250-999,Remote Support,78.3,New,0,0
L002259,CU002259,2025-02-15,Paid Search - Non-Brand,Paid Search - Non-Brand,CMP_PAI_BIR,Birmingham,Manufacturing,250-999,Remote Access,76.0,New,0,0
L002260,CU002260,2025-02-16,Events,Events,CMP_EVE_GLA,Glasgow,Education,250-999,Security Add-on,67.9,MQL,1,0
L002261,CU002261,2025-02-16,Direct,Direct,CMP_DIR_BIR,Birmingham,Manufacturing,50-249,Remote Support,78.6,MQL,1,0
L002262,CU002262,2025-02-16,Events,Events,CMP_EVE_SHE,Sheffield,Technology,1-49,Enterprise Connectivity,57.4,MQL,1,0
L002263,CU002263,2025-02-16,Organic Search,Organic Search,CMP_ORG_CAR,Cardiff,Retail,250-999,Security Add-on,68.6,New,0,0
L002264,CU002264,2025-02-16,Email,Email,CMP_EMA_GLA,Glasgow,Manufacturing,50-249,Remote Support,47.8,New,0,0
L002265,CU002265,2025-02-16,Events,Events,CMP_EVE_CAR,Cardiff,Healthcare,1-49,Security Add-on,42.5,New,0,0
L002266,CU002266,2025-02-16,Paid Search - Brand,Paid Search - Brand,CMP_PAI_SHE,Sheffield,Education,250-999,Enterprise Connectivity,46.5,SQL,1,1
L002267,CU002267,2025-02-16,Partner,Partner,CMP_PAR_BRI,Bristol,Professional Services,250-999,Remote Access,40.6,New,0,0
L002268,CU002268,2025-02-16,Organic Search,Organic Search,CMP_ORG_LIV,Liverpool,Education,1000+,Remote Support,51.9,New,0,0
L002269,CU002269,2025-02-16,Paid Social,Paid Social,CMP_PAI_LON,London,Technology,1-49,Enterprise Connectivity,58.6,MQL,1,0
L002270,CU002270,2025-02-17,Partner,Partner,CMP_PAR_CAR,Cardiff,Education,250-999,Remote Access,71.3,MQL,1,0
L002271,CU002271,2025-02-17,Paid Social,Paid Social,CMP_PAI_BIR,Birmingham,Technology,250-999,Remote Support,63.1,MQL,1,0
L002272,CU002272,2025-02-17,YouTube,YouTube,CMP_YOU_GLA,Glasgow,Healthcare,1000+,Security Add-on,67.6,MQL,1,0
L002273,CU002273,2025-02-17,YouTube,YouTube,CMP_YOU_BRI,Bristol,Technology,1000+,Security Add-on,66.1,MQL,1,0
L002274,CU002274,2025-02-17,Paid Social,Paid Social,CMP_PAI_BIR,Birmingham,Healthcare,50-249,Security Add-on,48.0,New,0,0
L002275,CU002275,2025-02-18,Events,Events,CMP_EVE_GLA,Glasgow,Technology,250-999,Remote Support,80.7,MQL,1,0
L002276,CU002276,2025-02-18,Paid Social,Paid Social,CMP_PAI_LEE,Leeds,Technology,50-249,Enterprise Connectivity,47.9,New,0,0
L002277,CU002277,2025-02-18,LinkedIn,LinkedIn,CMP_LIN_BIR,Birmingham,Healthcare,250-999,Security Add-on,72.0,MQL,1,0
L002278,CU002278,2025-02-18,Paid Search - Non-Brand,Paid Search - Non-Brand,CMP_PAI_BIR,Birmingham,Healthcare,1-49,Remote Access,60.4,New,0,0
L002279,CU002279,2025-02-18,Partner,Partner,CMP_PAR_LEE,Leeds,Education,50-249,Enterprise Connectivity,79.4,MQL,1,0
L002280,CU002280,2025-02-19,Paid Search - Brand,Paid Search - Brand,CMP_PAI_EDI,Edinburgh,Education,50-249,Remote Support,65.4,SQL,1,1
L002281,CU002281,2025-02-19,Paid Search - Non-Brand,Paid Search - Non-Brand,CMP_PAI_CAR,Cardiff,Education,250-999,Remote Support,34.5,New,0,0
L002282,CU002282,2025-02-19,YouTube,YouTube,CMP_YOU_BIR,Birmingham,Manufacturing,250-999,Security Add-on,46.7,MQL,1,0
L002283,CU002283,2025-02-20,Paid Search - Brand,Paid Search - Brand,CMP_PAI_LON,London,Retail,1000+,Enterprise Connectivity,78.8,New,0,0
L002284,CU002284,2025-02-20,Partner,Partner,CMP_PAR_LON,London,Manufacturing,50-249,Remote Support,78.3,New,0,0
L002285,CU002285,2025-02-20,Paid Search - Non-Brand,Paid Search - Non-Brand,CMP_PAI_LON,London,Manufacturing,250-999,Security Add-on,74.1,New,0,0
L002286,CU002286,2025-02-21,Direct,Direct,CMP_DIR_MAN,Manchester,Manufacturing,1000+,Remote Support,66.2,MQL,1,0
L002287,CU002287,2025-02-21,Paid Search - Non-Brand,Paid Search - Non-Brand,CMP_PAI_LIV,Liverpool,Manufacturing,1-49,Security Add-on,51.6,SQL,1,1
L002288,CU002288,2025-02-21,Partner,Partner,CMP_PAR_LIV,Liverpool,Professional Services,1-49,Remote Access,87.8,New,0,0
L002289,CU002289,2025-02-21,Paid Search - Non-Brand,Paid Search - Non-Brand,CMP_PAI_BRI,Bristol,Healthcare,1-49,Security Add-on,66.9,SQL,1,1
L002290,CU002290,2025-02-21,Paid Search - Brand,Paid Search - Brand,CMP_PAI_LIV,Liverpool,Education,1-49,Remote Access,80.9,MQL,1,0
L002291,CU002291,2025-02-21,Paid Search - Non-Brand,Paid Search - Non-Brand,CMP_PAI_GLA,Glasgow,Manufacturing,1-49,Remote Support,51.1,New,0,0
L002292,CU002292,2025-02-21,Paid Search - Brand,Paid Search - Brand,CMP_PAI_CAR,Cardiff,Manufacturing,1-49,Remote Access,54.7,New,0,0
L002293,CU002293,2025-02-22,Paid Social,Paid Social,CMP_PAI_CAR,Cardiff,Education,1-49,Security Add-on,42.6,New,0,0
L002294,CU002294,2025-02-22,Events,Events,CMP_EVE_SHE,Sheffield,Retail,250-999,Enterprise Connectivity,53.0,MQL,1,0
L002295,CU002295,2025-02-22,Direct,Direct,CMP_DIR_BIR,Birmingham,Technology,250-999,Enterprise Connectivity,62.2,MQL,1,0
L002296,CU002296,2025-02-22,Email,Email,CMP_EMA_LON,London,Technology,50-249,Security Add-on,55.9,New,0,0
L002297,CU002297,2025-02-22,Paid Search - Brand,Paid Search - Brand,CMP_PAI_BIR,Birmingham,Education,1000+,Enterprise Connectivity,64.8,New,0,0
L002298,CU002298,2025-02-22,LinkedIn,LinkedIn,CMP_LIN_CAR,Cardiff,Technology,250-999,Remote Access,79.0,SQL,1,1
L002299,CU002299,2025-02-23,Paid Search - Brand,Paid Search - Brand,CMP_PAI_LEE,Leeds,Education,50-249,Enterprise Connectivity,57.4,MQL,1,0
L002300,CU002300,2025-02-23,Paid Search - Non-Brand,Paid Search - Non-Brand,CMP_PAI_GLA,Glasgow,Professional Services,250-999,Enterprise Connectivity,70.7,SQL,1,1
L002301,CU002301,2025-02-23,Paid Search - Brand,Paid Search - Brand,CMP_PAI_CAR,Cardiff,Healthcare,1000+,Remote Support,67.7,New,0,0
L002302,CU002302,2025-02-24,Events,Events,CMP_EVE_MAN,Manchester,Retail,1000+,Remote Access,62.5,SQL,1,1
L002303,CU002303,2025-02-24,Paid Search - Brand,Paid Search - Brand,CMP_PAI_LEE,Leeds,Manufacturing,250-999,Enterprise Connectivity,64.1,New,0,0
L002304,CU002304,2025-02-24,Organic Search,Organic Search,CMP_ORG_LON,London,Professional Services,1000+,Remote Access,85.3,SQL,1,1
L002305,CU002305,2025-02-24,Organic Search,Organic Search,CMP_ORG_SHE,Sheffield,Technology,1-49,Security Add-on,48.0,SQL,1,1
L002306,CU002306,2025-02-25,Paid Search - Brand,Paid Search - Brand,CMP_PAI_CAR,Cardiff,Manufacturing,50-249,Enterprise Connectivity,53.0,MQL,1,0
L002307,CU002307,2025-02-25,Direct,Direct,CMP_DIR_MAN,Manchester,Education,250-999,Security Add-on,71.3,MQL,1,0
L002308,CU002308,2025-02-25,Paid Search - Non-Brand,Paid Search - Non-Brand,CMP_PAI_CAR,Cardiff,Retail,1-49,Remote Support,48.7,MQL,1,0
L002309,CU002309,2025-02-25,Email,Email,CMP_EMA_LIV,Liverpool,Manufacturing,50-249,Remote Access,72.0,New,0,0
L002310,CU002310,2025-02-25,Paid Search - Brand,Paid Search - Brand,CMP_PAI_LEE,Leeds,Technology,1000+,Remote Access,55.1,SQL,1,1
L002311,CU002311,2025-02-26,Organic Search,Organic Search,CMP_ORG_LEE,Leeds,Professional Services,50-249,Remote Support,69.8,New,0,0
L002312,CU002312,2025-02-26,Paid Social,Paid Social,CMP_PAI_BIR,Birmingham,Technology,1000+,Remote Support,47.8,New,0,0
L002313,CU002313,2025-02-26,Direct,Direct,CMP_DIR_MAN,Manchester,Education,1000+,Remote Support,28.3,SQL,1,1
L002314,CU002314,2025-02-26,Paid Search - Non-Brand,Paid Search - Non-Brand,CMP_PAI_BRI,Bristol,Professional Services,50-249,Remote Access,73.6,New,0,0
L002315,CU002315,2025-02-26,Paid Search - Brand,Paid Search - Brand,CMP_PAI_BRI,Bristol,Professional Services,50-249,Remote Access,68.4,MQL,1,0
L002316,CU002316,2025-02-26,Partner,Partner,CMP_PAR_MAN,Manchester,Retail,50-249,Remote Access,32.6,New,0,0
L002317,CU002317,2025-02-26,Paid Search - Non-Brand,Paid Search - Non-Brand,CMP_PAI_LON,London,Technology,50-249,Remote Access,79.9,New,0,0
L002318,CU002318,2025-02-27,Paid Search - Brand,Paid Search - Brand,CMP_PAI_BRI,Bristol,Education,250-999,Remote Support,63.7,New,0,0
L002319,CU002319,2025-02-27,Display,Display,CMP_DIS_MAN,Manchester,Professional Services,50-249,Security Add-on,79.2,MQL,1,0
L002320,CU002320,2025-02-27,Paid Search - Brand,Paid Search - Brand,CMP_PAI_LON,London,Healthcare,250-999,Remote Support,49.7,SQL,1,1
L002321,CU002321,2025-02-27,Partner,Partner,CMP_PAR_LEE,Leeds,Manufacturing,250-999,Enterprise Connectivity,42.7,New,0,0
L002322,CU002322,2025-02-27,Direct,Direct,CMP_DIR_MAN,Manchester,Retail,1-49,Remote Support,39.2,New,0,0
L002323,CU002323,2025-02-27,Paid Social,Paid Social,CMP_PAI_GLA,Glasgow,Retail,50-249,Remote Access,77.2,New,0,0
L002324,CU002324,2025-02-27,Email,Email,CMP_EMA_LEE,Leeds,Technology,1-49,Enterprise Connectivity,89.9,MQL,1,0
L002325,CU002325,2025-02-27,LinkedIn,LinkedIn,CMP_LIN_EDI,Edinburgh,Retail,250-999,Security Add-on,82.5,New,0,0
L002326,CU002326,2025-02-27,Partner,Partner,CMP_PAR_LON,London,Retail,50-249,Remote Support,77.4,New,0,0
L002327,CU002327,2025-02-27,Organic Search,Organic Search,CMP_ORG_LEE,Leeds,Manufacturing,1-49,Remote Access,68.1,SQL,1,1
L002328,CU002328,2025-02-27,Direct,Direct,CMP_DIR_BIR,Birmingham,Professional Services,1-49,Remote Support,84.9,MQL,1,0
L002329,CU002329,2025-02-27,Paid Search - Brand,Paid Search - Brand,CMP_PAI_LEE,Leeds,Healthcare,50-249,Remote Support,58.4,MQL,1,0
L002330,CU002330,2025-02-27,Paid Search - Non-Brand,Paid Search - Non-Brand,CMP_PAI_CAR,Cardiff,Education,50-249,Security Add-on,52.4,New,0,0
L002331,CU002331,2025-02-28,Paid Search - Non-Brand,Paid Search - Non-Brand,CMP_PAI_CAR,Cardiff,Education,1-49,Enterprise Connectivity,65.2,MQL,1,0
L002332,CU002332,2025-02-28,Partner,Partner,CMP_PAR_MAN,Manchester,Retail,1000+,Remote Support,57.7,New,0,0
L002333,CU002333,2025-02-28,Organic Search,Organic Search,CMP_ORG_BIR,Birmingham,Manufacturing,1-49,Remote Access,51.0,SQL,1,1
L002334,CU002334,2025-02-28,Events,Events,CMP_EVE_BIR,Birmingham,Retail,50-249,Remote Access,69.8,SQL,1,1
L002335,CU002335,2025-02-28,Events,Events,CMP_EVE_LON,London,Education,1000+,Enterprise Connectivity,56.4,New,0,0
L002336,CU002336,2025-02-28,Paid Search - Brand,Paid Search - Brand,CMP_PAI_LON,London,Technology,1-49,Remote Support,67.4,New,0,0
L002337,CU002337,2025-02-28,Paid Search - Brand,Paid Search - Brand,CMP_PAI_MAN,Manchester,Professional Services,250-999,Remote Access,57.0,New,0,0
L002338,CU002338,2025-03-01,Paid Search - Brand,Paid Search - Brand,CMP_PAI_LON,London,Manufacturing,50-249,Remote Access,67.1,New,0,0
L002339,CU002339,2025-03-01,LinkedIn,LinkedIn,CMP_LIN_CAR,Cardiff,Education,1000+,Remote Access,84.6,SQL,1,1
L002340,CU002340,2025-03-01,Paid Social,Paid Social,CMP_PAI_SHE,Sheffield,Retail,50-249,Security Add-on,37.0,New,0,0
L002341,CU002341,2025-03-02,Partner,Partner,CMP_PAR_BRI,Bristol,Education,1-49,Remote Support,53.2,New,0,0
L002342,CU002342,2025-03-03,Organic Search,Organic Search,CMP_ORG_GLA,Glasgow,Education,1000+,Remote Access,100.0,New,0,0
L002343,CU002343,2025-03-03,LinkedIn,LinkedIn,CMP_LIN_LIV,Liverpool,Retail,50-249,Security Add-on,90.9,SQL,1,1
L002344,CU002344,2025-03-03,Direct,Direct,CMP_DIR_SHE,Sheffield,Retail,50-249,Remote Access,61.4,New,0,0
L002345,CU002345,2025-03-03,Events,Events,CMP_EVE_LON,London,Healthcare,50-249,Security Add-on,72.5,New,0,0
L002346,CU002346,2025-03-03,Events,Events,CMP_EVE_EDI,Edinburgh,Professional Services,50-249,Remote Support,66.1,New,0,0
L002347,CU002347,2025-03-03,Organic Search,Organic Search,CMP_ORG_CAR,Cardiff,Retail,1000+,Remote Access,94.9,SQL,1,1
L002348,CU002348,2025-03-04,Paid Social,Paid Social,CMP_PAI_GLA,Glasgow,Technology,250-999,Security Add-on,57.7,New,0,0
L002349,CU002349,2025-03-04,Email,Email,CMP_EMA_BIR,Birmingham,Education,250-999,Enterprise Connectivity,82.2,New,0,0
L002350,CU002350,2025-03-04,Paid Search - Non-Brand,Paid Search - Non-Brand,CMP_PAI_LON,London,Retail,50-249,Enterprise Connectivity,81.3,SQL,1,1
L002351,CU002351,2025-03-04,Paid Search - Brand,Paid Search - Brand,CMP_PAI_LIV,Liverpool,Manufacturing,1000+,Remote Access,77.7,SQL,1,1
L002352,CU002352,2025-03-04,Organic Search,Organic Search,CMP_ORG_BRI,Bristol,Manufacturing,1-49,Remote Support,60.8,MQL,1,0
L002353,CU002353,2025-03-04,LinkedIn,LinkedIn,CMP_LIN_SHE,Sheffield,Retail,1000+,Security Add-on,63.8,SQL,1,1
L002354,CU002354,2025-03-04,Paid Search - Non-Brand,Paid Search - Non-Brand,CMP_PAI_SHE,Sheffield,Professional Services,50-249,Remote Support,60.3,New,0,0
L002355,CU002355,2025-03-05,Paid Search - Brand,Paid Search - Brand,CMP_PAI_BIR,Birmingham,Retail,250-999,Enterprise Connectivity,39.5,New,0,0
L002356,CU002356,2025-03-05,Paid Search - Non-Brand,Paid Search - Non-Brand,CMP_PAI_CAR,Cardiff,Professional Services,250-999,Security Add-on,57.6,MQL,1,0
L002357,CU002357,2025-03-05,Email,Email,CMP_EMA_EDI,Edinburgh,Retail,1-49,Remote Support,84.0,MQL,1,0
L002358,CU002358,2025-03-05,LinkedIn,LinkedIn,CMP_LIN_LON,London,Healthcare,250-999,Remote Support,98.3,SQL,1,1
L002359,CU002359,2025-03-05,Events,Events,CMP_EVE_LON,London,Retail,1-49,Remote Access,68.2,SQL,1,1
L002360,CU002360,2025-03-05,Events,Events,CMP_EVE_SHE,Sheffield,Education,50-249,Remote Support,50.7,New,0,0
L002361,CU002361,2025-03-05,Direct,Direct,CMP_DIR_GLA,Glasgow,Manufacturing,1000+,Enterprise Connectivity,74.6,New,0,0
L002362,CU002362,2025-03-06,Paid Social,Paid Social,CMP_PAI_SHE,Sheffield,Technology,250-999,Remote Support,29.1,New,0,0
L002363,CU002363,2025-03-06,Paid Search - Non-Brand,Paid Search - Non-Brand,CMP_PAI_MAN,Manchester,Manufacturing,1000+,Security Add-on,49.7,SQL,1,1
L002364,CU002364,2025-03-06,Organic Search,Organic Search,CMP_ORG_BIR,Birmingham,Healthcare,250-999,Security Add-on,81.6,New,0,0
L002365,CU002365,2025-03-06,Paid Search - Brand,Paid Search - Brand,CMP_PAI_LEE,Leeds,Technology,1-49,Remote Support,77.3,New,0,0
L002366,CU002366,2025-03-06,Email,Email,CMP_EMA_LEE,Leeds,Healthcare,50-249,Security Add-on,66.2,SQL,1,1
L002367,CU002367,2025-03-07,Paid Search - Brand,Paid Search - Brand,CMP_PAI_BIR,Birmingham,Technology,1000+,Security Add-on,61.5,SQL,1,1
L002368,CU002368,2025-03-07,LinkedIn,LinkedIn,CMP_LIN_MAN,Manchester,Technology,1000+,Enterprise Connectivity,79.6,MQL,1,0
L002369,CU002369,2025-03-07,Paid Search - Brand,Paid Search - Brand,CMP_PAI_LEE,Leeds,Professional Services,1000+,Remote Support,72.5,MQL,1,0
L002370,CU002370,2025-03-08,LinkedIn,LinkedIn,CMP_LIN_LEE,Leeds,Healthcare,250-999,Enterprise Connectivity,92.7,SQL,1,1
L002371,CU002371,2025-03-08,Email,Email,CMP_EMA_LIV,Liverpool,Manufacturing,50-249,Security Add-on,53.2,New,0,0
L002372,CU002372,2025-03-08,Paid Search - Non-Brand,Paid Search - Non-Brand,CMP_PAI_LEE,Leeds,Professional Services,50-249,Remote Access,51.2,SQL,1,1
L002373,CU002373,2025-03-08,Paid Search - Brand,Paid Search - Brand,CMP_PAI_SHE,Sheffield,Retail,1-49,Security Add-on,56.7,New,0,0
L002374,CU002374,2025-03-08,Organic Search,Organic Search,CMP_ORG_LON,London,Healthcare,1-49,Enterprise Connectivity,68.8,SQL,1,1
L002375,CU002375,2025-03-08,Partner,Partner,CMP_PAR_BRI,Bristol,Retail,250-999,Security Add-on,69.9,New,0,0
L002376,CU002376,2025-03-09,Paid Search - Brand,Paid Search - Brand,CMP_PAI_BIR,Birmingham,Manufacturing,50-249,Enterprise Connectivity,54.9,SQL,1,1
L002377,CU002377,2025-03-09,Partner,Partner,CMP_PAR_CAR,Cardiff,Technology,50-249,Remote Support,66.8,New,0,0
L002378,CU002378,2025-03-09,Direct,Direct,CMP_DIR_BIR,Birmingham,Healthcare,1000+,Remote Access,53.1,New,0,0
L002379,CU002379,2025-03-09,Direct,Direct,CMP_DIR_MAN,Manchester,Technology,1-49,Remote Support,58.8,New,0,0
L002380,CU002380,2025-03-09,Organic Search,Organic Search,CMP_ORG_LON,London,Professional Services,1-49,Remote Access,67.2,MQL,1,0
L002381,CU002381,2025-03-10,Email,Email,CMP_EMA_LON,London,Healthcare,250-999,Enterprise Connectivity,85.4,New,0,0
L002382,CU002382,2025-03-10,Direct,Direct,CMP_DIR_MAN,Manchester,Manufacturing,250-999,Enterprise Connectivity,69.7,SQL,1,1
L002383,CU002383,2025-03-10,Paid Search - Brand,Paid Search - Brand,CMP_PAI_BRI,Bristol,Healthcare,50-249,Remote Access,100.0,SQL,1,1
L002384,CU002384,2025-03-11,Partner,Partner,CMP_PAR_SHE,Sheffield,Technology,1000+,Enterprise Connectivity,76.5,SQL,1,1
L002385,CU002385,2025-03-11,LinkedIn,LinkedIn,CMP_LIN_BIR,Birmingham,Education,1000+,Security Add-on,77.0,SQL,1,1
L002386,CU002386,2025-03-11,Paid Search - Brand,Paid Search - Brand,CMP_PAI_LON,London,Healthcare,1000+,Remote Access,65.1,New,0,0
L002387,CU002387,2025-03-11,Direct,Direct,CMP_DIR_BIR,Birmingham,Manufacturing,1-49,Enterprise Connectivity,31.2,New,0,0
L002388,CU002388,2025-03-12,Paid Social,Paid Social,CMP_PAI_LEE,Leeds,Manufacturing,1-49,Remote Support,35.2,SQL,1,1
L002389,CU002389,2025-03-12,Paid Social,Paid Social,CMP_PAI_EDI,Edinburgh,Education,50-249,Remote Support,44.2,New,0,0
L002390,CU002390,2025-03-12,Organic Search,Organic Search,CMP_ORG_BRI,Bristol,Healthcare,1000+,Remote Support,81.4,SQL,1,1
L002391,CU002391,2025-03-12,Direct,Direct,CMP_DIR_SHE,Sheffield,Professional Services,250-999,Remote Access,76.6,New,0,0
L002392,CU002392,2025-03-12,YouTube,YouTube,CMP_YOU_EDI,Edinburgh,Education,50-249,Remote Access,44.9,MQL,1,0
L002393,CU002393,2025-03-12,Paid Search - Brand,Paid Search - Brand,CMP_PAI_GLA,Glasgow,Healthcare,1000+,Enterprise Connectivity,71.2,SQL,1,1
L002394,CU002394,2025-03-12,Paid Social,Paid Social,CMP_PAI_LON,London,Healthcare,1-49,Remote Support,73.6,MQL,1,0
L002395,CU002395,2025-03-12,Paid Social,Paid Social,CMP_PAI_LEE,Leeds,Education,1-49,Remote Support,51.9,New,0,0
L002396,CU002396,2025-03-12,Events,Events,CMP_EVE_SHE,Sheffield,Technology,250-999,Remote Access,69.3,New,0,0
L002397,CU002397,2025-03-13,Organic Search,Organic Search,CMP_ORG_GLA,Glasgow,Professional Services,1-49,Security Add-on,76.4,New,0,0
L002398,CU002398,2025-03-13,Paid Search - Non-Brand,Paid Search - Non-Brand,CMP_PAI_CAR,Cardiff,Education,250-999,Remote Access,81.5,New,0,0
L002399,CU002399,2025-03-13,Paid Search - Non-Brand,Paid Search - Non-Brand,CMP_PAI_SHE,Sheffield,Professional Services,1-49,Remote Support,49.5,New,0,0
L002400,CU002400,2025-03-13,Partner,Partner,CMP_PAR_GLA,Glasgow,Technology,1000+,Remote Access,87.5,MQL,1,0
L002401,CU002401,2025-03-13,LinkedIn,LinkedIn,CMP_LIN_CAR,Cardiff,Professional Services,250-999,Remote Access,65.3,SQL,1,1
L002402,CU002402,2025-03-13,Direct,Direct,CMP_DIR_LIV,Liverpool,Manufacturing,1-49,Enterprise Connectivity,69.5,SQL,1,1
L002403,CU002403,2025-03-14,LinkedIn,LinkedIn,CMP_LIN_BRI,Bristol,Healthcare,50-249,Enterprise Connectivity,84.1,MQL,1,0
L002404,CU002404,2025-03-14,LinkedIn,LinkedIn,CMP_LIN_LIV,Liverpool,Retail,1000+,Security Add-on,82.6,SQL,1,1
L002405,CU002405,2025-03-14,Direct,Direct,CMP_DIR_EDI,Edinburgh,Retail,1-49,Remote Access,67.7,New,0,0
L002406,CU002406,2025-03-14,Paid Social,Paid Social,CMP_PAI_LON,London,Healthcare,1-49,Remote Support,60.9,New,0,0
L002407,CU002407,2025-03-14,Paid Search - Brand,Paid Search - Brand,CMP_PAI_BIR,Birmingham,Technology,50-249,Enterprise Connectivity,61.9,New,0,0
L002408,CU002408,2025-03-15,Email,Email,CMP_EMA_BRI,Bristol,Healthcare,250-999,Security Add-on,50.8,SQL,1,1
L002409,CU002409,2025-03-15,Email,Email,CMP_EMA_GLA,Glasgow,Technology,50-249,Enterprise Connectivity,60.4,New,0,0
L002410,CU002410,2025-03-15,Direct,Direct,CMP_DIR_LEE,Leeds,Technology,250-999,Remote Access,62.0,SQL,1,1
L002411,CU002411,2025-03-15,Email,Email,CMP_EMA_LEE,Leeds,Healthcare,250-999,Remote Access,50.7,New,0,0
L002412,CU002412,2025-03-15,Paid Search - Non-Brand,Paid Search - Non-Brand,CMP_PAI_LON,London,Education,50-249,Remote Access,55.4,MQL,1,0
L002413,CU002413,2025-03-15,LinkedIn,LinkedIn,CMP_LIN_EDI,Edinburgh,Manufacturing,1000+,Remote Support,81.3,SQL,1,1
L002414,CU002414,2025-03-16,Email,Email,CMP_EMA_BRI,Bristol,Professional Services,50-249,Security Add-on,62.2,SQL,1,1
L002415,CU002415,2025-03-16,Paid Social,Paid Social,CMP_PAI_LON,London,Education,1-49,Remote Support,44.6,MQL,1,0
L002416,CU002416,2025-03-16,Events,Events,CMP_EVE_BIR,Birmingham,Education,50-249,Remote Access,74.1,SQL,1,1
L002417,CU002417,2025-03-17,Email,Email,CMP_EMA_BIR,Birmingham,Education,1-49,Enterprise Connectivity,53.5,New,0,0
L002418,CU002418,2025-03-17,Paid Search - Brand,Paid Search - Brand,CMP_PAI_SHE,Sheffield,Retail,1-49,Security Add-on,73.4,MQL,1,0
L002419,CU002419,2025-03-17,Paid Search - Brand,Paid Search - Brand,CMP_PAI_LON,London,Professional Services,1-49,Enterprise Connectivity,65.7,MQL,1,0
L002420,CU002420,2025-03-17,Paid Search - Non-Brand,Paid Search - Non-Brand,CMP_PAI_LON,London,Manufacturing,250-999,Security Add-on,44.5,New,0,0
L002421,CU002421,2025-03-17,Paid Search - Brand,Paid Search - Brand,CMP_PAI_BIR,Birmingham,Manufacturing,250-999,Remote Support,64.2,MQL,1,0
L002422,CU002422,2025-03-17,Paid Search - Non-Brand,Paid Search - Non-Brand,CMP_PAI_LON,London,Healthcare,50-249,Enterprise Connectivity,52.1,SQL,1,1
L002423,CU002423,2025-03-18,Direct,Direct,CMP_DIR_LON,London,Manufacturing,250-999,Remote Access,66.3,SQL,1,1
L002424,CU002424,2025-03-18,Events,Events,CMP_EVE_BIR,Birmingham,Professional Services,50-249,Remote Support,47.6,New,0,0
L002425,CU002425,2025-03-18,Direct,Direct,CMP_DIR_CAR,Cardiff,Technology,1000+,Remote Support,41.2,New,0,0
L002426,CU002426,2025-03-18,Paid Search - Brand,Paid Search - Brand,CMP_PAI_GLA,Glasgow,Technology,50-249,Security Add-on,74.6,SQL,1,1
L002427,CU002427,2025-03-18,LinkedIn,LinkedIn,CMP_LIN_GLA,Glasgow,Technology,250-999,Remote Support,100.0,New,0,0
L002428,CU002428,2025-03-18,Organic Search,Organic Search,CMP_ORG_LIV,Liverpool,Manufacturing,1-49,Remote Support,68.5,New,0,0
L002429,CU002429,2025-03-19,YouTube,YouTube,CMP_YOU_BRI,Bristol,Retail,1-49,Remote Access,51.9,New,0,0
L002430,CU002430,2025-03-19,LinkedIn,LinkedIn,CMP_LIN_CAR,Cardiff,Healthcare,250-999,Remote Support,79.6,MQL,1,0
L002431,CU002431,2025-03-19,Paid Search - Non-Brand,Paid Search - Non-Brand,CMP_PAI_SHE,Sheffield,Education,1-49,Enterprise Connectivity,73.5,New,0,0
L002432,CU002432,2025-03-19,Organic Search,Organic Search,CMP_ORG_LIV,Liverpool,Professional Services,250-999,Remote Support,73.5,MQL,1,0
L002433,CU002433,2025-03-19,Events,Events,CMP_EVE_BRI,Bristol,Education,50-249,Enterprise Connectivity,61.9,SQL,1,1
L002434,CU002434,2025-03-20,Direct,Direct,CMP_DIR_BRI,Bristol,Professional Services,50-249,Enterprise Connectivity,49.2,New,0,0
L002435,CU002435,2025-03-20,Events,Events,CMP_EVE_LIV,Liverpool,Education,50-249,Remote Access,50.1,MQL,1,0
L002436,CU002436,2025-03-20,Events,Events,CMP_EVE_GLA,Glasgow,Manufacturing,1000+,Security Add-on,63.8,MQL,1,0
L002437,CU002437,2025-03-20,Paid Search - Brand,Paid Search - Brand,CMP_PAI_GLA,Glasgow,Healthcare,1000+,Remote Support,65.1,New,0,0
L002438,CU002438,2025-03-20,Paid Social,Paid Social,CMP_PAI_LON,London,Retail,1-49,Remote Support,63.3,New,0,0
L002439,CU002439,2025-03-21,Paid Social,Paid Social,CMP_PAI_BIR,Birmingham,Technology,1-49,Security Add-on,58.7,MQL,1,0
L002440,CU002440,2025-03-21,Events,Events,CMP_EVE_GLA,Glasgow,Education,250-999,Remote Access,72.1,MQL,1,0
L002441,CU002441,2025-03-21,Events,Events,CMP_EVE_LEE,Leeds,Manufacturing,1-49,Enterprise Connectivity,72.7,New,0,0
L002442,CU002442,2025-03-21,Email,Email,CMP_EMA_BIR,Birmingham,Manufacturing,250-999,Security Add-on,91.8,SQL,1,1
L002443,CU002443,2025-03-21,YouTube,YouTube,CMP_YOU_CAR,Cardiff,Manufacturing,1000+,Enterprise Connectivity,71.1,New,0,0
L002444,CU002444,2025-03-21,Email,Email,CMP_EMA_LON,London,Manufacturing,1-49,Remote Access,61.4,SQL,1,1
L002445,CU002445,2025-03-21,Paid Social,Paid Social,CMP_PAI_MAN,Manchester,Manufacturing,50-249,Remote Support,43.6,SQL,1,1
L002446,CU002446,2025-03-22,Paid Search - Brand,Paid Search - Brand,CMP_PAI_GLA,Glasgow,Technology,250-999,Enterprise Connectivity,44.2,New,0,0
L002447,CU002447,2025-03-22,Paid Social,Paid Social,CMP_PAI_EDI,Edinburgh,Healthcare,1-49,Security Add-on,63.9,SQL,1,1
L002448,CU002448,2025-03-22,Paid Search - Non-Brand,Paid Search - Non-Brand,CMP_PAI_SHE,Sheffield,Retail,250-999,Remote Access,58.6,SQL,1,1
L002449,CU002449,2025-03-22,Paid Search - Non-Brand,Paid Search - Non-Brand,CMP_PAI_LEE,Leeds,Education,1000+,Enterprise Connectivity,81.8,MQL,1,0
L002450,CU002450,2025-03-22,Events,Events,CMP_EVE_CAR,Cardiff,Professional Services,50-249,Security Add-on,58.1,New,0,0
L002451,CU002451,2025-03-23,Direct,Direct,CMP_DIR_MAN,Manchester,Manufacturing,1-49,Enterprise Connectivity,59.2,SQL,1,1
L002452,CU002452,2025-03-23,Paid Search - Brand,Paid Search - Brand,CMP_PAI_LIV,Liverpool,Retail,50-249,Security Add-on,69.2,New,0,0
L002453,CU002453,2025-03-23,Organic Search,Organic Search,CMP_ORG_LEE,Leeds,Technology,1-49,Remote Support,64.5,SQL,1,1
L002454,CU002454,2025-03-23,Paid Search - Brand,Paid Search - Brand,CMP_PAI_LON,London,Technology,50-249,Enterprise Connectivity,47.4,SQL,1,1
L002455,CU002455,2025-03-23,Paid Social,Paid Social,CMP_PAI_LON,London,Education,1-49,Remote Support,47.6,New,0,0
L002456,CU002456,2025-03-23,Organic Search,Organic Search,CMP_ORG_EDI,Edinburgh,Professional Services,50-249,Remote Access,77.8,MQL,1,0
L002457,CU002457,2025-03-24,Direct,Direct,CMP_DIR_MAN,Manchester,Technology,250-999,Enterprise Connectivity,56.6,MQL,1,0
L002458,CU002458,2025-03-24,LinkedIn,LinkedIn,CMP_LIN_SHE,Sheffield,Retail,50-249,Remote Support,78.7,SQL,1,1
L002459,CU002459,2025-03-25,Organic Search,Organic Search,CMP_ORG_LEE,Leeds,Healthcare,1-49,Remote Support,82.7,New,0,0
L002460,CU002460,2025-03-25,Direct,Direct,CMP_DIR_LON,London,Manufacturing,50-249,Remote Access,74.5,SQL,1,1
L002461,CU002461,2025-03-25,YouTube,YouTube,CMP_YOU_BIR,Birmingham,Education,1000+,Enterprise Connectivity,82.2,MQL,1,0
L002462,CU002462,2025-03-25,YouTube,YouTube,CMP_YOU_SHE,Sheffield,Technology,250-999,Remote Access,45.3,New,0,0
L002463,CU002463,2025-03-25,Events,Events,CMP_EVE_GLA,Glasgow,Professional Services,1000+,Enterprise Connectivity,63.8,SQL,1,1
L002464,CU002464,2025-03-25,Paid Search - Non-Brand,Paid Search - Non-Brand,CMP_PAI_CAR,Cardiff,Professional Services,250-999,Enterprise Connectivity,52.5,New,0,0
L002465,CU002465,2025-03-25,Paid Search - Brand,Paid Search - Brand,CMP_PAI_LEE,Leeds,Manufacturing,50-249,Remote Access,95.0,MQL,1,0
L002466,CU002466,2025-03-25,Paid Search - Non-Brand,Paid Search - Non-Brand,CMP_PAI_CAR,Cardiff,Education,1-49,Remote Support,65.0,MQL,1,0
L002467,CU002467,2025-03-25,Paid Search - Non-Brand,Paid Search - Non-Brand,CMP_PAI_LEE,Leeds,Retail,250-999,Remote Support,64.0,SQL,1,1
L002468,CU002468,2025-03-26,Events,Events,CMP_EVE_BIR,Birmingham,Education,250-999,Remote Access,65.6,MQL,1,0
L002469,CU002469,2025-03-26,Events,Events,CMP_EVE_GLA,Glasgow,Healthcare,50-249,Remote Access,59.8,New,0,0
L002470,CU002470,2025-03-26,Paid Search - Brand,Paid Search - Brand,CMP_PAI_GLA,Glasgow,Education,1000+,Security Add-on,80.8,MQL,1,0
L002471,CU002471,2025-03-26,YouTube,YouTube,CMP_YOU_BRI,Bristol,Retail,1000+,Remote Access,80.7,New,0,0
L002472,CU002472,2025-03-26,Organic Search,Organic Search,CMP_ORG_BIR,Birmingham,Education,50-249,Remote Access,46.7,New,0,0
L002473,CU002473,2025-03-27,Partner,Partner,CMP_PAR_BRI,Bristol,Education,50-249,Remote Access,60.8,New,0,0
L002474,CU002474,2025-03-27,Organic Search,Organic Search,CMP_ORG_BIR,Birmingham,Technology,1-49,Remote Access,58.0,New,0,0
L002475,CU002475,2025-03-27,Email,Email,CMP_EMA_LON,London,Technology,1000+,Security Add-on,66.7,New,0,0
L002476,CU002476,2025-03-27,Partner,Partner,CMP_PAR_CAR,Cardiff,Professional Services,50-249,Remote Support,82.1,New,0,0
L002477,CU002477,2025-03-27,Display,Display,CMP_DIS_MAN,Manchester,Education,50-249,Enterprise Connectivity,53.7,New,0,0
L002478,CU002478,2025-03-27,Organic Search,Organic Search,CMP_ORG_BRI,Bristol,Professional Services,1-49,Security Add-on,54.1,New,0,0
L002479,CU002479,2025-03-28,Paid Search - Non-Brand,Paid Search - Non-Brand,CMP_PAI_LON,London,Healthcare,50-249,Remote Access,86.6,MQL,1,0
L002480,CU002480,2025-03-28,Direct,Direct,CMP_DIR_EDI,Edinburgh,Professional Services,250-999,Remote Access,65.2,New,0,0
L002481,CU002481,2025-03-28,Partner,Partner,CMP_PAR_LIV,Liverpool,Manufacturing,250-999,Remote Access,54.5,SQL,1,1
L002482,CU002482,2025-03-28,Organic Search,Organic Search,CMP_ORG_LON,London,Technology,1000+,Remote Access,70.7,New,0,0
L002483,CU002483,2025-03-28,Email,Email,CMP_EMA_LEE,Leeds,Education,50-249,Remote Support,65.6,SQL,1,1
L002484,CU002484,2025-03-28,Partner,Partner,CMP_PAR_BIR,Birmingham,Professional Services,1000+,Enterprise Connectivity,65.0,MQL,1,0
L002485,CU002485,2025-03-28,Events,Events,CMP_EVE_LIV,Liverpool,Education,50-249,Remote Support,50.2,New,0,0
L002486,CU002486,2025-03-28,Paid Search - Non-Brand,Paid Search - Non-Brand,CMP_PAI_CAR,Cardiff,Technology,1000+,Security Add-on,64.0,MQL,1,0
L002487,CU002487,2025-03-28,Direct,Direct,CMP_DIR_LON,London,Professional Services,1-49,Remote Access,70.2,MQL,1,0
L002488,CU002488,2025-03-29,Paid Search - Brand,Paid Search - Brand,CMP_PAI_BIR,Birmingham,Technology,50-249,Security Add-on,74.8,SQL,1,1
L002489,CU002489,2025-03-30,Organic Search,Organic Search,CMP_ORG_BRI,Bristol,Manufacturing,250-999,Enterprise Connectivity,15.4,New,0,0
L002490,CU002490,2025-03-30,Paid Social,Paid Social,CMP_PAI_CAR,Cardiff,Professional Services,50-249,Security Add-on,53.3,New,0,0
L002491,CU002491,2025-03-30,Paid Search - Non-Brand,Paid Search - Non-Brand,CMP_PAI_LON,London,Technology,250-999,Remote Access,67.8,New,0,0
L002492,CU002492,2025-03-30,Paid Search - Non-Brand,Paid Search - Non-Brand,CMP_PAI_LON,London,Technology,1000+,Remote Support,64.5,SQL,1,1
L002493,CU002493,2025-03-30,Paid Search - Brand,Paid Search - Brand,CMP_PAI_LON,London,Professional Services,1-49,Enterprise Connectivity,53.7,New,0,0
L002494,CU002494,2025-03-31,Paid Search - Non-Brand,Paid Search - Non-Brand,CMP_PAI_MAN,Manchester,Manufacturing,1-49,Remote Access,72.5,MQL,1,0
L002495,CU002495,2025-03-31,Partner,Partner,CMP_PAR_EDI,Edinburgh,Retail,1000+,Remote Support,60.9,New,0,0
L002496,CU002496,2025-03-31,Paid Search - Brand,Paid Search - Brand,CMP_PAI_LON,London,Healthcare,1-49,Enterprise Connectivity,78.8,SQL,1,1
L002497,CU002497,2025-03-31,Events,Events,CMP_EVE_EDI,Edinburgh,Manufacturing,250-999,Enterprise Connectivity,71.9,New,0,0
L002498,CU002498,2025-03-31,Email,Email,CMP_EMA_SHE,Sheffield,Retail,50-249,Remote Support,76.1,MQL,1,0
L002499,CU002499,2025-04-01,Paid Search - Brand,Paid Search - Brand,CMP_PAI_BRI,Bristol,Healthcare,250-999,Enterprise Connectivity,55.9,MQL,1,0
L002500,CU002500,2025-04-01,Organic Search,Organic Search,CMP_ORG_BRI,Bristol,Education,1-49,Remote Support,44.7,SQL,1,1
L002501,CU002501,2025-04-01,Paid Search - Brand,Paid Search - Brand,CMP_PAI_EDI,Edinburgh,Education,1-49,Enterprise Connectivity,51.8,New,0,0
L002502,CU002502,2025-04-01,Paid Search - Non-Brand,Paid Search - Non-Brand,CMP_PAI_GLA,Glasgow,Manufacturing,250-999,Remote Support,57.1,MQL,1,0
L002503,CU002503,2025-04-01,Paid Social,Paid Social,CMP_PAI_LON,London,Healthcare,50-249,Remote Access,46.3,New,0,0
L002504,CU002504,2025-04-01,Paid Search - Brand,Paid Search - Brand,CMP_PAI_LON,London,Manufacturing,1000+,Remote Support,72.9,New,0,0
L002505,CU002505,2025-04-02,LinkedIn,LinkedIn,CMP_LIN_MAN,Manchester,Retail,50-249,Security Add-on,65.4,MQL,1,0
L002506,CU002506,2025-04-02,Paid Search - Brand,Paid Search - Brand,CMP_PAI_BRI,Bristol,Healthcare,1000+,Remote Support,58.1,New,0,0
L002507,CU002507,2025-04-02,YouTube,YouTube,CMP_YOU_LON,London,Professional Services,50-249,Remote Support,80.9,SQL,1,1
L002508,CU002508,2025-04-02,Paid Social,Paid Social,CMP_PAI_EDI,Edinburgh,Professional Services,1-49,Remote Support,82.4,New,0,0
L002509,CU002509,2025-04-03,Paid Search - Non-Brand,Paid Search - Non-Brand,CMP_PAI_GLA,Glasgow,Technology,50-249,Security Add-on,82.0,New,0,0
L002510,CU002510,2025-04-03,Email,Email,CMP_EMA_LON,London,Technology,250-999,Security Add-on,98.7,SQL,1,1
L002511,CU002511,2025-04-03,YouTube,YouTube,CMP_YOU_LIV,Liverpool,Professional Services,50-249,Enterprise Connectivity,80.6,New,0,0
L002512,CU002512,2025-04-03,Email,Email,CMP_EMA_LIV,Liverpool,Technology,50-249,Remote Access,60.8,SQL,1,1
L002513,CU002513,2025-04-03,Paid Social,Paid Social,CMP_PAI_LEE,Leeds,Professional Services,50-249,Enterprise Connectivity,37.6,MQL,1,0
L002514,CU002514,2025-04-03,LinkedIn,LinkedIn,CMP_LIN_LIV,Liverpool,Technology,50-249,Security Add-on,73.6,SQL,1,1
L002515,CU002515,2025-04-03,LinkedIn,LinkedIn,CMP_LIN_LIV,Liverpool,Manufacturing,50-249,Remote Access,79.6,SQL,1,1
L002516,CU002516,2025-04-04,Events,Events,CMP_EVE_GLA,Glasgow,Manufacturing,1000+,Enterprise Connectivity,53.6,New,0,0
L002517,CU002517,2025-04-04,Paid Search - Brand,Paid Search - Brand,CMP_PAI_CAR,Cardiff,Professional Services,50-249,Security Add-on,67.6,New,0,0
L002518,CU002518,2025-04-04,Paid Search - Brand,Paid Search - Brand,CMP_PAI_LEE,Leeds,Professional Services,1000+,Remote Support,48.6,New,0,0
L002519,CU002519,2025-04-05,Direct,Direct,CMP_DIR_EDI,Edinburgh,Professional Services,250-999,Enterprise Connectivity,71.0,SQL,1,1
L002520,CU002520,2025-04-05,Display,Display,CMP_DIS_BRI,Bristol,Manufacturing,50-249,Security Add-on,53.1,New,0,0
L002521,CU002521,2025-04-06,Events,Events,CMP_EVE_LON,London,Education,50-249,Remote Support,72.4,SQL,1,1
L002522,CU002522,2025-04-06,Paid Search - Non-Brand,Paid Search - Non-Brand,CMP_PAI_MAN,Manchester,Technology,250-999,Remote Access,53.0,New,0,0
L002523,CU002523,2025-04-06,Email,Email,CMP_EMA_GLA,Glasgow,Retail,50-249,Remote Support,51.6,New,0,0
L002524,CU002524,2025-04-07,Events,Events,CMP_EVE_BIR,Birmingham,Healthcare,50-249,Remote Access,83.1,New,0,0
L002525,CU002525,2025-04-07,LinkedIn,LinkedIn,CMP_LIN_GLA,Glasgow,Manufacturing,1000+,Security Add-on,88.3,MQL,1,0
L002526,CU002526,2025-04-07,Organic Search,Organic Search,CMP_ORG_MAN,Manchester,Education,1000+,Remote Access,36.5,New,0,0
L002527,CU002527,2025-04-07,Events,Events,CMP_EVE_BRI,Bristol,Healthcare,1000+,Enterprise Connectivity,50.9,SQL,1,1
L002528,CU002528,2025-04-08,Paid Social,Paid Social,CMP_PAI_BIR,Birmingham,Retail,50-249,Security Add-on,36.5,SQL,1,1
L002529,CU002529,2025-04-08,Organic Search,Organic Search,CMP_ORG_CAR,Cardiff,Manufacturing,50-249,Security Add-on,43.0,New,0,0
L002530,CU002530,2025-04-08,Paid Search - Non-Brand,Paid Search - Non-Brand,CMP_PAI_BRI,Bristol,Retail,1-49,Remote Support,54.0,MQL,1,0
L002531,CU002531,2025-04-08,Direct,Direct,CMP_DIR_LIV,Liverpool,Education,250-999,Security Add-on,58.0,SQL,1,1
L002532,CU002532,2025-04-08,Paid Search - Brand,Paid Search - Brand,CMP_PAI_SHE,Sheffield,Education,50-249,Remote Access,49.2,MQL,1,0
L002533,CU002533,2025-04-09,Paid Search - Non-Brand,Paid Search - Non-Brand,CMP_PAI_LIV,Liverpool,Education,50-249,Remote Support,58.4,MQL,1,0
L002534,CU002534,2025-04-10,Direct,Direct,CMP_DIR_EDI,Edinburgh,Retail,50-249,Remote Support,68.0,MQL,1,0
L002535,CU002535,2025-04-10,Paid Social,Paid Social,CMP_PAI_EDI,Edinburgh,Technology,1-49,Remote Support,37.2,New,0,0
L002536,CU002536,2025-04-10,Paid Social,Paid Social,CMP_PAI_EDI,Edinburgh,Education,1-49,Remote Access,46.3,New,0,0
L002537,CU002537,2025-04-10,Organic Search,Organic Search,CMP_ORG_LIV,Liverpool,Healthcare,250-999,Remote Access,85.6,SQL,1,1
L002538,CU002538,2025-04-10,Direct,Direct,CMP_DIR_SHE,Sheffield,Healthcare,1-49,Enterprise Connectivity,100.0,New,0,0
L002539,CU002539,2025-04-10,Organic Search,Organic Search,CMP_ORG_LON,London,Technology,1000+,Remote Access,69.3,New,0,0
L002540,CU002540,2025-04-10,Organic Search,Organic Search,CMP_ORG_BIR,Birmingham,Manufacturing,1000+,Enterprise Connectivity,55.4,SQL,1,1
L002541,CU002541,2025-04-11,Paid Search - Non-Brand,Paid Search - Non-Brand,CMP_PAI_GLA,Glasgow,Manufacturing,1000+,Remote Support,64.7,New,0,0
L002542,CU002542,2025-04-11,LinkedIn,LinkedIn,CMP_LIN_LEE,Leeds,Education,1-49,Enterprise Connectivity,73.4,New,0,0
L002543,CU002543,2025-04-11,Direct,Direct,CMP_DIR_LIV,Liverpool,Manufacturing,250-999,Enterprise Connectivity,42.8,New,0,0
L002544,CU002544,2025-04-11,Organic Search,Organic Search,CMP_ORG_CAR,Cardiff,Education,50-249,Remote Support,64.4,SQL,1,1
L002545,CU002545,2025-04-11,Display,Display,CMP_DIS_GLA,Glasgow,Education,1-49,Remote Access,54.2,SQL,1,1
L002546,CU002546,2025-04-11,Organic Search,Organic Search,CMP_ORG_BRI,Bristol,Education,1-49,Enterprise Connectivity,45.1,New,0,0
L002547,CU002547,2025-04-11,Partner,Partner,CMP_PAR_EDI,Edinburgh,Manufacturing,1-49,Security Add-on,60.2,New,0,0
L002548,CU002548,2025-04-11,Paid Search - Brand,Paid Search - Brand,CMP_PAI_LON,London,Healthcare,50-249,Enterprise Connectivity,78.5,SQL,1,1
L002549,CU002549,2025-04-11,Paid Search - Non-Brand,Paid Search - Non-Brand,CMP_PAI_LIV,Liverpool,Education,1-49,Security Add-on,54.9,SQL,1,1
L002550,CU002550,2025-04-11,Paid Search - Non-Brand,Paid Search - Non-Brand,CMP_PAI_BIR,Birmingham,Manufacturing,250-999,Enterprise Connectivity,72.3,MQL,1,0
L002551,CU002551,2025-04-12,Email,Email,CMP_EMA_LEE,Leeds,Professional Services,250-999,Remote Support,56.1,MQL,1,0
L002552,CU002552,2025-04-12,Partner,Partner,CMP_PAR_MAN,Manchester,Technology,1000+,Remote Support,68.0,New,0,0
L002553,CU002553,2025-04-12,Paid Search - Non-Brand,Paid Search - Non-Brand,CMP_PAI_LEE,Leeds,Manufacturing,250-999,Enterprise Connectivity,56.1,New,0,0
L002554,CU002554,2025-04-12,Events,Events,CMP_EVE_BIR,Birmingham,Professional Services,50-249,Remote Access,65.5,New,0,0
L002555,CU002555,2025-04-13,LinkedIn,LinkedIn,CMP_LIN_GLA,Glasgow,Professional Services,1-49,Security Add-on,89.5,New,0,0
L002556,CU002556,2025-04-13,Partner,Partner,CMP_PAR_BIR,Birmingham,Technology,50-249,Enterprise Connectivity,60.6,New,0,0
L002557,CU002557,2025-04-13,Partner,Partner,CMP_PAR_CAR,Cardiff,Technology,50-249,Remote Support,60.1,New,0,0
L002558,CU002558,2025-04-13,Organic Search,Organic Search,CMP_ORG_MAN,Manchester,Manufacturing,1-49,Remote Access,85.3,MQL,1,0
L002559,CU002559,2025-04-13,Organic Search,Organic Search,CMP_ORG_LEE,Leeds,Education,1000+,Enterprise Connectivity,56.8,SQL,1,1
L002560,CU002560,2025-04-13,Organic Search,Organic Search,CMP_ORG_LIV,Liverpool,Retail,250-999,Security Add-on,67.0,New,0,0
L002561,CU002561,2025-04-13,Paid Search - Brand,Paid Search - Brand,CMP_PAI_MAN,Manchester,Manufacturing,50-249,Remote Access,64.1,New,0,0
L002562,CU002562,2025-04-13,Events,Events,CMP_EVE_LON,London,Healthcare,1-49,Security Add-on,73.3,SQL,1,1
L002563,CU002563,2025-04-13,Direct,Direct,CMP_DIR_MAN,Manchester,Healthcare,50-249,Enterprise Connectivity,59.5,SQL,1,1
L002564,CU002564,2025-04-13,Paid Search - Brand,Paid Search - Brand,CMP_PAI_SHE,Sheffield,Technology,250-999,Enterprise Connectivity,80.0,SQL,1,1
L002565,CU002565,2025-04-14,Organic Search,Organic Search,CMP_ORG_BIR,Birmingham,Manufacturing,50-249,Remote Access,49.0,MQL,1,0
L002566,CU002566,2025-04-14,Direct,Direct,CMP_DIR_LON,London,Retail,1000+,Security Add-on,63.8,SQL,1,1
L002567,CU002567,2025-04-14,Direct,Direct,CMP_DIR_EDI,Edinburgh,Education,1-49,Remote Support,60.6,New,0,0
L002568,CU002568,2025-04-14,Partner,Partner,CMP_PAR_MAN,Manchester,Manufacturing,50-249,Enterprise Connectivity,75.2,MQL,1,0
L002569,CU002569,2025-04-14,Email,Email,CMP_EMA_LON,London,Healthcare,250-999,Enterprise Connectivity,50.6,SQL,1,1
L002570,CU002570,2025-04-14,Paid Social,Paid Social,CMP_PAI_CAR,Cardiff,Professional Services,50-249,Enterprise Connectivity,70.2,New,0,0
L002571,CU002571,2025-04-15,Paid Search - Non-Brand,Paid Search - Non-Brand,CMP_PAI_LEE,Leeds,Manufacturing,250-999,Remote Access,57.2,New,0,0
L002572,CU002572,2025-04-15,Email,Email,CMP_EMA_EDI,Edinburgh,Technology,250-999,Remote Access,78.2,New,0,0
L002573,CU002573,2025-04-15,Direct,Direct,CMP_DIR_LON,London,Professional Services,1000+,Enterprise Connectivity,52.1,New,0,0
L002574,CU002574,2025-04-15,Email,Email,CMP_EMA_LON,London,Manufacturing,1000+,Remote Support,62.1,SQL,1,1
L002575,CU002575,2025-04-15,YouTube,YouTube,CMP_YOU_LON,London,Healthcare,50-249,Enterprise Connectivity,63.8,New,0,0
L002576,CU002576,2025-04-15,Organic Search,Organic Search,CMP_ORG_GLA,Glasgow,Healthcare,250-999,Remote Support,54.6,SQL,1,1
L002577,CU002577,2025-04-16,LinkedIn,LinkedIn,CMP_LIN_LON,London,Technology,250-999,Security Add-on,90.5,SQL,1,1
L002578,CU002578,2025-04-16,LinkedIn,LinkedIn,CMP_LIN_GLA,Glasgow,Retail,1000+,Remote Support,78.7,SQL,1,1
L002579,CU002579,2025-04-16,LinkedIn,LinkedIn,CMP_LIN_LEE,Leeds,Retail,50-249,Enterprise Connectivity,86.9,MQL,1,0
L002580,CU002580,2025-04-16,Direct,Direct,CMP_DIR_LON,London,Healthcare,1000+,Remote Access,50.0,New,0,0
L002581,CU002581,2025-04-16,Paid Search - Non-Brand,Paid Search - Non-Brand,CMP_PAI_MAN,Manchester,Education,1000+,Remote Support,58.7,MQL,1,0
L002582,CU002582,2025-04-16,LinkedIn,LinkedIn,CMP_LIN_SHE,Sheffield,Retail,1000+,Remote Access,78.0,SQL,1,1
L002583,CU002583,2025-04-16,Paid Social,Paid Social,CMP_PAI_GLA,Glasgow,Healthcare,1-49,Remote Support,70.4,New,0,0
L002584,CU002584,2025-04-16,Organic Search,Organic Search,CMP_ORG_BIR,Birmingham,Manufacturing,50-249,Security Add-on,54.9,New,0,0
L002585,CU002585,2025-04-16,Organic Search,Organic Search,CMP_ORG_LIV,Liverpool,Professional Services,50-249,Security Add-on,55.5,MQL,1,0
L002586,CU002586,2025-04-16,LinkedIn,LinkedIn,CMP_LIN_MAN,Manchester,Retail,1000+,Remote Support,95.1,SQL,1,1
L002587,CU002587,2025-04-17,Paid Search - Brand,Paid Search - Brand,CMP_PAI_GLA,Glasgow,Technology,1000+,Remote Support,48.3,New,0,0
L002588,CU002588,2025-04-17,Direct,Direct,CMP_DIR_EDI,Edinburgh,Healthcare,50-249,Security Add-on,75.9,SQL,1,1
L002589,CU002589,2025-04-17,LinkedIn,LinkedIn,CMP_LIN_CAR,Cardiff,Retail,1-49,Remote Support,54.5,New,0,0
L002590,CU002590,2025-04-17,Paid Search - Non-Brand,Paid Search - Non-Brand,CMP_PAI_MAN,Manchester,Education,50-249,Remote Support,57.7,New,0,0
L002591,CU002591,2025-04-17,Paid Search - Non-Brand,Paid Search - Non-Brand,CMP_PAI_LON,London,Manufacturing,250-999,Security Add-on,69.8,New,0,0
L002592,CU002592,2025-04-17,LinkedIn,LinkedIn,CMP_LIN_BIR,Birmingham,Education,250-999,Security Add-on,69.0,SQL,1,1
L002593,CU002593,2025-04-17,Paid Social,Paid Social,CMP_PAI_LON,London,Education,1000+,Security Add-on,79.3,MQL,1,0
L002594,CU002594,2025-04-18,Paid Search - Brand,Paid Search - Brand,CMP_PAI_LON,London,Manufacturing,250-999,Remote Access,64.5,SQL,1,1
L002595,CU002595,2025-04-19,Paid Search - Non-Brand,Paid Search - Non-Brand,CMP_PAI_CAR,Cardiff,Professional Services,50-249,Enterprise Connectivity,76.1,New,0,0
L002596,CU002596,2025-04-19,Paid Search - Brand,Paid Search - Brand,CMP_PAI_GLA,Glasgow,Professional Services,50-249,Remote Support,93.5,MQL,1,0
L002597,CU002597,2025-04-19,Paid Search - Non-Brand,Paid Search - Non-Brand,CMP_PAI_GLA,Glasgow,Retail,250-999,Remote Access,55.0,New,0,0
L002598,CU002598,2025-04-20,Paid Social,Paid Social,CMP_PAI_LON,London,Professional Services,50-249,Enterprise Connectivity,77.0,New,0,0
L002599,CU002599,2025-04-20,Paid Social,Paid Social,CMP_PAI_LON,London,Retail,50-249,Remote Access,79.1,New,0,0
L002600,CU002600,2025-04-20,Paid Search - Non-Brand,Paid Search - Non-Brand,CMP_PAI_LEE,Leeds,Healthcare,250-999,Remote Access,64.3,SQL,1,1
L002601,CU002601,2025-04-20,Paid Search - Non-Brand,Paid Search - Non-Brand,CMP_PAI_GLA,Glasgow,Manufacturing,50-249,Remote Access,62.7,New,0,0
L002602,CU002602,2025-04-20,Direct,Direct,CMP_DIR_MAN,Manchester,Education,1000+,Remote Access,55.7,SQL,1,1
L002603,CU002603,2025-04-21,Paid Search - Brand,Paid Search - Brand,CMP_PAI_LEE,Leeds,Technology,50-249,Remote Support,67.8,MQL,1,0
L002604,CU002604,2025-04-21,Paid Search - Brand,Paid Search - Brand,CMP_PAI_LON,London,Technology,1000+,Enterprise Connectivity,76.8,SQL,1,1
L002605,CU002605,2025-04-21,Events,Events,CMP_EVE_LON,London,Healthcare,250-999,Security Add-on,61.3,New,0,0
L002606,CU002606,2025-04-21,Paid Search - Non-Brand,Paid Search - Non-Brand,CMP_PAI_LEE,Leeds,Healthcare,1-49,Enterprise Connectivity,74.0,New,0,0
L002607,CU002607,2025-04-21,Paid Search - Brand,Paid Search - Brand,CMP_PAI_LIV,Liverpool,Technology,1-49,Remote Support,62.2,MQL,1,0
L002608,CU002608,2025-04-21,Paid Search - Brand,Paid Search - Brand,CMP_PAI_LON,London,Technology,1-49,Remote Support,70.5,MQL,1,0
L002609,CU002609,2025-04-22,Paid Search - Brand,Paid Search - Brand,CMP_PAI_GLA,Glasgow,Education,250-999,Enterprise Connectivity,58.3,SQL,1,1
L002610,CU002610,2025-04-22,Paid Search - Non-Brand,Paid Search - Non-Brand,CMP_PAI_LIV,Liverpool,Technology,1000+,Security Add-on,57.1,MQL,1,0
L002611,CU002611,2025-04-22,Organic Search,Organic Search,CMP_ORG_LON,London,Technology,1-49,Security Add-on,72.9,New,0,0
L002612,CU002612,2025-04-23,Display,Display,CMP_DIS_GLA,Glasgow,Education,50-249,Remote Support,62.4,New,0,0
L002613,CU002613,2025-04-23,Paid Search - Brand,Paid Search - Brand,CMP_PAI_MAN,Manchester,Education,1-49,Remote Support,68.8,SQL,1,1
L002614,CU002614,2025-04-23,LinkedIn,LinkedIn,CMP_LIN_LIV,Liverpool,Healthcare,250-999,Enterprise Connectivity,74.8,New,0,0
L002615,CU002615,2025-04-23,Paid Search - Brand,Paid Search - Brand,CMP_PAI_LON,London,Retail,250-999,Security Add-on,75.4,MQL,1,0
L002616,CU002616,2025-04-23,Display,Display,CMP_DIS_LIV,Liverpool,Education,50-249,Remote Support,49.4,New,0,0
L002617,CU002617,2025-04-23,Paid Search - Brand,Paid Search - Brand,CMP_PAI_EDI,Edinburgh,Technology,250-999,Remote Support,61.6,New,0,0
L002618,CU002618,2025-04-24,Paid Search - Brand,Paid Search - Brand,CMP_PAI_BRI,Bristol,Retail,1000+,Enterprise Connectivity,57.1,New,0,0
L002619,CU002619,2025-04-24,Paid Social,Paid Social,CMP_PAI_LON,London,Education,50-249,Remote Access,26.3,New,0,0
L002620,CU002620,2025-04-24,Email,Email,CMP_EMA_LEE,Leeds,Retail,250-999,Security Add-on,50.6,SQL,1,1
L002621,CU002621,2025-04-24,Events,Events,CMP_EVE_LON,London,Technology,1000+,Enterprise Connectivity,75.4,SQL,1,1
L002622,CU002622,2025-04-24,LinkedIn,LinkedIn,CMP_LIN_EDI,Edinburgh,Manufacturing,1-49,Security Add-on,90.4,MQL,1,0
L002623,CU002623,2025-04-24,Paid Search - Brand,Paid Search - Brand,CMP_PAI_MAN,Manchester,Technology,1-49,Remote Support,52.8,MQL,1,0
L002624,CU002624,2025-04-24,Organic Search,Organic Search,CMP_ORG_BRI,Bristol,Professional Services,50-249,Enterprise Connectivity,69.4,New,0,0
L002625,CU002625,2025-04-24,Email,Email,CMP_EMA_LON,London,Technology,250-999,Remote Access,56.2,New,0,0
L002626,CU002626,2025-04-24,LinkedIn,LinkedIn,CMP_LIN_LIV,Liverpool,Retail,50-249,Enterprise Connectivity,69.6,SQL,1,1
L002627,CU002627,2025-04-25,Organic Search,Organic Search,CMP_ORG_LON,London,Education,50-249,Remote Access,46.1,New,0,0
L002628,CU002628,2025-04-25,Paid Search - Non-Brand,Paid Search - Non-Brand,CMP_PAI_BIR,Birmingham,Technology,250-999,Enterprise Connectivity,66.0,MQL,1,0
L002629,CU002629,2025-04-25,Partner,Partner,CMP_PAR_LIV,Liverpool,Technology,1000+,Enterprise Connectivity,52.0,SQL,1,1
L002630,CU002630,2025-04-25,Paid Search - Brand,Paid Search - Brand,CMP_PAI_MAN,Manchester,Retail,50-249,Security Add-on,75.8,SQL,1,1
L002631,CU002631,2025-04-25,LinkedIn,LinkedIn,CMP_LIN_LIV,Liverpool,Manufacturing,250-999,Remote Support,76.8,MQL,1,0
L002632,CU002632,2025-04-25,Direct,Direct,CMP_DIR_LON,London,Retail,1-49,Security Add-on,52.1,MQL,1,0
L002633,CU002633,2025-04-26,Events,Events,CMP_EVE_LIV,Liverpool,Manufacturing,1000+,Remote Support,66.2,SQL,1,1
L002634,CU002634,2025-04-26,Paid Social,Paid Social,CMP_PAI_LON,London,Education,250-999,Remote Access,61.7,MQL,1,0
L002635,CU002635,2025-04-26,Direct,Direct,CMP_DIR_BRI,Bristol,Healthcare,1-49,Security Add-on,57.9,MQL,1,0
L002636,CU002636,2025-04-26,Events,Events,CMP_EVE_BIR,Birmingham,Professional Services,250-999,Security Add-on,61.2,New,0,0
L002637,CU002637,2025-04-27,Email,Email,CMP_EMA_EDI,Edinburgh,Education,250-999,Remote Access,69.7,SQL,1,1
L002638,CU002638,2025-04-27,Organic Search,Organic Search,CMP_ORG_MAN,Manchester,Manufacturing,50-249,Remote Access,65.1,New,0,0
L002639,CU002639,2025-04-27,Paid Search - Non-Brand,Paid Search - Non-Brand,CMP_PAI_GLA,Glasgow,Technology,1-49,Remote Support,52.6,New,0,0
L002640,CU002640,2025-04-27,Organic Search,Organic Search,CMP_ORG_LEE,Leeds,Technology,1000+,Security Add-on,84.3,SQL,1,1
L002641,CU002641,2025-04-27,Partner,Partner,CMP_PAR_EDI,Edinburgh,Professional Services,50-249,Security Add-on,61.7,SQL,1,1
L002642,CU002642,2025-04-27,Events,Events,CMP_EVE_BIR,Birmingham,Technology,1-49,Enterprise Connectivity,60.3,New,0,0
L002643,CU002643,2025-04-27,Direct,Direct,CMP_DIR_MAN,Manchester,Technology,250-999,Remote Support,61.3,New,0,0
L002644,CU002644,2025-04-27,Paid Search - Brand,Paid Search - Brand,CMP_PAI_BIR,Birmingham,Manufacturing,250-999,Security Add-on,81.6,New,0,0
L002645,CU002645,2025-04-28,LinkedIn,LinkedIn,CMP_LIN_LEE,Leeds,Healthcare,250-999,Security Add-on,64.2,SQL,1,1
L002646,CU002646,2025-04-28,LinkedIn,LinkedIn,CMP_LIN_BIR,Birmingham,Retail,50-249,Remote Support,76.1,SQL,1,1
L002647,CU002647,2025-04-28,Organic Search,Organic Search,CMP_ORG_BRI,Bristol,Manufacturing,250-999,Remote Access,62.8,SQL,1,1
L002648,CU002648,2025-04-28,Partner,Partner,CMP_PAR_LON,London,Professional Services,250-999,Remote Support,69.3,SQL,1,1
L002649,CU002649,2025-04-28,Events,Events,CMP_EVE_LON,London,Retail,1-49,Remote Access,77.2,New,0,0
L002650,CU002650,2025-04-28,Organic Search,Organic Search,CMP_ORG_MAN,Manchester,Technology,1000+,Remote Access,89.3,SQL,1,1
L002651,CU002651,2025-04-28,Paid Search - Brand,Paid Search - Brand,CMP_PAI_MAN,Manchester,Retail,1-49,Security Add-on,60.8,New,0,0
L002652,CU002652,2025-04-28,Events,Events,CMP_EVE_MAN,Manchester,Healthcare,1000+,Security Add-on,60.2,MQL,1,0
L002653,CU002653,2025-04-28,Paid Search - Non-Brand,Paid Search - Non-Brand,CMP_PAI_SHE,Sheffield,Retail,1-49,Security Add-on,44.4,MQL,1,0
L002654,CU002654,2025-04-28,Paid Search - Brand,Paid Search - Brand,CMP_PAI_EDI,Edinburgh,Manufacturing,1-49,Remote Support,71.3,MQL,1,0
L002655,CU002655,2025-04-28,Direct,Direct,CMP_DIR_GLA,Glasgow,Education,50-249,Remote Support,54.2,New,0,0
L002656,CU002656,2025-04-28,Paid Search - Non-Brand,Paid Search - Non-Brand,CMP_PAI_CAR,Cardiff,Technology,1-49,Remote Access,65.5,SQL,1,1
L002657,CU002657,2025-04-29,Events,Events,CMP_EVE_MAN,Manchester,Technology,50-249,Security Add-on,55.1,SQL,1,1
L002658,CU002658,2025-04-29,LinkedIn,LinkedIn,CMP_LIN_GLA,Glasgow,Education,1000+,Remote Support,69.2,SQL,1,1
L002659,CU002659,2025-04-29,Paid Social,Paid Social,CMP_PAI_LON,London,Healthcare,1-49,Enterprise Connectivity,37.5,New,0,0
L002660,CU002660,2025-04-29,Paid Search - Brand,Paid Search - Brand,CMP_PAI_LIV,Liverpool,Retail,50-249,Enterprise Connectivity,88.6,MQL,1,0
L002661,CU002661,2025-04-29,Events,Events,CMP_EVE_LIV,Liverpool,Education,1000+,Remote Support,73.9,MQL,1,0
L002662,CU002662,2025-04-30,Paid Search - Non-Brand,Paid Search - Non-Brand,CMP_PAI_SHE,Sheffield,Healthcare,50-249,Remote Support,69.5,SQL,1,1
L002663,CU002663,2025-04-30,Events,Events,CMP_EVE_SHE,Sheffield,Professional Services,50-249,Remote Access,89.9,MQL,1,0
L002664,CU002664,2025-04-30,Paid Search - Brand,Paid Search - Brand,CMP_PAI_MAN,Manchester,Technology,1000+,Remote Access,74.5,SQL,1,1
L002665,CU002665,2025-04-30,Paid Search - Non-Brand,Paid Search - Non-Brand,CMP_PAI_EDI,Edinburgh,Manufacturing,250-999,Remote Access,80.9,SQL,1,1
L002666,CU002666,2025-04-30,Email,Email,CMP_EMA_BIR,Birmingham,Professional Services,1000+,Security Add-on,56.3,SQL,1,1
L002667,CU002667,2025-05-01,Events,Events,CMP_EVE_SHE,Sheffield,Professional Services,1-49,Remote Access,59.5,New,0,0
L002668,CU002668,2025-05-01,Email,Email,CMP_EMA_LIV,Liverpool,Technology,250-999,Remote Support,58.1,New,0,0
L002669,CU002669,2025-05-02,Direct,Direct,CMP_DIR_LON,London,Manufacturing,50-249,Remote Support,63.8,New,0,0
L002670,CU002670,2025-05-02,Paid Social,Paid Social,CMP_PAI_BRI,Bristol,Technology,1-49,Security Add-on,59.5,SQL,1,1
L002671,CU002671,2025-05-02,Events,Events,CMP_EVE_EDI,Edinburgh,Education,1000+,Security Add-on,37.1,New,0,0
L002672,CU002672,2025-05-02,Paid Social,Paid Social,CMP_PAI_LEE,Leeds,Healthcare,50-249,Enterprise Connectivity,31.8,New,0,0
L002673,CU002673,2025-05-02,Events,Events,CMP_EVE_LON,London,Education,50-249,Enterprise Connectivity,57.2,SQL,1,1
L002674,CU002674,2025-05-02,Direct,Direct,CMP_DIR_BIR,Birmingham,Professional Services,1000+,Enterprise Connectivity,78.4,New,0,0
L002675,CU002675,2025-05-03,Paid Search - Brand,Paid Search - Brand,CMP_PAI_GLA,Glasgow,Technology,250-999,Security Add-on,67.9,SQL,1,1
L002676,CU002676,2025-05-03,Organic Search,Organic Search,CMP_ORG_LIV,Liverpool,Education,250-999,Remote Access,55.8,New,0,0
L002677,CU002677,2025-05-03,LinkedIn,LinkedIn,CMP_LIN_LIV,Liverpool,Professional Services,250-999,Enterprise Connectivity,67.1,New,0,0
L002678,CU002678,2025-05-04,Email,Email,CMP_EMA_EDI,Edinburgh,Professional Services,1-49,Remote Support,58.9,New,0,0
L002679,CU002679,2025-05-04,YouTube,YouTube,CMP_YOU_BIR,Birmingham,Professional Services,1000+,Enterprise Connectivity,79.9,New,0,0
L002680,CU002680,2025-05-04,Organic Search,Organic Search,CMP_ORG_BIR,Birmingham,Retail,250-999,Remote Access,50.2,SQL,1,1
L002681,CU002681,2025-05-04,Events,Events,CMP_EVE_LON,London,Education,250-999,Remote Access,75.0,MQL,1,0
L002682,CU002682,2025-05-05,Events,Events,CMP_EVE_SHE,Sheffield,Healthcare,1-49,Enterprise Connectivity,49.5,MQL,1,0
L002683,CU002683,2025-05-05,Email,Email,CMP_EMA_BIR,Birmingham,Education,50-249,Enterprise Connectivity,76.1,New,0,0
L002684,CU002684,2025-05-05,Email,Email,CMP_EMA_MAN,Manchester,Education,1-49,Enterprise Connectivity,59.4,New,0,0
L002685,CU002685,2025-05-05,Paid Search - Non-Brand,Paid Search - Non-Brand,CMP_PAI_SHE,Sheffield,Retail,50-249,Security Add-on,46.0,SQL,1,1
L002686,CU002686,2025-05-05,LinkedIn,LinkedIn,CMP_LIN_BIR,Birmingham,Education,50-249,Remote Support,55.3,New,0,0
L002687,CU002687,2025-05-05,Events,Events,CMP_EVE_GLA,Glasgow,Technology,50-249,Enterprise Connectivity,67.4,SQL,1,1
L002688,CU002688,2025-05-05,LinkedIn,LinkedIn,CMP_LIN_MAN,Manchester,Retail,50-249,Security Add-on,87.3,MQL,1,0
L002689,CU002689,2025-05-05,Partner,Partner,CMP_PAR_EDI,Edinburgh,Professional Services,250-999,Security Add-on,81.0,SQL,1,1
L002690,CU002690,2025-05-05,Paid Social,Paid Social,CMP_PAI_LIV,Liverpool,Professional Services,1-49,Remote Access,67.0,New,0,0
L002691,CU002691,2025-05-05,Organic Search,Organic Search,CMP_ORG_BRI,Bristol,Manufacturing,250-999,Remote Access,88.2,SQL,1,1
L002692,CU002692,2025-05-05,Organic Search,Organic Search,CMP_ORG_GLA,Glasgow,Education,50-249,Enterprise Connectivity,46.3,MQL,1,0
L002693,CU002693,2025-05-05,Organic Search,Organic Search,CMP_ORG_LEE,Leeds,Education,250-999,Enterprise Connectivity,52.4,New,0,0
L002694,CU002694,2025-05-05,LinkedIn,LinkedIn,CMP_LIN_BRI,Bristol,Manufacturing,50-249,Remote Support,88.6,SQL,1,1
L002695,CU002695,2025-05-05,Partner,Partner,CMP_PAR_CAR,Cardiff,Manufacturing,250-999,Remote Support,44.6,New,0,0
L002696,CU002696,2025-05-06,Paid Search - Non-Brand,Paid Search - Non-Brand,CMP_PAI_BRI,Bristol,Professional Services,1000+,Enterprise Connectivity,58.9,New,0,0
L002697,CU002697,2025-05-06,Direct,Direct,CMP_DIR_LIV,Liverpool,Healthcare,1000+,Security Add-on,42.0,SQL,1,1
L002698,CU002698,2025-05-06,Organic Search,Organic Search,CMP_ORG_SHE,Sheffield,Healthcare,50-249,Remote Support,48.8,New,0,0
L002699,CU002699,2025-05-06,Organic Search,Organic Search,CMP_ORG_LON,London,Technology,250-999,Enterprise Connectivity,33.7,New,0,0
L002700,CU002700,2025-05-06,Partner,Partner,CMP_PAR_BIR,Birmingham,Education,1-49,Security Add-on,77.3,SQL,1,1
L002701,CU002701,2025-05-06,Paid Search - Non-Brand,Paid Search - Non-Brand,CMP_PAI_LON,London,Manufacturing,50-249,Security Add-on,72.5,MQL,1,0
L002702,CU002702,2025-05-07,LinkedIn,LinkedIn,CMP_LIN_MAN,Manchester,Professional Services,50-249,Remote Support,81.9,SQL,1,1
L002703,CU002703,2025-05-07,Events,Events,CMP_EVE_EDI,Edinburgh,Healthcare,250-999,Remote Support,67.5,New,0,0
L002704,CU002704,2025-05-07,Paid Search - Brand,Paid Search - Brand,CMP_PAI_LON,London,Technology,1-49,Security Add-on,46.8,MQL,1,0
L002705,CU002705,2025-05-07,Paid Search - Non-Brand,Paid Search - Non-Brand,CMP_PAI_GLA,Glasgow,Retail,250-999,Enterprise Connectivity,69.5,New,0,0
L002706,CU002706,2025-05-08,Direct,Direct,CMP_DIR_MAN,Manchester,Education,250-999,Enterprise Connectivity,64.8,New,0,0
L002707,CU002707,2025-05-08,Direct,Direct,CMP_DIR_CAR,Cardiff,Education,1-49,Security Add-on,64.4,SQL,1,1
L002708,CU002708,2025-05-08,Email,Email,CMP_EMA_BRI,Bristol,Technology,1-49,Remote Support,77.9,New,0,0
L002709,CU002709,2025-05-09,Direct,Direct,CMP_DIR_GLA,Glasgow,Manufacturing,1000+,Remote Support,57.9,SQL,1,1
L002710,CU002710,2025-05-09,Organic Search,Organic Search,CMP_ORG_CAR,Cardiff,Retail,1000+,Remote Access,66.4,New,0,0
L002711,CU002711,2025-05-09,Events,Events,CMP_EVE_LON,London,Technology,50-249,Remote Access,67.0,New,0,0
L002712,CU002712,2025-05-09,Paid Social,Paid Social,CMP_PAI_MAN,Manchester,Technology,250-999,Security Add-on,51.8,MQL,1,0
L002713,CU002713,2025-05-09,Paid Search - Brand,Paid Search - Brand,CMP_PAI_LON,London,Healthcare,50-249,Security Add-on,68.8,New,0,0
L002714,CU002714,2025-05-09,Organic Search,Organic Search,CMP_ORG_BIR,Birmingham,Education,250-999,Remote Support,82.8,New,0,0
L002715,CU002715,2025-05-09,YouTube,YouTube,CMP_YOU_BIR,Birmingham,Education,1000+,Remote Access,82.1,SQL,1,1
L002716,CU002716,2025-05-09,Partner,Partner,CMP_PAR_MAN,Manchester,Technology,50-249,Remote Support,79.2,MQL,1,0
L002717,CU002717,2025-05-10,Events,Events,CMP_EVE_MAN,Manchester,Professional Services,50-249,Enterprise Connectivity,66.7,SQL,1,1
L002718,CU002718,2025-05-10,Direct,Direct,CMP_DIR_GLA,Glasgow,Manufacturing,1000+,Enterprise Connectivity,67.3,MQL,1,0
L002719,CU002719,2025-05-10,Events,Events,CMP_EVE_BIR,Birmingham,Healthcare,1-49,Remote Support,72.8,SQL,1,1
L002720,CU002720,2025-05-10,Paid Search - Non-Brand,Paid Search - Non-Brand,CMP_PAI_SHE,Sheffield,Manufacturing,1-49,Security Add-on,76.5,New,0,0
L002721,CU002721,2025-05-10,Organic Search,Organic Search,CMP_ORG_SHE,Sheffield,Healthcare,250-999,Enterprise Connectivity,79.8,MQL,1,0
L002722,CU002722,2025-05-10,Paid Search - Brand,Paid Search - Brand,CMP_PAI_LON,London,Retail,50-249,Remote Access,41.4,MQL,1,0
L002723,CU002723,2025-05-11,Paid Social,Paid Social,CMP_PAI_LIV,Liverpool,Healthcare,250-999,Security Add-on,79.2,SQL,1,1
L002724,CU002724,2025-05-11,Direct,Direct,CMP_DIR_LIV,Liverpool,Retail,250-999,Security Add-on,69.4,New,0,0
L002725,CU002725,2025-05-11,Paid Search - Brand,Paid Search - Brand,CMP_PAI_CAR,Cardiff,Professional Services,250-999,Remote Access,54.1,New,0,0
L002726,CU002726,2025-05-11,Organic Search,Organic Search,CMP_ORG_BIR,Birmingham,Technology,1000+,Security Add-on,62.1,SQL,1,1
L002727,CU002727,2025-05-12,Events,Events,CMP_EVE_BIR,Birmingham,Education,1-49,Enterprise Connectivity,51.5,New,0,0
L002728,CU002728,2025-05-12,Paid Social,Paid Social,CMP_PAI_GLA,Glasgow,Technology,50-249,Remote Access,43.3,New,0,0
L002729,CU002729,2025-05-12,Partner,Partner,CMP_PAR_BIR,Birmingham,Healthcare,50-249,Security Add-on,73.7,New,0,0
L002730,CU002730,2025-05-12,Direct,Direct,CMP_DIR_LON,London,Retail,1-49,Enterprise Connectivity,84.7,New,0,0
L002731,CU002731,2025-05-12,Paid Social,Paid Social,CMP_PAI_MAN,Manchester,Healthcare,50-249,Remote Access,64.3,MQL,1,0
L002732,CU002732,2025-05-12,Email,Email,CMP_EMA_LEE,Leeds,Healthcare,1-49,Enterprise Connectivity,50.3,MQL,1,0
L002733,CU002733,2025-05-13,Email,Email,CMP_EMA_EDI,Edinburgh,Healthcare,250-999,Remote Support,59.1,New,0,0
L002734,CU002734,2025-05-13,Paid Search - Brand,Paid Search - Brand,CMP_PAI_SHE,Sheffield,Retail,1-49,Remote Support,60.5,New,0,0
L002735,CU002735,2025-05-13,Paid Search - Brand,Paid Search - Brand,CMP_PAI_LIV,Liverpool,Technology,250-999,Enterprise Connectivity,73.6,MQL,1,0
L002736,CU002736,2025-05-13,Organic Search,Organic Search,CMP_ORG_LIV,Liverpool,Technology,50-249,Enterprise Connectivity,46.0,New,0,0
L002737,CU002737,2025-05-14,Paid Social,Paid Social,CMP_PAI_BIR,Birmingham,Professional Services,1-49,Enterprise Connectivity,49.7,New,0,0
L002738,CU002738,2025-05-14,Paid Search - Brand,Paid Search - Brand,CMP_PAI_LIV,Liverpool,Technology,250-999,Enterprise Connectivity,66.6,SQL,1,1
L002739,CU002739,2025-05-14,Paid Social,Paid Social,CMP_PAI_BIR,Birmingham,Manufacturing,50-249,Enterprise Connectivity,48.0,MQL,1,0
L002740,CU002740,2025-05-14,Events,Events,CMP_EVE_SHE,Sheffield,Education,250-999,Enterprise Connectivity,69.8,MQL,1,0
L002741,CU002741,2025-05-14,Paid Search - Brand,Paid Search - Brand,CMP_PAI_CAR,Cardiff,Technology,1-49,Remote Access,76.6,New,0,0
L002742,CU002742,2025-05-14,Email,Email,CMP_EMA_BIR,Birmingham,Professional Services,50-249,Remote Access,54.0,New,0,0
L002743,CU002743,2025-05-14,Events,Events,CMP_EVE_LIV,Liverpool,Healthcare,1000+,Security Add-on,72.3,MQL,1,0
L002744,CU002744,2025-05-14,Direct,Direct,CMP_DIR_LEE,Leeds,Education,250-999,Security Add-on,56.5,New,0,0
L002745,CU002745,2025-05-14,Paid Search - Non-Brand,Paid Search - Non-Brand,CMP_PAI_BRI,Bristol,Technology,1-49,Security Add-on,88.6,New,0,0
L002746,CU002746,2025-05-15,Paid Search - Non-Brand,Paid Search - Non-Brand,CMP_PAI_SHE,Sheffield,Education,250-999,Remote Access,47.5,SQL,1,1
L002747,CU002747,2025-05-16,Paid Social,Paid Social,CMP_PAI_BIR,Birmingham,Education,1-49,Enterprise Connectivity,82.6,MQL,1,0
L002748,CU002748,2025-05-16,Direct,Direct,CMP_DIR_LON,London,Technology,1-49,Enterprise Connectivity,83.3,SQL,1,1
L002749,CU002749,2025-05-16,LinkedIn,LinkedIn,CMP_LIN_MAN,Manchester,Healthcare,1000+,Security Add-on,64.4,MQL,1,0
L002750,CU002750,2025-05-17,Paid Social,Paid Social,CMP_PAI_BRI,Bristol,Education,250-999,Remote Support,68.5,MQL,1,0
L002751,CU002751,2025-05-17,Email,Email,CMP_EMA_EDI,Edinburgh,Technology,1000+,Security Add-on,62.5,New,0,0
L002752,CU002752,2025-05-17,Events,Events,CMP_EVE_SHE,Sheffield,Manufacturing,1000+,Remote Support,61.3,New,0,0
L002753,CU002753,2025-05-17,Organic Search,Organic Search,CMP_ORG_BRI,Bristol,Manufacturing,50-249,Security Add-on,54.0,MQL,1,0
L002754,CU002754,2025-05-17,Paid Search - Brand,Paid Search - Brand,CMP_PAI_BIR,Birmingham,Retail,250-999,Remote Access,55.0,MQL,1,0
L002755,CU002755,2025-05-17,Direct,Direct,CMP_DIR_GLA,Glasgow,Technology,250-999,Remote Access,80.6,SQL,1,1
L002756,CU002756,2025-05-18,Paid Search - Brand,Paid Search - Brand,CMP_PAI_BIR,Birmingham,Retail,50-249,Remote Access,73.0,New,0,0
L002757,CU002757,2025-05-19,Partner,Partner,CMP_PAR_LON,London,Professional Services,250-999,Enterprise Connectivity,74.3,New,0,0
L002758,CU002758,2025-05-19,Direct,Direct,CMP_DIR_LEE,Leeds,Education,50-249,Remote Access,66.2,SQL,1,1
L002759,CU002759,2025-05-19,Paid Search - Brand,Paid Search - Brand,CMP_PAI_LON,London,Retail,50-249,Remote Access,53.3,New,0,0
L002760,CU002760,2025-05-19,Direct,Direct,CMP_DIR_EDI,Edinburgh,Professional Services,50-249,Enterprise Connectivity,64.9,New,0,0
L002761,CU002761,2025-05-19,Paid Search - Brand,Paid Search - Brand,CMP_PAI_LEE,Leeds,Education,50-249,Remote Access,55.7,SQL,1,1
L002762,CU002762,2025-05-19,Paid Search - Non-Brand,Paid Search - Non-Brand,CMP_PAI_LON,London,Retail,50-249,Enterprise Connectivity,67.9,New,0,0
L002763,CU002763,2025-05-20,Events,Events,CMP_EVE_BIR,Birmingham,Technology,1000+,Enterprise Connectivity,72.9,New,0,0
L002764,CU002764,2025-05-20,Paid Search - Brand,Paid Search - Brand,CMP_PAI_CAR,Cardiff,Healthcare,50-249,Enterprise Connectivity,63.1,SQL,1,1
L002765,CU002765,2025-05-20,Events,Events,CMP_EVE_LON,London,Technology,1-49,Security Add-on,91.4,MQL,1,0
L002766,CU002766,2025-05-20,Events,Events,CMP_EVE_EDI,Edinburgh,Technology,50-249,Remote Access,59.3,New,0,0
L002767,CU002767,2025-05-20,Paid Search - Brand,Paid Search - Brand,CMP_PAI_LON,London,Manufacturing,1000+,Remote Support,59.9,MQL,1,0
L002768,CU002768,2025-05-20,Direct,Direct,CMP_DIR_EDI,Edinburgh,Education,1000+,Remote Access,66.5,New,0,0
L002769,CU002769,2025-05-20,Email,Email,CMP_EMA_EDI,Edinburgh,Education,1000+,Security Add-on,92.3,New,0,0
L002770,CU002770,2025-05-20,Partner,Partner,CMP_PAR_MAN,Manchester,Technology,250-999,Remote Support,87.7,SQL,1,1
L002771,CU002771,2025-05-21,Paid Social,Paid Social,CMP_PAI_BRI,Bristol,Healthcare,50-249,Remote Access,48.0,New,0,0
L002772,CU002772,2025-05-21,Paid Social,Paid Social,CMP_PAI_LEE,Leeds,Manufacturing,1-49,Remote Access,39.1,SQL,1,1
L002773,CU002773,2025-05-21,Email,Email,CMP_EMA_SHE,Sheffield,Manufacturing,250-999,Remote Support,56.8,New,0,0
L002774,CU002774,2025-05-21,Paid Social,Paid Social,CMP_PAI_GLA,Glasgow,Retail,1000+,Remote Support,63.6,New,0,0
L002775,CU002775,2025-05-22,Organic Search,Organic Search,CMP_ORG_BIR,Birmingham,Retail,1-49,Security Add-on,78.7,SQL,1,1
L002776,CU002776,2025-05-22,Organic Search,Organic Search,CMP_ORG_SHE,Sheffield,Manufacturing,50-249,Remote Support,58.8,New,0,0
L002777,CU002777,2025-05-22,Organic Search,Organic Search,CMP_ORG_CAR,Cardiff,Education,1000+,Security Add-on,65.8,New,0,0
L002778,CU002778,2025-05-22,Paid Social,Paid Social,CMP_PAI_BRI,Bristol,Technology,250-999,Enterprise Connectivity,67.6,New,0,0
L002779,CU002779,2025-05-22,Organic Search,Organic Search,CMP_ORG_LEE,Leeds,Healthcare,1-49,Remote Support,57.4,New,0,0
L002780,CU002780,2025-05-22,Email,Email,CMP_EMA_CAR,Cardiff,Education,1000+,Remote Access,60.6,MQL,1,0
L002781,CU002781,2025-05-22,Paid Search - Brand,Paid Search - Brand,CMP_PAI_BRI,Bristol,Retail,1000+,Security Add-on,82.1,SQL,1,1
L002782,CU002782,2025-05-23,Paid Search - Brand,Paid Search - Brand,CMP_PAI_SHE,Sheffield,Education,50-249,Enterprise Connectivity,72.7,New,0,0
L002783,CU002783,2025-05-23,Paid Search - Brand,Paid Search - Brand,CMP_PAI_LON,London,Healthcare,50-249,Remote Access,40.3,SQL,1,1
L002784,CU002784,2025-05-23,Email,Email,CMP_EMA_BRI,Bristol,Manufacturing,250-999,Security Add-on,25.6,New,0,0
L002785,CU002785,2025-05-23,Direct,Direct,CMP_DIR_BRI,Bristol,Education,50-249,Security Add-on,71.1,SQL,1,1
L002786,CU002786,2025-05-23,Paid Search - Non-Brand,Paid Search - Non-Brand,CMP_PAI_LIV,Liverpool,Healthcare,50-249,Remote Support,38.6,SQL,1,1
L002787,CU002787,2025-05-23,YouTube,YouTube,CMP_YOU_BIR,Birmingham,Professional Services,1000+,Remote Support,47.4,New,0,0
L002788,CU002788,2025-05-23,Paid Social,Paid Social,CMP_PAI_LON,London,Education,1000+,Security Add-on,56.3,SQL,1,1
L002789,CU002789,2025-05-23,Organic Search,Organic Search,CMP_ORG_BRI,Bristol,Retail,250-999,Remote Support,47.8,New,0,0
L002790,CU002790,2025-05-23,Display,Display,CMP_DIS_LON,London,Manufacturing,250-999,Remote Access,70.3,SQL,1,1
L002791,CU002791,2025-05-23,Direct,Direct,CMP_DIR_LIV,Liverpool,Healthcare,50-249,Remote Support,51.4,New,0,0
L002792,CU002792,2025-05-24,Display,Display,CMP_DIS_LIV,Liverpool,Technology,1-49,Remote Support,44.5,New,0,0
L002793,CU002793,2025-05-24,Direct,Direct,CMP_DIR_SHE,Sheffield,Technology,50-249,Enterprise Connectivity,65.2,New,0,0
L002794,CU002794,2025-05-24,Direct,Direct,CMP_DIR_LON,London,Education,50-249,Security Add-on,67.3,New,0,0
L002795,CU002795,2025-05-24,YouTube,YouTube,CMP_YOU_BIR,Birmingham,Education,1-49,Remote Support,41.4,New,0,0
L002796,CU002796,2025-05-24,Paid Search - Non-Brand,Paid Search - Non-Brand,CMP_PAI_LON,London,Professional Services,1-49,Remote Support,67.5,MQL,1,0
L002797,CU002797,2025-05-25,Events,Events,CMP_EVE_BRI,Bristol,Healthcare,1-49,Security Add-on,52.1,New,0,0
L002798,CU002798,2025-05-25,Email,Email,CMP_EMA_BRI,Bristol,Healthcare,50-249,Remote Support,58.5,MQL,1,0
L002799,CU002799,2025-05-26,Direct,Direct,CMP_DIR_GLA,Glasgow,Professional Services,50-249,Security Add-on,37.4,MQL,1,0
L002800,CU002800,2025-05-26,Events,Events,CMP_EVE_LON,London,Education,250-999,Remote Access,75.5,New,0,0
L002801,CU002801,2025-05-26,Paid Search - Brand,Paid Search - Brand,CMP_PAI_MAN,Manchester,Education,50-249,Remote Access,57.5,New,0,0
L002802,CU002802,2025-05-26,LinkedIn,LinkedIn,CMP_LIN_EDI,Edinburgh,Technology,1-49,Security Add-on,87.6,New,0,0
L002803,CU002803,2025-05-26,Paid Social,Paid Social,CMP_PAI_SHE,Sheffield,Technology,1-49,Enterprise Connectivity,39.2,New,0,0
L002804,CU002804,2025-05-26,Paid Social,Paid Social,CMP_PAI_LEE,Leeds,Education,1-49,Security Add-on,58.7,MQL,1,0
L002805,CU002805,2025-05-26,LinkedIn,LinkedIn,CMP_LIN_BRI,Bristol,Technology,250-999,Remote Access,73.9,MQL,1,0
L002806,CU002806,2025-05-27,Paid Search - Brand,Paid Search - Brand,CMP_PAI_SHE,Sheffield,Technology,1-49,Remote Support,57.4,MQL,1,0
L002807,CU002807,2025-05-27,Partner,Partner,CMP_PAR_LON,London,Retail,50-249,Remote Support,59.9,SQL,1,1
L002808,CU002808,2025-05-27,LinkedIn,LinkedIn,CMP_LIN_GLA,Glasgow,Manufacturing,1-49,Security Add-on,82.0,SQL,1,1
L002809,CU002809,2025-05-28,Direct,Direct,CMP_DIR_BIR,Birmingham,Education,250-999,Security Add-on,79.5,MQL,1,0
L002810,CU002810,2025-05-28,Paid Search - Non-Brand,Paid Search - Non-Brand,CMP_PAI_BRI,Bristol,Retail,50-249,Enterprise Connectivity,58.6,SQL,1,1
L002811,CU002811,2025-05-28,Partner,Partner,CMP_PAR_CAR,Cardiff,Technology,50-249,Security Add-on,84.8,New,0,0
L002812,CU002812,2025-05-28,Paid Search - Brand,Paid Search - Brand,CMP_PAI_BRI,Bristol,Education,50-249,Enterprise Connectivity,46.8,SQL,1,1
L002813,CU002813,2025-05-28,Paid Search - Brand,Paid Search - Brand,CMP_PAI_BRI,Bristol,Professional Services,250-999,Remote Support,51.8,SQL,1,1
L002814,CU002814,2025-05-28,Direct,Direct,CMP_DIR_CAR,Cardiff,Retail,1000+,Security Add-on,56.0,MQL,1,0
L002815,CU002815,2025-05-29,Paid Search - Non-Brand,Paid Search - Non-Brand,CMP_PAI_LIV,Liverpool,Professional Services,50-249,Enterprise Connectivity,64.9,MQL,1,0
L002816,CU002816,2025-05-29,Events,Events,CMP_EVE_LIV,Liverpool,Technology,250-999,Remote Support,34.0,SQL,1,1
L002817,CU002817,2025-05-29,Email,Email,CMP_EMA_LEE,Leeds,Professional Services,1000+,Remote Support,69.7,New,0,0
L002818,CU002818,2025-05-29,LinkedIn,LinkedIn,CMP_LIN_LIV,Liverpool,Education,1000+,Enterprise Connectivity,74.8,SQL,1,1
L002819,CU002819,2025-05-29,Direct,Direct,CMP_DIR_CAR,Cardiff,Retail,1-49,Security Add-on,73.9,SQL,1,1
L002820,CU002820,2025-05-29,Direct,Direct,CMP_DIR_BIR,Birmingham,Education,50-249,Remote Access,67.8,MQL,1,0
L002821,CU002821,2025-05-30,Paid Search - Non-Brand,Paid Search - Non-Brand,CMP_PAI_BRI,Bristol,Manufacturing,250-999,Enterprise Connectivity,64.0,MQL,1,0
L002822,CU002822,2025-05-30,Events,Events,CMP_EVE_GLA,Glasgow,Healthcare,1-49,Security Add-on,55.5,New,0,0
L002823,CU002823,2025-05-30,Direct,Direct,CMP_DIR_BIR,Birmingham,Manufacturing,1-49,Remote Support,74.9,New,0,0
L002824,CU002824,2025-05-30,Direct,Direct,CMP_DIR_LIV,Liverpool,Healthcare,1000+,Remote Support,66.3,SQL,1,1
L002825,CU002825,2025-05-31,LinkedIn,LinkedIn,CMP_LIN_EDI,Edinburgh,Healthcare,1000+,Security Add-on,79.4,SQL,1,1
L002826,CU002826,2025-05-31,Organic Search,Organic Search,CMP_ORG_BRI,Bristol,Healthcare,1-49,Enterprise Connectivity,54.4,MQL,1,0
L002827,CU002827,2025-05-31,Paid Search - Non-Brand,Paid Search - Non-Brand,CMP_PAI_EDI,Edinburgh,Retail,50-249,Enterprise Connectivity,63.2,New,0,0
L002828,CU002828,2025-06-01,YouTube,YouTube,CMP_YOU_LON,London,Education,50-249,Security Add-on,56.4,New,0,0
L002829,CU002829,2025-06-01,Direct,Direct,CMP_DIR_CAR,Cardiff,Professional Services,50-249,Security Add-on,65.6,New,0,0
L002830,CU002830,2025-06-01,Paid Social,Paid Social,CMP_PAI_GLA,Glasgow,Professional Services,50-249,Remote Access,72.8,New,0,0
L002831,CU002831,2025-06-01,Events,Events,CMP_EVE_BRI,Bristol,Technology,250-999,Security Add-on,62.5,MQL,1,0
L002832,CU002832,2025-06-01,Paid Search - Non-Brand,Paid Search - Non-Brand,CMP_PAI_MAN,Manchester,Education,50-249,Remote Support,79.3,MQL,1,0
L002833,CU002833,2025-06-01,Email,Email,CMP_EMA_BRI,Bristol,Education,50-249,Enterprise Connectivity,77.5,SQL,1,1
L002834,CU002834,2025-06-01,Paid Social,Paid Social,CMP_PAI_BIR,Birmingham,Technology,250-999,Security Add-on,36.5,New,0,0
L002835,CU002835,2025-06-01,LinkedIn,LinkedIn,CMP_LIN_EDI,Edinburgh,Technology,1-49,Remote Access,82.0,SQL,1,1
L002836,CU002836,2025-06-01,Paid Search - Non-Brand,Paid Search - Non-Brand,CMP_PAI_EDI,Edinburgh,Professional Services,1-49,Remote Support,74.4,SQL,1,1
L002837,CU002837,2025-06-02,Paid Search - Brand,Paid Search - Brand,CMP_PAI_LIV,Liverpool,Healthcare,50-249,Remote Support,92.2,New,0,0
L002838,CU002838,2025-06-02,Paid Search - Brand,Paid Search - Brand,CMP_PAI_BIR,Birmingham,Healthcare,50-249,Security Add-on,85.9,New,0,0
L002839,CU002839,2025-06-02,Events,Events,CMP_EVE_BIR,Birmingham,Retail,1-49,Remote Support,82.5,SQL,1,1
L002840,CU002840,2025-06-02,Paid Social,Paid Social,CMP_PAI_LIV,Liverpool,Technology,250-999,Security Add-on,38.5,MQL,1,0
L002841,CU002841,2025-06-03,Paid Social,Paid Social,CMP_PAI_LON,London,Technology,50-249,Remote Support,56.7,MQL,1,0
L002842,CU002842,2025-06-04,Display,Display,CMP_DIS_LON,London,Technology,1-49,Enterprise Connectivity,63.3,SQL,1,1
L002843,CU002843,2025-06-04,Email,Email,CMP_EMA_MAN,Manchester,Healthcare,1-49,Security Add-on,47.2,New,0,0
L002844,CU002844,2025-06-04,Display,Display,CMP_DIS_LIV,Liverpool,Manufacturing,50-249,Remote Access,62.2,New,0,0
L002845,CU002845,2025-06-05,Paid Search - Non-Brand,Paid Search - Non-Brand,CMP_PAI_BRI,Bristol,Retail,50-249,Security Add-on,52.6,New,0,0
L002846,CU002846,2025-06-05,Direct,Direct,CMP_DIR_LEE,Leeds,Education,50-249,Remote Access,79.6,New,0,0
L002847,CU002847,2025-06-05,Paid Search - Non-Brand,Paid Search - Non-Brand,CMP_PAI_CAR,Cardiff,Technology,1-49,Remote Access,74.9,SQL,1,1
L002848,CU002848,2025-06-05,Paid Social,Paid Social,CMP_PAI_LON,London,Professional Services,50-249,Remote Support,49.6,SQL,1,1
L002849,CU002849,2025-06-06,Organic Search,Organic Search,CMP_ORG_MAN,Manchester,Technology,250-999,Security Add-on,44.3,New,0,0
L002850,CU002850,2025-06-06,Paid Search - Non-Brand,Paid Search - Non-Brand,CMP_PAI_LIV,Liverpool,Technology,250-999,Remote Access,56.7,New,0,0
L002851,CU002851,2025-06-06,Paid Search - Non-Brand,Paid Search - Non-Brand,CMP_PAI_LON,London,Healthcare,50-249,Enterprise Connectivity,61.3,SQL,1,1
L002852,CU002852,2025-06-06,Paid Search - Brand,Paid Search - Brand,CMP_PAI_MAN,Manchester,Professional Services,250-999,Remote Support,47.4,New,0,0
L002853,CU002853,2025-06-06,Paid Search - Brand,Paid Search - Brand,CMP_PAI_LON,London,Education,250-999,Remote Access,60.1,MQL,1,0
L002854,CU002854,2025-06-06,Paid Search - Brand,Paid Search - Brand,CMP_PAI_LIV,Liverpool,Retail,250-999,Enterprise Connectivity,51.1,SQL,1,1
L002855,CU002855,2025-06-06,Email,Email,CMP_EMA_GLA,Glasgow,Retail,50-249,Security Add-on,50.1,New,0,0
L002856,CU002856,2025-06-07,YouTube,YouTube,CMP_YOU_BIR,Birmingham,Retail,50-249,Remote Access,53.0,SQL,1,1
L002857,CU002857,2025-06-07,Direct,Direct,CMP_DIR_LIV,Liverpool,Retail,1000+,Remote Access,68.0,New,0,0
L002858,CU002858,2025-06-07,Email,Email,CMP_EMA_BIR,Birmingham,Professional Services,1-49,Remote Access,88.5,MQL,1,0
L002859,CU002859,2025-06-07,Paid Social,Paid Social,CMP_PAI_SHE,Sheffield,Professional Services,50-249,Security Add-on,39.5,New,0,0
L002860,CU002860,2025-06-08,Organic Search,Organic Search,CMP_ORG_BIR,Birmingham,Manufacturing,50-249,Remote Support,51.5,New,0,0
L002861,CU002861,2025-06-08,Paid Search - Non-Brand,Paid Search - Non-Brand,CMP_PAI_BIR,Birmingham,Manufacturing,1-49,Enterprise Connectivity,72.2,New,0,0
L002862,CU002862,2025-06-08,Partner,Partner,CMP_PAR_LIV,Liverpool,Manufacturing,50-249,Enterprise Connectivity,75.8,SQL,1,1
L002863,CU002863,2025-06-08,LinkedIn,LinkedIn,CMP_LIN_BRI,Bristol,Retail,1000+,Security Add-on,79.1,SQL,1,1
L002864,CU002864,2025-06-08,Paid Social,Paid Social,CMP_PAI_BRI,Bristol,Technology,250-999,Enterprise Connectivity,31.8,New,0,0
L002865,CU002865,2025-06-08,Direct,Direct,CMP_DIR_BIR,Birmingham,Healthcare,50-249,Security Add-on,66.7,New,0,0
L002866,CU002866,2025-06-08,Partner,Partner,CMP_PAR_MAN,Manchester,Healthcare,1000+,Enterprise Connectivity,76.7,New,0,0
L002867,CU002867,2025-06-09,Paid Search - Non-Brand,Paid Search - Non-Brand,CMP_PAI_GLA,Glasgow,Education,1000+,Enterprise Connectivity,71.0,SQL,1,1
L002868,CU002868,2025-06-09,Paid Search - Brand,Paid Search - Brand,CMP_PAI_CAR,Cardiff,Technology,250-999,Enterprise Connectivity,89.6,MQL,1,0
L002869,CU002869,2025-06-09,Organic Search,Organic Search,CMP_ORG_EDI,Edinburgh,Technology,1-49,Remote Access,56.9,New,0,0
L002870,CU002870,2025-06-09,Paid Search - Brand,Paid Search - Brand,CMP_PAI_GLA,Glasgow,Manufacturing,50-249,Remote Access,68.9,New,0,0
L002871,CU002871,2025-06-10,Direct,Direct,CMP_DIR_LEE,Leeds,Professional Services,50-249,Remote Support,52.0,SQL,1,1
L002872,CU002872,2025-06-10,Partner,Partner,CMP_PAR_SHE,Sheffield,Education,1000+,Security Add-on,78.8,SQL,1,1
L002873,CU002873,2025-06-10,Events,Events,CMP_EVE_LON,London,Technology,1000+,Remote Access,71.7,MQL,1,0
L002874,CU002874,2025-06-10,LinkedIn,LinkedIn,CMP_LIN_BIR,Birmingham,Healthcare,1-49,Enterprise Connectivity,65.3,SQL,1,1
L002875,CU002875,2025-06-10,Partner,Partner,CMP_PAR_BIR,Birmingham,Retail,50-249,Remote Access,43.7,New,0,0
L002876,CU002876,2025-06-10,Email,Email,CMP_EMA_BIR,Birmingham,Professional Services,250-999,Remote Support,74.8,SQL,1,1
L002877,CU002877,2025-06-10,YouTube,YouTube,CMP_YOU_CAR,Cardiff,Technology,250-999,Remote Access,71.7,MQL,1,0
L002878,CU002878,2025-06-10,Partner,Partner,CMP_PAR_LON,London,Retail,1-49,Remote Support,59.4,MQL,1,0
L002879,CU002879,2025-06-11,Events,Events,CMP_EVE_LEE,Leeds,Professional Services,250-999,Enterprise Connectivity,68.0,SQL,1,1
L002880,CU002880,2025-06-11,YouTube,YouTube,CMP_YOU_EDI,Edinburgh,Manufacturing,250-999,Remote Access,68.0,MQL,1,0
L002881,CU002881,2025-06-11,Paid Search - Non-Brand,Paid Search - Non-Brand,CMP_PAI_BRI,Bristol,Retail,250-999,Remote Support,54.2,New,0,0
L002882,CU002882,2025-06-11,Direct,Direct,CMP_DIR_BRI,Bristol,Technology,1000+,Remote Support,66.5,MQL,1,0
L002883,CU002883,2025-06-11,Paid Search - Brand,Paid Search - Brand,CMP_PAI_SHE,Sheffield,Healthcare,50-249,Remote Support,47.6,SQL,1,1
L002884,CU002884,2025-06-11,Partner,Partner,CMP_PAR_CAR,Cardiff,Retail,50-249,Remote Support,68.0,New,0,0
L002885,CU002885,2025-06-12,Paid Social,Paid Social,CMP_PAI_GLA,Glasgow,Education,1-49,Remote Support,80.5,New,0,0
L002886,CU002886,2025-06-12,Email,Email,CMP_EMA_LON,London,Education,50-249,Remote Access,72.8,MQL,1,0
L002887,CU002887,2025-06-13,Organic Search,Organic Search,CMP_ORG_LON,London,Technology,1-49,Remote Support,48.3,MQL,1,0
L002888,CU002888,2025-06-13,Organic Search,Organic Search,CMP_ORG_CAR,Cardiff,Manufacturing,1000+,Remote Support,50.5,New,0,0
L002889,CU002889,2025-06-13,Email,Email,CMP_EMA_LEE,Leeds,Education,250-999,Enterprise Connectivity,60.6,New,0,0
L002890,CU002890,2025-06-13,Email,Email,CMP_EMA_SHE,Sheffield,Retail,1-49,Remote Support,56.8,SQL,1,1
L002891,CU002891,2025-06-14,Paid Social,Paid Social,CMP_PAI_LEE,Leeds,Manufacturing,250-999,Enterprise Connectivity,68.7,New,0,0
L002892,CU002892,2025-06-14,Paid Search - Non-Brand,Paid Search - Non-Brand,CMP_PAI_BRI,Bristol,Manufacturing,1-49,Security Add-on,84.2,SQL,1,1
L002893,CU002893,2025-06-15,Paid Search - Non-Brand,Paid Search - Non-Brand,CMP_PAI_LON,London,Manufacturing,1-49,Security Add-on,68.8,New,0,0
L002894,CU002894,2025-06-15,Email,Email,CMP_EMA_SHE,Sheffield,Professional Services,250-999,Enterprise Connectivity,63.3,SQL,1,1
L002895,CU002895,2025-06-15,Paid Search - Non-Brand,Paid Search - Non-Brand,CMP_PAI_LON,London,Manufacturing,1000+,Enterprise Connectivity,49.6,New,0,0
L002896,CU002896,2025-06-15,Email,Email,CMP_EMA_LON,London,Professional Services,250-999,Remote Support,54.9,New,0,0
L002897,CU002897,2025-06-16,Email,Email,CMP_EMA_LON,London,Manufacturing,1000+,Remote Access,56.8,SQL,1,1
L002898,CU002898,2025-06-16,Paid Search - Brand,Paid Search - Brand,CMP_PAI_LIV,Liverpool,Manufacturing,1000+,Security Add-on,41.3,MQL,1,0
L002899,CU002899,2025-06-16,Email,Email,CMP_EMA_BIR,Birmingham,Technology,1-49,Remote Support,53.0,MQL,1,0
L002900,CU002900,2025-06-16,LinkedIn,LinkedIn,CMP_LIN_LON,London,Healthcare,250-999,Enterprise Connectivity,59.6,New,0,0
L002901,CU002901,2025-06-16,Partner,Partner,CMP_PAR_CAR,Cardiff,Education,250-999,Remote Access,46.7,New,0,0
L002902,CU002902,2025-06-16,Events,Events,CMP_EVE_LON,London,Education,1-49,Remote Access,93.3,SQL,1,1
L002903,CU002903,2025-06-17,Organic Search,Organic Search,CMP_ORG_LEE,Leeds,Education,1000+,Security Add-on,56.2,SQL,1,1
L002904,CU002904,2025-06-17,Paid Search - Non-Brand,Paid Search - Non-Brand,CMP_PAI_BRI,Bristol,Professional Services,50-249,Enterprise Connectivity,44.3,New,0,0
L002905,CU002905,2025-06-17,Organic Search,Organic Search,CMP_ORG_EDI,Edinburgh,Education,1-49,Remote Support,57.7,New,0,0
L002906,CU002906,2025-06-17,Paid Social,Paid Social,CMP_PAI_CAR,Cardiff,Manufacturing,1-49,Enterprise Connectivity,63.7,MQL,1,0
L002907,CU002907,2025-06-17,Paid Search - Brand,Paid Search - Brand,CMP_PAI_BRI,Bristol,Retail,1-49,Remote Access,70.9,MQL,1,0
L002908,CU002908,2025-06-17,Paid Search - Brand,Paid Search - Brand,CMP_PAI_LIV,Liverpool,Professional Services,1-49,Remote Access,60.1,MQL,1,0
L002909,CU002909,2025-06-17,Paid Search - Non-Brand,Paid Search - Non-Brand,CMP_PAI_LEE,Leeds,Technology,1000+,Remote Access,85.9,SQL,1,1
L002910,CU002910,2025-06-17,Paid Search - Non-Brand,Paid Search - Non-Brand,CMP_PAI_LON,London,Technology,250-999,Security Add-on,76.9,MQL,1,0
L002911,CU002911,2025-06-17,Paid Search - Brand,Paid Search - Brand,CMP_PAI_CAR,Cardiff,Professional Services,1-49,Enterprise Connectivity,58.0,SQL,1,1
L002912,CU002912,2025-06-17,Paid Search - Brand,Paid Search - Brand,CMP_PAI_BIR,Birmingham,Manufacturing,250-999,Security Add-on,60.8,New,0,0
L002913,CU002913,2025-06-17,Paid Search - Non-Brand,Paid Search - Non-Brand,CMP_PAI_LEE,Leeds,Education,50-249,Security Add-on,62.5,SQL,1,1
L002914,CU002914,2025-06-18,Direct,Direct,CMP_DIR_LON,London,Retail,1-49,Enterprise Connectivity,64.8,New,0,0
L002915,CU002915,2025-06-18,Direct,Direct,CMP_DIR_MAN,Manchester,Retail,50-249,Remote Support,66.7,SQL,1,1
L002916,CU002916,2025-06-18,Paid Search - Brand,Paid Search - Brand,CMP_PAI_LON,London,Manufacturing,1000+,Remote Access,83.6,New,0,0
L002917,CU002917,2025-06-18,Events,Events,CMP_EVE_LEE,Leeds,Education,1-49,Enterprise Connectivity,70.7,SQL,1,1
L002918,CU002918,2025-06-19,Paid Social,Paid Social,CMP_PAI_EDI,Edinburgh,Education,1000+,Enterprise Connectivity,48.9,New,0,0
L002919,CU002919,2025-06-19,Paid Social,Paid Social,CMP_PAI_BIR,Birmingham,Technology,1-49,Enterprise Connectivity,45.8,New,0,0
L002920,CU002920,2025-06-19,Organic Search,Organic Search,CMP_ORG_LIV,Liverpool,Technology,50-249,Remote Support,46.3,SQL,1,1
L002921,CU002921,2025-06-19,Paid Search - Non-Brand,Paid Search - Non-Brand,CMP_PAI_GLA,Glasgow,Manufacturing,250-999,Remote Access,95.2,New,0,0
L002922,CU002922,2025-06-19,Paid Search - Non-Brand,Paid Search - Non-Brand,CMP_PAI_LON,London,Technology,1-49,Remote Support,70.9,SQL,1,1
L002923,CU002923,2025-06-19,Paid Search - Brand,Paid Search - Brand,CMP_PAI_LEE,Leeds,Professional Services,1000+,Enterprise Connectivity,64.7,New,0,0
L002924,CU002924,2025-06-20,Paid Search - Non-Brand,Paid Search - Non-Brand,CMP_PAI_LIV,Liverpool,Retail,50-249,Remote Support,77.4,New,0,0
L002925,CU002925,2025-06-20,Organic Search,Organic Search,CMP_ORG_SHE,Sheffield,Professional Services,50-249,Remote Access,58.2,New,0,0
L002926,CU002926,2025-06-20,LinkedIn,LinkedIn,CMP_LIN_EDI,Edinburgh,Technology,1-49,Enterprise Connectivity,95.2,MQL,1,0
L002927,CU002927,2025-06-20,Organic Search,Organic Search,CMP_ORG_LEE,Leeds,Technology,50-249,Security Add-on,50.9,MQL,1,0
L002928,CU002928,2025-06-20,Direct,Direct,CMP_DIR_LON,London,Manufacturing,1-49,Security Add-on,67.2,New,0,0
L002929,CU002929,2025-06-20,Email,Email,CMP_EMA_GLA,Glasgow,Technology,250-999,Security Add-on,49.7,SQL,1,1
L002930,CU002930,2025-06-20,LinkedIn,LinkedIn,CMP_LIN_EDI,Edinburgh,Education,1000+,Enterprise Connectivity,87.9,New,0,0
L002931,CU002931,2025-06-21,Paid Search - Non-Brand,Paid Search - Non-Brand,CMP_PAI_BIR,Birmingham,Professional Services,1000+,Remote Support,60.4,SQL,1,1
L002932,CU002932,2025-06-21,Display,Display,CMP_DIS_BIR,Birmingham,Technology,250-999,Remote Access,83.5,SQL,1,1
L002933,CU002933,2025-06-22,Paid Social,Paid Social,CMP_PAI_BRI,Bristol,Healthcare,1-49,Remote Access,59.5,New,0,0
L002934,CU002934,2025-06-22,Paid Social,Paid Social,CMP_PAI_GLA,Glasgow,Education,50-249,Remote Access,38.3,MQL,1,0
L002935,CU002935,2025-06-22,Events,Events,CMP_EVE_LEE,Leeds,Healthcare,1-49,Security Add-on,59.6,New,0,0
L002936,CU002936,2025-06-22,Paid Social,Paid Social,CMP_PAI_EDI,Edinburgh,Technology,50-249,Security Add-on,30.0,New,0,0
L002937,CU002937,2025-06-22,Paid Search - Non-Brand,Paid Search - Non-Brand,CMP_PAI_MAN,Manchester,Professional Services,250-999,Remote Support,54.7,SQL,1,1
L002938,CU002938,2025-06-22,LinkedIn,LinkedIn,CMP_LIN_LON,London,Retail,250-999,Remote Support,81.3,MQL,1,0
L002939,CU002939,2025-06-22,Paid Search - Brand,Paid Search - Brand,CMP_PAI_LEE,Leeds,Professional Services,250-999,Enterprise Connectivity,65.5,SQL,1,1
L002940,CU002940,2025-06-22,YouTube,YouTube,CMP_YOU_MAN,Manchester,Education,250-999,Remote Support,92.8,New,0,0
L002941,CU002941,2025-06-23,LinkedIn,LinkedIn,CMP_LIN_SHE,Sheffield,Retail,250-999,Remote Access,79.8,SQL,1,1
L002942,CU002942,2025-06-23,Paid Search - Non-Brand,Paid Search - Non-Brand,CMP_PAI_LIV,Liverpool,Technology,250-999,Remote Access,79.5,MQL,1,0
L002943,CU002943,2025-06-23,Partner,Partner,CMP_PAR_EDI,Edinburgh,Professional Services,50-249,Enterprise Connectivity,53.7,SQL,1,1
L002944,CU002944,2025-06-23,Paid Social,Paid Social,CMP_PAI_EDI,Edinburgh,Education,50-249,Remote Support,57.1,SQL,1,1
L002945,CU002945,2025-06-23,Paid Search - Brand,Paid Search - Brand,CMP_PAI_BIR,Birmingham,Education,50-249,Remote Access,45.9,MQL,1,0
L002946,CU002946,2025-06-23,Direct,Direct,CMP_DIR_GLA,Glasgow,Manufacturing,1000+,Remote Access,56.4,New,0,0
L002947,CU002947,2025-06-23,Paid Search - Non-Brand,Paid Search - Non-Brand,CMP_PAI_BRI,Bristol,Professional Services,1000+,Remote Support,63.8,MQL,1,0
L002948,CU002948,2025-06-23,Paid Search - Non-Brand,Paid Search - Non-Brand,CMP_PAI_MAN,Manchester,Manufacturing,250-999,Enterprise Connectivity,49.5,New,0,0
L002949,CU002949,2025-06-24,Organic Search,Organic Search,CMP_ORG_BRI,Bristol,Retail,50-249,Remote Support,73.7,New,0,0
L002950,CU002950,2025-06-24,Paid Search - Brand,Paid Search - Brand,CMP_PAI_SHE,Sheffield,Technology,1000+,Remote Support,62.4,SQL,1,1
L002951,CU002951,2025-06-24,Organic Search,Organic Search,CMP_ORG_MAN,Manchester,Technology,50-249,Security Add-on,60.5,MQL,1,0
L002952,CU002952,2025-06-24,Paid Search - Brand,Paid Search - Brand,CMP_PAI_CAR,Cardiff,Professional Services,50-249,Remote Access,71.9,SQL,1,1
L002953,CU002953,2025-06-24,Paid Search - Brand,Paid Search - Brand,CMP_PAI_LON,London,Professional Services,50-249,Remote Access,70.4,New,0,0
L002954,CU002954,2025-06-24,Paid Search - Non-Brand,Paid Search - Non-Brand,CMP_PAI_GLA,Glasgow,Education,50-249,Remote Support,88.0,SQL,1,1
L002955,CU002955,2025-06-24,Organic Search,Organic Search,CMP_ORG_GLA,Glasgow,Professional Services,50-249,Remote Support,77.5,New,0,0
L002956,CU002956,2025-06-24,Partner,Partner,CMP_PAR_EDI,Edinburgh,Education,1-49,Security Add-on,67.0,New,0,0
L002957,CU002957,2025-06-24,Paid Search - Brand,Paid Search - Brand,CMP_PAI_LEE,Leeds,Healthcare,250-999,Enterprise Connectivity,79.8,New,0,0
L002958,CU002958,2025-06-25,YouTube,YouTube,CMP_YOU_MAN,Manchester,Manufacturing,250-999,Remote Support,63.0,New,0,0
L002959,CU002959,2025-06-25,Events,Events,CMP_EVE_SHE,Sheffield,Healthcare,250-999,Remote Support,52.3,New,0,0
L002960,CU002960,2025-06-25,Paid Search - Non-Brand,Paid Search - Non-Brand,CMP_PAI_SHE,Sheffield,Healthcare,50-249,Remote Support,52.2,MQL,1,0
L002961,CU002961,2025-06-25,Events,Events,CMP_EVE_BIR,Birmingham,Healthcare,50-249,Remote Access,67.7,MQL,1,0
L002962,CU002962,2025-06-25,LinkedIn,LinkedIn,CMP_LIN_BRI,Bristol,Manufacturing,250-999,Remote Support,78.9,New,0,0
L002963,CU002963,2025-06-25,Paid Search - Brand,Paid Search - Brand,CMP_PAI_GLA,Glasgow,Manufacturing,250-999,Enterprise Connectivity,72.5,New,0,0
L002964,CU002964,2025-06-25,Organic Search,Organic Search,CMP_ORG_LON,London,Healthcare,50-249,Enterprise Connectivity,68.6,SQL,1,1
L002965,CU002965,2025-06-25,Paid Search - Brand,Paid Search - Brand,CMP_PAI_BIR,Birmingham,Professional Services,1000+,Remote Access,67.5,New,0,0
L002966,CU002966,2025-06-25,Paid Search - Brand,Paid Search - Brand,CMP_PAI_MAN,Manchester,Retail,50-249,Enterprise Connectivity,60.4,New,0,0
L002967,CU002967,2025-06-25,LinkedIn,LinkedIn,CMP_LIN_EDI,Edinburgh,Professional Services,50-249,Security Add-on,79.6,SQL,1,1
L002968,CU002968,2025-06-26,Events,Events,CMP_EVE_EDI,Edinburgh,Technology,1-49,Security Add-on,59.8,New,0,0
L002969,CU002969,2025-06-26,Paid Search - Brand,Paid Search - Brand,CMP_PAI_MAN,Manchester,Education,50-249,Enterprise Connectivity,59.7,New,0,0
L002970,CU002970,2025-06-26,LinkedIn,LinkedIn,CMP_LIN_BIR,Birmingham,Professional Services,1000+,Enterprise Connectivity,70.0,New,0,0
L002971,CU002971,2025-06-26,Paid Search - Brand,Paid Search - Brand,CMP_PAI_LON,London,Technology,250-999,Remote Support,54.0,New,0,0
L002972,CU002972,2025-06-27,Partner,Partner,CMP_PAR_LON,London,Retail,250-999,Security Add-on,65.7,New,0,0
L002973,CU002973,2025-06-27,Paid Search - Brand,Paid Search - Brand,CMP_PAI_LEE,Leeds,Healthcare,50-249,Remote Access,69.2,SQL,1,1
L002974,CU002974,2025-06-27,Events,Events,CMP_EVE_SHE,Sheffield,Technology,50-249,Remote Support,61.3,SQL,1,1
L002975,CU002975,2025-06-27,Events,Events,CMP_EVE_GLA,Glasgow,Retail,50-249,Remote Access,69.1,MQL,1,0
L002976,CU002976,2025-06-28,Partner,Partner,CMP_PAR_EDI,Edinburgh,Healthcare,50-249,Remote Support,48.4,New,0,0
L002977,CU002977,2025-06-28,Paid Social,Paid Social,CMP_PAI_BIR,Birmingham,Professional Services,1-49,Remote Access,45.3,MQL,1,0
L002978,CU002978,2025-06-28,Organic Search,Organic Search,CMP_ORG_EDI,Edinburgh,Healthcare,1-49,Enterprise Connectivity,52.3,SQL,1,1
L002979,CU002979,2025-06-28,Paid Search - Non-Brand,Paid Search - Non-Brand,CMP_PAI_LON,London,Professional Services,50-249,Remote Access,57.3,New,0,0
L002980,CU002980,2025-06-28,Email,Email,CMP_EMA_GLA,Glasgow,Manufacturing,250-999,Enterprise Connectivity,63.1,New,0,0
L002981,CU002981,2025-06-28,LinkedIn,LinkedIn,CMP_LIN_LON,London,Technology,250-999,Security Add-on,76.4,New,0,0
L002982,CU002982,2025-06-29,LinkedIn,LinkedIn,CMP_LIN_LEE,Leeds,Technology,1000+,Remote Support,82.1,New,0,0
L002983,CU002983,2025-06-29,Display,Display,CMP_DIS_BRI,Bristol,Technology,50-249,Enterprise Connectivity,66.3,SQL,1,1
L002984,CU002984,2025-06-29,Paid Social,Paid Social,CMP_PAI_BIR,Birmingham,Healthcare,1000+,Remote Access,49.3,New,0,0
L002985,CU002985,2025-06-29,Paid Search - Non-Brand,Paid Search - Non-Brand,CMP_PAI_MAN,Manchester,Education,250-999,Security Add-on,71.8,SQL,1,1
L002986,CU002986,2025-06-30,Direct,Direct,CMP_DIR_LIV,Liverpool,Professional Services,250-999,Remote Access,85.2,New,0,0
L002987,CU002987,2025-06-30,Paid Search - Non-Brand,Paid Search - Non-Brand,CMP_PAI_EDI,Edinburgh,Healthcare,1-49,Security Add-on,54.0,New,0,0
L002988,CU002988,2025-06-30,Paid Search - Non-Brand,Paid Search - Non-Brand,CMP_PAI_LON,London,Professional Services,1-49,Security Add-on,64.8,MQL,1,0
L002989,CU002989,2025-07-01,Paid Search - Brand,Paid Search - Brand,CMP_PAI_LIV,Liverpool,Education,1000+,Enterprise Connectivity,58.2,MQL,1,0
L002990,CU002990,2025-07-01,Paid Search - Non-Brand,Paid Search - Non-Brand,CMP_PAI_LON,London,Healthcare,1000+,Security Add-on,68.0,MQL,1,0
L002991,CU002991,2025-07-01,Events,Events,CMP_EVE_LIV,Liverpool,Manufacturing,1000+,Security Add-on,34.8,New,0,0
L002992,CU002992,2025-07-02,Paid Search - Brand,Paid Search - Brand,CMP_PAI_EDI,Edinburgh,Retail,1000+,Remote Support,49.7,MQL,1,0
L002993,CU002993,2025-07-02,LinkedIn,LinkedIn,CMP_LIN_LON,London,Professional Services,250-999,Security Add-on,47.5,MQL,1,0
L002994,CU002994,2025-07-03,Email,Email,CMP_EMA_LON,London,Retail,50-249,Enterprise Connectivity,43.3,New,0,0
L002995,CU002995,2025-07-03,Direct,Direct,CMP_DIR_SHE,Sheffield,Education,50-249,Remote Access,64.1,New,0,0
L002996,CU002996,2025-07-03,Partner,Partner,CMP_PAR_BRI,Bristol,Technology,1-49,Security Add-on,70.1,New,0,0
L002997,CU002997,2025-07-03,Paid Search - Brand,Paid Search - Brand,CMP_PAI_GLA,Glasgow,Professional Services,250-999,Remote Access,21.7,New,0,0
L002998,CU002998,2025-07-03,Paid Search - Brand,Paid Search - Brand,CMP_PAI_BIR,Birmingham,Education,250-999,Remote Support,68.2,MQL,1,0
L002999,CU002999,2025-07-03,Paid Search - Brand,Paid Search - Brand,CMP_PAI_BIR,Birmingham,Education,1-49,Remote Support,56.7,New,0,0
L003000,CU003000,2025-07-03,LinkedIn,LinkedIn,CMP_LIN_LON,London,Retail,50-249,Remote Access,81.9,MQL,1,0
L003001,CU003001,2025-07-04,Paid Search - Brand,Paid Search - Brand,CMP_PAI_LEE,Leeds,Technology,1-49,Security Add-on,44.8,New,0,0
L003002,CU003002,2025-07-04,Organic Search,Organic Search,CMP_ORG_CAR,Cardiff,Retail,1000+,Enterprise Connectivity,64.3,New,0,0
L003003,CU003003,2025-07-04,Direct,Direct,CMP_DIR_LEE,Leeds,Technology,250-999,Remote Access,87.0,MQL,1,0
L003004,CU003004,2025-07-05,Events,Events,CMP_EVE_BIR,Birmingham,Healthcare,250-999,Remote Access,46.3,MQL,1,0
L003005,CU003005,2025-07-05,LinkedIn,LinkedIn,CMP_LIN_MAN,Manchester,Healthcare,250-999,Enterprise Connectivity,69.1,MQL,1,0
L003006,CU003006,2025-07-05,YouTube,YouTube,CMP_YOU_BIR,Birmingham,Professional Services,250-999,Remote Access,42.5,New,0,0
L003007,CU003007,2025-07-06,Paid Search - Non-Brand,Paid Search - Non-Brand,CMP_PAI_LON,London,Professional Services,1-49,Remote Access,55.7,New,0,0
L003008,CU003008,2025-07-06,Paid Social,Paid Social,CMP_PAI_LEE,Leeds,Technology,250-999,Enterprise Connectivity,57.6,New,0,0
L003009,CU003009,2025-07-06,Paid Social,Paid Social,CMP_PAI_BRI,Bristol,Professional Services,1-49,Security Add-on,58.6,SQL,1,1
L003010,CU003010,2025-07-06,Events,Events,CMP_EVE_MAN,Manchester,Retail,250-999,Remote Access,81.5,New,0,0
L003011,CU003011,2025-07-07,Partner,Partner,CMP_PAR_GLA,Glasgow,Healthcare,1000+,Enterprise Connectivity,49.2,New,0,0
L003012,CU003012,2025-07-07,Email,Email,CMP_EMA_GLA,Glasgow,Professional Services,1-49,Remote Support,73.2,SQL,1,1
L003013,CU003013,2025-07-07,Email,Email,CMP_EMA_MAN,Manchester,Professional Services,1-49,Remote Support,64.5,SQL,1,1
L003014,CU003014,2025-07-07,Paid Search - Non-Brand,Paid Search - Non-Brand,CMP_PAI_LON,London,Technology,1-49,Remote Support,43.7,New,0,0
L003015,CU003015,2025-07-07,Paid Search - Non-Brand,Paid Search - Non-Brand,CMP_PAI_LEE,Leeds,Manufacturing,1-49,Security Add-on,41.9,MQL,1,0
L003016,CU003016,2025-07-07,Paid Search - Non-Brand,Paid Search - Non-Brand,CMP_PAI_LON,London,Education,1000+,Security Add-on,67.2,New,0,0
L003017,CU003017,2025-07-08,Paid Search - Non-Brand,Paid Search - Non-Brand,CMP_PAI_GLA,Glasgow,Retail,1-49,Remote Support,81.0,New,0,0
L003018,CU003018,2025-07-08,Partner,Partner,CMP_PAR_CAR,Cardiff,Retail,1000+,Security Add-on,45.9,New,0,0
L003019,CU003019,2025-07-08,Paid Search - Brand,Paid Search - Brand,CMP_PAI_BIR,Birmingham,Education,50-249,Security Add-on,51.1,MQL,1,0
L003020,CU003020,2025-07-09,Organic Search,Organic Search,CMP_ORG_LEE,Leeds,Manufacturing,250-999,Remote Support,80.1,SQL,1,1
L003021,CU003021,2025-07-09,Paid Search - Non-Brand,Paid Search - Non-Brand,CMP_PAI_LEE,Leeds,Education,50-249,Enterprise Connectivity,72.4,New,0,0
L003022,CU003022,2025-07-09,Direct,Direct,CMP_DIR_LON,London,Healthcare,50-249,Remote Support,41.8,New,0,0
L003023,CU003023,2025-07-09,Paid Search - Non-Brand,Paid Search - Non-Brand,CMP_PAI_MAN,Manchester,Professional Services,50-249,Remote Access,39.0,SQL,1,1
L003024,CU003024,2025-07-10,Paid Search - Non-Brand,Paid Search - Non-Brand,CMP_PAI_BIR,Birmingham,Retail,50-249,Enterprise Connectivity,64.3,MQL,1,0
L003025,CU003025,2025-07-10,Direct,Direct,CMP_DIR_LIV,Liverpool,Manufacturing,250-999,Remote Support,58.0,MQL,1,0
L003026,CU003026,2025-07-10,LinkedIn,LinkedIn,CMP_LIN_BIR,Birmingham,Retail,50-249,Remote Support,89.9,MQL,1,0
L003027,CU003027,2025-07-10,Partner,Partner,CMP_PAR_BRI,Bristol,Retail,50-249,Security Add-on,76.9,SQL,1,1
L003028,CU003028,2025-07-11,Partner,Partner,CMP_PAR_LIV,Liverpool,Education,250-999,Remote Access,84.6,SQL,1,1
L003029,CU003029,2025-07-11,Organic Search,Organic Search,CMP_ORG_EDI,Edinburgh,Education,250-999,Remote Support,62.6,MQL,1,0
L003030,CU003030,2025-07-11,Paid Search - Brand,Paid Search - Brand,CMP_PAI_MAN,Manchester,Manufacturing,1-49,Enterprise Connectivity,62.9,New,0,0
L003031,CU003031,2025-07-11,YouTube,YouTube,CMP_YOU_LON,London,Professional Services,1-49,Remote Access,49.8,New,0,0
L003032,CU003032,2025-07-11,LinkedIn,LinkedIn,CMP_LIN_BRI,Bristol,Education,250-999,Remote Support,87.1,New,0,0
L003033,CU003033,2025-07-11,Organic Search,Organic Search,CMP_ORG_LON,London,Education,50-249,Security Add-on,47.3,MQL,1,0
L003034,CU003034,2025-07-11,LinkedIn,LinkedIn,CMP_LIN_GLA,Glasgow,Professional Services,250-999,Remote Support,82.5,New,0,0
L003035,CU003035,2025-07-11,YouTube,YouTube,CMP_YOU_MAN,Manchester,Manufacturing,250-999,Remote Access,43.4,MQL,1,0
L003036,CU003036,2025-07-11,Paid Search - Brand,Paid Search - Brand,CMP_PAI_BIR,Birmingham,Retail,50-249,Remote Support,57.5,New,0,0
L003037,CU003037,2025-07-11,Organic Search,Organic Search,CMP_ORG_BIR,Birmingham,Manufacturing,1-49,Security Add-on,60.2,New,0,0
L003038,CU003038,2025-07-12,Events,Events,CMP_EVE_EDI,Edinburgh,Technology,1-49,Enterprise Connectivity,43.5,New,0,0
L003039,CU003039,2025-07-12,Email,Email,CMP_EMA_BRI,Bristol,Education,1-49,Remote Support,57.6,MQL,1,0
L003040,CU003040,2025-07-12,Paid Search - Non-Brand,Paid Search - Non-Brand,CMP_PAI_LON,London,Healthcare,50-249,Security Add-on,66.4,New,0,0
L003041,CU003041,2025-07-12,Paid Search - Brand,Paid Search - Brand,CMP_PAI_LON,London,Education,250-999,Security Add-on,26.5,New,0,0
L003042,CU003042,2025-07-12,Email,Email,CMP_EMA_CAR,Cardiff,Education,1-49,Remote Support,60.8,New,0,0
L003043,CU003043,2025-07-13,Organic Search,Organic Search,CMP_ORG_LON,London,Technology,50-249,Remote Support,89.5,New,0,0
L003044,CU003044,2025-07-13,Paid Search - Brand,Paid Search - Brand,CMP_PAI_EDI,Edinburgh,Professional Services,1-49,Enterprise Connectivity,46.4,New,0,0
L003045,CU003045,2025-07-13,Paid Search - Non-Brand,Paid Search - Non-Brand,CMP_PAI_LEE,Leeds,Retail,250-999,Remote Access,48.4,SQL,1,1
L003046,CU003046,2025-07-13,Email,Email,CMP_EMA_SHE,Sheffield,Retail,250-999,Security Add-on,68.3,SQL,1,1
L003047,CU003047,2025-07-13,Paid Social,Paid Social,CMP_PAI_SHE,Sheffield,Technology,1-49,Enterprise Connectivity,36.1,MQL,1,0
L003048,CU003048,2025-07-13,Direct,Direct,CMP_DIR_LON,London,Manufacturing,1-49,Security Add-on,76.7,MQL,1,0
L003049,CU003049,2025-07-14,YouTube,YouTube,CMP_YOU_MAN,Manchester,Professional Services,250-999,Security Add-on,70.9,MQL,1,0
L003050,CU003050,2025-07-14,Direct,Direct,CMP_DIR_SHE,Sheffield,Manufacturing,50-249,Remote Support,48.9,MQL,1,0
L003051,CU003051,2025-07-14,Events,Events,CMP_EVE_LIV,Liverpool,Retail,50-249,Security Add-on,74.0,New,0,0
L003052,CU003052,2025-07-15,Direct,Direct,CMP_DIR_LEE,Leeds,Manufacturing,1-49,Enterprise Connectivity,54.4,SQL,1,1
L003053,CU003053,2025-07-15,LinkedIn,LinkedIn,CMP_LIN_SHE,Sheffield,Technology,1000+,Remote Access,57.0,SQL,1,1
L003054,CU003054,2025-07-15,Direct,Direct,CMP_DIR_BIR,Birmingham,Manufacturing,250-999,Security Add-on,83.4,SQL,1,1
L003055,CU003055,2025-07-15,Paid Social,Paid Social,CMP_PAI_GLA,Glasgow,Retail,50-249,Remote Support,61.3,New,0,0
L003056,CU003056,2025-07-15,Organic Search,Organic Search,CMP_ORG_MAN,Manchester,Retail,50-249,Enterprise Connectivity,65.0,SQL,1,1
L003057,CU003057,2025-07-16,Paid Search - Brand,Paid Search - Brand,CMP_PAI_BRI,Bristol,Retail,250-999,Security Add-on,44.4,New,0,0
L003058,CU003058,2025-07-16,Direct,Direct,CMP_DIR_LON,London,Professional Services,1-49,Security Add-on,87.8,New,0,0
L003059,CU003059,2025-07-16,Paid Social,Paid Social,CMP_PAI_BRI,Bristol,Education,50-249,Enterprise Connectivity,39.0,SQL,1,1
L003060,CU003060,2025-07-17,Direct,Direct,CMP_DIR_EDI,Edinburgh,Professional Services,250-999,Enterprise Connectivity,60.6,New,0,0
L003061,CU003061,2025-07-17,Email,Email,CMP_EMA_GLA,Glasgow,Professional Services,50-249,Remote Support,69.0,MQL,1,0
L003062,CU003062,2025-07-17,Direct,Direct,CMP_DIR_LIV,Liverpool,Healthcare,1-49,Remote Access,34.4,New,0,0
L003063,CU003063,2025-07-17,LinkedIn,LinkedIn,CMP_LIN_LIV,Liverpool,Manufacturing,1000+,Remote Access,77.8,MQL,1,0
L003064,CU003064,2025-07-17,Paid Social,Paid Social,CMP_PAI_BIR,Birmingham,Technology,50-249,Enterprise Connectivity,56.0,SQL,1,1
L003065,CU003065,2025-07-17,Partner,Partner,CMP_PAR_LEE,Leeds,Healthcare,1-49,Security Add-on,47.4,New,0,0
L003066,CU003066,2025-07-17,Paid Social,Paid Social,CMP_PAI_BIR,Birmingham,Education,1-49,Remote Access,83.9,MQL,1,0
L003067,CU003067,2025-07-17,Email,Email,CMP_EMA_LIV,Liverpool,Technology,1000+,Enterprise Connectivity,62.9,New,0,0
L003068,CU003068,2025-07-18,Paid Search - Brand,Paid Search - Brand,CMP_PAI_LIV,Liverpool,Retail,250-999,Security Add-on,63.9,New,0,0
L003069,CU003069,2025-07-18,Paid Search - Brand,Paid Search - Brand,CMP_PAI_CAR,Cardiff,Healthcare,1-49,Security Add-on,58.2,New,0,0
L003070,CU003070,2025-07-18,Paid Search - Non-Brand,Paid Search - Non-Brand,CMP_PAI_LIV,Liverpool,Manufacturing,1000+,Security Add-on,77.3,New,0,0
L003071,CU003071,2025-07-18,Paid Search - Brand,Paid Search - Brand,CMP_PAI_SHE,Sheffield,Healthcare,50-249,Enterprise Connectivity,36.8,New,0,0
L003072,CU003072,2025-07-19,Email,Email,CMP_EMA_LON,London,Retail,250-999,Security Add-on,53.2,SQL,1,1
L003073,CU003073,2025-07-19,Paid Search - Non-Brand,Paid Search - Non-Brand,CMP_PAI_CAR,Cardiff,Education,1000+,Enterprise Connectivity,54.1,New,0,0
L003074,CU003074,2025-07-19,Organic Search,Organic Search,CMP_ORG_SHE,Sheffield,Education,50-249,Remote Access,48.5,New,0,0
L003075,CU003075,2025-07-19,Partner,Partner,CMP_PAR_LEE,Leeds,Education,1-49,Enterprise Connectivity,65.8,New,0,0
L003076,CU003076,2025-07-19,Events,Events,CMP_EVE_LON,London,Retail,1-49,Remote Access,63.5,SQL,1,1
L003077,CU003077,2025-07-20,LinkedIn,LinkedIn,CMP_LIN_CAR,Cardiff,Manufacturing,1000+,Enterprise Connectivity,79.0,SQL,1,1
L003078,CU003078,2025-07-21,Email,Email,CMP_EMA_EDI,Edinburgh,Technology,250-999,Remote Support,62.2,New,0,0
L003079,CU003079,2025-07-21,Direct,Direct,CMP_DIR_LIV,Liverpool,Manufacturing,50-249,Remote Support,53.6,SQL,1,1
L003080,CU003080,2025-07-21,Paid Search - Non-Brand,Paid Search - Non-Brand,CMP_PAI_MAN,Manchester,Manufacturing,50-249,Remote Access,73.1,SQL,1,1
L003081,CU003081,2025-07-21,Paid Search - Brand,Paid Search - Brand,CMP_PAI_LEE,Leeds,Professional Services,1000+,Remote Access,65.2,New,0,0
L003082,CU003082,2025-07-21,Events,Events,CMP_EVE_LIV,Liverpool,Education,50-249,Remote Access,72.5,SQL,1,1
L003083,CU003083,2025-07-21,Paid Social,Paid Social,CMP_PAI_LIV,Liverpool,Technology,50-249,Remote Access,58.4,New,0,0
L003084,CU003084,2025-07-21,Events,Events,CMP_EVE_MAN,Manchester,Retail,1-49,Remote Access,60.2,MQL,1,0
L003085,CU003085,2025-07-21,Paid Search - Non-Brand,Paid Search - Non-Brand,CMP_PAI_GLA,Glasgow,Professional Services,1-49,Enterprise Connectivity,40.7,New,0,0
L003086,CU003086,2025-07-21,YouTube,YouTube,CMP_YOU_LIV,Liverpool,Professional Services,50-249,Security Add-on,67.2,MQL,1,0
L003087,CU003087,2025-07-21,Paid Search - Brand,Paid Search - Brand,CMP_PAI_BRI,Bristol,Manufacturing,250-999,Enterprise Connectivity,65.2,New,0,0
L003088,CU003088,2025-07-22,Direct,Direct,CMP_DIR_EDI,Edinburgh,Manufacturing,1-49,Remote Access,67.2,New,0,0
L003089,CU003089,2025-07-22,Partner,Partner,CMP_PAR_LEE,Leeds,Retail,50-249,Enterprise Connectivity,78.2,New,0,0
L003090,CU003090,2025-07-22,YouTube,YouTube,CMP_YOU_EDI,Edinburgh,Professional Services,50-249,Remote Access,93.9,SQL,1,1
L003091,CU003091,2025-07-23,Direct,Direct,CMP_DIR_LEE,Leeds,Technology,50-249,Security Add-on,75.7,MQL,1,0
L003092,CU003092,2025-07-23,Paid Search - Brand,Paid Search - Brand,CMP_PAI_CAR,Cardiff,Professional Services,1-49,Remote Support,42.7,SQL,1,1
L003093,CU003093,2025-07-23,Direct,Direct,CMP_DIR_SHE,Sheffield,Technology,250-999,Remote Support,50.3,New,0,0
L003094,CU003094,2025-07-23,Organic Search,Organic Search,CMP_ORG_BRI,Bristol,Professional Services,50-249,Security Add-on,67.7,MQL,1,0
L003095,CU003095,2025-07-23,Organic Search,Organic Search,CMP_ORG_MAN,Manchester,Professional Services,250-999,Remote Support,76.3,New,0,0
L003096,CU003096,2025-07-23,Events,Events,CMP_EVE_MAN,Manchester,Professional Services,50-249,Security Add-on,81.2,New,0,0
L003097,CU003097,2025-07-23,Paid Search - Brand,Paid Search - Brand,CMP_PAI_LON,London,Retail,250-999,Remote Access,73.3,New,0,0
L003098,CU003098,2025-07-23,YouTube,YouTube,CMP_YOU_EDI,Edinburgh,Healthcare,1-49,Remote Access,34.2,New,0,0
L003099,CU003099,2025-07-23,Paid Search - Brand,Paid Search - Brand,CMP_PAI_LEE,Leeds,Healthcare,1000+,Remote Access,52.7,New,0,0
L003100,CU003100,2025-07-23,Organic Search,Organic Search,CMP_ORG_MAN,Manchester,Professional Services,1-49,Remote Support,81.0,New,0,0
L003101,CU003101,2025-07-24,Organic Search,Organic Search,CMP_ORG_BRI,Bristol,Healthcare,50-249,Remote Support,73.0,MQL,1,0
L003102,CU003102,2025-07-24,Paid Search - Brand,Paid Search - Brand,CMP_PAI_LIV,Liverpool,Professional Services,50-249,Remote Support,70.2,New,0,0
L003103,CU003103,2025-07-24,Paid Search - Non-Brand,Paid Search - Non-Brand,CMP_PAI_BIR,Birmingham,Technology,1-49,Remote Support,70.5,SQL,1,1
L003104,CU003104,2025-07-24,Paid Search - Brand,Paid Search - Brand,CMP_PAI_EDI,Edinburgh,Technology,1000+,Remote Access,44.0,SQL,1,1
L003105,CU003105,2025-07-24,Paid Search - Non-Brand,Paid Search - Non-Brand,CMP_PAI_LON,London,Healthcare,1-49,Security Add-on,85.4,New,0,0
L003106,CU003106,2025-07-24,Paid Social,Paid Social,CMP_PAI_LON,London,Professional Services,1-49,Security Add-on,48.4,SQL,1,1
L003107,CU003107,2025-07-24,Paid Search - Brand,Paid Search - Brand,CMP_PAI_LIV,Liverpool,Education,1-49,Security Add-on,71.5,MQL,1,0
L003108,CU003108,2025-07-24,Paid Search - Brand,Paid Search - Brand,CMP_PAI_BIR,Birmingham,Manufacturing,50-249,Security Add-on,66.6,New,0,0
L003109,CU003109,2025-07-25,Paid Search - Brand,Paid Search - Brand,CMP_PAI_CAR,Cardiff,Professional Services,250-999,Enterprise Connectivity,45.7,MQL,1,0
L003110,CU003110,2025-07-25,Partner,Partner,CMP_PAR_EDI,Edinburgh,Healthcare,250-999,Remote Access,57.0,New,0,0
L003111,CU003111,2025-07-25,Paid Search - Brand,Paid Search - Brand,CMP_PAI_LON,London,Manufacturing,1-49,Security Add-on,57.0,New,0,0
L003112,CU003112,2025-07-25,Organic Search,Organic Search,CMP_ORG_LIV,Liverpool,Manufacturing,50-249,Security Add-on,54.5,SQL,1,1
L003113,CU003113,2025-07-25,Direct,Direct,CMP_DIR_LON,London,Technology,50-249,Security Add-on,43.8,SQL,1,1
L003114,CU003114,2025-07-26,Paid Search - Brand,Paid Search - Brand,CMP_PAI_SHE,Sheffield,Technology,50-249,Remote Support,81.1,SQL,1,1
L003115,CU003115,2025-07-26,Paid Search - Brand,Paid Search - Brand,CMP_PAI_BRI,Bristol,Retail,1-49,Enterprise Connectivity,71.6,SQL,1,1
L003116,CU003116,2025-07-27,Events,Events,CMP_EVE_MAN,Manchester,Healthcare,1000+,Security Add-on,54.0,SQL,1,1
L003117,CU003117,2025-07-27,Paid Search - Brand,Paid Search - Brand,CMP_PAI_BIR,Birmingham,Healthcare,250-999,Remote Support,37.6,SQL,1,1
L003118,CU003118,2025-07-27,Direct,Direct,CMP_DIR_LEE,Leeds,Technology,50-249,Remote Access,48.2,New,0,0
L003119,CU003119,2025-07-27,Direct,Direct,CMP_DIR_MAN,Manchester,Professional Services,50-249,Security Add-on,68.7,SQL,1,1
L003120,CU003120,2025-07-27,Organic Search,Organic Search,CMP_ORG_BIR,Birmingham,Technology,50-249,Remote Access,49.6,New,0,0
L003121,CU003121,2025-07-27,Paid Search - Non-Brand,Paid Search - Non-Brand,CMP_PAI_MAN,Manchester,Education,50-249,Security Add-on,87.1,MQL,1,0
L003122,CU003122,2025-07-28,YouTube,YouTube,CMP_YOU_MAN,Manchester,Technology,1-49,Remote Access,61.5,MQL,1,0
L003123,CU003123,2025-07-28,Paid Search - Non-Brand,Paid Search - Non-Brand,CMP_PAI_LON,London,Technology,50-249,Remote Support,78.6,MQL,1,0
L003124,CU003124,2025-07-28,Paid Search - Non-Brand,Paid Search - Non-Brand,CMP_PAI_BRI,Bristol,Professional Services,250-999,Remote Access,71.3,SQL,1,1
L003125,CU003125,2025-07-28,Paid Search - Brand,Paid Search - Brand,CMP_PAI_CAR,Cardiff,Retail,1000+,Enterprise Connectivity,57.6,New,0,0
L003126,CU003126,2025-07-28,Paid Social,Paid Social,CMP_PAI_LON,London,Healthcare,1-49,Enterprise Connectivity,49.0,New,0,0
L003127,CU003127,2025-07-28,Paid Search - Brand,Paid Search - Brand,CMP_PAI_SHE,Sheffield,Retail,50-249,Remote Support,86.9,MQL,1,0
L003128,CU003128,2025-07-28,Direct,Direct,CMP_DIR_BIR,Birmingham,Technology,1-49,Security Add-on,62.6,MQL,1,0
L003129,CU003129,2025-07-29,Email,Email,CMP_EMA_MAN,Manchester,Education,50-249,Remote Access,75.0,New,0,0
L003130,CU003130,2025-07-29,Paid Social,Paid Social,CMP_PAI_EDI,Edinburgh,Retail,1-49,Remote Access,47.0,New,0,0
L003131,CU003131,2025-07-29,Paid Search - Brand,Paid Search - Brand,CMP_PAI_GLA,Glasgow,Professional Services,250-999,Security Add-on,62.1,New,0,0
L003132,CU003132,2025-07-29,LinkedIn,LinkedIn,CMP_LIN_BRI,Bristol,Education,1000+,Enterprise Connectivity,78.8,New,0,0
L003133,CU003133,2025-07-29,Paid Search - Non-Brand,Paid Search - Non-Brand,CMP_PAI_BIR,Birmingham,Technology,1-49,Remote Access,56.4,SQL,1,1
L003134,CU003134,2025-07-29,Email,Email,CMP_EMA_SHE,Sheffield,Retail,1-49,Remote Access,67.0,MQL,1,0
L003135,CU003135,2025-07-30,Paid Social,Paid Social,CMP_PAI_LIV,Liverpool,Retail,250-999,Enterprise Connectivity,35.8,New,0,0
L003136,CU003136,2025-07-30,Paid Social,Paid Social,CMP_PAI_BIR,Birmingham,Healthcare,50-249,Enterprise Connectivity,66.3,New,0,0
L003137,CU003137,2025-07-30,Direct,Direct,CMP_DIR_LIV,Liverpool,Education,1000+,Security Add-on,72.5,SQL,1,1
L003138,CU003138,2025-07-30,Paid Search - Non-Brand,Paid Search - Non-Brand,CMP_PAI_LIV,Liverpool,Healthcare,50-249,Enterprise Connectivity,75.7,New,0,0
L003139,CU003139,2025-07-30,Direct,Direct,CMP_DIR_MAN,Manchester,Technology,1000+,Enterprise Connectivity,74.8,SQL,1,1
L003140,CU003140,2025-07-30,Direct,Direct,CMP_DIR_LON,London,Technology,1-49,Enterprise Connectivity,62.4,MQL,1,0
L003141,CU003141,2025-07-31,Partner,Partner,CMP_PAR_BRI,Bristol,Education,1000+,Security Add-on,69.1,SQL,1,1
L003142,CU003142,2025-07-31,Direct,Direct,CMP_DIR_CAR,Cardiff,Manufacturing,50-249,Enterprise Connectivity,77.7,SQL,1,1
L003143,CU003143,2025-07-31,Organic Search,Organic Search,CMP_ORG_GLA,Glasgow,Technology,250-999,Security Add-on,65.1,New,0,0
L003144,CU003144,2025-07-31,Partner,Partner,CMP_PAR_EDI,Edinburgh,Education,250-999,Security Add-on,67.4,MQL,1,0
L003145,CU003145,2025-07-31,Paid Search - Non-Brand,Paid Search - Non-Brand,CMP_PAI_LIV,Liverpool,Professional Services,1-49,Remote Access,56.4,SQL,1,1
L003146,CU003146,2025-07-31,Direct,Direct,CMP_DIR_MAN,Manchester,Retail,50-249,Enterprise Connectivity,87.7,MQL,1,0
L003147,CU003147,2025-07-31,Paid Search - Brand,Paid Search - Brand,CMP_PAI_BIR,Birmingham,Education,1000+,Remote Support,70.5,New,0,0
L003148,CU003148,2025-07-31,Paid Social,Paid Social,CMP_PAI_SHE,Sheffield,Education,1-49,Security Add-on,45.2,New,0,0
L003149,CU003149,2025-08-01,Paid Search - Non-Brand,Paid Search - Non-Brand,CMP_PAI_EDI,Edinburgh,Professional Services,250-999,Enterprise Connectivity,72.7,New,0,0
L003150,CU003150,2025-08-01,Paid Search - Brand,Paid Search - Brand,CMP_PAI_GLA,Glasgow,Education,1-49,Remote Access,61.2,New,0,0
L003151,CU003151,2025-08-01,Organic Search,Organic Search,CMP_ORG_BRI,Bristol,Manufacturing,1-49,Remote Access,43.8,New,0,0
L003152,CU003152,2025-08-01,Organic Search,Organic Search,CMP_ORG_LIV,Liverpool,Education,250-999,Enterprise Connectivity,62.3,New,0,0
L003153,CU003153,2025-08-01,Organic Search,Organic Search,CMP_ORG_BIR,Birmingham,Manufacturing,1000+,Enterprise Connectivity,47.0,SQL,1,1
L003154,CU003154,2025-08-01,Direct,Direct,CMP_DIR_BRI,Bristol,Manufacturing,50-249,Security Add-on,75.3,New,0,0
L003155,CU003155,2025-08-02,Direct,Direct,CMP_DIR_MAN,Manchester,Retail,250-999,Remote Support,92.8,SQL,1,1
L003156,CU003156,2025-08-03,Events,Events,CMP_EVE_BIR,Birmingham,Technology,1-49,Security Add-on,62.5,SQL,1,1
L003157,CU003157,2025-08-03,Events,Events,CMP_EVE_CAR,Cardiff,Manufacturing,50-249,Remote Support,52.7,New,0,0
L003158,CU003158,2025-08-03,Paid Search - Brand,Paid Search - Brand,CMP_PAI_MAN,Manchester,Healthcare,250-999,Enterprise Connectivity,50.6,MQL,1,0
L003159,CU003159,2025-08-04,Email,Email,CMP_EMA_EDI,Edinburgh,Manufacturing,1-49,Enterprise Connectivity,72.6,SQL,1,1
L003160,CU003160,2025-08-04,Direct,Direct,CMP_DIR_BRI,Bristol,Professional Services,50-249,Security Add-on,42.7,New,0,0
L003161,CU003161,2025-08-04,Partner,Partner,CMP_PAR_SHE,Sheffield,Manufacturing,250-999,Remote Support,36.2,MQL,1,0
L003162,CU003162,2025-08-04,Direct,Direct,CMP_DIR_LON,London,Manufacturing,250-999,Security Add-on,83.3,MQL,1,0
L003163,CU003163,2025-08-04,Paid Search - Brand,Paid Search - Brand,CMP_PAI_MAN,Manchester,Retail,1000+,Security Add-on,64.7,New,0,0
L003164,CU003164,2025-08-04,Partner,Partner,CMP_PAR_BIR,Birmingham,Healthcare,1000+,Remote Access,71.1,SQL,1,1
L003165,CU003165,2025-08-05,Paid Search - Non-Brand,Paid Search - Non-Brand,CMP_PAI_LON,London,Education,250-999,Enterprise Connectivity,54.8,New,0,0
L003166,CU003166,2025-08-05,Direct,Direct,CMP_DIR_LON,London,Retail,1000+,Remote Support,61.6,MQL,1,0
L003167,CU003167,2025-08-05,Paid Social,Paid Social,CMP_PAI_LIV,Liverpool,Retail,250-999,Remote Access,40.6,New,0,0
L003168,CU003168,2025-08-06,LinkedIn,LinkedIn,CMP_LIN_LEE,Leeds,Manufacturing,50-249,Security Add-on,82.4,SQL,1,1
L003169,CU003169,2025-08-06,Paid Search - Brand,Paid Search - Brand,CMP_PAI_LON,London,Technology,50-249,Enterprise Connectivity,54.9,New,0,0
L003170,CU003170,2025-08-06,Direct,Direct,CMP_DIR_LON,London,Retail,1000+,Remote Access,64.3,MQL,1,0
L003171,CU003171,2025-08-06,Partner,Partner,CMP_PAR_LON,London,Manufacturing,250-999,Remote Access,68.6,SQL,1,1
L003172,CU003172,2025-08-06,Email,Email,CMP_EMA_LON,London,Technology,1-49,Remote Access,64.6,MQL,1,0
L003173,CU003173,2025-08-06,Organic Search,Organic Search,CMP_ORG_BIR,Birmingham,Manufacturing,1-49,Remote Access,54.1,SQL,1,1
L003174,CU003174,2025-08-06,LinkedIn,LinkedIn,CMP_LIN_LON,London,Healthcare,250-999,Remote Support,62.1,New,0,0
L003175,CU003175,2025-08-07,Paid Search - Brand,Paid Search - Brand,CMP_PAI_EDI,Edinburgh,Professional Services,250-999,Enterprise Connectivity,67.9,New,0,0
L003176,CU003176,2025-08-07,LinkedIn,LinkedIn,CMP_LIN_MAN,Manchester,Healthcare,1000+,Remote Support,90.2,MQL,1,0
L003177,CU003177,2025-08-07,Organic Search,Organic Search,CMP_ORG_CAR,Cardiff,Healthcare,50-249,Remote Support,64.9,New,0,0
L003178,CU003178,2025-08-07,Direct,Direct,CMP_DIR_BRI,Bristol,Professional Services,250-999,Remote Access,83.3,MQL,1,0
L003179,CU003179,2025-08-07,LinkedIn,LinkedIn,CMP_LIN_CAR,Cardiff,Education,250-999,Security Add-on,78.5,SQL,1,1
L003180,CU003180,2025-08-08,Paid Social,Paid Social,CMP_PAI_LON,London,Retail,50-249,Remote Access,55.8,New,0,0
L003181,CU003181,2025-08-08,Direct,Direct,CMP_DIR_SHE,Sheffield,Retail,50-249,Remote Access,25.2,New,0,0
L003182,CU003182,2025-08-08,Events,Events,CMP_EVE_CAR,Cardiff,Manufacturing,250-999,Enterprise Connectivity,54.7,New,0,0
L003183,CU003183,2025-08-08,Paid Social,Paid Social,CMP_PAI_BRI,Bristol,Technology,250-999,Remote Support,57.1,MQL,1,0
L003184,CU003184,2025-08-08,Paid Search - Brand,Paid Search - Brand,CMP_PAI_MAN,Manchester,Healthcare,1000+,Remote Support,55.4,New,0,0
L003185,CU003185,2025-08-08,Paid Search - Brand,Paid Search - Brand,CMP_PAI_LON,London,Professional Services,250-999,Enterprise Connectivity,53.4,New,0,0
L003186,CU003186,2025-08-08,Paid Social,Paid Social,CMP_PAI_LEE,Leeds,Healthcare,50-249,Remote Support,53.3,MQL,1,0
L003187,CU003187,2025-08-08,Paid Social,Paid Social,CMP_PAI_BRI,Bristol,Technology,250-999,Remote Support,29.0,New,0,0
L003188,CU003188,2025-08-09,Organic Search,Organic Search,CMP_ORG_BIR,Birmingham,Professional Services,50-249,Remote Support,60.9,SQL,1,1
L003189,CU003189,2025-08-09,Paid Search - Non-Brand,Paid Search - Non-Brand,CMP_PAI_BRI,Bristol,Education,50-249,Security Add-on,74.2,SQL,1,1
L003190,CU003190,2025-08-09,Email,Email,CMP_EMA_EDI,Edinburgh,Healthcare,1-49,Remote Access,64.6,MQL,1,0
L003191,CU003191,2025-08-09,Direct,Direct,CMP_DIR_LIV,Liverpool,Healthcare,250-999,Security Add-on,78.5,MQL,1,0
L003192,CU003192,2025-08-09,Paid Search - Brand,Paid Search - Brand,CMP_PAI_LIV,Liverpool,Retail,250-999,Remote Support,59.4,SQL,1,1
L003193,CU003193,2025-08-10,Organic Search,Organic Search,CMP_ORG_MAN,Manchester,Manufacturing,50-249,Enterprise Connectivity,42.5,MQL,1,0
L003194,CU003194,2025-08-10,Email,Email,CMP_EMA_BRI,Bristol,Technology,1000+,Remote Support,64.3,MQL,1,0
L003195,CU003195,2025-08-10,Paid Search - Non-Brand,Paid Search - Non-Brand,CMP_PAI_MAN,Manchester,Professional Services,1000+,Remote Access,70.0,New,0,0
L003196,CU003196,2025-08-10,Paid Search - Brand,Paid Search - Brand,CMP_PAI_GLA,Glasgow,Professional Services,1000+,Remote Access,74.0,New,0,0
L003197,CU003197,2025-08-11,Paid Search - Brand,Paid Search - Brand,CMP_PAI_EDI,Edinburgh,Professional Services,1000+,Security Add-on,41.5,New,0,0
L003198,CU003198,2025-08-11,Direct,Direct,CMP_DIR_SHE,Sheffield,Technology,50-249,Security Add-on,91.3,MQL,1,0
L003199,CU003199,2025-08-11,Paid Search - Brand,Paid Search - Brand,CMP_PAI_LON,London,Technology,250-999,Enterprise Connectivity,52.5,New,0,0
L003200,CU003200,2025-08-11,Partner,Partner,CMP_PAR_MAN,Manchester,Professional Services,50-249,Security Add-on,60.0,MQL,1,0
L003201,CU003201,2025-08-11,Email,Email,CMP_EMA_GLA,Glasgow,Technology,1000+,Security Add-on,75.5,MQL,1,0
L003202,CU003202,2025-08-11,Events,Events,CMP_EVE_SHE,Sheffield,Education,250-999,Security Add-on,64.5,New,0,0
L003203,CU003203,2025-08-11,LinkedIn,LinkedIn,CMP_LIN_LON,London,Healthcare,250-999,Remote Support,81.4,SQL,1,1
L003204,CU003204,2025-08-12,Organic Search,Organic Search,CMP_ORG_BIR,Birmingham,Healthcare,1-49,Remote Access,74.4,SQL,1,1
L003205,CU003205,2025-08-12,Partner,Partner,CMP_PAR_EDI,Edinburgh,Education,50-249,Security Add-on,54.7,SQL,1,1
L003206,CU003206,2025-08-12,Direct,Direct,CMP_DIR_GLA,Glasgow,Manufacturing,250-999,Enterprise Connectivity,59.6,New,0,0
L003207,CU003207,2025-08-12,LinkedIn,LinkedIn,CMP_LIN_BIR,Birmingham,Education,50-249,Security Add-on,85.3,MQL,1,0
L003208,CU003208,2025-08-12,Paid Search - Non-Brand,Paid Search - Non-Brand,CMP_PAI_LON,London,Professional Services,250-999,Security Add-on,63.6,New,0,0
L003209,CU003209,2025-08-12,Partner,Partner,CMP_PAR_BRI,Bristol,Manufacturing,1-49,Security Add-on,45.9,SQL,1,1
L003210,CU003210,2025-08-12,Organic Search,Organic Search,CMP_ORG_LON,London,Technology,50-249,Remote Access,56.1,New,0,0
L003211,CU003211,2025-08-12,YouTube,YouTube,CMP_YOU_BIR,Birmingham,Healthcare,50-249,Enterprise Connectivity,56.5,New,0,0
L003212,CU003212,2025-08-12,Direct,Direct,CMP_DIR_LIV,Liverpool,Manufacturing,250-999,Remote Access,53.1,New,0,0
L003213,CU003213,2025-08-13,Paid Search - Brand,Paid Search - Brand,CMP_PAI_EDI,Edinburgh,Retail,1000+,Remote Access,61.1,SQL,1,1
L003214,CU003214,2025-08-13,Paid Social,Paid Social,CMP_PAI_LON,London,Professional Services,50-249,Remote Access,69.8,New,0,0
L003215,CU003215,2025-08-13,Direct,Direct,CMP_DIR_BRI,Bristol,Retail,1-49,Security Add-on,63.6,New,0,0
L003216,CU003216,2025-08-13,YouTube,YouTube,CMP_YOU_SHE,Sheffield,Professional Services,50-249,Enterprise Connectivity,61.8,New,0,0
L003217,CU003217,2025-08-13,Paid Social,Paid Social,CMP_PAI_GLA,Glasgow,Professional Services,1000+,Remote Access,69.6,SQL,1,1
L003218,CU003218,2025-08-13,Direct,Direct,CMP_DIR_EDI,Edinburgh,Education,50-249,Security Add-on,51.0,New,0,0
L003219,CU003219,2025-08-14,Email,Email,CMP_EMA_MAN,Manchester,Manufacturing,250-999,Remote Access,73.3,New,0,0
L003220,CU003220,2025-08-14,Partner,Partner,CMP_PAR_BRI,Bristol,Healthcare,1000+,Enterprise Connectivity,64.2,New,0,0
L003221,CU003221,2025-08-14,Partner,Partner,CMP_PAR_BRI,Bristol,Technology,1-49,Remote Access,45.6,New,0,0
L003222,CU003222,2025-08-14,Email,Email,CMP_EMA_BIR,Birmingham,Manufacturing,50-249,Enterprise Connectivity,83.3,New,0,0
L003223,CU003223,2025-08-14,Paid Search - Brand,Paid Search - Brand,CMP_PAI_MAN,Manchester,Professional Services,250-999,Remote Access,83.5,New,0,0
L003224,CU003224,2025-08-15,Paid Social,Paid Social,CMP_PAI_CAR,Cardiff,Education,1-49,Remote Support,50.4,New,0,0
L003225,CU003225,2025-08-15,Email,Email,CMP_EMA_BRI,Bristol,Education,250-999,Enterprise Connectivity,58.8,SQL,1,1
L003226,CU003226,2025-08-15,Organic Search,Organic Search,CMP_ORG_BIR,Birmingham,Technology,50-249,Security Add-on,77.4,MQL,1,0
L003227,CU003227,2025-08-15,Events,Events,CMP_EVE_SHE,Sheffield,Retail,50-249,Remote Support,44.6,New,0,0
L003228,CU003228,2025-08-15,LinkedIn,LinkedIn,CMP_LIN_GLA,Glasgow,Professional Services,250-999,Remote Support,86.8,SQL,1,1
L003229,CU003229,2025-08-16,Partner,Partner,CMP_PAR_LON,London,Professional Services,50-249,Remote Access,72.6,MQL,1,0
L003230,CU003230,2025-08-16,LinkedIn,LinkedIn,CMP_LIN_CAR,Cardiff,Technology,1000+,Security Add-on,75.3,SQL,1,1
L003231,CU003231,2025-08-16,Paid Social,Paid Social,CMP_PAI_GLA,Glasgow,Manufacturing,250-999,Remote Access,66.0,New,0,0
L003232,CU003232,2025-08-16,Paid Search - Non-Brand,Paid Search - Non-Brand,CMP_PAI_BRI,Bristol,Healthcare,50-249,Enterprise Connectivity,65.3,New,0,0
L003233,CU003233,2025-08-16,LinkedIn,LinkedIn,CMP_LIN_LON,London,Retail,1000+,Enterprise Connectivity,92.5,SQL,1,1
L003234,CU003234,2025-08-16,YouTube,YouTube,CMP_YOU_LEE,Leeds,Manufacturing,1-49,Remote Support,53.8,SQL,1,1
L003235,CU003235,2025-08-17,Partner,Partner,CMP_PAR_BRI,Bristol,Education,1-49,Remote Support,72.2,New,0,0
L003236,CU003236,2025-08-17,Paid Social,Paid Social,CMP_PAI_LON,London,Professional Services,250-999,Enterprise Connectivity,28.3,SQL,1,1
L003237,CU003237,2025-08-17,LinkedIn,LinkedIn,CMP_LIN_LON,London,Education,250-999,Remote Support,63.0,SQL,1,1
L003238,CU003238,2025-08-17,Organic Search,Organic Search,CMP_ORG_LIV,Liverpool,Education,1-49,Remote Access,73.5,SQL,1,1
L003239,CU003239,2025-08-18,Paid Search - Brand,Paid Search - Brand,CMP_PAI_BRI,Bristol,Retail,50-249,Security Add-on,79.3,New,0,0
L003240,CU003240,2025-08-18,Organic Search,Organic Search,CMP_ORG_SHE,Sheffield,Education,50-249,Remote Access,75.1,SQL,1,1
L003241,CU003241,2025-08-18,Direct,Direct,CMP_DIR_LON,London,Healthcare,1-49,Enterprise Connectivity,84.4,MQL,1,0
L003242,CU003242,2025-08-18,Paid Social,Paid Social,CMP_PAI_CAR,Cardiff,Healthcare,50-249,Remote Access,48.1,MQL,1,0
L003243,CU003243,2025-08-18,LinkedIn,LinkedIn,CMP_LIN_GLA,Glasgow,Professional Services,1000+,Security Add-on,88.5,SQL,1,1
L003244,CU003244,2025-08-18,Organic Search,Organic Search,CMP_ORG_LON,London,Professional Services,1000+,Enterprise Connectivity,69.0,New,0,0
L003245,CU003245,2025-08-18,Email,Email,CMP_EMA_EDI,Edinburgh,Healthcare,1000+,Security Add-on,35.9,New,0,0
L003246,CU003246,2025-08-19,Paid Social,Paid Social,CMP_PAI_SHE,Sheffield,Retail,50-249,Enterprise Connectivity,60.3,New,0,0
L003247,CU003247,2025-08-19,Events,Events,CMP_EVE_BIR,Birmingham,Professional Services,1000+,Enterprise Connectivity,76.6,New,0,0
L003248,CU003248,2025-08-19,Email,Email,CMP_EMA_LIV,Liverpool,Education,50-249,Security Add-on,80.0,New,0,0
L003249,CU003249,2025-08-20,Email,Email,CMP_EMA_LIV,Liverpool,Retail,250-999,Remote Support,69.8,New,0,0
L003250,CU003250,2025-08-20,Events,Events,CMP_EVE_GLA,Glasgow,Professional Services,50-249,Remote Access,62.6,New,0,0
L003251,CU003251,2025-08-21,Organic Search,Organic Search,CMP_ORG_MAN,Manchester,Technology,50-249,Security Add-on,61.0,MQL,1,0
L003252,CU003252,2025-08-21,Email,Email,CMP_EMA_SHE,Sheffield,Technology,1000+,Remote Support,75.6,New,0,0
L003253,CU003253,2025-08-21,Organic Search,Organic Search,CMP_ORG_LON,London,Education,250-999,Enterprise Connectivity,61.0,MQL,1,0
L003254,CU003254,2025-08-21,Paid Social,Paid Social,CMP_PAI_BIR,Birmingham,Retail,1-49,Enterprise Connectivity,32.1,New,0,0
L003255,CU003255,2025-08-21,Organic Search,Organic Search,CMP_ORG_BRI,Bristol,Education,50-249,Enterprise Connectivity,70.6,New,0,0
L003256,CU003256,2025-08-21,Paid Social,Paid Social,CMP_PAI_CAR,Cardiff,Technology,1-49,Remote Support,55.8,MQL,1,0
L003257,CU003257,2025-08-21,Paid Search - Non-Brand,Paid Search - Non-Brand,CMP_PAI_EDI,Edinburgh,Manufacturing,1000+,Remote Access,71.8,MQL,1,0
L003258,CU003258,2025-08-21,Organic Search,Organic Search,CMP_ORG_SHE,Sheffield,Manufacturing,1000+,Enterprise Connectivity,58.4,SQL,1,1
L003259,CU003259,2025-08-22,Paid Search - Brand,Paid Search - Brand,CMP_PAI_BIR,Birmingham,Retail,1000+,Enterprise Connectivity,55.3,New,0,0
L003260,CU003260,2025-08-22,Paid Search - Non-Brand,Paid Search - Non-Brand,CMP_PAI_LON,London,Retail,50-249,Enterprise Connectivity,58.3,New,0,0
L003261,CU003261,2025-08-22,Paid Search - Brand,Paid Search - Brand,CMP_PAI_MAN,Manchester,Education,1-49,Enterprise Connectivity,80.4,New,0,0
L003262,CU003262,2025-08-22,Paid Search - Brand,Paid Search - Brand,CMP_PAI_BRI,Bristol,Retail,1000+,Remote Support,52.2,New,0,0
L003263,CU003263,2025-08-22,Paid Search - Brand,Paid Search - Brand,CMP_PAI_LON,London,Manufacturing,1000+,Remote Support,70.9,SQL,1,1
L003264,CU003264,2025-08-22,YouTube,YouTube,CMP_YOU_BIR,Birmingham,Education,1-49,Security Add-on,33.6,MQL,1,0
L003265,CU003265,2025-08-22,Paid Search - Brand,Paid Search - Brand,CMP_PAI_LIV,Liverpool,Professional Services,50-249,Enterprise Connectivity,40.7,MQL,1,0
L003266,CU003266,2025-08-22,LinkedIn,LinkedIn,CMP_LIN_LEE,Leeds,Manufacturing,1000+,Remote Support,82.6,SQL,1,1
L003267,CU003267,2025-08-23,YouTube,YouTube,CMP_YOU_LON,London,Education,50-249,Remote Support,44.3,MQL,1,0
L003268,CU003268,2025-08-23,Paid Social,Paid Social,CMP_PAI_BIR,Birmingham,Manufacturing,50-249,Remote Support,36.3,New,0,0
L003269,CU003269,2025-08-24,Paid Search - Non-Brand,Paid Search - Non-Brand,CMP_PAI_MAN,Manchester,Manufacturing,250-999,Enterprise Connectivity,62.6,MQL,1,0
L003270,CU003270,2025-08-24,LinkedIn,LinkedIn,CMP_LIN_EDI,Edinburgh,Technology,1000+,Remote Support,68.1,SQL,1,1
L003271,CU003271,2025-08-24,LinkedIn,LinkedIn,CMP_LIN_MAN,Manchester,Professional Services,1000+,Remote Access,75.9,New,0,0
L003272,CU003272,2025-08-25,Email,Email,CMP_EMA_LON,London,Healthcare,1-49,Security Add-on,52.2,New,0,0
L003273,CU003273,2025-08-25,Paid Search - Brand,Paid Search - Brand,CMP_PAI_BIR,Birmingham,Education,50-249,Enterprise Connectivity,56.3,New,0,0
L003274,CU003274,2025-08-25,Paid Search - Brand,Paid Search - Brand,CMP_PAI_LON,London,Technology,250-999,Enterprise Connectivity,58.6,MQL,1,0
L003275,CU003275,2025-08-25,Paid Social,Paid Social,CMP_PAI_BIR,Birmingham,Technology,1000+,Security Add-on,33.1,New,0,0
L003276,CU003276,2025-08-25,Paid Search - Brand,Paid Search - Brand,CMP_PAI_LEE,Leeds,Education,250-999,Enterprise Connectivity,56.0,SQL,1,1
L003277,CU003277,2025-08-26,Paid Search - Brand,Paid Search - Brand,CMP_PAI_MAN,Manchester,Technology,1-49,Security Add-on,64.4,New,0,0
L003278,CU003278,2025-08-26,Paid Social,Paid Social,CMP_PAI_LEE,Leeds,Healthcare,1000+,Remote Access,42.0,New,0,0
L003279,CU003279,2025-08-26,Organic Search,Organic Search,CMP_ORG_MAN,Manchester,Professional Services,50-249,Enterprise Connectivity,67.6,SQL,1,1
L003280,CU003280,2025-08-26,Email,Email,CMP_EMA_SHE,Sheffield,Technology,50-249,Security Add-on,82.4,New,0,0
L003281,CU003281,2025-08-26,Email,Email,CMP_EMA_BIR,Birmingham,Technology,250-999,Security Add-on,73.2,New,0,0
L003282,CU003282,2025-08-26,Email,Email,CMP_EMA_LIV,Liverpool,Technology,250-999,Remote Support,92.9,MQL,1,0
L003283,CU003283,2025-08-26,Email,Email,CMP_EMA_CAR,Cardiff,Technology,1-49,Remote Access,61.9,MQL,1,0
L003284,CU003284,2025-08-26,Paid Search - Brand,Paid Search - Brand,CMP_PAI_SHE,Sheffield,Healthcare,1-49,Enterprise Connectivity,71.4,SQL,1,1
L003285,CU003285,2025-08-27,Paid Search - Non-Brand,Paid Search - Non-Brand,CMP_PAI_BIR,Birmingham,Retail,250-999,Remote Access,68.9,New,0,0
L003286,CU003286,2025-08-27,Direct,Direct,CMP_DIR_LON,London,Technology,50-249,Enterprise Connectivity,69.5,MQL,1,0
L003287,CU003287,2025-08-27,Paid Search - Brand,Paid Search - Brand,CMP_PAI_BRI,Bristol,Manufacturing,50-249,Security Add-on,43.8,MQL,1,0
L003288,CU003288,2025-08-27,Paid Search - Brand,Paid Search - Brand,CMP_PAI_CAR,Cardiff,Professional Services,250-999,Enterprise Connectivity,50.6,New,0,0
L003289,CU003289,2025-08-28,Events,Events,CMP_EVE_BIR,Birmingham,Technology,50-249,Enterprise Connectivity,55.7,New,0,0
L003290,CU003290,2025-08-28,Email,Email,CMP_EMA_LON,London,Education,250-999,Security Add-on,48.2,SQL,1,1
L003291,CU003291,2025-08-28,Direct,Direct,CMP_DIR_LEE,Leeds,Healthcare,1000+,Security Add-on,73.9,MQL,1,0
L003292,CU003292,2025-08-28,Paid Social,Paid Social,CMP_PAI_LIV,Liverpool,Technology,50-249,Remote Access,53.1,New,0,0
L003293,CU003293,2025-08-28,Paid Search - Non-Brand,Paid Search - Non-Brand,CMP_PAI_LEE,Leeds,Retail,1-49,Remote Access,82.5,SQL,1,1
L003294,CU003294,2025-08-28,Partner,Partner,CMP_PAR_BRI,Bristol,Manufacturing,1000+,Remote Access,63.4,SQL,1,1
L003295,CU003295,2025-08-28,Partner,Partner,CMP_PAR_CAR,Cardiff,Education,50-249,Security Add-on,56.2,New,0,0
L003296,CU003296,2025-08-28,Organic Search,Organic Search,CMP_ORG_MAN,Manchester,Retail,50-249,Enterprise Connectivity,57.9,New,0,0
L003297,CU003297,2025-08-29,Direct,Direct,CMP_DIR_LON,London,Technology,1-49,Remote Support,46.7,New,0,0
L003298,CU003298,2025-08-29,Paid Social,Paid Social,CMP_PAI_EDI,Edinburgh,Manufacturing,50-249,Remote Access,71.1,New,0,0
L003299,CU003299,2025-08-29,Paid Search - Non-Brand,Paid Search - Non-Brand,CMP_PAI_MAN,Manchester,Retail,1000+,Remote Support,77.1,SQL,1,1
L003300,CU003300,2025-08-29,Email,Email,CMP_EMA_BIR,Birmingham,Retail,50-249,Remote Support,99.9,MQL,1,0
L003301,CU003301,2025-08-30,Partner,Partner,CMP_PAR_LON,London,Healthcare,50-249,Remote Access,59.9,New,0,0
L003302,CU003302,2025-08-30,Paid Social,Paid Social,CMP_PAI_BIR,Birmingham,Manufacturing,250-999,Remote Support,46.7,MQL,1,0
L003303,CU003303,2025-08-31,Paid Search - Non-Brand,Paid Search - Non-Brand,CMP_PAI_BIR,Birmingham,Professional Services,250-999,Security Add-on,60.1,MQL,1,0
L003304,CU003304,2025-08-31,Organic Search,Organic Search,CMP_ORG_CAR,Cardiff,Technology,50-249,Remote Access,75.0,New,0,0
L003305,CU003305,2025-08-31,Paid Search - Brand,Paid Search - Brand,CMP_PAI_CAR,Cardiff,Healthcare,1000+,Security Add-on,42.4,New,0,0
L003306,CU003306,2025-09-01,Paid Social,Paid Social,CMP_PAI_LON,London,Retail,50-249,Security Add-on,44.6,New,0,0
L003307,CU003307,2025-09-01,LinkedIn,LinkedIn,CMP_LIN_CAR,Cardiff,Education,250-999,Remote Support,76.6,New,0,0
L003308,CU003308,2025-09-01,Events,Events,CMP_EVE_GLA,Glasgow,Healthcare,50-249,Security Add-on,70.1,New,0,0
L003309,CU003309,2025-09-01,Paid Search - Non-Brand,Paid Search - Non-Brand,CMP_PAI_LON,London,Technology,1-49,Security Add-on,67.7,MQL,1,0
L003310,CU003310,2025-09-01,Paid Social,Paid Social,CMP_PAI_GLA,Glasgow,Technology,1-49,Remote Support,58.3,MQL,1,0
L003311,CU003311,2025-09-01,Organic Search,Organic Search,CMP_ORG_LON,London,Retail,50-249,Remote Support,47.0,MQL,1,0
L003312,CU003312,2025-09-02,Organic Search,Organic Search,CMP_ORG_EDI,Edinburgh,Manufacturing,250-999,Remote Support,65.1,SQL,1,1
L003313,CU003313,2025-09-02,Display,Display,CMP_DIS_LON,London,Professional Services,1000+,Security Add-on,71.1,New,0,0
L003314,CU003314,2025-09-02,Partner,Partner,CMP_PAR_BIR,Birmingham,Retail,250-999,Enterprise Connectivity,55.7,New,0,0
L003315,CU003315,2025-09-02,Paid Social,Paid Social,CMP_PAI_EDI,Edinburgh,Healthcare,50-249,Remote Access,49.4,MQL,1,0
L003316,CU003316,2025-09-02,Events,Events,CMP_EVE_BIR,Birmingham,Technology,250-999,Security Add-on,66.9,MQL,1,0
L003317,CU003317,2025-09-02,Paid Search - Brand,Paid Search - Brand,CMP_PAI_GLA,Glasgow,Technology,1-49,Security Add-on,66.0,New,0,0
L003318,CU003318,2025-09-03,Partner,Partner,CMP_PAR_CAR,Cardiff,Professional Services,250-999,Enterprise Connectivity,61.1,New,0,0
L003319,CU003319,2025-09-03,Organic Search,Organic Search,CMP_ORG_LON,London,Professional Services,1-49,Enterprise Connectivity,56.2,MQL,1,0
L003320,CU003320,2025-09-03,Direct,Direct,CMP_DIR_BRI,Bristol,Manufacturing,50-249,Enterprise Connectivity,52.1,MQL,1,0
L003321,CU003321,2025-09-03,Paid Search - Non-Brand,Paid Search - Non-Brand,CMP_PAI_MAN,Manchester,Technology,250-999,Security Add-on,59.0,MQL,1,0
L003322,CU003322,2025-09-03,Email,Email,CMP_EMA_SHE,Sheffield,Technology,50-249,Enterprise Connectivity,70.6,New,0,0
L003323,CU003323,2025-09-03,Partner,Partner,CMP_PAR_BIR,Birmingham,Education,1000+,Remote Support,33.2,MQL,1,0
L003324,CU003324,2025-09-03,Organic Search,Organic Search,CMP_ORG_MAN,Manchester,Education,50-249,Remote Access,43.6,New,0,0
L003325,CU003325,2025-09-04,LinkedIn,LinkedIn,CMP_LIN_SHE,Sheffield,Technology,1000+,Enterprise Connectivity,59.1,New,0,0
L003326,CU003326,2025-09-04,Paid Search - Brand,Paid Search - Brand,CMP_PAI_BIR,Birmingham,Healthcare,50-249,Remote Access,54.1,MQL,1,0
L003327,CU003327,2025-09-04,Organic Search,Organic Search,CMP_ORG_MAN,Manchester,Professional Services,1000+,Remote Access,69.8,SQL,1,1
L003328,CU003328,2025-09-04,LinkedIn,LinkedIn,CMP_LIN_LON,London,Manufacturing,50-249,Security Add-on,78.8,SQL,1,1
L003329,CU003329,2025-09-04,Paid Social,Paid Social,CMP_PAI_BIR,Birmingham,Healthcare,250-999,Remote Support,38.4,New,0,0
L003330,CU003330,2025-09-04,LinkedIn,LinkedIn,CMP_LIN_CAR,Cardiff,Education,250-999,Security Add-on,78.7,SQL,1,1
L003331,CU003331,2025-09-05,Organic Search,Organic Search,CMP_ORG_LEE,Leeds,Professional Services,1000+,Enterprise Connectivity,70.8,SQL,1,1
L003332,CU003332,2025-09-05,Direct,Direct,CMP_DIR_LEE,Leeds,Retail,50-249,Security Add-on,61.2,New,0,0
L003333,CU003333,2025-09-05,Email,Email,CMP_EMA_LON,London,Healthcare,250-999,Remote Access,70.2,New,0,0
L003334,CU003334,2025-09-05,Paid Search - Non-Brand,Paid Search - Non-Brand,CMP_PAI_MAN,Manchester,Manufacturing,250-999,Remote Support,65.6,New,0,0
L003335,CU003335,2025-09-05,Direct,Direct,CMP_DIR_LON,London,Healthcare,250-999,Enterprise Connectivity,69.5,New,0,0
L003336,CU003336,2025-09-05,Paid Search - Brand,Paid Search - Brand,CMP_PAI_LEE,Leeds,Healthcare,1000+,Remote Access,56.5,SQL,1,1
L003337,CU003337,2025-09-06,Email,Email,CMP_EMA_BIR,Birmingham,Education,1-49,Remote Support,70.2,SQL,1,1
L003338,CU003338,2025-09-06,LinkedIn,LinkedIn,CMP_LIN_GLA,Glasgow,Manufacturing,1000+,Remote Support,84.0,SQL,1,1
L003339,CU003339,2025-09-06,Paid Social,Paid Social,CMP_PAI_MAN,Manchester,Education,1-49,Enterprise Connectivity,64.6,New,0,0
L003340,CU003340,2025-09-06,LinkedIn,LinkedIn,CMP_LIN_LON,London,Healthcare,50-249,Security Add-on,82.7,SQL,1,1
L003341,CU003341,2025-09-06,Paid Search - Brand,Paid Search - Brand,CMP_PAI_LON,London,Technology,50-249,Security Add-on,91.8,SQL,1,1
L003342,CU003342,2025-09-06,Partner,Partner,CMP_PAR_LIV,Liverpool,Education,1-49,Remote Support,53.5,MQL,1,0
L003343,CU003343,2025-09-06,Organic Search,Organic Search,CMP_ORG_LEE,Leeds,Technology,1-49,Remote Access,90.6,SQL,1,1
L003344,CU003344,2025-09-06,Email,Email,CMP_EMA_BIR,Birmingham,Technology,250-999,Security Add-on,61.7,New,0,0
L003345,CU003345,2025-09-06,Paid Search - Brand,Paid Search - Brand,CMP_PAI_LON,London,Retail,250-999,Security Add-on,62.5,New,0,0
L003346,CU003346,2025-09-06,Paid Search - Non-Brand,Paid Search - Non-Brand,CMP_PAI_MAN,Manchester,Retail,1000+,Remote Support,59.4,New,0,0
L003347,CU003347,2025-09-07,Organic Search,Organic Search,CMP_ORG_LEE,Leeds,Manufacturing,250-999,Remote Access,66.0,New,0,0
L003348,CU003348,2025-09-07,Paid Search - Brand,Paid Search - Brand,CMP_PAI_BIR,Birmingham,Professional Services,50-249,Security Add-on,60.2,New,0,0
L003349,CU003349,2025-09-07,Events,Events,CMP_EVE_GLA,Glasgow,Retail,50-249,Enterprise Connectivity,92.5,MQL,1,0
L003350,CU003350,2025-09-07,Paid Search - Brand,Paid Search - Brand,CMP_PAI_BRI,Bristol,Education,50-249,Remote Access,70.3,SQL,1,1
L003351,CU003351,2025-09-07,LinkedIn,LinkedIn,CMP_LIN_SHE,Sheffield,Healthcare,50-249,Enterprise Connectivity,86.8,SQL,1,1
L003352,CU003352,2025-09-07,Paid Social,Paid Social,CMP_PAI_LEE,Leeds,Manufacturing,1-49,Security Add-on,52.8,New,0,0
L003353,CU003353,2025-09-07,Paid Social,Paid Social,CMP_PAI_BIR,Birmingham,Retail,250-999,Remote Access,51.6,New,0,0
L003354,CU003354,2025-09-07,Organic Search,Organic Search,CMP_ORG_MAN,Manchester,Manufacturing,250-999,Enterprise Connectivity,72.0,New,0,0
L003355,CU003355,2025-09-07,Partner,Partner,CMP_PAR_EDI,Edinburgh,Education,1-49,Remote Access,63.2,SQL,1,1
L003356,CU003356,2025-09-07,Paid Search - Non-Brand,Paid Search - Non-Brand,CMP_PAI_LON,London,Healthcare,250-999,Remote Access,55.1,SQL,1,1
L003357,CU003357,2025-09-08,Paid Search - Brand,Paid Search - Brand,CMP_PAI_GLA,Glasgow,Healthcare,1000+,Security Add-on,74.4,MQL,1,0
L003358,CU003358,2025-09-08,Paid Search - Brand,Paid Search - Brand,CMP_PAI_MAN,Manchester,Retail,250-999,Enterprise Connectivity,66.2,New,0,0
L003359,CU003359,2025-09-08,Paid Social,Paid Social,CMP_PAI_SHE,Sheffield,Retail,1-49,Remote Support,42.2,SQL,1,1
L003360,CU003360,2025-09-08,Paid Search - Non-Brand,Paid Search - Non-Brand,CMP_PAI_CAR,Cardiff,Education,250-999,Remote Access,73.2,SQL,1,1
L003361,CU003361,2025-09-08,Organic Search,Organic Search,CMP_ORG_LON,London,Healthcare,1000+,Enterprise Connectivity,53.8,MQL,1,0
L003362,CU003362,2025-09-08,Partner,Partner,CMP_PAR_MAN,Manchester,Professional Services,1-49,Enterprise Connectivity,64.1,New,0,0
L003363,CU003363,2025-09-08,Organic Search,Organic Search,CMP_ORG_BIR,Birmingham,Manufacturing,250-999,Remote Access,49.8,New,0,0
L003364,CU003364,2025-09-09,Paid Search - Brand,Paid Search - Brand,CMP_PAI_CAR,Cardiff,Retail,250-999,Remote Access,66.2,New,0,0
L003365,CU003365,2025-09-09,Paid Search - Non-Brand,Paid Search - Non-Brand,CMP_PAI_MAN,Manchester,Technology,1000+,Enterprise Connectivity,90.5,MQL,1,0
L003366,CU003366,2025-09-09,Paid Search - Brand,Paid Search - Brand,CMP_PAI_BRI,Bristol,Education,1-49,Remote Support,87.4,SQL,1,1
L003367,CU003367,2025-09-09,Email,Email,CMP_EMA_BIR,Birmingham,Healthcare,1-49,Enterprise Connectivity,68.6,New,0,0
L003368,CU003368,2025-09-10,Paid Social,Paid Social,CMP_PAI_GLA,Glasgow,Technology,50-249,Remote Access,60.3,New,0,0
L003369,CU003369,2025-09-10,Direct,Direct,CMP_DIR_EDI,Edinburgh,Education,250-999,Enterprise Connectivity,83.2,MQL,1,0
L003370,CU003370,2025-09-10,LinkedIn,LinkedIn,CMP_LIN_SHE,Sheffield,Manufacturing,1-49,Remote Support,63.4,New,0,0
L003371,CU003371,2025-09-10,Direct,Direct,CMP_DIR_BRI,Bristol,Manufacturing,50-249,Remote Access,56.5,New,0,0
L003372,CU003372,2025-09-10,Paid Social,Paid Social,CMP_PAI_EDI,Edinburgh,Professional Services,50-249,Enterprise Connectivity,54.4,SQL,1,1
L003373,CU003373,2025-09-10,Partner,Partner,CMP_PAR_MAN,Manchester,Healthcare,50-249,Enterprise Connectivity,71.1,SQL,1,1
L003374,CU003374,2025-09-10,Paid Social,Paid Social,CMP_PAI_BIR,Birmingham,Technology,1000+,Security Add-on,69.8,MQL,1,0
L003375,CU003375,2025-09-10,Email,Email,CMP_EMA_BIR,Birmingham,Professional Services,1-49,Security Add-on,69.5,MQL,1,0
L003376,CU003376,2025-09-11,Partner,Partner,CMP_PAR_LIV,Liverpool,Healthcare,1000+,Remote Support,58.8,New,0,0
L003377,CU003377,2025-09-11,Paid Search - Brand,Paid Search - Brand,CMP_PAI_GLA,Glasgow,Professional Services,1000+,Remote Access,58.9,New,0,0
L003378,CU003378,2025-09-11,Direct,Direct,CMP_DIR_LON,London,Technology,1000+,Remote Support,38.1,MQL,1,0
L003379,CU003379,2025-09-11,Events,Events,CMP_EVE_LIV,Liverpool,Manufacturing,1000+,Remote Support,71.8,New,0,0
L003380,CU003380,2025-09-12,LinkedIn,LinkedIn,CMP_LIN_LEE,Leeds,Manufacturing,1000+,Enterprise Connectivity,100.0,New,0,0
L003381,CU003381,2025-09-12,Organic Search,Organic Search,CMP_ORG_MAN,Manchester,Manufacturing,50-249,Remote Support,66.1,SQL,1,1
L003382,CU003382,2025-09-12,Direct,Direct,CMP_DIR_LIV,Liverpool,Manufacturing,250-999,Security Add-on,52.7,New,0,0
L003383,CU003383,2025-09-12,Organic Search,Organic Search,CMP_ORG_GLA,Glasgow,Education,50-249,Enterprise Connectivity,52.6,New,0,0
L003384,CU003384,2025-09-12,Paid Search - Non-Brand,Paid Search - Non-Brand,CMP_PAI_MAN,Manchester,Professional Services,1-49,Security Add-on,64.8,SQL,1,1
L003385,CU003385,2025-09-12,Partner,Partner,CMP_PAR_LIV,Liverpool,Technology,50-249,Enterprise Connectivity,69.1,MQL,1,0
L003386,CU003386,2025-09-12,Paid Search - Brand,Paid Search - Brand,CMP_PAI_SHE,Sheffield,Manufacturing,50-249,Enterprise Connectivity,53.6,New,0,0
L003387,CU003387,2025-09-12,Email,Email,CMP_EMA_LON,London,Retail,50-249,Enterprise Connectivity,47.3,New,0,0
L003388,CU003388,2025-09-12,Events,Events,CMP_EVE_BRI,Bristol,Manufacturing,1-49,Remote Support,76.1,SQL,1,1
L003389,CU003389,2025-09-12,Paid Search - Brand,Paid Search - Brand,CMP_PAI_GLA,Glasgow,Manufacturing,50-249,Security Add-on,47.1,New,0,0
L003390,CU003390,2025-09-12,Direct,Direct,CMP_DIR_LON,London,Technology,50-249,Remote Access,54.7,New,0,0
L003391,CU003391,2025-09-12,Paid Social,Paid Social,CMP_PAI_LON,London,Manufacturing,250-999,Enterprise Connectivity,54.9,New,0,0
L003392,CU003392,2025-09-13,Paid Search - Brand,Paid Search - Brand,CMP_PAI_SHE,Sheffield,Technology,1-49,Enterprise Connectivity,70.4,New,0,0
L003393,CU003393,2025-09-13,Partner,Partner,CMP_PAR_BIR,Birmingham,Technology,1-49,Security Add-on,76.5,SQL,1,1
L003394,CU003394,2025-09-13,Paid Social,Paid Social,CMP_PAI_LEE,Leeds,Education,250-999,Remote Access,44.4,SQL,1,1
L003395,CU003395,2025-09-13,Paid Search - Brand,Paid Search - Brand,CMP_PAI_LEE,Leeds,Education,1-49,Enterprise Connectivity,94.4,New,0,0
L003396,CU003396,2025-09-13,Paid Social,Paid Social,CMP_PAI_LIV,Liverpool,Technology,1-49,Security Add-on,55.1,New,0,0
L003397,CU003397,2025-09-13,Events,Events,CMP_EVE_GLA,Glasgow,Healthcare,1000+,Security Add-on,55.4,New,0,0
L003398,CU003398,2025-09-13,Email,Email,CMP_EMA_BIR,Birmingham,Healthcare,50-249,Security Add-on,65.5,MQL,1,0
L003399,CU003399,2025-09-13,LinkedIn,LinkedIn,CMP_LIN_LEE,Leeds,Education,1000+,Enterprise Connectivity,73.7,New,0,0
L003400,CU003400,2025-09-14,Events,Events,CMP_EVE_EDI,Edinburgh,Healthcare,1-49,Remote Access,60.6,SQL,1,1
L003401,CU003401,2025-09-14,Direct,Direct,CMP_DIR_BIR,Birmingham,Technology,50-249,Remote Access,74.8,New,0,0
L003402,CU003402,2025-09-14,Organic Search,Organic Search,CMP_ORG_CAR,Cardiff,Technology,50-249,Remote Access,62.0,New,0,0
L003403,CU003403,2025-09-14,Organic Search,Organic Search,CMP_ORG_SHE,Sheffield,Healthcare,50-249,Remote Access,56.5,New,0,0
L003404,CU003404,2025-09-14,Paid Social,Paid Social,CMP_PAI_GLA,Glasgow,Retail,1-49,Remote Access,24.1,MQL,1,0
L003405,CU003405,2025-09-14,Paid Search - Brand,Paid Search - Brand,CMP_PAI_LEE,Leeds,Retail,50-249,Security Add-on,77.6,MQL,1,0
L003406,CU003406,2025-09-15,Paid Search - Brand,Paid Search - Brand,CMP_PAI_CAR,Cardiff,Professional Services,1-49,Remote Support,55.1,MQL,1,0
L003407,CU003407,2025-09-15,Email,Email,CMP_EMA_EDI,Edinburgh,Healthcare,50-249,Remote Support,55.5,New,0,0
L003408,CU003408,2025-09-15,Direct,Direct,CMP_DIR_BRI,Bristol,Manufacturing,1-49,Security Add-on,71.7,SQL,1,1
L003409,CU003409,2025-09-15,Events,Events,CMP_EVE_MAN,Manchester,Professional Services,1-49,Security Add-on,43.8,New,0,0
L003410,CU003410,2025-09-15,Paid Search - Non-Brand,Paid Search - Non-Brand,CMP_PAI_MAN,Manchester,Technology,50-249,Remote Support,62.7,MQL,1,0
L003411,CU003411,2025-09-16,Paid Search - Brand,Paid Search - Brand,CMP_PAI_MAN,Manchester,Manufacturing,250-999,Enterprise Connectivity,40.1,SQL,1,1
L003412,CU003412,2025-09-16,Organic Search,Organic Search,CMP_ORG_LIV,Liverpool,Manufacturing,250-999,Security Add-on,49.3,MQL,1,0
L003413,CU003413,2025-09-17,Direct,Direct,CMP_DIR_SHE,Sheffield,Technology,50-249,Security Add-on,73.2,New,0,0
L003414,CU003414,2025-09-17,Paid Search - Brand,Paid Search - Brand,CMP_PAI_BIR,Birmingham,Healthcare,250-999,Remote Access,53.3,SQL,1,1
L003415,CU003415,2025-09-17,Paid Search - Brand,Paid Search - Brand,CMP_PAI_MAN,Manchester,Manufacturing,1-49,Remote Support,57.6,SQL,1,1
L003416,CU003416,2025-09-17,Paid Social,Paid Social,CMP_PAI_LON,London,Technology,250-999,Security Add-on,38.9,SQL,1,1
L003417,CU003417,2025-09-17,Paid Search - Brand,Paid Search - Brand,CMP_PAI_BIR,Birmingham,Professional Services,50-249,Remote Access,76.2,MQL,1,0
L003418,CU003418,2025-09-17,Paid Search - Brand,Paid Search - Brand,CMP_PAI_BRI,Bristol,Manufacturing,250-999,Security Add-on,71.9,New,0,0
L003419,CU003419,2025-09-18,Organic Search,Organic Search,CMP_ORG_LON,London,Retail,1000+,Remote Support,54.8,SQL,1,1
L003420,CU003420,2025-09-18,Paid Search - Brand,Paid Search - Brand,CMP_PAI_LON,London,Technology,250-999,Remote Access,64.8,SQL,1,1
L003421,CU003421,2025-09-18,Organic Search,Organic Search,CMP_ORG_SHE,Sheffield,Professional Services,1-49,Remote Access,55.3,New,0,0
L003422,CU003422,2025-09-18,Direct,Direct,CMP_DIR_BIR,Birmingham,Professional Services,50-249,Enterprise Connectivity,89.4,SQL,1,1
L003423,CU003423,2025-09-18,LinkedIn,LinkedIn,CMP_LIN_BRI,Bristol,Professional Services,1-49,Remote Support,77.5,SQL,1,1
L003424,CU003424,2025-09-18,Direct,Direct,CMP_DIR_LEE,Leeds,Retail,250-999,Enterprise Connectivity,52.3,New,0,0
L003425,CU003425,2025-09-18,Paid Search - Brand,Paid Search - Brand,CMP_PAI_LEE,Leeds,Healthcare,1-49,Security Add-on,69.3,SQL,1,1
L003426,CU003426,2025-09-18,Paid Social,Paid Social,CMP_PAI_LON,London,Education,1000+,Remote Support,45.7,New,0,0
L003427,CU003427,2025-09-18,Paid Search - Non-Brand,Paid Search - Non-Brand,CMP_PAI_LON,London,Manufacturing,1000+,Enterprise Connectivity,59.3,SQL,1,1
L003428,CU003428,2025-09-18,Paid Search - Non-Brand,Paid Search - Non-Brand,CMP_PAI_BIR,Birmingham,Healthcare,1-49,Security Add-on,67.9,New,0,0
L003429,CU003429,2025-09-19,Paid Search - Brand,Paid Search - Brand,CMP_PAI_MAN,Manchester,Healthcare,1000+,Enterprise Connectivity,69.0,New,0,0
L003430,CU003430,2025-09-19,Paid Social,Paid Social,CMP_PAI_MAN,Manchester,Education,50-249,Remote Support,41.2,New,0,0
L003431,CU003431,2025-09-19,Events,Events,CMP_EVE_LON,London,Education,50-249,Security Add-on,88.9,MQL,1,0
L003432,CU003432,2025-09-19,Events,Events,CMP_EVE_MAN,Manchester,Retail,1000+,Remote Support,58.8,MQL,1,0
L003433,CU003433,2025-09-19,Paid Search - Brand,Paid Search - Brand,CMP_PAI_EDI,Edinburgh,Technology,1000+,Remote Support,41.2,New,0,0
L003434,CU003434,2025-09-19,Partner,Partner,CMP_PAR_CAR,Cardiff,Manufacturing,50-249,Remote Support,70.7,New,0,0
L003435,CU003435,2025-09-19,Organic Search,Organic Search,CMP_ORG_BIR,Birmingham,Healthcare,50-249,Security Add-on,48.3,New,0,0
L003436,CU003436,2025-09-19,Events,Events,CMP_EVE_LIV,Liverpool,Healthcare,1-49,Remote Support,58.4,SQL,1,1
L003437,CU003437,2025-09-19,Events,Events,CMP_EVE_SHE,Sheffield,Healthcare,250-999,Enterprise Connectivity,79.4,SQL,1,1
L003438,CU003438,2025-09-19,LinkedIn,LinkedIn,CMP_LIN_LIV,Liverpool,Manufacturing,1-49,Remote Support,82.4,SQL,1,1
L003439,CU003439,2025-09-19,Paid Search - Brand,Paid Search - Brand,CMP_PAI_LON,London,Healthcare,1000+,Enterprise Connectivity,40.8,New,0,0
L003440,CU003440,2025-09-19,Paid Search - Brand,Paid Search - Brand,CMP_PAI_LON,London,Manufacturing,1-49,Enterprise Connectivity,55.0,New,0,0
L003441,CU003441,2025-09-20,Display,Display,CMP_DIS_LIV,Liverpool,Retail,50-249,Remote Support,88.3,MQL,1,0
L003442,CU003442,2025-09-20,Paid Search - Non-Brand,Paid Search - Non-Brand,CMP_PAI_MAN,Manchester,Healthcare,50-249,Remote Access,65.1,MQL,1,0
L003443,CU003443,2025-09-20,Paid Social,Paid Social,CMP_PAI_BRI,Bristol,Manufacturing,250-999,Enterprise Connectivity,32.8,New,0,0
L003444,CU003444,2025-09-20,Paid Search - Non-Brand,Paid Search - Non-Brand,CMP_PAI_GLA,Glasgow,Professional Services,1-49,Enterprise Connectivity,69.0,New,0,0
L003445,CU003445,2025-09-20,Direct,Direct,CMP_DIR_BIR,Birmingham,Healthcare,50-249,Remote Access,42.2,MQL,1,0
L003446,CU003446,2025-09-20,LinkedIn,LinkedIn,CMP_LIN_BRI,Bristol,Retail,1000+,Security Add-on,63.6,SQL,1,1
L003447,CU003447,2025-09-20,Paid Search - Brand,Paid Search - Brand,CMP_PAI_LON,London,Technology,1-49,Remote Access,65.4,MQL,1,0
L003448,CU003448,2025-09-21,Email,Email,CMP_EMA_LEE,Leeds,Healthcare,250-999,Remote Access,70.9,New,0,0
L003449,CU003449,2025-09-21,Direct,Direct,CMP_DIR_BRI,Bristol,Technology,50-249,Enterprise Connectivity,85.8,New,0,0
L003450,CU003450,2025-09-21,Direct,Direct,CMP_DIR_BIR,Birmingham,Technology,250-999,Enterprise Connectivity,70.0,SQL,1,1
L003451,CU003451,2025-09-21,Direct,Direct,CMP_DIR_CAR,Cardiff,Technology,1000+,Enterprise Connectivity,59.1,New,0,0
L003452,CU003452,2025-09-21,Events,Events,CMP_EVE_SHE,Sheffield,Education,1-49,Enterprise Connectivity,69.8,MQL,1,0
L003453,CU003453,2025-09-22,Partner,Partner,CMP_PAR_BRI,Bristol,Manufacturing,1-49,Remote Support,60.9,New,0,0
L003454,CU003454,2025-09-22,Paid Social,Paid Social,CMP_PAI_CAR,Cardiff,Retail,50-249,Remote Support,46.4,MQL,1,0
L003455,CU003455,2025-09-22,Paid Search - Brand,Paid Search - Brand,CMP_PAI_BIR,Birmingham,Manufacturing,50-249,Security Add-on,76.1,SQL,1,1
L003456,CU003456,2025-09-22,Paid Search - Non-Brand,Paid Search - Non-Brand,CMP_PAI_BRI,Bristol,Education,1-49,Remote Support,73.3,MQL,1,0
L003457,CU003457,2025-09-22,Paid Search - Brand,Paid Search - Brand,CMP_PAI_LEE,Leeds,Manufacturing,1000+,Remote Access,68.5,MQL,1,0
L003458,CU003458,2025-09-22,Paid Search - Non-Brand,Paid Search - Non-Brand,CMP_PAI_LON,London,Professional Services,250-999,Enterprise Connectivity,62.4,SQL,1,1
L003459,CU003459,2025-09-22,Paid Social,Paid Social,CMP_PAI_LON,London,Education,1-49,Enterprise Connectivity,71.8,New,0,0
L003460,CU003460,2025-09-22,Organic Search,Organic Search,CMP_ORG_LON,London,Education,50-249,Enterprise Connectivity,58.6,New,0,0
L003461,CU003461,2025-09-22,LinkedIn,LinkedIn,CMP_LIN_BIR,Birmingham,Education,250-999,Enterprise Connectivity,81.9,SQL,1,1
L003462,CU003462,2025-09-22,Paid Search - Brand,Paid Search - Brand,CMP_PAI_LON,London,Professional Services,50-249,Enterprise Connectivity,72.5,SQL,1,1
L003463,CU003463,2025-09-23,Paid Search - Non-Brand,Paid Search - Non-Brand,CMP_PAI_EDI,Edinburgh,Healthcare,250-999,Security Add-on,64.9,New,0,0
L003464,CU003464,2025-09-23,Display,Display,CMP_DIS_LON,London,Technology,50-249,Remote Support,57.4,SQL,1,1
L003465,CU003465,2025-09-23,Paid Search - Non-Brand,Paid Search - Non-Brand,CMP_PAI_GLA,Glasgow,Retail,1-49,Security Add-on,65.6,New,0,0
L003466,CU003466,2025-09-23,Paid Search - Non-Brand,Paid Search - Non-Brand,CMP_PAI_EDI,Edinburgh,Professional Services,1000+,Remote Support,50.1,New,0,0
L003467,CU003467,2025-09-23,Paid Search - Non-Brand,Paid Search - Non-Brand,CMP_PAI_CAR,Cardiff,Healthcare,50-249,Enterprise Connectivity,60.0,New,0,0
L003468,CU003468,2025-09-23,Organic Search,Organic Search,CMP_ORG_EDI,Edinburgh,Manufacturing,50-249,Enterprise Connectivity,65.4,New,0,0
L003469,CU003469,2025-09-23,Organic Search,Organic Search,CMP_ORG_EDI,Edinburgh,Manufacturing,50-249,Enterprise Connectivity,80.1,MQL,1,0
L003470,CU003470,2025-09-23,Direct,Direct,CMP_DIR_LEE,Leeds,Technology,250-999,Remote Support,58.5,MQL,1,0
L003471,CU003471,2025-09-23,Direct,Direct,CMP_DIR_SHE,Sheffield,Retail,50-249,Remote Support,77.2,New,0,0
L003472,CU003472,2025-09-24,LinkedIn,LinkedIn,CMP_LIN_LEE,Leeds,Technology,250-999,Enterprise Connectivity,82.2,New,0,0
L003473,CU003473,2025-09-24,Paid Search - Brand,Paid Search - Brand,CMP_PAI_LIV,Liverpool,Healthcare,250-999,Remote Access,76.7,MQL,1,0
L003474,CU003474,2025-09-24,Paid Social,Paid Social,CMP_PAI_LON,London,Professional Services,1-49,Security Add-on,54.7,New,0,0
L003475,CU003475,2025-09-24,Organic Search,Organic Search,CMP_ORG_BIR,Birmingham,Technology,1-49,Security Add-on,92.1,MQL,1,0
L003476,CU003476,2025-09-24,Direct,Direct,CMP_DIR_LON,London,Manufacturing,1000+,Remote Support,63.8,MQL,1,0
L003477,CU003477,2025-09-25,Paid Social,Paid Social,CMP_PAI_LEE,Leeds,Healthcare,50-249,Remote Support,61.3,New,0,0
L003478,CU003478,2025-09-25,Partner,Partner,CMP_PAR_BRI,Bristol,Professional Services,250-999,Remote Support,74.8,New,0,0
L003479,CU003479,2025-09-25,LinkedIn,LinkedIn,CMP_LIN_MAN,Manchester,Professional Services,1000+,Remote Access,96.3,MQL,1,0
L003480,CU003480,2025-09-25,Paid Social,Paid Social,CMP_PAI_LON,London,Technology,1-49,Enterprise Connectivity,60.0,MQL,1,0
L003481,CU003481,2025-09-25,Paid Search - Non-Brand,Paid Search - Non-Brand,CMP_PAI_LON,London,Manufacturing,50-249,Remote Support,58.1,MQL,1,0
L003482,CU003482,2025-09-25,Partner,Partner,CMP_PAR_GLA,Glasgow,Education,50-249,Enterprise Connectivity,44.7,SQL,1,1
L003483,CU003483,2025-09-25,Paid Search - Non-Brand,Paid Search - Non-Brand,CMP_PAI_SHE,Sheffield,Professional Services,50-249,Enterprise Connectivity,50.1,New,0,0
L003484,CU003484,2025-09-26,Direct,Direct,CMP_DIR_LEE,Leeds,Education,250-999,Remote Support,29.9,New,0,0
L003485,CU003485,2025-09-26,Email,Email,CMP_EMA_BRI,Bristol,Professional Services,50-249,Security Add-on,77.9,SQL,1,1
L003486,CU003486,2025-09-26,Paid Search - Brand,Paid Search - Brand,CMP_PAI_GLA,Glasgow,Healthcare,250-999,Remote Access,60.3,New,0,0
L003487,CU003487,2025-09-26,Paid Search - Brand,Paid Search - Brand,CMP_PAI_BRI,Bristol,Professional Services,50-249,Remote Support,43.4,SQL,1,1
L003488,CU003488,2025-09-26,Paid Search - Non-Brand,Paid Search - Non-Brand,CMP_PAI_GLA,Glasgow,Technology,250-999,Security Add-on,46.1,SQL,1,1
L003489,CU003489,2025-09-26,Organic Search,Organic Search,CMP_ORG_MAN,Manchester,Retail,250-999,Remote Access,44.0,New,0,0
L003490,CU003490,2025-09-26,Direct,Direct,CMP_DIR_GLA,Glasgow,Retail,50-249,Security Add-on,35.8,New,0,0
L003491,CU003491,2025-09-27,Direct,Direct,CMP_DIR_LON,London,Manufacturing,50-249,Security Add-on,71.9,New,0,0
L003492,CU003492,2025-09-27,Organic Search,Organic Search,CMP_ORG_MAN,Manchester,Manufacturing,1000+,Security Add-on,71.8,New,0,0
L003493,CU003493,2025-09-27,Paid Social,Paid Social,CMP_PAI_LON,London,Education,50-249,Security Add-on,69.0,New,0,0
L003494,CU003494,2025-09-28,Paid Search - Brand,Paid Search - Brand,CMP_PAI_MAN,Manchester,Retail,50-249,Enterprise Connectivity,42.3,SQL,1,1
L003495,CU003495,2025-09-28,Email,Email,CMP_EMA_BIR,Birmingham,Technology,1-49,Remote Access,71.8,SQL,1,1
L003496,CU003496,2025-09-28,Organic Search,Organic Search,CMP_ORG_MAN,Manchester,Education,1-49,Remote Support,45.8,SQL,1,1
L003497,CU003497,2025-09-28,Email,Email,CMP_EMA_MAN,Manchester,Retail,1000+,Enterprise Connectivity,66.4,New,0,0
L003498,CU003498,2025-09-28,Paid Search - Brand,Paid Search - Brand,CMP_PAI_BIR,Birmingham,Education,250-999,Security Add-on,59.8,SQL,1,1
L003499,CU003499,2025-09-28,Email,Email,CMP_EMA_SHE,Sheffield,Education,250-999,Enterprise Connectivity,47.3,SQL,1,1
L003500,CU003500,2025-09-29,Partner,Partner,CMP_PAR_BRI,Bristol,Manufacturing,50-249,Remote Access,78.8,SQL,1,1
L003501,CU003501,2025-09-29,Paid Social,Paid Social,CMP_PAI_LIV,Liverpool,Technology,1-49,Remote Support,64.8,New,0,0
L003502,CU003502,2025-09-29,Direct,Direct,CMP_DIR_BIR,Birmingham,Professional Services,250-999,Remote Support,72.7,New,0,0
L003503,CU003503,2025-09-29,Paid Social,Paid Social,CMP_PAI_SHE,Sheffield,Education,1-49,Remote Access,60.6,New,0,0
L003504,CU003504,2025-09-29,Paid Search - Non-Brand,Paid Search - Non-Brand,CMP_PAI_LON,London,Technology,1000+,Enterprise Connectivity,64.2,New,0,0
L003505,CU003505,2025-09-29,Paid Search - Non-Brand,Paid Search - Non-Brand,CMP_PAI_MAN,Manchester,Healthcare,250-999,Enterprise Connectivity,79.4,SQL,1,1
L003506,CU003506,2025-09-29,Organic Search,Organic Search,CMP_ORG_LON,London,Retail,250-999,Remote Access,62.8,New,0,0
L003507,CU003507,2025-09-30,Direct,Direct,CMP_DIR_LON,London,Healthcare,1-49,Enterprise Connectivity,66.5,MQL,1,0
L003508,CU003508,2025-09-30,Organic Search,Organic Search,CMP_ORG_LON,London,Professional Services,50-249,Security Add-on,61.7,New,0,0
L003509,CU003509,2025-09-30,Display,Display,CMP_DIS_MAN,Manchester,Healthcare,50-249,Remote Access,46.3,New,0,0
L003510,CU003510,2025-09-30,Direct,Direct,CMP_DIR_BIR,Birmingham,Professional Services,1-49,Remote Support,74.6,MQL,1,0
L003511,CU003511,2025-09-30,Direct,Direct,CMP_DIR_CAR,Cardiff,Retail,1-49,Remote Access,64.8,MQL,1,0
L003512,CU003512,2025-09-30,Paid Search - Brand,Paid Search - Brand,CMP_PAI_EDI,Edinburgh,Technology,1000+,Security Add-on,50.9,New,0,0
L003513,CU003513,2025-09-30,Paid Search - Brand,Paid Search - Brand,CMP_PAI_LIV,Liverpool,Technology,1-49,Security Add-on,57.3,New,0,0
L003514,CU003514,2025-09-30,Paid Search - Non-Brand,Paid Search - Non-Brand,CMP_PAI_LON,London,Healthcare,50-249,Remote Support,50.5,New,0,0
L003515,CU003515,2025-09-30,Paid Search - Non-Brand,Paid Search - Non-Brand,CMP_PAI_LEE,Leeds,Technology,250-999,Remote Access,64.2,New,0,0
L003516,CU003516,2025-10-01,Partner,Partner,CMP_PAR_EDI,Edinburgh,Professional Services,50-249,Security Add-on,61.1,New,0,0
L003517,CU003517,2025-10-01,Paid Search - Non-Brand,Paid Search - Non-Brand,CMP_PAI_LON,London,Healthcare,250-999,Security Add-on,60.4,New,0,0
L003518,CU003518,2025-10-01,LinkedIn,LinkedIn,CMP_LIN_LON,London,Technology,1000+,Enterprise Connectivity,93.6,SQL,1,1
L003519,CU003519,2025-10-01,Events,Events,CMP_EVE_MAN,Manchester,Retail,1-49,Remote Support,59.5,New,0,0
L003520,CU003520,2025-10-01,Direct,Direct,CMP_DIR_LEE,Leeds,Professional Services,1000+,Enterprise Connectivity,68.6,New,0,0
L003521,CU003521,2025-10-02,Paid Search - Brand,Paid Search - Brand,CMP_PAI_LON,London,Retail,50-249,Security Add-on,49.6,New,0,0
L003522,CU003522,2025-10-02,Direct,Direct,CMP_DIR_LEE,Leeds,Retail,50-249,Remote Access,80.7,MQL,1,0
L003523,CU003523,2025-10-02,Paid Search - Brand,Paid Search - Brand,CMP_PAI_LON,London,Professional Services,250-999,Remote Access,53.1,New,0,0
L003524,CU003524,2025-10-02,Events,Events,CMP_EVE_BRI,Bristol,Professional Services,50-249,Enterprise Connectivity,66.4,New,0,0
L003525,CU003525,2025-10-02,Organic Search,Organic Search,CMP_ORG_BRI,Bristol,Professional Services,50-249,Remote Access,69.8,New,0,0
L003526,CU003526,2025-10-02,Paid Search - Brand,Paid Search - Brand,CMP_PAI_BRI,Bristol,Retail,1000+,Remote Access,70.3,SQL,1,1
L003527,CU003527,2025-10-02,Paid Search - Non-Brand,Paid Search - Non-Brand,CMP_PAI_LON,London,Education,250-999,Security Add-on,66.1,New,0,0
L003528,CU003528,2025-10-02,LinkedIn,LinkedIn,CMP_LIN_GLA,Glasgow,Professional Services,250-999,Enterprise Connectivity,79.0,SQL,1,1
L003529,CU003529,2025-10-02,Paid Search - Brand,Paid Search - Brand,CMP_PAI_CAR,Cardiff,Technology,250-999,Remote Access,47.5,New,0,0
L003530,CU003530,2025-10-02,Direct,Direct,CMP_DIR_LEE,Leeds,Healthcare,50-249,Remote Access,57.1,SQL,1,1
L003531,CU003531,2025-10-03,Paid Search - Non-Brand,Paid Search - Non-Brand,CMP_PAI_MAN,Manchester,Retail,1-49,Remote Access,71.2,New,0,0
L003532,CU003532,2025-10-03,Partner,Partner,CMP_PAR_LON,London,Manufacturing,1000+,Remote Support,84.7,SQL,1,1
L003533,CU003533,2025-10-03,Paid Social,Paid Social,CMP_PAI_MAN,Manchester,Healthcare,1-49,Remote Support,62.8,MQL,1,0
L003534,CU003534,2025-10-03,Paid Search - Non-Brand,Paid Search - Non-Brand,CMP_PAI_LIV,Liverpool,Healthcare,50-249,Security Add-on,52.0,New,0,0
L003535,CU003535,2025-10-03,Organic Search,Organic Search,CMP_ORG_CAR,Cardiff,Technology,1-49,Remote Support,56.7,SQL,1,1
L003536,CU003536,2025-10-03,Direct,Direct,CMP_DIR_GLA,Glasgow,Technology,50-249,Security Add-on,38.2,SQL,1,1
L003537,CU003537,2025-10-03,Paid Search - Non-Brand,Paid Search - Non-Brand,CMP_PAI_BRI,Bristol,Education,1-49,Remote Access,53.6,SQL,1,1
L003538,CU003538,2025-10-03,Paid Social,Paid Social,CMP_PAI_BIR,Birmingham,Education,1-49,Enterprise Connectivity,46.2,New,0,0
L003539,CU003539,2025-10-04,Events,Events,CMP_EVE_EDI,Edinburgh,Education,1-49,Remote Support,69.4,New,0,0
L003540,CU003540,2025-10-04,Display,Display,CMP_DIS_LON,London,Retail,1-49,Enterprise Connectivity,69.3,New,0,0
L003541,CU003541,2025-10-04,Organic Search,Organic Search,CMP_ORG_LEE,Leeds,Professional Services,50-249,Remote Support,69.8,SQL,1,1
L003542,CU003542,2025-10-04,Paid Search - Non-Brand,Paid Search - Non-Brand,CMP_PAI_MAN,Manchester,Manufacturing,250-999,Remote Access,67.9,MQL,1,0
L003543,CU003543,2025-10-04,YouTube,YouTube,CMP_YOU_BRI,Bristol,Manufacturing,1-49,Security Add-on,67.2,SQL,1,1
L003544,CU003544,2025-10-05,Paid Social,Paid Social,CMP_PAI_EDI,Edinburgh,Technology,250-999,Security Add-on,61.1,MQL,1,0
L003545,CU003545,2025-10-05,Paid Search - Brand,Paid Search - Brand,CMP_PAI_BIR,Birmingham,Manufacturing,50-249,Remote Support,68.3,MQL,1,0
L003546,CU003546,2025-10-05,Paid Search - Non-Brand,Paid Search - Non-Brand,CMP_PAI_LON,London,Manufacturing,1000+,Remote Support,62.3,New,0,0
L003547,CU003547,2025-10-05,Paid Search - Brand,Paid Search - Brand,CMP_PAI_GLA,Glasgow,Professional Services,50-249,Remote Support,81.9,SQL,1,1
L003548,CU003548,2025-10-05,Direct,Direct,CMP_DIR_GLA,Glasgow,Professional Services,1000+,Remote Support,81.1,New,0,0
L003549,CU003549,2025-10-06,Paid Search - Brand,Paid Search - Brand,CMP_PAI_CAR,Cardiff,Manufacturing,250-999,Remote Access,79.9,SQL,1,1
L003550,CU003550,2025-10-06,LinkedIn,LinkedIn,CMP_LIN_LEE,Leeds,Education,1000+,Remote Access,68.8,New,0,0
L003551,CU003551,2025-10-06,Email,Email,CMP_EMA_LIV,Liverpool,Healthcare,50-249,Enterprise Connectivity,66.8,SQL,1,1
L003552,CU003552,2025-10-06,Partner,Partner,CMP_PAR_MAN,Manchester,Education,1000+,Security Add-on,68.5,SQL,1,1
L003553,CU003553,2025-10-06,Direct,Direct,CMP_DIR_CAR,Cardiff,Healthcare,250-999,Security Add-on,76.6,New,0,0
L003554,CU003554,2025-10-07,Email,Email,CMP_EMA_LON,London,Professional Services,50-249,Remote Access,75.2,SQL,1,1
L003555,CU003555,2025-10-07,Direct,Direct,CMP_DIR_BRI,Bristol,Professional Services,250-999,Remote Support,74.5,MQL,1,0
L003556,CU003556,2025-10-07,Paid Social,Paid Social,CMP_PAI_GLA,Glasgow,Healthcare,1-49,Security Add-on,25.2,SQL,1,1
L003557,CU003557,2025-10-07,Direct,Direct,CMP_DIR_MAN,Manchester,Technology,250-999,Enterprise Connectivity,54.3,MQL,1,0
L003558,CU003558,2025-10-07,Direct,Direct,CMP_DIR_LON,London,Education,50-249,Remote Access,81.1,New,0,0
L003559,CU003559,2025-10-08,Partner,Partner,CMP_PAR_BRI,Bristol,Technology,50-249,Remote Support,37.6,MQL,1,0
L003560,CU003560,2025-10-08,Direct,Direct,CMP_DIR_LEE,Leeds,Education,250-999,Security Add-on,40.0,New,0,0
L003561,CU003561,2025-10-08,Paid Search - Non-Brand,Paid Search - Non-Brand,CMP_PAI_LIV,Liverpool,Professional Services,1000+,Remote Access,72.2,SQL,1,1
L003562,CU003562,2025-10-08,Paid Search - Brand,Paid Search - Brand,CMP_PAI_LEE,Leeds,Education,50-249,Remote Access,55.7,New,0,0
L003563,CU003563,2025-10-09,YouTube,YouTube,CMP_YOU_LON,London,Education,1000+,Security Add-on,85.3,MQL,1,0
L003564,CU003564,2025-10-09,Events,Events,CMP_EVE_LIV,Liverpool,Professional Services,1000+,Enterprise Connectivity,55.6,New,0,0
L003565,CU003565,2025-10-09,Paid Search - Brand,Paid Search - Brand,CMP_PAI_CAR,Cardiff,Retail,1000+,Security Add-on,37.9,MQL,1,0
L003566,CU003566,2025-10-09,Paid Search - Non-Brand,Paid Search - Non-Brand,CMP_PAI_LON,London,Technology,50-249,Remote Support,71.4,New,0,0
L003567,CU003567,2025-10-09,Paid Search - Brand,Paid Search - Brand,CMP_PAI_LIV,Liverpool,Retail,50-249,Remote Support,42.4,New,0,0
L003568,CU003568,2025-10-09,Paid Search - Non-Brand,Paid Search - Non-Brand,CMP_PAI_LEE,Leeds,Professional Services,50-249,Remote Support,62.0,SQL,1,1
L003569,CU003569,2025-10-10,LinkedIn,LinkedIn,CMP_LIN_EDI,Edinburgh,Retail,1-49,Security Add-on,76.3,MQL,1,0
L003570,CU003570,2025-10-10,Paid Search - Non-Brand,Paid Search - Non-Brand,CMP_PAI_MAN,Manchester,Healthcare,1000+,Security Add-on,57.6,MQL,1,0
L003571,CU003571,2025-10-10,Events,Events,CMP_EVE_LON,London,Education,1-49,Enterprise Connectivity,45.8,SQL,1,1
L003572,CU003572,2025-10-10,Organic Search,Organic Search,CMP_ORG_CAR,Cardiff,Technology,50-249,Remote Access,60.3,SQL,1,1
L003573,CU003573,2025-10-10,Direct,Direct,CMP_DIR_LON,London,Healthcare,50-249,Remote Access,55.2,SQL,1,1
L003574,CU003574,2025-10-10,Paid Search - Brand,Paid Search - Brand,CMP_PAI_MAN,Manchester,Retail,250-999,Security Add-on,61.1,New,0,0
L003575,CU003575,2025-10-11,Paid Search - Brand,Paid Search - Brand,CMP_PAI_MAN,Manchester,Education,50-249,Security Add-on,59.4,New,0,0
L003576,CU003576,2025-10-11,Events,Events,CMP_EVE_BIR,Birmingham,Technology,50-249,Security Add-on,64.5,SQL,1,1
L003577,CU003577,2025-10-11,Direct,Direct,CMP_DIR_CAR,Cardiff,Manufacturing,1-49,Remote Access,54.7,MQL,1,0
L003578,CU003578,2025-10-11,Direct,Direct,CMP_DIR_MAN,Manchester,Professional Services,50-249,Enterprise Connectivity,51.4,MQL,1,0
L003579,CU003579,2025-10-11,Partner,Partner,CMP_PAR_LEE,Leeds,Technology,50-249,Enterprise Connectivity,56.9,New,0,0
L003580,CU003580,2025-10-11,Direct,Direct,CMP_DIR_LEE,Leeds,Healthcare,1-49,Remote Access,56.8,New,0,0
L003581,CU003581,2025-10-11,Paid Search - Brand,Paid Search - Brand,CMP_PAI_MAN,Manchester,Education,250-999,Remote Access,66.8,MQL,1,0
L003582,CU003582,2025-10-11,Display,Display,CMP_DIS_CAR,Cardiff,Education,1000+,Enterprise Connectivity,46.8,SQL,1,1
L003583,CU003583,2025-10-12,Paid Search - Non-Brand,Paid Search - Non-Brand,CMP_PAI_LIV,Liverpool,Education,50-249,Remote Support,70.2,New,0,0
L003584,CU003584,2025-10-12,Paid Social,Paid Social,CMP_PAI_MAN,Manchester,Healthcare,1000+,Remote Access,55.8,SQL,1,1
L003585,CU003585,2025-10-12,Events,Events,CMP_EVE_SHE,Sheffield,Manufacturing,1000+,Remote Support,63.8,New,0,0
L003586,CU003586,2025-10-12,Direct,Direct,CMP_DIR_BRI,Bristol,Healthcare,250-999,Security Add-on,86.9,New,0,0
L003587,CU003587,2025-10-13,Partner,Partner,CMP_PAR_LEE,Leeds,Manufacturing,1000+,Remote Support,77.7,New,0,0
L003588,CU003588,2025-10-13,Paid Search - Brand,Paid Search - Brand,CMP_PAI_MAN,Manchester,Technology,250-999,Enterprise Connectivity,70.4,New,0,0
L003589,CU003589,2025-10-13,Events,Events,CMP_EVE_BRI,Bristol,Manufacturing,50-249,Remote Support,74.5,New,0,0
L003590,CU003590,2025-10-14,Email,Email,CMP_EMA_SHE,Sheffield,Education,50-249,Remote Access,61.6,SQL,1,1
L003591,CU003591,2025-10-14,YouTube,YouTube,CMP_YOU_GLA,Glasgow,Technology,1-49,Enterprise Connectivity,74.6,MQL,1,0
L003592,CU003592,2025-10-14,Paid Search - Brand,Paid Search - Brand,CMP_PAI_LON,London,Professional Services,50-249,Remote Access,69.6,SQL,1,1
L003593,CU003593,2025-10-14,Direct,Direct,CMP_DIR_BRI,Bristol,Education,250-999,Security Add-on,70.6,New,0,0
L003594,CU003594,2025-10-14,Email,Email,CMP_EMA_LON,London,Professional Services,1-49,Remote Support,71.0,SQL,1,1
L003595,CU003595,2025-10-15,Paid Social,Paid Social,CMP_PAI_CAR,Cardiff,Education,1000+,Enterprise Connectivity,54.3,New,0,0
L003596,CU003596,2025-10-15,Direct,Direct,CMP_DIR_LON,London,Retail,1000+,Security Add-on,81.0,SQL,1,1
L003597,CU003597,2025-10-15,Partner,Partner,CMP_PAR_LIV,Liverpool,Professional Services,1-49,Remote Access,73.4,MQL,1,0
L003598,CU003598,2025-10-15,LinkedIn,LinkedIn,CMP_LIN_MAN,Manchester,Manufacturing,1-49,Enterprise Connectivity,72.3,MQL,1,0
L003599,CU003599,2025-10-15,Direct,Direct,CMP_DIR_LIV,Liverpool,Education,50-249,Security Add-on,53.5,SQL,1,1
L003600,CU003600,2025-10-15,Paid Search - Brand,Paid Search - Brand,CMP_PAI_CAR,Cardiff,Technology,250-999,Enterprise Connectivity,49.3,New,0,0
L003601,CU003601,2025-10-16,Organic Search,Organic Search,CMP_ORG_LON,London,Education,250-999,Remote Access,83.5,New,0,0
L003602,CU003602,2025-10-16,LinkedIn,LinkedIn,CMP_LIN_GLA,Glasgow,Healthcare,1000+,Security Add-on,75.6,New,0,0
L003603,CU003603,2025-10-16,Paid Search - Non-Brand,Paid Search - Non-Brand,CMP_PAI_LIV,Liverpool,Retail,50-249,Remote Support,82.6,New,0,0
L003604,CU003604,2025-10-16,Direct,Direct,CMP_DIR_BRI,Bristol,Healthcare,50-249,Remote Support,57.9,New,0,0
L003605,CU003605,2025-10-16,LinkedIn,LinkedIn,CMP_LIN_LEE,Leeds,Manufacturing,50-249,Remote Support,77.4,SQL,1,1
L003606,CU003606,2025-10-16,Display,Display,CMP_DIS_BRI,Bristol,Technology,1-49,Remote Access,73.6,New,0,0
L003607,CU003607,2025-10-16,YouTube,YouTube,CMP_YOU_MAN,Manchester,Education,50-249,Remote Support,56.1,New,0,0
L003608,CU003608,2025-10-16,Organic Search,Organic Search,CMP_ORG_EDI,Edinburgh,Manufacturing,250-999,Security Add-on,67.4,MQL,1,0
L003609,CU003609,2025-10-16,YouTube,YouTube,CMP_YOU_BIR,Birmingham,Education,1000+,Enterprise Connectivity,34.6,New,0,0
L003610,CU003610,2025-10-16,Paid Social,Paid Social,CMP_PAI_LON,London,Healthcare,50-249,Enterprise Connectivity,82.5,New,0,0
L003611,CU003611,2025-10-17,Direct,Direct,CMP_DIR_BIR,Birmingham,Professional Services,250-999,Security Add-on,69.3,New,0,0
L003612,CU003612,2025-10-17,Paid Search - Non-Brand,Paid Search - Non-Brand,CMP_PAI_BRI,Bristol,Retail,1-49,Remote Access,70.4,SQL,1,1
L003613,CU003613,2025-10-18,LinkedIn,LinkedIn,CMP_LIN_LON,London,Manufacturing,250-999,Remote Support,73.5,New,0,0
L003614,CU003614,2025-10-18,Direct,Direct,CMP_DIR_LON,London,Education,1000+,Remote Support,54.8,New,0,0
L003615,CU003615,2025-10-18,Organic Search,Organic Search,CMP_ORG_BIR,Birmingham,Technology,1-49,Remote Support,57.4,SQL,1,1
L003616,CU003616,2025-10-18,Events,Events,CMP_EVE_LON,London,Healthcare,50-249,Remote Support,67.9,SQL,1,1
L003617,CU003617,2025-10-18,Paid Search - Brand,Paid Search - Brand,CMP_PAI_GLA,Glasgow,Healthcare,50-249,Security Add-on,71.2,MQL,1,0
L003618,CU003618,2025-10-19,Email,Email,CMP_EMA_MAN,Manchester,Healthcare,50-249,Enterprise Connectivity,74.7,SQL,1,1
L003619,CU003619,2025-10-19,Organic Search,Organic Search,CMP_ORG_BRI,Bristol,Retail,50-249,Security Add-on,76.3,New,0,0
L003620,CU003620,2025-10-19,LinkedIn,LinkedIn,CMP_LIN_SHE,Sheffield,Healthcare,50-249,Enterprise Connectivity,68.2,SQL,1,1
L003621,CU003621,2025-10-19,Organic Search,Organic Search,CMP_ORG_MAN,Manchester,Manufacturing,250-999,Security Add-on,45.3,New,0,0
L003622,CU003622,2025-10-20,Paid Search - Non-Brand,Paid Search - Non-Brand,CMP_PAI_GLA,Glasgow,Education,250-999,Enterprise Connectivity,55.1,New,0,0
L003623,CU003623,2025-10-20,Email,Email,CMP_EMA_SHE,Sheffield,Manufacturing,1000+,Remote Access,62.2,New,0,0
L003624,CU003624,2025-10-20,Paid Search - Non-Brand,Paid Search - Non-Brand,CMP_PAI_LON,London,Healthcare,1000+,Security Add-on,62.7,SQL,1,1
L003625,CU003625,2025-10-20,Paid Social,Paid Social,CMP_PAI_LEE,Leeds,Technology,1-49,Security Add-on,37.8,New,0,0
L003626,CU003626,2025-10-20,Events,Events,CMP_EVE_BIR,Birmingham,Retail,250-999,Remote Support,59.4,New,0,0
L003627,CU003627,2025-10-20,Organic Search,Organic Search,CMP_ORG_BIR,Birmingham,Education,50-249,Enterprise Connectivity,74.7,New,0,0
L003628,CU003628,2025-10-20,Direct,Direct,CMP_DIR_LON,London,Manufacturing,1000+,Remote Access,64.5,New,0,0
L003629,CU003629,2025-10-20,Paid Search - Brand,Paid Search - Brand,CMP_PAI_BIR,Birmingham,Healthcare,250-999,Remote Support,54.8,SQL,1,1
L003630,CU003630,2025-10-20,Paid Social,Paid Social,CMP_PAI_EDI,Edinburgh,Retail,250-999,Security Add-on,66.5,New,0,0
L003631,CU003631,2025-10-21,Paid Social,Paid Social,CMP_PAI_BIR,Birmingham,Healthcare,1-49,Remote Access,40.1,New,0,0
L003632,CU003632,2025-10-21,LinkedIn,LinkedIn,CMP_LIN_LIV,Liverpool,Education,1000+,Remote Access,63.6,MQL,1,0
L003633,CU003633,2025-10-21,Paid Search - Non-Brand,Paid Search - Non-Brand,CMP_PAI_LEE,Leeds,Technology,1-49,Remote Support,61.9,New,0,0
L003634,CU003634,2025-10-21,Organic Search,Organic Search,CMP_ORG_MAN,Manchester,Healthcare,1000+,Remote Support,78.7,SQL,1,1
L003635,CU003635,2025-10-21,Organic Search,Organic Search,CMP_ORG_LON,London,Education,250-999,Security Add-on,66.7,SQL,1,1
L003636,CU003636,2025-10-22,Organic Search,Organic Search,CMP_ORG_BIR,Birmingham,Professional Services,50-249,Remote Support,53.7,MQL,1,0
L003637,CU003637,2025-10-22,Paid Social,Paid Social,CMP_PAI_BRI,Bristol,Education,250-999,Security Add-on,21.4,New,0,0
L003638,CU003638,2025-10-22,Paid Search - Non-Brand,Paid Search - Non-Brand,CMP_PAI_SHE,Sheffield,Education,250-999,Remote Access,49.1,SQL,1,1
L003639,CU003639,2025-10-22,Paid Search - Non-Brand,Paid Search - Non-Brand,CMP_PAI_BRI,Bristol,Education,1-49,Remote Support,55.3,MQL,1,0
L003640,CU003640,2025-10-23,Partner,Partner,CMP_PAR_LON,London,Technology,50-249,Security Add-on,62.5,SQL,1,1
L003641,CU003641,2025-10-23,Organic Search,Organic Search,CMP_ORG_MAN,Manchester,Education,250-999,Enterprise Connectivity,51.5,MQL,1,0
L003642,CU003642,2025-10-23,Email,Email,CMP_EMA_SHE,Sheffield,Technology,50-249,Enterprise Connectivity,69.8,MQL,1,0
L003643,CU003643,2025-10-23,Direct,Direct,CMP_DIR_CAR,Cardiff,Manufacturing,50-249,Security Add-on,66.2,New,0,0
L003644,CU003644,2025-10-23,Paid Search - Brand,Paid Search - Brand,CMP_PAI_LON,London,Education,250-999,Remote Access,55.8,MQL,1,0
L003645,CU003645,2025-10-23,Paid Search - Non-Brand,Paid Search - Non-Brand,CMP_PAI_BRI,Bristol,Professional Services,1-49,Remote Support,54.3,New,0,0
L003646,CU003646,2025-10-23,Paid Social,Paid Social,CMP_PAI_LON,London,Manufacturing,1-49,Remote Access,46.6,New,0,0
L003647,CU003647,2025-10-23,Email,Email,CMP_EMA_MAN,Manchester,Technology,1-49,Remote Support,69.7,MQL,1,0
L003648,CU003648,2025-10-24,Direct,Direct,CMP_DIR_BRI,Bristol,Technology,50-249,Enterprise Connectivity,79.1,New,0,0
L003649,CU003649,2025-10-24,Direct,Direct,CMP_DIR_BIR,Birmingham,Education,250-999,Remote Access,75.5,New,0,0
L003650,CU003650,2025-10-24,Paid Search - Non-Brand,Paid Search - Non-Brand,CMP_PAI_EDI,Edinburgh,Professional Services,1-49,Remote Support,86.6,SQL,1,1
L003651,CU003651,2025-10-24,Direct,Direct,CMP_DIR_GLA,Glasgow,Education,50-249,Enterprise Connectivity,40.5,MQL,1,0
L003652,CU003652,2025-10-24,Direct,Direct,CMP_DIR_SHE,Sheffield,Healthcare,1-49,Remote Support,68.8,MQL,1,0
L003653,CU003653,2025-10-24,Paid Search - Brand,Paid Search - Brand,CMP_PAI_LON,London,Technology,50-249,Enterprise Connectivity,61.4,New,0,0
L003654,CU003654,2025-10-24,Paid Search - Non-Brand,Paid Search - Non-Brand,CMP_PAI_MAN,Manchester,Education,50-249,Enterprise Connectivity,54.2,MQL,1,0
L003655,CU003655,2025-10-25,Events,Events,CMP_EVE_CAR,Cardiff,Manufacturing,50-249,Enterprise Connectivity,63.2,New,0,0
L003656,CU003656,2025-10-25,Partner,Partner,CMP_PAR_GLA,Glasgow,Healthcare,1-49,Enterprise Connectivity,62.9,MQL,1,0
L003657,CU003657,2025-10-25,Organic Search,Organic Search,CMP_ORG_LON,London,Education,50-249,Remote Access,72.9,New,0,0
L003658,CU003658,2025-10-25,Organic Search,Organic Search,CMP_ORG_BIR,Birmingham,Healthcare,50-249,Remote Support,91.4,New,0,0
L003659,CU003659,2025-10-26,Paid Search - Non-Brand,Paid Search - Non-Brand,CMP_PAI_LON,London,Professional Services,50-249,Enterprise Connectivity,62.7,SQL,1,1
L003660,CU003660,2025-10-26,Email,Email,CMP_EMA_LIV,Liverpool,Healthcare,1000+,Security Add-on,43.3,New,0,0
L003661,CU003661,2025-10-26,Paid Search - Non-Brand,Paid Search - Non-Brand,CMP_PAI_LON,London,Retail,1-49,Remote Support,57.9,SQL,1,1
L003662,CU003662,2025-10-26,Partner,Partner,CMP_PAR_MAN,Manchester,Education,1000+,Remote Access,72.1,SQL,1,1
L003663,CU003663,2025-10-27,Direct,Direct,CMP_DIR_EDI,Edinburgh,Manufacturing,1000+,Remote Access,47.5,SQL,1,1
L003664,CU003664,2025-10-27,Paid Social,Paid Social,CMP_PAI_EDI,Edinburgh,Manufacturing,50-249,Remote Access,63.1,MQL,1,0
L003665,CU003665,2025-10-27,Organic Search,Organic Search,CMP_ORG_LON,London,Retail,250-999,Enterprise Connectivity,38.2,New,0,0
L003666,CU003666,2025-10-27,Organic Search,Organic Search,CMP_ORG_SHE,Sheffield,Technology,1000+,Remote Access,39.7,SQL,1,1
L003667,CU003667,2025-10-27,Paid Social,Paid Social,CMP_PAI_BIR,Birmingham,Education,50-249,Remote Access,54.6,New,0,0
L003668,CU003668,2025-10-28,Email,Email,CMP_EMA_BIR,Birmingham,Healthcare,50-249,Enterprise Connectivity,70.6,New,0,0
L003669,CU003669,2025-10-28,Paid Social,Paid Social,CMP_PAI_LEE,Leeds,Manufacturing,1000+,Security Add-on,54.7,MQL,1,0
L003670,CU003670,2025-10-28,LinkedIn,LinkedIn,CMP_LIN_BRI,Bristol,Healthcare,250-999,Remote Support,86.2,SQL,1,1
L003671,CU003671,2025-10-28,Email,Email,CMP_EMA_CAR,Cardiff,Professional Services,250-999,Enterprise Connectivity,48.4,New,0,0
L003672,CU003672,2025-10-28,Paid Search - Brand,Paid Search - Brand,CMP_PAI_MAN,Manchester,Education,50-249,Remote Access,52.1,MQL,1,0
L003673,CU003673,2025-10-28,Paid Search - Brand,Paid Search - Brand,CMP_PAI_BRI,Bristol,Manufacturing,1000+,Remote Support,55.9,MQL,1,0
L003674,CU003674,2025-10-28,Organic Search,Organic Search,CMP_ORG_LON,London,Professional Services,50-249,Remote Access,53.7,SQL,1,1
L003675,CU003675,2025-10-28,Partner,Partner,CMP_PAR_GLA,Glasgow,Manufacturing,50-249,Remote Access,57.2,SQL,1,1
L003676,CU003676,2025-10-28,LinkedIn,LinkedIn,CMP_LIN_SHE,Sheffield,Professional Services,250-999,Remote Support,91.4,SQL,1,1
L003677,CU003677,2025-10-28,Events,Events,CMP_EVE_BIR,Birmingham,Education,250-999,Remote Access,65.4,New,0,0
L003678,CU003678,2025-10-29,Direct,Direct,CMP_DIR_LON,London,Professional Services,250-999,Remote Support,59.2,SQL,1,1
L003679,CU003679,2025-10-29,LinkedIn,LinkedIn,CMP_LIN_LEE,Leeds,Professional Services,50-249,Remote Access,73.9,New,0,0
L003680,CU003680,2025-10-29,Direct,Direct,CMP_DIR_LIV,Liverpool,Technology,250-999,Remote Access,60.8,MQL,1,0
L003681,CU003681,2025-10-29,Email,Email,CMP_EMA_BIR,Birmingham,Education,50-249,Security Add-on,65.9,SQL,1,1
L003682,CU003682,2025-10-29,Organic Search,Organic Search,CMP_ORG_MAN,Manchester,Healthcare,250-999,Enterprise Connectivity,35.4,SQL,1,1
L003683,CU003683,2025-10-30,Paid Social,Paid Social,CMP_PAI_MAN,Manchester,Technology,50-249,Remote Access,54.7,MQL,1,0
L003684,CU003684,2025-10-30,Paid Search - Brand,Paid Search - Brand,CMP_PAI_MAN,Manchester,Education,250-999,Security Add-on,39.3,SQL,1,1
L003685,CU003685,2025-10-30,Organic Search,Organic Search,CMP_ORG_EDI,Edinburgh,Education,1-49,Remote Access,70.6,New,0,0
L003686,CU003686,2025-10-30,LinkedIn,LinkedIn,CMP_LIN_MAN,Manchester,Professional Services,250-999,Security Add-on,88.3,MQL,1,0
L003687,CU003687,2025-10-30,Direct,Direct,CMP_DIR_LIV,Liverpool,Professional Services,1000+,Enterprise Connectivity,69.9,New,0,0
L003688,CU003688,2025-10-30,Events,Events,CMP_EVE_MAN,Manchester,Technology,1-49,Security Add-on,52.4,SQL,1,1
L003689,CU003689,2025-10-30,Direct,Direct,CMP_DIR_LON,London,Manufacturing,250-999,Remote Support,63.2,SQL,1,1
L003690,CU003690,2025-10-31,Events,Events,CMP_EVE_LEE,Leeds,Professional Services,1-49,Remote Support,60.9,MQL,1,0
L003691,CU003691,2025-10-31,Organic Search,Organic Search,CMP_ORG_MAN,Manchester,Healthcare,50-249,Security Add-on,83.2,New,0,0
L003692,CU003692,2025-10-31,Paid Search - Brand,Paid Search - Brand,CMP_PAI_MAN,Manchester,Manufacturing,1-49,Security Add-on,85.6,New,0,0
L003693,CU003693,2025-10-31,Events,Events,CMP_EVE_GLA,Glasgow,Professional Services,1000+,Remote Support,35.0,New,0,0
L003694,CU003694,2025-11-01,Paid Search - Brand,Paid Search - Brand,CMP_PAI_BIR,Birmingham,Retail,250-999,Remote Access,62.7,MQL,1,0
L003695,CU003695,2025-11-01,Direct,Direct,CMP_DIR_LON,London,Healthcare,250-999,Remote Access,67.2,MQL,1,0
L003696,CU003696,2025-11-01,Direct,Direct,CMP_DIR_EDI,Edinburgh,Professional Services,1000+,Remote Support,47.9,New,0,0
L003697,CU003697,2025-11-01,Paid Search - Brand,Paid Search - Brand,CMP_PAI_GLA,Glasgow,Manufacturing,50-249,Remote Support,49.5,New,0,0
L003698,CU003698,2025-11-01,Organic Search,Organic Search,CMP_ORG_MAN,Manchester,Education,250-999,Enterprise Connectivity,73.7,MQL,1,0
L003699,CU003699,2025-11-01,Paid Search - Brand,Paid Search - Brand,CMP_PAI_CAR,Cardiff,Retail,250-999,Remote Access,51.7,New,0,0
L003700,CU003700,2025-11-01,Organic Search,Organic Search,CMP_ORG_MAN,Manchester,Manufacturing,1-49,Remote Support,76.2,SQL,1,1
L003701,CU003701,2025-11-01,Paid Search - Non-Brand,Paid Search - Non-Brand,CMP_PAI_BIR,Birmingham,Healthcare,1000+,Enterprise Connectivity,67.3,SQL,1,1
L003702,CU003702,2025-11-02,Direct,Direct,CMP_DIR_LON,London,Professional Services,250-999,Security Add-on,75.2,New,0,0
L003703,CU003703,2025-11-02,Events,Events,CMP_EVE_LON,London,Professional Services,50-249,Remote Support,70.6,New,0,0
L003704,CU003704,2025-11-02,Paid Search - Brand,Paid Search - Brand,CMP_PAI_EDI,Edinburgh,Technology,250-999,Remote Access,67.4,MQL,1,0
L003705,CU003705,2025-11-02,Direct,Direct,CMP_DIR_BRI,Bristol,Technology,50-249,Security Add-on,63.2,New,0,0
L003706,CU003706,2025-11-02,LinkedIn,LinkedIn,CMP_LIN_SHE,Sheffield,Professional Services,1000+,Security Add-on,81.4,New,0,0
L003707,CU003707,2025-11-03,Paid Search - Brand,Paid Search - Brand,CMP_PAI_CAR,Cardiff,Manufacturing,1000+,Remote Access,43.2,MQL,1,0
L003708,CU003708,2025-11-03,Paid Search - Brand,Paid Search - Brand,CMP_PAI_SHE,Sheffield,Retail,1-49,Remote Support,65.1,New,0,0
L003709,CU003709,2025-11-03,Direct,Direct,CMP_DIR_BRI,Bristol,Manufacturing,250-999,Remote Access,60.0,New,0,0
L003710,CU003710,2025-11-03,Paid Search - Brand,Paid Search - Brand,CMP_PAI_BRI,Bristol,Professional Services,1-49,Enterprise Connectivity,68.9,MQL,1,0
L003711,CU003711,2025-11-03,Events,Events,CMP_EVE_LEE,Leeds,Education,1000+,Remote Support,62.1,SQL,1,1
L003712,CU003712,2025-11-03,Paid Search - Non-Brand,Paid Search - Non-Brand,CMP_PAI_SHE,Sheffield,Professional Services,1000+,Remote Support,42.1,MQL,1,0
L003713,CU003713,2025-11-03,Events,Events,CMP_EVE_LON,London,Retail,250-999,Remote Support,46.2,New,0,0
L003714,CU003714,2025-11-04,Direct,Direct,CMP_DIR_LIV,Liverpool,Retail,250-999,Enterprise Connectivity,76.9,SQL,1,1
L003715,CU003715,2025-11-04,Direct,Direct,CMP_DIR_BRI,Bristol,Technology,250-999,Remote Support,24.6,New,0,0
L003716,CU003716,2025-11-04,Paid Social,Paid Social,CMP_PAI_MAN,Manchester,Education,50-249,Security Add-on,73.9,SQL,1,1
L003717,CU003717,2025-11-04,Organic Search,Organic Search,CMP_ORG_BIR,Birmingham,Manufacturing,50-249,Security Add-on,61.9,New,0,0
L003718,CU003718,2025-11-04,Direct,Direct,CMP_DIR_BIR,Birmingham,Manufacturing,50-249,Remote Access,58.0,SQL,1,1
L003719,CU003719,2025-11-04,Paid Search - Non-Brand,Paid Search - Non-Brand,CMP_PAI_EDI,Edinburgh,Technology,1000+,Remote Support,48.3,SQL,1,1
L003720,CU003720,2025-11-04,Email,Email,CMP_EMA_LON,London,Healthcare,50-249,Remote Support,80.3,MQL,1,0
L003721,CU003721,2025-11-04,Organic Search,Organic Search,CMP_ORG_LON,London,Education,50-249,Enterprise Connectivity,73.1,SQL,1,1
L003722,CU003722,2025-11-04,Direct,Direct,CMP_DIR_BIR,Birmingham,Education,50-249,Security Add-on,77.0,New,0,0
L003723,CU003723,2025-11-05,Paid Search - Non-Brand,Paid Search - Non-Brand,CMP_PAI_LON,London,Technology,50-249,Remote Support,64.3,New,0,0
L003724,CU003724,2025-11-05,Paid Search - Brand,Paid Search - Brand,CMP_PAI_GLA,Glasgow,Professional Services,50-249,Remote Support,61.5,SQL,1,1
L003725,CU003725,2025-11-05,Paid Search - Brand,Paid Search - Brand,CMP_PAI_LEE,Leeds,Education,250-999,Remote Access,60.0,New,0,0
L003726,CU003726,2025-11-06,Paid Search - Brand,Paid Search - Brand,CMP_PAI_LON,London,Technology,1000+,Enterprise Connectivity,75.0,SQL,1,1
L003727,CU003727,2025-11-06,Organic Search,Organic Search,CMP_ORG_SHE,Sheffield,Education,50-249,Remote Support,87.9,MQL,1,0
L003728,CU003728,2025-11-06,Paid Search - Non-Brand,Paid Search - Non-Brand,CMP_PAI_MAN,Manchester,Professional Services,50-249,Security Add-on,66.3,MQL,1,0
L003729,CU003729,2025-11-06,Organic Search,Organic Search,CMP_ORG_SHE,Sheffield,Healthcare,1-49,Remote Access,80.5,New,0,0
L003730,CU003730,2025-11-07,Paid Search - Non-Brand,Paid Search - Non-Brand,CMP_PAI_LON,London,Manufacturing,250-999,Remote Access,54.1,New,0,0
L003731,CU003731,2025-11-07,Direct,Direct,CMP_DIR_MAN,Manchester,Technology,1-49,Enterprise Connectivity,70.6,New,0,0
L003732,CU003732,2025-11-07,Direct,Direct,CMP_DIR_BRI,Bristol,Education,1-49,Security Add-on,60.5,New,0,0
L003733,CU003733,2025-11-07,Events,Events,CMP_EVE_BIR,Birmingham,Education,250-999,Security Add-on,66.7,New,0,0
L003734,CU003734,2025-11-07,Paid Search - Brand,Paid Search - Brand,CMP_PAI_LON,London,Healthcare,250-999,Security Add-on,61.8,MQL,1,0
L003735,CU003735,2025-11-07,Paid Search - Non-Brand,Paid Search - Non-Brand,CMP_PAI_EDI,Edinburgh,Professional Services,250-999,Security Add-on,73.1,MQL,1,0
L003736,CU003736,2025-11-07,Paid Social,Paid Social,CMP_PAI_LIV,Liverpool,Manufacturing,1-49,Enterprise Connectivity,51.5,New,0,0
L003737,CU003737,2025-11-08,Display,Display,CMP_DIS_LIV,Liverpool,Education,1000+,Security Add-on,71.6,SQL,1,1
L003738,CU003738,2025-11-08,Paid Search - Non-Brand,Paid Search - Non-Brand,CMP_PAI_CAR,Cardiff,Technology,50-249,Remote Access,59.4,MQL,1,0
L003739,CU003739,2025-11-08,Events,Events,CMP_EVE_LON,London,Retail,250-999,Remote Access,70.0,New,0,0
L003740,CU003740,2025-11-08,Paid Social,Paid Social,CMP_PAI_SHE,Sheffield,Education,1-49,Remote Access,45.8,SQL,1,1
L003741,CU003741,2025-11-09,LinkedIn,LinkedIn,CMP_LIN_BIR,Birmingham,Retail,50-249,Remote Access,80.2,New,0,0
L003742,CU003742,2025-11-09,Email,Email,CMP_EMA_LON,London,Retail,50-249,Remote Access,50.1,New,0,0
L003743,CU003743,2025-11-09,Events,Events,CMP_EVE_MAN,Manchester,Healthcare,50-249,Enterprise Connectivity,69.9,SQL,1,1
L003744,CU003744,2025-11-09,Partner,Partner,CMP_PAR_LIV,Liverpool,Healthcare,1000+,Remote Support,58.0,SQL,1,1
L003745,CU003745,2025-11-09,Events,Events,CMP_EVE_GLA,Glasgow,Professional Services,50-249,Remote Access,58.9,New,0,0
L003746,CU003746,2025-11-09,Display,Display,CMP_DIS_LON,London,Retail,250-999,Remote Support,44.0,New,0,0
L003747,CU003747,2025-11-10,Paid Search - Brand,Paid Search - Brand,CMP_PAI_LON,London,Healthcare,50-249,Enterprise Connectivity,58.0,New,0,0
L003748,CU003748,2025-11-10,Partner,Partner,CMP_PAR_BIR,Birmingham,Healthcare,50-249,Enterprise Connectivity,50.7,SQL,1,1
L003749,CU003749,2025-11-10,Email,Email,CMP_EMA_BIR,Birmingham,Retail,250-999,Remote Access,68.4,MQL,1,0
L003750,CU003750,2025-11-10,Email,Email,CMP_EMA_SHE,Sheffield,Education,50-249,Security Add-on,55.5,SQL,1,1
L003751,CU003751,2025-11-10,Paid Search - Brand,Paid Search - Brand,CMP_PAI_MAN,Manchester,Retail,1-49,Enterprise Connectivity,78.2,SQL,1,1
L003752,CU003752,2025-11-10,Partner,Partner,CMP_PAR_GLA,Glasgow,Professional Services,50-249,Remote Access,60.9,SQL,1,1
L003753,CU003753,2025-11-10,Email,Email,CMP_EMA_EDI,Edinburgh,Professional Services,1-49,Security Add-on,76.8,New,0,0
L003754,CU003754,2025-11-10,Organic Search,Organic Search,CMP_ORG_BIR,Birmingham,Technology,250-999,Security Add-on,80.5,MQL,1,0
L003755,CU003755,2025-11-11,Paid Search - Brand,Paid Search - Brand,CMP_PAI_SHE,Sheffield,Retail,1000+,Enterprise Connectivity,56.2,New,0,0
L003756,CU003756,2025-11-11,Paid Social,Paid Social,CMP_PAI_LON,London,Technology,1-49,Remote Access,43.5,New,0,0
L003757,CU003757,2025-11-11,Paid Search - Non-Brand,Paid Search - Non-Brand,CMP_PAI_CAR,Cardiff,Education,1-49,Remote Support,78.1,New,0,0
L003758,CU003758,2025-11-11,Partner,Partner,CMP_PAR_BRI,Bristol,Healthcare,1-49,Enterprise Connectivity,46.5,MQL,1,0
L003759,CU003759,2025-11-11,YouTube,YouTube,CMP_YOU_LON,London,Healthcare,1-49,Security Add-on,71.4,SQL,1,1
L003760,CU003760,2025-11-11,Paid Search - Brand,Paid Search - Brand,CMP_PAI_LIV,Liverpool,Manufacturing,1-49,Remote Support,75.4,MQL,1,0
L003761,CU003761,2025-11-12,Paid Search - Brand,Paid Search - Brand,CMP_PAI_LON,London,Healthcare,1-49,Enterprise Connectivity,47.8,New,0,0
L003762,CU003762,2025-11-12,Paid Social,Paid Social,CMP_PAI_LEE,Leeds,Healthcare,50-249,Remote Support,43.1,New,0,0
L003763,CU003763,2025-11-12,Direct,Direct,CMP_DIR_GLA,Glasgow,Professional Services,50-249,Security Add-on,71.9,New,0,0
L003764,CU003764,2025-11-12,Paid Search - Brand,Paid Search - Brand,CMP_PAI_MAN,Manchester,Professional Services,1-49,Enterprise Connectivity,54.6,MQL,1,0
L003765,CU003765,2025-11-12,LinkedIn,LinkedIn,CMP_LIN_GLA,Glasgow,Healthcare,250-999,Remote Access,72.0,New,0,0
L003766,CU003766,2025-11-12,Events,Events,CMP_EVE_SHE,Sheffield,Retail,1-49,Remote Access,54.4,New,0,0
L003767,CU003767,2025-11-12,Paid Search - Brand,Paid Search - Brand,CMP_PAI_LON,London,Retail,1-49,Security Add-on,53.5,New,0,0
L003768,CU003768,2025-11-12,Paid Search - Brand,Paid Search - Brand,CMP_PAI_GLA,Glasgow,Retail,50-249,Security Add-on,71.3,New,0,0
L003769,CU003769,2025-11-13,Email,Email,CMP_EMA_GLA,Glasgow,Technology,1-49,Enterprise Connectivity,56.8,MQL,1,0
L003770,CU003770,2025-11-13,Paid Search - Brand,Paid Search - Brand,CMP_PAI_SHE,Sheffield,Manufacturing,1000+,Security Add-on,63.3,New,0,0
L003771,CU003771,2025-11-13,Paid Social,Paid Social,CMP_PAI_CAR,Cardiff,Professional Services,50-249,Security Add-on,56.0,New,0,0
L003772,CU003772,2025-11-13,Paid Social,Paid Social,CMP_PAI_BRI,Bristol,Professional Services,250-999,Remote Access,46.6,New,0,0
L003773,CU003773,2025-11-13,Paid Search - Brand,Paid Search - Brand,CMP_PAI_GLA,Glasgow,Technology,1-49,Remote Access,41.4,New,0,0
L003774,CU003774,2025-11-13,LinkedIn,LinkedIn,CMP_LIN_LIV,Liverpool,Manufacturing,1000+,Remote Access,71.8,SQL,1,1
L003775,CU003775,2025-11-13,Events,Events,CMP_EVE_EDI,Edinburgh,Retail,1-49,Remote Access,67.8,MQL,1,0
L003776,CU003776,2025-11-13,Events,Events,CMP_EVE_LEE,Leeds,Professional Services,1-49,Enterprise Connectivity,46.9,MQL,1,0
L003777,CU003777,2025-11-13,LinkedIn,LinkedIn,CMP_LIN_LON,London,Technology,1000+,Remote Support,77.7,SQL,1,1
L003778,CU003778,2025-11-14,Organic Search,Organic Search,CMP_ORG_LIV,Liverpool,Manufacturing,250-999,Remote Support,58.9,SQL,1,1
L003779,CU003779,2025-11-14,Events,Events,CMP_EVE_LIV,Liverpool,Manufacturing,50-249,Remote Access,56.7,New,0,0
L003780,CU003780,2025-11-14,Email,Email,CMP_EMA_LON,London,Manufacturing,250-999,Enterprise Connectivity,60.8,SQL,1,1
L003781,CU003781,2025-11-15,Direct,Direct,CMP_DIR_GLA,Glasgow,Healthcare,1-49,Security Add-on,58.8,SQL,1,1
L003782,CU003782,2025-11-15,Paid Social,Paid Social,CMP_PAI_LIV,Liverpool,Retail,50-249,Remote Access,52.0,New,0,0
L003783,CU003783,2025-11-15,Email,Email,CMP_EMA_LON,London,Professional Services,250-999,Enterprise Connectivity,76.8,MQL,1,0
L003784,CU003784,2025-11-15,LinkedIn,LinkedIn,CMP_LIN_CAR,Cardiff,Education,250-999,Remote Access,90.9,SQL,1,1
L003785,CU003785,2025-11-16,LinkedIn,LinkedIn,CMP_LIN_SHE,Sheffield,Technology,1000+,Remote Support,78.2,SQL,1,1
L003786,CU003786,2025-11-16,Paid Search - Brand,Paid Search - Brand,CMP_PAI_BIR,Birmingham,Manufacturing,1000+,Security Add-on,50.0,New,0,0
L003787,CU003787,2025-11-16,Email,Email,CMP_EMA_MAN,Manchester,Technology,1-49,Remote Access,67.3,New,0,0
L003788,CU003788,2025-11-17,YouTube,YouTube,CMP_YOU_LIV,Liverpool,Manufacturing,1-49,Remote Support,68.5,MQL,1,0
L003789,CU003789,2025-11-17,Partner,Partner,CMP_PAR_CAR,Cardiff,Healthcare,50-249,Remote Support,79.7,SQL,1,1
L003790,CU003790,2025-11-17,Partner,Partner,CMP_PAR_BRI,Bristol,Retail,250-999,Remote Support,60.5,New,0,0
L003791,CU003791,2025-11-17,Direct,Direct,CMP_DIR_LIV,Liverpool,Technology,50-249,Enterprise Connectivity,50.5,New,0,0
L003792,CU003792,2025-11-17,Organic Search,Organic Search,CMP_ORG_SHE,Sheffield,Retail,50-249,Remote Access,41.6,New,0,0
L003793,CU003793,2025-11-18,LinkedIn,LinkedIn,CMP_LIN_MAN,Manchester,Technology,250-999,Remote Support,78.2,MQL,1,0
L003794,CU003794,2025-11-18,Partner,Partner,CMP_PAR_BRI,Bristol,Technology,1000+,Security Add-on,67.4,New,0,0
L003795,CU003795,2025-11-18,Direct,Direct,CMP_DIR_CAR,Cardiff,Healthcare,50-249,Enterprise Connectivity,79.8,SQL,1,1
L003796,CU003796,2025-11-18,LinkedIn,LinkedIn,CMP_LIN_MAN,Manchester,Technology,1000+,Remote Access,68.6,New,0,0
L003797,CU003797,2025-11-19,Organic Search,Organic Search,CMP_ORG_CAR,Cardiff,Technology,1000+,Remote Access,25.0,SQL,1,1
L003798,CU003798,2025-11-19,Events,Events,CMP_EVE_CAR,Cardiff,Professional Services,50-249,Remote Support,44.7,SQL,1,1
L003799,CU003799,2025-11-19,Organic Search,Organic Search,CMP_ORG_BRI,Bristol,Healthcare,250-999,Enterprise Connectivity,79.0,MQL,1,0
L003800,CU003800,2025-11-19,Paid Search - Brand,Paid Search - Brand,CMP_PAI_LON,London,Manufacturing,50-249,Security Add-on,73.5,New,0,0
L003801,CU003801,2025-11-19,Email,Email,CMP_EMA_BIR,Birmingham,Manufacturing,1-49,Remote Support,56.8,New,0,0
L003802,CU003802,2025-11-19,Partner,Partner,CMP_PAR_BIR,Birmingham,Education,250-999,Security Add-on,71.8,New,0,0
L003803,CU003803,2025-11-19,LinkedIn,LinkedIn,CMP_LIN_GLA,Glasgow,Education,50-249,Remote Support,91.4,New,0,0
L003804,CU003804,2025-11-19,Events,Events,CMP_EVE_MAN,Manchester,Healthcare,250-999,Security Add-on,76.2,SQL,1,1
L003805,CU003805,2025-11-20,Paid Search - Non-Brand,Paid Search - Non-Brand,CMP_PAI_GLA,Glasgow,Education,1000+,Enterprise Connectivity,62.4,MQL,1,0
L003806,CU003806,2025-11-20,Direct,Direct,CMP_DIR_BIR,Birmingham,Technology,50-249,Remote Support,66.6,New,0,0
L003807,CU003807,2025-11-20,Paid Search - Non-Brand,Paid Search - Non-Brand,CMP_PAI_LEE,Leeds,Professional Services,1000+,Remote Access,63.6,MQL,1,0
L003808,CU003808,2025-11-20,Events,Events,CMP_EVE_SHE,Sheffield,Professional Services,250-999,Security Add-on,71.8,New,0,0
L003809,CU003809,2025-11-20,Paid Search - Non-Brand,Paid Search - Non-Brand,CMP_PAI_BIR,Birmingham,Healthcare,1000+,Remote Access,32.1,New,0,0
L003810,CU003810,2025-11-20,Events,Events,CMP_EVE_LON,London,Manufacturing,1-49,Remote Access,51.8,MQL,1,0
L003811,CU003811,2025-11-21,Paid Search - Non-Brand,Paid Search - Non-Brand,CMP_PAI_MAN,Manchester,Education,50-249,Security Add-on,51.3,New,0,0
L003812,CU003812,2025-11-21,Paid Search - Brand,Paid Search - Brand,CMP_PAI_EDI,Edinburgh,Education,250-999,Remote Access,68.7,MQL,1,0
L003813,CU003813,2025-11-21,Events,Events,CMP_EVE_GLA,Glasgow,Technology,1-49,Security Add-on,43.0,SQL,1,1
L003814,CU003814,2025-11-21,Paid Search - Brand,Paid Search - Brand,CMP_PAI_LIV,Liverpool,Healthcare,50-249,Security Add-on,74.5,MQL,1,0
L003815,CU003815,2025-11-21,Email,Email,CMP_EMA_BIR,Birmingham,Healthcare,250-999,Remote Support,62.1,New,0,0
L003816,CU003816,2025-11-21,YouTube,YouTube,CMP_YOU_EDI,Edinburgh,Professional Services,50-249,Remote Support,77.6,MQL,1,0
L003817,CU003817,2025-11-22,Direct,Direct,CMP_DIR_CAR,Cardiff,Education,250-999,Enterprise Connectivity,83.5,New,0,0
L003818,CU003818,2025-11-22,Organic Search,Organic Search,CMP_ORG_LEE,Leeds,Professional Services,1-49,Remote Support,40.8,New,0,0
L003819,CU003819,2025-11-22,Paid Social,Paid Social,CMP_PAI_BRI,Bristol,Manufacturing,1-49,Remote Support,55.8,New,0,0
L003820,CU003820,2025-11-22,Organic Search,Organic Search,CMP_ORG_BRI,Bristol,Professional Services,1000+,Remote Support,54.7,MQL,1,0
L003821,CU003821,2025-11-22,Organic Search,Organic Search,CMP_ORG_LON,London,Retail,250-999,Remote Access,63.9,New,0,0
L003822,CU003822,2025-11-22,Paid Search - Brand,Paid Search - Brand,CMP_PAI_BRI,Bristol,Healthcare,1-49,Security Add-on,85.9,MQL,1,0
L003823,CU003823,2025-11-23,Paid Search - Brand,Paid Search - Brand,CMP_PAI_BIR,Birmingham,Professional Services,1-49,Remote Support,62.2,New,0,0
L003824,CU003824,2025-11-23,YouTube,YouTube,CMP_YOU_LON,London,Education,50-249,Remote Access,81.1,MQL,1,0
L003825,CU003825,2025-11-23,YouTube,YouTube,CMP_YOU_GLA,Glasgow,Professional Services,50-249,Remote Access,75.7,SQL,1,1
L003826,CU003826,2025-11-23,Direct,Direct,CMP_DIR_BRI,Bristol,Retail,250-999,Security Add-on,52.0,New,0,0
L003827,CU003827,2025-11-23,Organic Search,Organic Search,CMP_ORG_BIR,Birmingham,Manufacturing,50-249,Remote Access,77.1,SQL,1,1
L003828,CU003828,2025-11-23,Paid Social,Paid Social,CMP_PAI_SHE,Sheffield,Retail,50-249,Security Add-on,36.4,New,0,0
L003829,CU003829,2025-11-23,LinkedIn,LinkedIn,CMP_LIN_EDI,Edinburgh,Education,50-249,Remote Support,70.9,SQL,1,1
L003830,CU003830,2025-11-23,Events,Events,CMP_EVE_EDI,Edinburgh,Retail,50-249,Remote Access,54.7,New,0,0
L003831,CU003831,2025-11-24,Events,Events,CMP_EVE_MAN,Manchester,Retail,1-49,Remote Access,68.9,MQL,1,0
L003832,CU003832,2025-11-24,Paid Social,Paid Social,CMP_PAI_MAN,Manchester,Education,250-999,Enterprise Connectivity,57.2,New,0,0
L003833,CU003833,2025-11-24,Paid Search - Non-Brand,Paid Search - Non-Brand,CMP_PAI_SHE,Sheffield,Technology,250-999,Remote Access,57.2,SQL,1,1
L003834,CU003834,2025-11-24,Paid Search - Brand,Paid Search - Brand,CMP_PAI_BIR,Birmingham,Retail,1000+,Security Add-on,69.3,MQL,1,0
L003835,CU003835,2025-11-24,Display,Display,CMP_DIS_CAR,Cardiff,Manufacturing,1-49,Enterprise Connectivity,43.3,MQL,1,0
L003836,CU003836,2025-11-25,Paid Social,Paid Social,CMP_PAI_GLA,Glasgow,Retail,50-249,Remote Access,48.6,New,0,0
L003837,CU003837,2025-11-25,LinkedIn,LinkedIn,CMP_LIN_LIV,Liverpool,Technology,50-249,Security Add-on,88.5,MQL,1,0
L003838,CU003838,2025-11-25,Paid Search - Non-Brand,Paid Search - Non-Brand,CMP_PAI_LON,London,Retail,250-999,Enterprise Connectivity,71.0,New,0,0
L003839,CU003839,2025-11-25,Paid Search - Non-Brand,Paid Search - Non-Brand,CMP_PAI_EDI,Edinburgh,Professional Services,50-249,Remote Access,50.5,New,0,0
L003840,CU003840,2025-11-25,Paid Search - Brand,Paid Search - Brand,CMP_PAI_BIR,Birmingham,Manufacturing,50-249,Remote Access,42.5,SQL,1,1
L003841,CU003841,2025-11-25,Partner,Partner,CMP_PAR_EDI,Edinburgh,Technology,250-999,Remote Access,74.4,New,0,0
L003842,CU003842,2025-11-25,Paid Social,Paid Social,CMP_PAI_LON,London,Education,50-249,Remote Support,44.5,New,0,0
L003843,CU003843,2025-11-25,Partner,Partner,CMP_PAR_BIR,Birmingham,Manufacturing,1-49,Remote Access,83.9,SQL,1,1
L003844,CU003844,2025-11-25,LinkedIn,LinkedIn,CMP_LIN_CAR,Cardiff,Technology,1000+,Security Add-on,74.1,New,0,0
L003845,CU003845,2025-11-25,Paid Search - Non-Brand,Paid Search - Non-Brand,CMP_PAI_LEE,Leeds,Education,1-49,Remote Access,43.9,New,0,0
L003846,CU003846,2025-11-26,Paid Search - Brand,Paid Search - Brand,CMP_PAI_CAR,Cardiff,Retail,1000+,Enterprise Connectivity,53.5,MQL,1,0
L003847,CU003847,2025-11-26,Paid Social,Paid Social,CMP_PAI_BRI,Bristol,Manufacturing,1-49,Remote Access,39.3,New,0,0
L003848,CU003848,2025-11-26,Events,Events,CMP_EVE_GLA,Glasgow,Manufacturing,50-249,Remote Access,93.8,MQL,1,0
L003849,CU003849,2025-11-26,Organic Search,Organic Search,CMP_ORG_MAN,Manchester,Manufacturing,1-49,Enterprise Connectivity,55.7,SQL,1,1
L003850,CU003850,2025-11-26,Paid Social,Paid Social,CMP_PAI_LEE,Leeds,Education,1-49,Remote Support,52.7,SQL,1,1
L003851,CU003851,2025-11-26,LinkedIn,LinkedIn,CMP_LIN_EDI,Edinburgh,Education,50-249,Security Add-on,64.3,New,0,0
L003852,CU003852,2025-11-27,Partner,Partner,CMP_PAR_LEE,Leeds,Manufacturing,250-999,Security Add-on,66.9,MQL,1,0
L003853,CU003853,2025-11-27,Direct,Direct,CMP_DIR_LEE,Leeds,Technology,1000+,Security Add-on,61.3,MQL,1,0
L003854,CU003854,2025-11-27,LinkedIn,LinkedIn,CMP_LIN_LEE,Leeds,Healthcare,250-999,Remote Access,93.3,SQL,1,1
L003855,CU003855,2025-11-27,Direct,Direct,CMP_DIR_GLA,Glasgow,Healthcare,50-249,Security Add-on,57.4,SQL,1,1
L003856,CU003856,2025-11-27,Display,Display,CMP_DIS_EDI,Edinburgh,Manufacturing,250-999,Remote Access,82.4,New,0,0
L003857,CU003857,2025-11-27,Email,Email,CMP_EMA_BRI,Bristol,Manufacturing,1-49,Remote Access,35.8,New,0,0
L003858,CU003858,2025-11-28,Partner,Partner,CMP_PAR_LEE,Leeds,Healthcare,1-49,Remote Support,70.9,New,0,0
L003859,CU003859,2025-11-28,LinkedIn,LinkedIn,CMP_LIN_SHE,Sheffield,Technology,250-999,Remote Access,84.2,New,0,0
L003860,CU003860,2025-11-28,Email,Email,CMP_EMA_CAR,Cardiff,Retail,250-999,Remote Access,63.3,MQL,1,0
L003861,CU003861,2025-11-28,Paid Search - Brand,Paid Search - Brand,CMP_PAI_LEE,Leeds,Professional Services,1-49,Security Add-on,73.5,SQL,1,1
L003862,CU003862,2025-11-28,Direct,Direct,CMP_DIR_CAR,Cardiff,Technology,250-999,Remote Access,69.9,MQL,1,0
L003863,CU003863,2025-11-28,Paid Search - Brand,Paid Search - Brand,CMP_PAI_LEE,Leeds,Technology,250-999,Remote Support,79.4,New,0,0
L003864,CU003864,2025-11-28,Email,Email,CMP_EMA_MAN,Manchester,Technology,250-999,Remote Support,45.4,New,0,0
L003865,CU003865,2025-11-28,Display,Display,CMP_DIS_GLA,Glasgow,Retail,50-249,Security Add-on,45.1,New,0,0
L003866,CU003866,2025-11-28,LinkedIn,LinkedIn,CMP_LIN_LEE,Leeds,Retail,1000+,Remote Access,86.2,New,0,0
L003867,CU003867,2025-11-28,Paid Search - Brand,Paid Search - Brand,CMP_PAI_BRI,Bristol,Healthcare,50-249,Remote Support,39.0,SQL,1,1
L003868,CU003868,2025-11-28,Paid Search - Non-Brand,Paid Search - Non-Brand,CMP_PAI_BRI,Bristol,Professional Services,50-249,Remote Support,59.2,New,0,0
L003869,CU003869,2025-11-29,Paid Search - Non-Brand,Paid Search - Non-Brand,CMP_PAI_LON,London,Healthcare,1-49,Enterprise Connectivity,72.5,New,0,0
L003870,CU003870,2025-11-29,Email,Email,CMP_EMA_BIR,Birmingham,Retail,1-49,Enterprise Connectivity,72.4,MQL,1,0
L003871,CU003871,2025-11-29,Partner,Partner,CMP_PAR_LEE,Leeds,Professional Services,50-249,Enterprise Connectivity,44.2,New,0,0
L003872,CU003872,2025-11-29,Paid Social,Paid Social,CMP_PAI_BIR,Birmingham,Manufacturing,50-249,Enterprise Connectivity,50.4,MQL,1,0
L003873,CU003873,2025-11-30,Email,Email,CMP_EMA_GLA,Glasgow,Technology,1-49,Remote Support,69.4,New,0,0
L003874,CU003874,2025-11-30,Paid Social,Paid Social,CMP_PAI_BRI,Bristol,Education,50-249,Security Add-on,65.1,New,0,0
L003875,CU003875,2025-12-01,Events,Events,CMP_EVE_LEE,Leeds,Education,250-999,Enterprise Connectivity,39.0,SQL,1,1
L003876,CU003876,2025-12-01,Organic Search,Organic Search,CMP_ORG_BIR,Birmingham,Retail,250-999,Security Add-on,87.2,MQL,1,0
L003877,CU003877,2025-12-02,Direct,Direct,CMP_DIR_LIV,Liverpool,Professional Services,1000+,Security Add-on,61.1,SQL,1,1
L003878,CU003878,2025-12-03,Paid Search - Brand,Paid Search - Brand,CMP_PAI_SHE,Sheffield,Healthcare,1000+,Remote Support,54.6,New,0,0
L003879,CU003879,2025-12-03,Paid Search - Brand,Paid Search - Brand,CMP_PAI_LON,London,Technology,1000+,Security Add-on,66.8,New,0,0
L003880,CU003880,2025-12-04,Direct,Direct,CMP_DIR_LON,London,Professional Services,1-49,Enterprise Connectivity,72.1,New,0,0
L003881,CU003881,2025-12-04,Events,Events,CMP_EVE_BRI,Bristol,Technology,250-999,Enterprise Connectivity,70.6,MQL,1,0
L003882,CU003882,2025-12-04,Paid Search - Brand,Paid Search - Brand,CMP_PAI_EDI,Edinburgh,Retail,1000+,Security Add-on,57.9,New,0,0
L003883,CU003883,2025-12-04,LinkedIn,LinkedIn,CMP_LIN_BRI,Bristol,Manufacturing,1000+,Remote Access,84.1,MQL,1,0
L003884,CU003884,2025-12-04,Direct,Direct,CMP_DIR_EDI,Edinburgh,Manufacturing,50-249,Remote Support,57.1,New,0,0
L003885,CU003885,2025-12-05,YouTube,YouTube,CMP_YOU_SHE,Sheffield,Professional Services,1000+,Security Add-on,63.7,SQL,1,1
L003886,CU003886,2025-12-05,Direct,Direct,CMP_DIR_EDI,Edinburgh,Professional Services,1000+,Remote Access,67.5,New,0,0
L003887,CU003887,2025-12-05,YouTube,YouTube,CMP_YOU_BIR,Birmingham,Technology,1-49,Enterprise Connectivity,54.1,MQL,1,0
L003888,CU003888,2025-12-05,Paid Search - Brand,Paid Search - Brand,CMP_PAI_LEE,Leeds,Retail,50-249,Security Add-on,45.7,New,0,0
L003889,CU003889,2025-12-06,Paid Search - Non-Brand,Paid Search - Non-Brand,CMP_PAI_BRI,Bristol,Manufacturing,50-249,Remote Access,63.3,SQL,1,1
L003890,CU003890,2025-12-06,Paid Search - Non-Brand,Paid Search - Non-Brand,CMP_PAI_SHE,Sheffield,Manufacturing,250-999,Remote Support,48.4,SQL,1,1
L003891,CU003891,2025-12-06,Paid Search - Brand,Paid Search - Brand,CMP_PAI_CAR,Cardiff,Education,50-249,Security Add-on,58.0,MQL,1,0
L003892,CU003892,2025-12-07,Events,Events,CMP_EVE_LEE,Leeds,Healthcare,250-999,Remote Access,57.4,New,0,0
L003893,CU003893,2025-12-07,Organic Search,Organic Search,CMP_ORG_LEE,Leeds,Technology,1000+,Remote Support,84.2,New,0,0
L003894,CU003894,2025-12-07,YouTube,YouTube,CMP_YOU_LEE,Leeds,Education,50-249,Enterprise Connectivity,70.6,New,0,0
L003895,CU003895,2025-12-08,Paid Search - Non-Brand,Paid Search - Non-Brand,CMP_PAI_BIR,Birmingham,Education,1-49,Remote Support,48.7,New,0,0
L003896,CU003896,2025-12-08,Email,Email,CMP_EMA_LEE,Leeds,Technology,1-49,Enterprise Connectivity,46.2,SQL,1,1
L003897,CU003897,2025-12-08,Partner,Partner,CMP_PAR_BIR,Birmingham,Professional Services,50-249,Enterprise Connectivity,55.2,SQL,1,1
L003898,CU003898,2025-12-09,Paid Search - Non-Brand,Paid Search - Non-Brand,CMP_PAI_BIR,Birmingham,Manufacturing,1-49,Enterprise Connectivity,85.8,New,0,0
L003899,CU003899,2025-12-09,Paid Search - Non-Brand,Paid Search - Non-Brand,CMP_PAI_EDI,Edinburgh,Manufacturing,50-249,Security Add-on,80.5,SQL,1,1
L003900,CU003900,2025-12-09,Email,Email,CMP_EMA_BIR,Birmingham,Professional Services,1-49,Security Add-on,65.0,New,0,0
L003901,CU003901,2025-12-09,Organic Search,Organic Search,CMP_ORG_LON,London,Education,1-49,Remote Support,61.1,SQL,1,1
L003902,CU003902,2025-12-10,Email,Email,CMP_EMA_BIR,Birmingham,Education,50-249,Remote Support,65.3,New,0,0
L003903,CU003903,2025-12-10,Organic Search,Organic Search,CMP_ORG_MAN,Manchester,Healthcare,50-249,Remote Support,60.7,New,0,0
L003904,CU003904,2025-12-10,LinkedIn,LinkedIn,CMP_LIN_BRI,Bristol,Healthcare,50-249,Remote Support,73.5,SQL,1,1
L003905,CU003905,2025-12-10,Paid Search - Brand,Paid Search - Brand,CMP_PAI_EDI,Edinburgh,Manufacturing,250-999,Security Add-on,63.5,SQL,1,1
L003906,CU003906,2025-12-11,Partner,Partner,CMP_PAR_LEE,Leeds,Healthcare,1-49,Enterprise Connectivity,59.6,New,0,0
L003907,CU003907,2025-12-11,Organic Search,Organic Search,CMP_ORG_GLA,Glasgow,Retail,1-49,Security Add-on,64.6,New,0,0
L003908,CU003908,2025-12-11,LinkedIn,LinkedIn,CMP_LIN_LON,London,Professional Services,50-249,Remote Access,68.7,SQL,1,1
L003909,CU003909,2025-12-11,Paid Search - Non-Brand,Paid Search - Non-Brand,CMP_PAI_GLA,Glasgow,Professional Services,50-249,Enterprise Connectivity,85.1,New,0,0
L003910,CU003910,2025-12-11,Paid Search - Non-Brand,Paid Search - Non-Brand,CMP_PAI_MAN,Manchester,Manufacturing,50-249,Remote Support,83.9,New,0,0
L003911,CU003911,2025-12-12,LinkedIn,LinkedIn,CMP_LIN_MAN,Manchester,Retail,50-249,Security Add-on,78.7,New,0,0
L003912,CU003912,2025-12-12,Paid Search - Brand,Paid Search - Brand,CMP_PAI_MAN,Manchester,Education,50-249,Remote Access,51.0,New,0,0
L003913,CU003913,2025-12-12,Paid Search - Brand,Paid Search - Brand,CMP_PAI_LON,London,Education,250-999,Remote Support,63.1,SQL,1,1
L003914,CU003914,2025-12-12,Organic Search,Organic Search,CMP_ORG_LEE,Leeds,Healthcare,1000+,Security Add-on,74.5,SQL,1,1
L003915,CU003915,2025-12-13,LinkedIn,LinkedIn,CMP_LIN_LON,London,Manufacturing,250-999,Enterprise Connectivity,77.7,New,0,0
L003916,CU003916,2025-12-13,Organic Search,Organic Search,CMP_ORG_LEE,Leeds,Education,1-49,Remote Access,72.0,SQL,1,1
L003917,CU003917,2025-12-13,Paid Social,Paid Social,CMP_PAI_CAR,Cardiff,Technology,1-49,Enterprise Connectivity,39.5,New,0,0
L003918,CU003918,2025-12-13,Paid Social,Paid Social,CMP_PAI_EDI,Edinburgh,Education,1-49,Enterprise Connectivity,30.3,New,0,0
L003919,CU003919,2025-12-13,Direct,Direct,CMP_DIR_SHE,Sheffield,Professional Services,50-249,Security Add-on,96.0,SQL,1,1
L003920,CU003920,2025-12-14,Direct,Direct,CMP_DIR_BIR,Birmingham,Manufacturing,1-49,Security Add-on,71.7,New,0,0
L003921,CU003921,2025-12-14,Email,Email,CMP_EMA_LON,London,Education,1000+,Enterprise Connectivity,75.4,MQL,1,0
L003922,CU003922,2025-12-15,YouTube,YouTube,CMP_YOU_LON,London,Education,250-999,Security Add-on,72.6,SQL,1,1
L003923,CU003923,2025-12-15,Direct,Direct,CMP_DIR_CAR,Cardiff,Retail,1000+,Enterprise Connectivity,61.4,SQL,1,1
L003924,CU003924,2025-12-15,Paid Search - Non-Brand,Paid Search - Non-Brand,CMP_PAI_BRI,Bristol,Manufacturing,1000+,Remote Access,73.4,New,0,0
L003925,CU003925,2025-12-15,Events,Events,CMP_EVE_MAN,Manchester,Technology,1000+,Remote Support,48.7,New,0,0
L003926,CU003926,2025-12-15,LinkedIn,LinkedIn,CMP_LIN_SHE,Sheffield,Technology,1-49,Enterprise Connectivity,72.6,New,0,0
L003927,CU003927,2025-12-15,Paid Search - Brand,Paid Search - Brand,CMP_PAI_BIR,Birmingham,Professional Services,1-49,Security Add-on,56.8,New,0,0
L003928,CU003928,2025-12-15,Paid Search - Brand,Paid Search - Brand,CMP_PAI_LEE,Leeds,Manufacturing,1-49,Security Add-on,55.0,New,0,0
L003929,CU003929,2025-12-16,Partner,Partner,CMP_PAR_SHE,Sheffield,Education,50-249,Remote Access,69.9,SQL,1,1
L003930,CU003930,2025-12-16,YouTube,YouTube,CMP_YOU_SHE,Sheffield,Retail,250-999,Remote Support,99.3,New,0,0
L003931,CU003931,2025-12-16,Paid Search - Brand,Paid Search - Brand,CMP_PAI_CAR,Cardiff,Manufacturing,50-249,Remote Access,56.7,SQL,1,1
L003932,CU003932,2025-12-16,Events,Events,CMP_EVE_BRI,Bristol,Education,250-999,Remote Support,48.1,New,0,0
L003933,CU003933,2025-12-16,Direct,Direct,CMP_DIR_SHE,Sheffield,Technology,50-249,Enterprise Connectivity,68.1,MQL,1,0
L003934,CU003934,2025-12-16,Paid Search - Non-Brand,Paid Search - Non-Brand,CMP_PAI_LON,London,Education,250-999,Security Add-on,55.9,New,0,0
L003935,CU003935,2025-12-17,Paid Search - Brand,Paid Search - Brand,CMP_PAI_LIV,Liverpool,Education,1-49,Remote Access,53.5,New,0,0
L003936,CU003936,2025-12-17,Paid Search - Non-Brand,Paid Search - Non-Brand,CMP_PAI_BIR,Birmingham,Healthcare,250-999,Security Add-on,45.7,New,0,0
L003937,CU003937,2025-12-17,Paid Search - Non-Brand,Paid Search - Non-Brand,CMP_PAI_SHE,Sheffield,Professional Services,1-49,Enterprise Connectivity,58.8,New,0,0
L003938,CU003938,2025-12-17,Paid Social,Paid Social,CMP_PAI_LIV,Liverpool,Retail,50-249,Remote Access,31.3,New,0,0
L003939,CU003939,2025-12-18,Paid Social,Paid Social,CMP_PAI_LON,London,Retail,50-249,Security Add-on,63.9,MQL,1,0
L003940,CU003940,2025-12-18,Partner,Partner,CMP_PAR_CAR,Cardiff,Technology,1-49,Enterprise Connectivity,64.2,SQL,1,1
L003941,CU003941,2025-12-18,Paid Search - Brand,Paid Search - Brand,CMP_PAI_MAN,Manchester,Professional Services,1-49,Enterprise Connectivity,62.7,New,0,0
L003942,CU003942,2025-12-18,Direct,Direct,CMP_DIR_MAN,Manchester,Education,250-999,Remote Access,80.9,New,0,0
L003943,CU003943,2025-12-18,Paid Search - Non-Brand,Paid Search - Non-Brand,CMP_PAI_SHE,Sheffield,Retail,250-999,Security Add-on,59.5,New,0,0
L003944,CU003944,2025-12-18,Direct,Direct,CMP_DIR_BRI,Bristol,Retail,250-999,Enterprise Connectivity,63.5,New,0,0
L003945,CU003945,2025-12-19,Events,Events,CMP_EVE_BIR,Birmingham,Retail,250-999,Remote Support,59.1,New,0,0
L003946,CU003946,2025-12-19,Events,Events,CMP_EVE_LON,London,Technology,1-49,Remote Access,75.6,SQL,1,1
L003947,CU003947,2025-12-19,Direct,Direct,CMP_DIR_MAN,Manchester,Manufacturing,50-249,Remote Access,72.7,New,0,0
L003948,CU003948,2025-12-20,Paid Search - Brand,Paid Search - Brand,CMP_PAI_CAR,Cardiff,Technology,250-999,Security Add-on,42.1,New,0,0
L003949,CU003949,2025-12-20,Paid Search - Non-Brand,Paid Search - Non-Brand,CMP_PAI_LON,London,Retail,250-999,Enterprise Connectivity,61.0,New,0,0
L003950,CU003950,2025-12-21,LinkedIn,LinkedIn,CMP_LIN_BRI,Bristol,Retail,50-249,Enterprise Connectivity,100.0,MQL,1,0
L003951,CU003951,2025-12-21,Email,Email,CMP_EMA_SHE,Sheffield,Manufacturing,1-49,Enterprise Connectivity,64.1,MQL,1,0
L003952,CU003952,2025-12-22,Paid Social,Paid Social,CMP_PAI_LON,London,Manufacturing,1-49,Enterprise Connectivity,56.7,New,0,0
L003953,CU003953,2025-12-22,Events,Events,CMP_EVE_BIR,Birmingham,Retail,250-999,Enterprise Connectivity,55.3,New,0,0
L003954,CU003954,2025-12-22,Direct,Direct,CMP_DIR_GLA,Glasgow,Manufacturing,1-49,Remote Access,73.2,New,0,0
L003955,CU003955,2025-12-22,Events,Events,CMP_EVE_CAR,Cardiff,Professional Services,250-999,Security Add-on,82.1,New,0,0
L003956,CU003956,2025-12-23,Paid Search - Non-Brand,Paid Search - Non-Brand,CMP_PAI_SHE,Sheffield,Technology,250-999,Remote Access,64.8,SQL,1,1
L003957,CU003957,2025-12-23,Paid Search - Brand,Paid Search - Brand,CMP_PAI_EDI,Edinburgh,Manufacturing,250-999,Enterprise Connectivity,35.2,SQL,1,1
L003958,CU003958,2025-12-23,Paid Social,Paid Social,CMP_PAI_GLA,Glasgow,Healthcare,1-49,Enterprise Connectivity,50.1,New,0,0
L003959,CU003959,2025-12-23,Paid Search - Non-Brand,Paid Search - Non-Brand,CMP_PAI_BIR,Birmingham,Manufacturing,250-999,Security Add-on,87.2,New,0,0
L003960,CU003960,2025-12-24,Paid Social,Paid Social,CMP_PAI_LON,London,Professional Services,1-49,Enterprise Connectivity,30.9,SQL,1,1
L003961,CU003961,2025-12-24,Email,Email,CMP_EMA_BIR,Birmingham,Technology,50-249,Enterprise Connectivity,57.8,New,0,0
L003962,CU003962,2025-12-25,Events,Events,CMP_EVE_MAN,Manchester,Technology,250-999,Enterprise Connectivity,79.1,MQL,1,0
L003963,CU003963,2025-12-25,Events,Events,CMP_EVE_MAN,Manchester,Technology,50-249,Remote Access,66.5,New,0,0
L003964,CU003964,2025-12-25,LinkedIn,LinkedIn,CMP_LIN_SHE,Sheffield,Healthcare,1000+,Remote Support,100.0,New,0,0
L003965,CU003965,2025-12-25,Organic Search,Organic Search,CMP_ORG_SHE,Sheffield,Manufacturing,50-249,Remote Access,76.9,New,0,0
L003966,CU003966,2025-12-26,LinkedIn,LinkedIn,CMP_LIN_GLA,Glasgow,Education,50-249,Security Add-on,74.7,SQL,1,1
L003967,CU003967,2025-12-26,Direct,Direct,CMP_DIR_LON,London,Professional Services,1-49,Remote Support,59.6,New,0,0
L003968,CU003968,2025-12-26,Paid Search - Non-Brand,Paid Search - Non-Brand,CMP_PAI_BRI,Bristol,Manufacturing,50-249,Remote Support,60.5,New,0,0
L003969,CU003969,2025-12-26,Direct,Direct,CMP_DIR_LIV,Liverpool,Healthcare,1000+,Security Add-on,69.8,New,0,0
L003970,CU003970,2025-12-26,Partner,Partner,CMP_PAR_BIR,Birmingham,Retail,50-249,Security Add-on,73.2,SQL,1,1
L003971,CU003971,2025-12-26,Paid Search - Non-Brand,Paid Search - Non-Brand,CMP_PAI_SHE,Sheffield,Education,50-249,Security Add-on,64.3,SQL,1,1
L003972,CU003972,2025-12-26,Direct,Direct,CMP_DIR_LON,London,Manufacturing,1-49,Remote Support,72.2,MQL,1,0
L003973,CU003973,2025-12-26,Email,Email,CMP_EMA_LON,London,Technology,50-249,Remote Access,40.0,MQL,1,0
L003974,CU003974,2025-12-26,YouTube,YouTube,CMP_YOU_MAN,Manchester,Healthcare,1-49,Remote Access,40.1,MQL,1,0
L003975,CU003975,2025-12-27,LinkedIn,LinkedIn,CMP_LIN_MAN,Manchester,Retail,1000+,Enterprise Connectivity,96.6,SQL,1,1
L003976,CU003976,2025-12-27,Paid Search - Non-Brand,Paid Search - Non-Brand,CMP_PAI_EDI,Edinburgh,Healthcare,50-249,Remote Access,64.6,MQL,1,0
L003977,CU003977,2025-12-27,Paid Social,Paid Social,CMP_PAI_SHE,Sheffield,Professional Services,1-49,Enterprise Connectivity,56.2,MQL,1,0
L003978,CU003978,2025-12-27,Partner,Partner,CMP_PAR_LEE,Leeds,Manufacturing,50-249,Enterprise Connectivity,60.2,New,0,0
L003979,CU003979,2025-12-28,Events,Events,CMP_EVE_LEE,Leeds,Retail,50-249,Remote Access,63.9,New,0,0
L003980,CU003980,2025-12-28,Paid Search - Non-Brand,Paid Search - Non-Brand,CMP_PAI_LON,London,Manufacturing,50-249,Enterprise Connectivity,64.2,New,0,0
L003981,CU003981,2025-12-28,Email,Email,CMP_EMA_LEE,Leeds,Education,1-49,Remote Support,64.0,New,0,0
L003982,CU003982,2025-12-29,Paid Search - Brand,Paid Search - Brand,CMP_PAI_BIR,Birmingham,Manufacturing,250-999,Security Add-on,66.4,MQL,1,0
L003983,CU003983,2025-12-29,Partner,Partner,CMP_PAR_MAN,Manchester,Manufacturing,50-249,Remote Access,92.3,New,0,0
L003984,CU003984,2025-12-29,Paid Search - Non-Brand,Paid Search - Non-Brand,CMP_PAI_EDI,Edinburgh,Manufacturing,1-49,Security Add-on,78.6,New,0,0
L003985,CU003985,2025-12-30,Paid Social,Paid Social,CMP_PAI_BIR,Birmingham,Manufacturing,50-249,Remote Access,60.8,New,0,0
L003986,CU003986,2025-12-30,Events,Events,CMP_EVE_BRI,Bristol,Manufacturing,1-49,Security Add-on,78.6,New,0,0
L003987,CU003987,2025-12-30,Direct,Direct,CMP_DIR_LON,London,Professional Services,1-49,Remote Access,63.8,SQL,1,1
L003988,CU003988,2025-12-31,Paid Search - Non-Brand,Paid Search - Non-Brand,CMP_PAI_LIV,Liverpool,Manufacturing,1-49,Enterprise Connectivity,62.8,MQL,1,0
L003989,CU003989,2025-12-31,Paid Search - Brand,Paid Search - Brand,CMP_PAI_LON,London,Manufacturing,1-49,Remote Support,68.6,SQL,1,1
