week_start_date,geo_id,market,channel_id,channel_name,spend_gbp,impressions,clicks,sessions,leads,opportunities,orders,revenue_gbp,baseline_revenue_gbp,promotion_flag,product_launch_flag,seasonality_index,competitor_event_flag,geo_test_id,treatment_flag
2024-01-01,G01,London,CH01,Paid Search - Brand,1042.63,13019,1098,1149,61,13,4,35325.38,34147.54,0,0,1.0144644016306388,0,,0
2024-01-01,G01,London,CH02,Paid Search - Non-Brand,2040.95,31690,1433,1601,61,15,6,30108.68,30828.77,0,0,1.0144644016306388,0,,0
2024-01-01,G01,London,CH03,Paid Social,1571.66,153393,1827,2073,51,13,5,31492.67,32303.5,0,0,1.0144644016306388,0,,0
2024-01-01,G01,London,CH04,LinkedIn,1388.75,40417,323,389,19,4,1,29057.16,28675.04,0,0,1.0144644016306388,0,,0
2024-01-01,G01,London,CH05,YouTube,1131.48,95148,582,591,8,1,0,29371.15,28151.18,0,0,1.0144644016306388,0,,0
2024-01-01,G01,London,CH06,Display,724.34,149275,470,473,4,0,0,31079.36,30219.53,0,0,1.0144644016306388,0,,0
2024-01-01,G02,Manchester,CH01,Paid Search - Brand,688.72,8530,667,780,40,8,3,20143.4,18888.72,0,0,1.0144644016306388,0,,0
2024-01-01,G02,Manchester,CH02,Paid Search - Non-Brand,1446.96,22837,994,1076,40,14,3,18014.81,17188.79,0,0,1.0144644016306388,0,,0
2024-01-01,G02,Manchester,CH03,Paid Social,1259.46,129715,1489,1505,40,8,3,21169.98,21180.3,0,0,1.0144644016306388,0,,0
2024-01-01,G02,Manchester,CH04,LinkedIn,955.48,27540,216,254,13,4,0,23301.87,21940.9,0,0,1.0144644016306388,0,,0
2024-01-01,G02,Manchester,CH05,YouTube,946.16,80233,528,578,8,2,0,22217.13,21240.7,0,0,1.0144644016306388,0,,0
2024-01-01,G02,Manchester,CH06,Display,510.53,99964,308,323,3,0,0,18940.26,18528.69,0,0,1.0144644016306388,0,,0
2024-01-01,G03,Birmingham,CH01,Paid Search - Brand,683.89,8708,699,867,67,13,3,18437.53,18592.59,0,0,1.0144644016306388,0,,0
2024-01-01,G03,Birmingham,CH02,Paid Search - Non-Brand,1372.05,21472,907,918,33,8,2,21318.33,20479.91,0,0,1.0144644016306388,0,,0
2024-01-01,G03,Birmingham,CH03,Paid Social,1352.26,132714,1606,1797,53,11,2,20221.82,19511.03,0,0,1.0144644016306388,0,,0
2024-01-01,G03,Birmingham,CH04,LinkedIn,949.26,26616,204,229,9,1,0,18289.82,18361.07,0,0,1.0144644016306388,0,,0
2024-01-01,G03,Birmingham,CH05,YouTube,772.2,64960,381,409,6,1,0,18642.56,17951.31,0,0,1.0144644016306388,0,,0
2024-01-01,G03,Birmingham,CH06,Display,514.42,101338,290,344,3,0,0,18160.27,18037.73,0,0,1.0144644016306388,0,,0
2024-01-01,G04,Leeds,CH01,Paid Search - Brand,553.03,6819,592,725,53,16,4,14580.27,14797.71,0,0,1.0144644016306388,0,,0
2024-01-01,G04,Leeds,CH02,Paid Search - Non-Brand,1290.89,20123,935,1140,40,10,4,17832.96,16995.66,0,0,1.0144644016306388,0,,0
2024-01-01,G04,Leeds,CH03,Paid Social,972.02,97221,1179,1431,38,6,1,15659.99,16143.05,0,0,1.0144644016306388,0,,0
2024-01-01,G04,Leeds,CH04,LinkedIn,647.76,18158,138,139,7,1,0,19527.82,19105.02,0,0,1.0144644016306388,0,,0
2024-01-01,G04,Leeds,CH05,YouTube,658.04,53343,309,317,3,1,0,15343.23,15744.76,0,0,1.0144644016306388,0,,0
2024-01-01,G04,Leeds,CH06,Display,420.61,81969,251,264,2,0,0,16073.57,16595.88,0,0,1.0144644016306388,0,,0
2024-01-01,G05,Bristol,CH01,Paid Search - Brand,602.79,7459,640,665,46,16,4,14034.86,13456.32,0,0,1.0144644016306388,0,,0
2024-01-01,G05,Bristol,CH02,Paid Search - Non-Brand,1213.53,18445,807,843,29,9,3,14672.02,14898.29,0,0,1.0144644016306388,0,,0
2024-01-01,G05,Bristol,CH03,Paid Social,889.45,87399,1029,1031,25,6,2,13300.18,12893.02,0,0,1.0144644016306388,0,,0
2024-01-01,G05,Bristol,CH04,LinkedIn,724.08,20986,173,199,9,2,0,15910.59,16035.3,0,0,1.0144644016306388,0,,0
2024-01-01,G05,Bristol,CH05,YouTube,682.32,56946,349,396,6,1,0,15615.76,14608.79,0,0,1.0144644016306388,0,,0
2024-01-01,G05,Bristol,CH06,Display,392.82,79019,231,268,2,0,0,13372.98,13240.53,0,0,1.0144644016306388,0,,0
2024-01-01,G06,Glasgow,CH01,Paid Search - Brand,417.17,5041,435,472,29,5,1,12528.93,13133.83,0,0,1.0144644016306388,0,,0
2024-01-01,G06,Glasgow,CH02,Paid Search - Non-Brand,1042.8,16302,698,800,38,11,4,14797.97,13395.24,0,0,1.0144644016306388,0,,0
2024-01-01,G06,Glasgow,CH03,Paid Social,792.64,79737,955,1145,28,9,2,14249.44,14120.62,0,0,1.0144644016306388,0,,0
2024-01-01,G06,Glasgow,CH04,LinkedIn,713.37,20668,152,178,7,2,0,13993.49,13600.21,0,0,1.0144644016306388,0,,0
2024-01-01,G06,Glasgow,CH05,YouTube,517.95,43708,239,248,3,0,0,13059.55,12194.27,0,0,1.0144644016306388,0,,0
2024-01-01,G06,Glasgow,CH06,Display,401.35,78858,227,229,2,0,0,13186.74,12853.37,0,0,1.0144644016306388,0,,0
2024-01-01,G07,Liverpool,CH01,Paid Search - Brand,540.43,6620,574,644,44,10,4,13925.73,14109.58,0,0,1.0144644016306388,0,,0
2024-01-01,G07,Liverpool,CH02,Paid Search - Non-Brand,918.26,14015,573,691,27,9,1,12654.17,13023.99,0,0,1.0144644016306388,0,,0
2024-01-01,G07,Liverpool,CH03,Paid Social,715.69,70686,831,850,27,5,1,12701.08,13135.87,0,0,1.0144644016306388,0,,0
2024-01-01,G07,Liverpool,CH04,LinkedIn,633.48,18175,156,165,8,1,0,15327.44,15520.06,0,0,1.0144644016306388,0,,0
2024-01-01,G07,Liverpool,CH05,YouTube,586.82,50425,314,369,5,1,0,14421.21,14358.22,0,0,1.0144644016306388,0,,0
2024-01-01,G07,Liverpool,CH06,Display,384.69,76592,233,248,2,0,0,13973.32,14021.05,0,0,1.0144644016306388,0,,0
2024-01-01,G08,Sheffield,CH01,Paid Search - Brand,475.99,6005,512,565,34,8,3,11727.3,11983.31,0,0,1.0144644016306388,0,,0
2024-01-01,G08,Sheffield,CH02,Paid Search - Non-Brand,935.0,14429,611,733,25,9,3,13674.02,13150.31,0,0,1.0144644016306388,0,,0
2024-01-01,G08,Sheffield,CH03,Paid Social,734.41,75868,892,1045,29,7,2,13895.75,14428.15,0,0,1.0144644016306388,1,,0
2024-01-01,G08,Sheffield,CH04,LinkedIn,561.37,16249,120,148,7,1,0,11855.85,11078.26,0,0,1.0144644016306388,0,,0
2024-01-01,G08,Sheffield,CH05,YouTube,529.92,43415,272,332,4,1,0,12625.92,12751.42,0,0,1.0144644016306388,0,,0
2024-01-01,G08,Sheffield,CH06,Display,296.4,58280,177,193,2,0,0,15402.96,14279.83,0,0,1.0144644016306388,0,,0
2024-01-01,G09,Edinburgh,CH01,Paid Search - Brand,431.45,5566,474,532,38,9,2,10845.42,10907.67,0,0,1.0144644016306388,0,,0
2024-01-01,G09,Edinburgh,CH02,Paid Search - Non-Brand,787.33,12218,539,562,20,5,1,14147.22,13288.67,0,0,1.0144644016306388,0,,0
2024-01-01,G09,Edinburgh,CH03,Paid Social,673.03,67271,911,1017,33,6,2,13230.56,12903.43,0,0,1.0144644016306388,0,,0
2024-01-01,G09,Edinburgh,CH04,LinkedIn,534.05,15330,111,113,4,1,0,13440.03,13467.42,0,0,1.0144644016306388,0,,0
2024-01-01,G09,Edinburgh,CH05,YouTube,567.3,46887,283,309,4,1,0,11801.91,11238.91,0,0,1.0144644016306388,0,,0
2024-01-01,G09,Edinburgh,CH06,Display,275.18,52711,154,174,1,0,0,12821.71,12104.13,0,0,1.0144644016306388,0,,0
2024-01-01,G10,Cardiff,CH01,Paid Search - Brand,348.84,4352,348,377,28,8,2,11540.06,11432.21,0,0,1.0144644016306388,0,,0
2024-01-01,G10,Cardiff,CH02,Paid Search - Non-Brand,839.86,13165,571,617,28,7,2,10528.25,10087.41,0,0,1.0144644016306388,0,,0
2024-01-01,G10,Cardiff,CH03,Paid Social,680.48,68502,822,899,25,8,3,11415.9,10978.68,0,0,1.0144644016306388,0,,0
2024-01-01,G10,Cardiff,CH04,LinkedIn,558.11,15912,130,152,5,1,0,11295.35,10899.68,0,0,1.0144644016306388,0,,0
2024-01-01,G10,Cardiff,CH05,YouTube,473.6,38115,237,291,3,0,0,12049.51,11916.14,0,0,1.0144644016306388,0,,0
2024-01-01,G10,Cardiff,CH06,Display,280.74,57569,170,194,2,0,0,10283.69,10005.91,0,0,1.0144644016306388,0,,0
2024-01-08,G01,London,CH01,Paid Search - Brand,1068.82,13267,1077,1088,64,21,6,28895.57,29676.19,0,0,1.028717879714507,0,,0
2024-01-08,G01,London,CH02,Paid Search - Non-Brand,2072.74,30918,1499,1572,69,18,7,29933.69,29582.27,0,0,1.028717879714507,0,,0
2024-01-08,G01,London,CH03,Paid Social,1576.51,157023,1950,2154,48,17,5,26460.93,24967.23,0,0,1.028717879714507,0,,0
2024-01-08,G01,London,CH04,LinkedIn,1283.1,36216,278,303,12,4,1,28199.62,28965.97,0,0,1.028717879714507,0,,0
2024-01-08,G01,London,CH05,YouTube,1292.44,107356,633,674,9,1,0,27273.97,26433.47,0,0,1.028717879714507,0,,0
2024-01-08,G01,London,CH06,Display,747.29,145047,452,512,4,1,0,27353.07,27676.99,0,0,1.028717879714507,0,,0
2024-01-08,G02,Manchester,CH01,Paid Search - Brand,720.98,8927,754,860,51,14,4,21723.47,22073.63,0,0,1.028717879714507,0,,0
2024-01-08,G02,Manchester,CH02,Paid Search - Non-Brand,1375.69,21467,956,985,47,10,4,21600.74,21259.05,0,0,1.028717879714507,0,,0
2024-01-08,G02,Manchester,CH03,Paid Social,1191.47,120418,1486,1679,49,17,6,20104.79,19382.92,0,0,1.028717879714507,0,,0
2024-01-08,G02,Manchester,CH04,LinkedIn,1030.47,30145,232,252,11,2,0,19216.1,19963.47,0,0,1.028717879714507,0,,0
2024-01-08,G02,Manchester,CH05,YouTube,883.93,71565,392,461,7,2,0,21393.2,20378.65,0,0,1.028717879714507,0,,0
2024-01-08,G02,Manchester,CH06,Display,515.54,101161,300,311,3,1,0,19484.0,19460.36,0,0,1.028717879714507,0,,0
2024-01-08,G03,Birmingham,CH01,Paid Search - Brand,655.06,7669,622,767,40,12,3,22026.21,22138.26,0,0,1.028717879714507,0,,0
2024-01-08,G03,Birmingham,CH02,Paid Search - Non-Brand,1514.93,23403,1011,1244,57,12,3,18371.56,18284.42,0,0,1.028717879714507,0,,0
2024-01-08,G03,Birmingham,CH03,Paid Social,1309.76,130608,1561,1731,43,9,3,22128.38,20816.41,0,0,1.028717879714507,0,,0
2024-01-08,G03,Birmingham,CH04,LinkedIn,894.76,24993,198,225,8,2,0,18370.53,18491.03,0,0,1.028717879714507,0,,0
2024-01-08,G03,Birmingham,CH05,YouTube,806.62,67670,397,464,6,1,0,20977.4,20423.25,0,0,1.028717879714507,0,,0
2024-01-08,G03,Birmingham,CH06,Display,438.5,88670,256,264,2,0,0,20857.14,22452.79,0,0,1.028717879714507,0,,0
2024-01-08,G04,Leeds,CH01,Paid Search - Brand,535.09,6638,548,595,31,10,3,17012.55,16694.49,0,0,1.028717879714507,0,,0
2024-01-08,G04,Leeds,CH02,Paid Search - Non-Brand,1098.8,17097,797,954,37,11,3,13883.74,14325.02,0,0,1.028717879714507,0,,0
2024-01-08,G04,Leeds,CH03,Paid Social,886.29,86691,1049,1186,29,8,3,15604.56,15702.23,0,0,1.028717879714507,0,,0
2024-01-08,G04,Leeds,CH04,LinkedIn,799.78,23157,193,211,9,2,0,17786.35,16833.39,0,0,1.028717879714507,0,,0
2024-01-08,G04,Leeds,CH05,YouTube,768.97,66141,412,430,5,1,0,15411.39,15181.89,0,0,1.028717879714507,0,,0
2024-01-08,G04,Leeds,CH06,Display,446.04,87825,265,318,2,0,0,17012.87,16704.61,0,0,1.028717879714507,0,,0
2024-01-08,G05,Bristol,CH01,Paid Search - Brand,567.99,7355,640,691,39,8,3,15827.07,16096.64,0,0,1.028717879714507,0,,0
2024-01-08,G05,Bristol,CH02,Paid Search - Non-Brand,1177.46,17873,807,916,31,6,1,16820.92,15754.82,0,0,1.028717879714507,0,,0
2024-01-08,G05,Bristol,CH03,Paid Social,958.71,95100,1159,1313,29,8,1,16784.21,16388.27,0,0,1.028717879714507,0,,0
2024-01-08,G05,Bristol,CH04,LinkedIn,759.95,22064,178,194,7,2,0,13591.85,13390.87,0,0,1.028717879714507,0,,0
2024-01-08,G05,Bristol,CH05,YouTube,663.73,55167,328,361,5,1,0,15199.61,15278.02,0,0,1.028717879714507,0,,0
2024-01-08,G05,Bristol,CH06,Display,438.79,86687,262,326,2,0,0,14350.6,14716.83,0,0,1.028717879714507,0,,0
2024-01-08,G06,Glasgow,CH01,Paid Search - Brand,471.36,5993,496,521,39,10,2,12599.24,12433.84,0,0,1.028717879714507,0,,0
2024-01-08,G06,Glasgow,CH02,Paid Search - Non-Brand,1001.08,14871,698,849,37,12,2,12727.3,12683.06,0,0,1.028717879714507,0,,0
2024-01-08,G06,Glasgow,CH03,Paid Social,780.09,80028,958,1118,32,7,1,14863.66,14854.48,0,0,1.028717879714507,0,,0
2024-01-08,G06,Glasgow,CH04,LinkedIn,646.96,17848,141,152,5,1,0,13373.93,12814.99,0,0,1.028717879714507,0,,0
2024-01-08,G06,Glasgow,CH05,YouTube,673.37,56615,346,364,6,1,0,12575.26,12315.55,0,0,1.028717879714507,0,,0
2024-01-08,G06,Glasgow,CH06,Display,314.12,64412,182,217,2,0,0,12976.86,12969.29,0,0,1.028717879714507,0,,0
2024-01-08,G07,Liverpool,CH01,Paid Search - Brand,511.92,6399,575,715,46,12,5,14256.16,13446.6,0,0,1.028717879714507,0,,0
2024-01-08,G07,Liverpool,CH02,Paid Search - Non-Brand,1098.04,17176,771,887,39,8,1,15301.03,14804.86,0,0,1.028717879714507,0,,0
2024-01-08,G07,Liverpool,CH03,Paid Social,937.58,94359,1144,1178,27,7,2,16337.09,16131.79,0,0,1.028717879714507,0,,0
2024-01-08,G07,Liverpool,CH04,LinkedIn,750.7,21749,185,188,7,1,0,12400.73,11719.81,0,0,1.028717879714507,0,,0
2024-01-08,G07,Liverpool,CH05,YouTube,640.21,53344,327,377,5,1,0,13761.85,14142.56,0,0,1.028717879714507,0,,0
2024-01-08,G07,Liverpool,CH06,Display,347.38,69613,191,216,2,0,0,13054.76,13701.11,0,0,1.028717879714507,0,,0
2024-01-08,G08,Sheffield,CH01,Paid Search - Brand,511.42,6073,499,521,33,5,2,14946.25,15269.42,0,0,1.028717879714507,0,,0
2024-01-08,G08,Sheffield,CH02,Paid Search - Non-Brand,1007.07,15304,697,821,34,12,3,13944.64,13745.08,0,0,1.028717879714507,0,,0
2024-01-08,G08,Sheffield,CH03,Paid Social,726.47,72453,853,866,19,6,1,14158.93,13749.85,0,0,1.028717879714507,0,,0
2024-01-08,G08,Sheffield,CH04,LinkedIn,486.68,14345,114,141,5,1,0,13458.82,13166.63,0,0,1.028717879714507,0,,0
2024-01-08,G08,Sheffield,CH05,YouTube,507.88,42177,248,260,3,0,0,13899.52,13059.75,0,0,1.028717879714507,0,,0
2024-01-08,G08,Sheffield,CH06,Display,351.41,69044,196,198,1,0,0,13539.26,12823.18,0,0,1.028717879714507,0,,0
2024-01-08,G09,Edinburgh,CH01,Paid Search - Brand,409.46,5217,485,507,35,12,4,11901.17,11911.67,0,0,1.028717879714507,0,,0
2024-01-08,G09,Edinburgh,CH02,Paid Search - Non-Brand,902.83,13444,610,625,30,10,2,11207.4,11270.5,0,0,1.028717879714507,0,,0
2024-01-08,G09,Edinburgh,CH03,Paid Social,826.92,84908,1075,1116,35,9,1,11024.79,11123.11,0,0,1.028717879714507,0,,0
2024-01-08,G09,Edinburgh,CH04,LinkedIn,644.98,18118,129,138,6,1,0,12690.28,12902.74,0,0,1.028717879714507,0,,0
2024-01-08,G09,Edinburgh,CH05,YouTube,573.59,48218,267,277,4,1,0,13129.4,13088.4,0,0,1.028717879714507,0,,0
2024-01-08,G09,Edinburgh,CH06,Display,332.99,67643,211,259,2,0,0,12986.18,12782.24,0,0,1.028717879714507,0,,0
2024-01-08,G10,Cardiff,CH01,Paid Search - Brand,425.1,5323,455,507,35,10,2,10281.78,9874.92,0,0,1.028717879714507,0,,0
2024-01-08,G10,Cardiff,CH02,Paid Search - Non-Brand,833.88,12717,575,715,27,9,4,11326.46,11049.35,0,0,1.028717879714507,0,,0
2024-01-08,G10,Cardiff,CH03,Paid Social,667.07,65406,783,925,27,7,1,12632.35,11942.37,0,0,1.028717879714507,0,,0
2024-01-08,G10,Cardiff,CH04,LinkedIn,560.76,15935,119,131,6,1,0,10854.97,11042.0,0,0,1.028717879714507,0,,0
2024-01-08,G10,Cardiff,CH05,YouTube,499.46,43294,246,276,4,0,0,11607.37,11368.04,0,0,1.028717879714507,0,,0
2024-01-08,G10,Cardiff,CH06,Display,309.12,62043,178,196,2,0,0,11999.34,11222.13,0,0,1.028717879714507,0,,0
2024-01-15,G01,London,CH01,Paid Search - Brand,977.89,12128,1041,1257,90,23,4,29985.08,30622.13,0,0,1.0425525864451042,0,,0
2024-01-15,G01,London,CH02,Paid Search - Non-Brand,2558.03,37699,1732,1756,79,21,5,26000.87,25133.08,0,0,1.0425525864451042,0,,0
2024-01-15,G01,London,CH03,Paid Social,2011.66,204467,2479,3085,95,28,7,29117.2,28695.8,0,0,1.0425525864451042,0,,0
2024-01-15,G01,London,CH04,LinkedIn,1382.4,38692,293,311,14,5,2,30420.39,30454.69,0,0,1.0425525864451042,0,,0
2024-01-15,G01,London,CH05,YouTube,1180.95,97522,561,569,8,2,0,28223.35,28172.72,0,0,1.0425525864451042,0,,0
2024-01-15,G01,London,CH06,Display,762.29,152608,442,486,4,1,0,29441.22,29073.93,0,0,1.0425525864451042,0,,0
2024-01-15,G02,Manchester,CH01,Paid Search - Brand,761.09,9614,777,819,62,21,8,20161.54,20358.93,0,0,1.0425525864451042,0,,0
2024-01-15,G02,Manchester,CH02,Paid Search - Non-Brand,1661.09,25534,1079,1339,54,18,5,21743.02,20957.75,0,0,1.0425525864451042,0,,0
2024-01-15,G02,Manchester,CH03,Paid Social,1298.18,129851,1528,1753,48,14,4,19047.34,18157.84,0,0,1.0425525864451042,0,,0
2024-01-15,G02,Manchester,CH04,LinkedIn,1002.47,28304,217,232,11,3,1,21775.44,21257.76,0,0,1.0425525864451042,0,,0
2024-01-15,G02,Manchester,CH05,YouTube,775.52,64300,390,458,6,1,0,21548.78,22550.03,0,0,1.0425525864451042,0,,0
2024-01-15,G02,Manchester,CH06,Display,529.34,108285,340,350,3,0,0,18950.29,20066.11,0,0,1.0425525864451042,0,,0
2024-01-15,G03,Birmingham,CH01,Paid Search - Brand,733.71,9056,815,945,49,18,5,20761.03,19273.56,0,0,1.0425525864451042,0,,0
2024-01-15,G03,Birmingham,CH02,Paid Search - Non-Brand,1414.95,21495,876,1083,35,12,3,18345.69,18990.89,0,0,1.0425525864451042,0,,0
2024-01-15,G03,Birmingham,CH03,Paid Social,1119.51,112779,1202,1468,46,13,3,19547.74,19806.7,0,0,1.0425525864451042,0,,0
2024-01-15,G03,Birmingham,CH04,LinkedIn,917.31,25690,201,215,9,2,0,18348.1,18753.42,0,0,1.0425525864451042,0,,0
2024-01-15,G03,Birmingham,CH05,YouTube,794.91,65059,393,427,6,1,0,19095.2,18884.61,0,0,1.0425525864451042,0,,0
2024-01-15,G03,Birmingham,CH06,Display,491.19,99100,277,309,2,0,0,19939.07,19495.82,0,0,1.0425525864451042,0,,0
2024-01-15,G04,Leeds,CH01,Paid Search - Brand,611.8,7490,676,758,55,15,5,16255.56,16041.39,0,0,1.0425525864451042,0,,0
2024-01-15,G04,Leeds,CH02,Paid Search - Non-Brand,1235.24,18474,800,958,37,9,3,14174.77,14043.0,0,0,1.0425525864451042,0,,0
2024-01-15,G04,Leeds,CH03,Paid Social,997.45,102531,1212,1420,37,13,4,15776.62,15587.49,0,0,1.0425525864451042,0,,0
2024-01-15,G04,Leeds,CH04,LinkedIn,796.86,22621,189,189,9,3,0,16059.77,16148.01,0,0,1.0425525864451042,0,,0
2024-01-15,G04,Leeds,CH05,YouTube,708.49,56004,336,347,4,1,0,17091.51,17342.7,0,0,1.0425525864451042,0,,0
2024-01-15,G04,Leeds,CH06,Display,398.64,78724,227,264,2,0,0,15538.43,15641.23,0,0,1.0425525864451042,0,,0
2024-01-15,G05,Bristol,CH01,Paid Search - Brand,520.26,6611,556,643,35,12,3,14897.26,14705.03,0,0,1.0425525864451042,0,,0
2024-01-15,G05,Bristol,CH02,Paid Search - Non-Brand,1016.39,15871,695,791,28,9,3,14467.21,15272.34,0,0,1.0425525864451042,0,,0
2024-01-15,G05,Bristol,CH03,Paid Social,917.2,92509,1111,1359,41,10,2,15602.92,14811.89,0,0,1.0425525864451042,0,,0
2024-01-15,G05,Bristol,CH04,LinkedIn,759.36,21680,162,198,10,1,0,15076.52,14899.2,0,0,1.0425525864451042,0,,0
2024-01-15,G05,Bristol,CH05,YouTube,596.55,49472,281,334,5,0,0,15422.95,15583.27,0,0,1.0425525864451042,0,,0
2024-01-15,G05,Bristol,CH06,Display,371.91,73660,220,260,3,1,0,16410.77,16877.23,0,0,1.0425525864451042,0,,0
2024-01-15,G06,Glasgow,CH01,Paid Search - Brand,487.03,6152,522,571,38,14,5,14596.42,14963.01,0,0,1.0425525864451042,0,,0
2024-01-15,G06,Glasgow,CH02,Paid Search - Non-Brand,929.72,14281,657,771,36,11,3,14674.48,14336.66,0,0,1.0425525864451042,0,,0
2024-01-15,G06,Glasgow,CH03,Paid Social,885.78,88887,1050,1183,30,6,1,15498.26,15982.52,0,0,1.0425525864451042,0,,0
2024-01-15,G06,Glasgow,CH04,LinkedIn,619.04,17664,137,164,6,1,0,13432.72,12683.41,0,0,1.0425525864451042,0,,0
2024-01-15,G06,Glasgow,CH05,YouTube,554.99,44952,268,308,4,1,0,15983.2,15719.77,0,0,1.0425525864451042,0,,0
2024-01-15,G06,Glasgow,CH06,Display,348.14,69102,201,246,2,0,0,13356.05,13262.01,0,0,1.0425525864451042,0,,0
2024-01-15,G07,Liverpool,CH01,Paid Search - Brand,463.48,5750,473,543,28,5,2,13819.51,13404.77,0,0,1.0425525864451042,0,,0
2024-01-15,G07,Liverpool,CH02,Paid Search - Non-Brand,1066.23,16172,740,897,38,13,3,13060.39,12905.34,0,0,1.0425525864451042,0,,0
2024-01-15,G07,Liverpool,CH03,Paid Social,875.66,91165,1084,1219,30,5,1,14355.32,14426.37,0,0,1.0425525864451042,0,,0
2024-01-15,G07,Liverpool,CH04,LinkedIn,724.75,19537,156,171,8,2,0,14652.27,14800.57,0,0,1.0425525864451042,0,,0
2024-01-15,G07,Liverpool,CH05,YouTube,660.14,54787,323,369,4,0,0,15918.47,15646.96,0,0,1.0425525864451042,0,,0
2024-01-15,G07,Liverpool,CH06,Display,382.13,77266,241,251,2,0,0,13232.76,14028.4,0,0,1.0425525864451042,0,,0
2024-01-15,G08,Sheffield,CH01,Paid Search - Brand,402.71,4945,411,498,36,13,3,13275.36,12833.75,0,0,1.0425525864451042,0,,0
2024-01-15,G08,Sheffield,CH02,Paid Search - Non-Brand,956.84,14771,617,732,28,7,2,13690.88,12932.39,0,0,1.0425525864451042,0,,0
2024-01-15,G08,Sheffield,CH03,Paid Social,900.22,92059,1120,1238,33,9,2,12620.24,12664.77,0,0,1.0425525864451042,0,,0
2024-01-15,G08,Sheffield,CH04,LinkedIn,677.04,19153,152,184,8,2,0,13189.21,13505.48,0,0,1.0425525864451042,0,,0
2024-01-15,G08,Sheffield,CH05,YouTube,598.11,48492,292,298,4,1,0,12017.52,11736.13,0,0,1.0425525864451042,0,,0
2024-01-15,G08,Sheffield,CH06,Display,334.56,67670,202,231,1,0,0,11162.42,11607.75,0,0,1.0425525864451042,0,,0
2024-01-15,G09,Edinburgh,CH01,Paid Search - Brand,464.47,5795,482,485,28,9,2,12844.62,12697.16,0,0,1.0425525864451042,0,,0
2024-01-15,G09,Edinburgh,CH02,Paid Search - Non-Brand,951.02,14915,660,683,22,5,1,14621.55,13578.87,0,0,1.0425525864451042,0,,0
2024-01-15,G09,Edinburgh,CH03,Paid Social,678.77,70734,831,962,22,6,2,13793.59,12861.22,0,0,1.0425525864451042,0,,0
2024-01-15,G09,Edinburgh,CH04,LinkedIn,638.1,18254,136,166,8,1,0,14719.85,14690.36,0,0,1.0425525864451042,0,,0
2024-01-15,G09,Edinburgh,CH05,YouTube,523.35,44426,251,299,4,1,0,12958.48,13224.24,0,0,1.0425525864451042,0,,0
2024-01-15,G09,Edinburgh,CH06,Display,339.63,67815,207,235,2,0,0,13704.13,13569.19,0,0,1.0425525864451042,0,,0
2024-01-15,G10,Cardiff,CH01,Paid Search - Brand,380.19,4663,397,415,23,7,2,11711.58,11627.47,0,0,1.0425525864451042,0,,0
2024-01-15,G10,Cardiff,CH02,Paid Search - Non-Brand,798.47,12040,535,586,20,7,2,12636.65,11647.75,0,0,1.0425525864451042,0,,0
2024-01-15,G10,Cardiff,CH03,Paid Social,726.7,72817,902,1017,26,4,1,11978.87,12482.19,0,0,1.0425525864451042,0,,0
2024-01-15,G10,Cardiff,CH04,LinkedIn,565.14,15898,126,146,7,1,0,12872.75,12290.18,0,0,1.0425525864451042,0,,0
2024-01-15,G10,Cardiff,CH05,YouTube,464.68,40018,241,286,4,1,0,14689.09,13709.48,0,0,1.0425525864451042,0,,0
2024-01-15,G10,Cardiff,CH06,Display,303.35,59698,175,191,1,0,0,10851.01,10677.77,0,0,1.0425525864451042,0,,0
2024-01-22,G01,London,CH01,Paid Search - Brand,1050.32,13383,1181,1248,75,25,10,26235.56,26838.9,0,0,1.0557667806452522,0,,0
2024-01-22,G01,London,CH02,Paid Search - Non-Brand,2173.9,33043,1618,1833,80,29,6,29326.52,28915.74,0,0,1.0557667806452522,0,,0
2024-01-22,G01,London,CH03,Paid Social,1832.77,177995,2181,2251,74,23,5,28746.64,29462.24,0,0,1.0557667806452522,0,,0
2024-01-22,G01,London,CH04,LinkedIn,1852.63,50302,415,509,19,6,1,33106.16,34244.86,0,0,1.0557667806452522,0,,0
2024-01-22,G01,London,CH05,YouTube,1227.0,100564,638,655,8,1,0,34192.39,33187.13,0,0,1.0557667806452522,0,,0
2024-01-22,G01,London,CH06,Display,805.81,156446,461,545,5,0,0,28080.25,27742.52,0,0,1.0557667806452522,0,,0
2024-01-22,G02,Manchester,CH01,Paid Search - Brand,696.21,8488,707,848,51,13,3,19019.4,19837.1,0,0,1.0557667806452522,0,,0
2024-01-22,G02,Manchester,CH02,Paid Search - Non-Brand,1691.67,25405,1124,1282,46,9,3,19997.74,20914.07,0,0,1.0557667806452522,0,,0
2024-01-22,G02,Manchester,CH03,Paid Social,1248.72,125958,1593,1936,61,13,4,22366.99,22207.28,0,0,1.0557667806452522,0,,0
2024-01-22,G02,Manchester,CH04,LinkedIn,1051.74,30047,232,269,9,3,0,25438.26,23737.22,0,0,1.0557667806452522,0,,0
2024-01-22,G02,Manchester,CH05,YouTube,925.83,76844,494,537,9,2,0,21259.01,21563.37,0,0,1.0557667806452522,0,,0
2024-01-22,G02,Manchester,CH06,Display,509.82,99398,307,338,3,1,0,20803.67,21679.65,0,0,1.0557667806452522,0,,0
2024-01-22,G03,Birmingham,CH01,Paid Search - Brand,680.23,8485,669,718,51,18,4,20826.33,18931.12,0,0,1.0557667806452522,0,,0
2024-01-22,G03,Birmingham,CH02,Paid Search - Non-Brand,1462.29,21670,1020,1106,47,9,3,19746.3,20260.86,0,0,1.0557667806452522,0,,0
2024-01-22,G03,Birmingham,CH03,Paid Social,1227.17,126342,1556,1884,61,13,3,16525.21,19107.04,0,0,1.0557667806452522,1,,0
2024-01-22,G03,Birmingham,CH04,LinkedIn,937.26,26840,228,246,11,2,0,18475.39,18659.58,0,0,1.0557667806452522,0,,0
2024-01-22,G03,Birmingham,CH05,YouTube,805.55,67263,412,424,5,1,0,19669.05,20170.34,0,0,1.0557667806452522,0,,0
2024-01-22,G03,Birmingham,CH06,Display,546.84,109669,344,371,4,0,0,24129.61,23997.7,0,0,1.0557667806452522,0,,0
2024-01-22,G04,Leeds,CH01,Paid Search - Brand,653.46,8350,708,871,58,12,4,15361.31,15640.36,0,0,1.0557667806452522,0,,0
2024-01-22,G04,Leeds,CH02,Paid Search - Non-Brand,1317.2,19849,876,1033,37,10,2,16063.34,15559.99,0,0,1.0557667806452522,0,,0
2024-01-22,G04,Leeds,CH03,Paid Social,1160.96,118313,1378,1475,44,15,3,15381.64,16194.71,0,0,1.0557667806452522,0,,0
2024-01-22,G04,Leeds,CH04,LinkedIn,808.32,22874,167,197,9,2,0,18192.08,17835.42,0,0,1.0557667806452522,0,,0
2024-01-22,G04,Leeds,CH05,YouTube,641.43,53712,328,355,5,1,0,17801.89,18048.93,0,0,1.0557667806452522,0,,0
2024-01-22,G04,Leeds,CH06,Display,450.81,91103,293,304,3,0,0,18726.28,17010.13,0,0,1.0557667806452522,0,,0
2024-01-22,G05,Bristol,CH01,Paid Search - Brand,516.93,6440,515,537,32,9,2,17545.13,16446.57,0,0,1.0557667806452522,0,,0
2024-01-22,G05,Bristol,CH02,Paid Search - Non-Brand,1118.66,17943,817,914,42,8,3,16095.35,16024.86,0,0,1.0557667806452522,0,,0
2024-01-22,G05,Bristol,CH03,Paid Social,959.01,93341,1098,1290,30,7,2,15183.43,16095.9,0,0,1.0557667806452522,0,,0
2024-01-22,G05,Bristol,CH04,LinkedIn,795.11,23489,183,217,8,2,0,16746.99,16190.75,0,0,1.0557667806452522,0,,0
2024-01-22,G05,Bristol,CH05,YouTube,690.92,58059,379,456,6,1,0,13167.87,13739.03,0,0,1.0557667806452522,0,,0
2024-01-22,G05,Bristol,CH06,Display,390.0,77132,234,264,3,1,0,14407.36,14773.07,0,0,1.0557667806452522,0,,0
2024-01-22,G06,Glasgow,CH01,Paid Search - Brand,546.85,6568,520,525,33,11,4,15407.11,15130.43,0,0,1.0557667806452522,0,,0
2024-01-22,G06,Glasgow,CH02,Paid Search - Non-Brand,905.95,14128,566,679,25,4,1,13352.23,13769.51,0,0,1.0557667806452522,0,,0
2024-01-22,G06,Glasgow,CH03,Paid Social,825.64,80663,1028,1205,33,7,2,11769.69,12280.04,0,0,1.0557667806452522,0,,0
2024-01-22,G06,Glasgow,CH04,LinkedIn,727.0,21421,170,189,9,2,0,14473.76,13434.41,0,0,1.0557667806452522,0,,0
2024-01-22,G06,Glasgow,CH05,YouTube,639.97,52697,320,328,5,1,0,14328.25,14065.4,0,0,1.0557667806452522,0,,0
2024-01-22,G06,Glasgow,CH06,Display,348.63,67020,196,239,2,0,0,13637.44,14047.62,0,0,1.0557667806452522,0,,0
2024-01-22,G07,Liverpool,CH01,Paid Search - Brand,506.24,6443,553,625,33,11,3,15107.62,13662.63,0,0,1.0557667806452522,0,,0
2024-01-22,G07,Liverpool,CH02,Paid Search - Non-Brand,1061.56,16424,698,708,28,9,2,12514.33,12638.67,0,0,1.0557667806452522,0,,0
2024-01-22,G07,Liverpool,CH03,Paid Social,938.59,95995,1183,1266,38,10,4,16133.03,15948.83,0,0,1.0557667806452522,0,,0
2024-01-22,G07,Liverpool,CH04,LinkedIn,788.09,22451,172,201,8,1,0,14330.46,13745.52,0,0,1.0557667806452522,0,,0
2024-01-22,G07,Liverpool,CH05,YouTube,644.83,54798,341,388,6,1,0,15184.21,14451.14,0,0,1.0557667806452522,0,,0
2024-01-22,G07,Liverpool,CH06,Display,359.25,68484,199,235,2,0,0,14349.81,14342.98,0,0,1.0557667806452522,0,,0
2024-01-22,G08,Sheffield,CH01,Paid Search - Brand,468.67,5746,473,540,29,9,3,12394.81,11539.18,0,0,1.0557667806452522,0,,0
2024-01-22,G08,Sheffield,CH02,Paid Search - Non-Brand,1025.53,15851,780,892,42,11,2,13241.47,13142.08,0,0,1.0557667806452522,0,,0
2024-01-22,G08,Sheffield,CH03,Paid Social,814.86,80994,956,1192,32,8,2,13097.98,12752.73,0,0,1.0557667806452522,0,,0
2024-01-22,G08,Sheffield,CH04,LinkedIn,661.6,18853,143,159,7,2,0,14103.9,13628.29,0,0,1.0557667806452522,0,,0
2024-01-22,G08,Sheffield,CH05,YouTube,564.82,46355,282,315,4,1,0,12286.2,12640.45,0,0,1.0557667806452522,0,,0
2024-01-22,G08,Sheffield,CH06,Display,338.38,68069,196,235,1,0,0,12482.62,12762.81,0,0,1.0557667806452522,0,,0
2024-01-22,G09,Edinburgh,CH01,Paid Search - Brand,434.34,5405,440,465,35,8,3,13545.02,12453.73,0,0,1.0557667806452522,0,,0
2024-01-22,G09,Edinburgh,CH02,Paid Search - Non-Brand,977.66,15655,675,733,30,10,3,13557.84,12298.13,0,0,1.0557667806452522,0,,0
2024-01-22,G09,Edinburgh,CH03,Paid Social,824.13,84962,953,1136,34,8,3,11782.53,11768.2,0,0,1.0557667806452522,0,,0
2024-01-22,G09,Edinburgh,CH04,LinkedIn,562.46,16178,122,139,5,1,0,14079.77,13391.08,0,0,1.0557667806452522,0,,0
2024-01-22,G09,Edinburgh,CH05,YouTube,474.2,39684,263,294,4,0,0,11939.66,11734.9,0,0,1.0557667806452522,0,,0
2024-01-22,G09,Edinburgh,CH06,Display,326.51,65103,195,222,2,0,0,11723.95,11541.08,0,0,1.0557667806452522,0,,0
2024-01-22,G10,Cardiff,CH01,Paid Search - Brand,444.63,5724,483,577,38,8,1,12897.84,13138.77,0,0,1.0557667806452522,0,,0
2024-01-22,G10,Cardiff,CH02,Paid Search - Non-Brand,815.02,12439,559,624,30,7,2,11863.97,11434.89,0,0,1.0557667806452522,0,,0
2024-01-22,G10,Cardiff,CH03,Paid Social,677.62,67083,726,773,24,5,1,10084.05,10426.98,0,0,1.0557667806452522,0,,0
2024-01-22,G10,Cardiff,CH04,LinkedIn,623.94,17890,141,173,8,1,0,12849.49,12500.98,0,0,1.0557667806452522,0,,0
2024-01-22,G10,Cardiff,CH05,YouTube,561.84,46739,255,301,4,0,0,13192.63,12213.34,0,0,1.0557667806452522,0,,0
2024-01-22,G10,Cardiff,CH06,Display,281.19,57436,166,174,2,0,0,11987.85,11629.28,0,0,1.0557667806452522,0,,0
2024-01-29,G01,London,CH01,Paid Search - Brand,959.44,11617,948,1152,85,18,3,29108.68,28576.34,0,0,1.0681677696077387,0,,0
2024-01-29,G01,London,CH02,Paid Search - Non-Brand,2264.89,34491,1599,1652,78,23,8,27509.63,27058.68,0,0,1.0681677696077387,0,,0
2024-01-29,G01,London,CH03,Paid Social,1560.22,154765,1841,1899,52,11,3,26519.72,26397.06,0,0,1.0681677696077387,1,,0
2024-01-29,G01,London,CH04,LinkedIn,1396.45,39948,280,297,12,2,0,28348.64,27472.95,0,0,1.0681677696077387,0,,0
2024-01-29,G01,London,CH05,YouTube,1139.08,88755,509,578,8,2,0,27407.14,28496.83,0,0,1.0681677696077387,0,,0
2024-01-29,G01,London,CH06,Display,755.56,153736,450,546,4,1,0,28339.72,28895.82,0,0,1.0681677696077387,0,,0
2024-01-29,G02,Manchester,CH01,Paid Search - Brand,742.42,9118,752,787,52,13,3,24756.03,22810.57,0,0,1.0681677696077387,0,,0
2024-01-29,G02,Manchester,CH02,Paid Search - Non-Brand,1501.19,23172,1048,1257,50,12,4,20203.41,20080.84,0,0,1.0681677696077387,0,,0
2024-01-29,G02,Manchester,CH03,Paid Social,1329.49,135951,1694,1925,58,20,7,22499.42,21827.6,0,0,1.0681677696077387,0,,0
2024-01-29,G02,Manchester,CH04,LinkedIn,1022.48,29966,229,265,11,2,0,20434.98,19310.0,0,0,1.0681677696077387,0,,0
2024-01-29,G02,Manchester,CH05,YouTube,800.84,68189,424,501,7,1,0,21682.84,21103.63,0,0,1.0681677696077387,0,,0
2024-01-29,G02,Manchester,CH06,Display,533.18,106177,330,405,4,1,0,23641.85,22674.11,0,0,1.0681677696077387,0,,0
2024-01-29,G03,Birmingham,CH01,Paid Search - Brand,690.79,8529,768,886,62,19,6,21629.87,19868.98,0,0,1.0681677696077387,0,,0
2024-01-29,G03,Birmingham,CH02,Paid Search - Non-Brand,1589.27,24400,1103,1372,54,10,3,20792.9,20124.03,0,0,1.0681677696077387,0,,0
2024-01-29,G03,Birmingham,CH03,Paid Social,1308.39,137730,1689,1774,55,15,3,18817.64,18622.63,0,0,1.0681677696077387,0,,0
2024-01-29,G03,Birmingham,CH04,LinkedIn,964.23,27483,208,241,12,4,1,17745.75,19160.63,0,0,1.0681677696077387,0,,0
2024-01-29,G03,Birmingham,CH05,YouTube,996.67,84549,510,572,7,1,0,18919.87,20194.17,0,0,1.0681677696077387,0,,0
2024-01-29,G03,Birmingham,CH06,Display,485.57,96389,277,333,2,0,0,19988.9,20116.91,0,0,1.0681677696077387,0,,0
2024-01-29,G04,Leeds,CH01,Paid Search - Brand,529.27,6557,585,640,42,8,3,20359.86,20640.16,0,0,1.0681677696077387,0,,0
2024-01-29,G04,Leeds,CH02,Paid Search - Non-Brand,1181.44,18723,828,847,29,7,1,17479.13,15894.86,0,0,1.0681677696077387,0,,0
2024-01-29,G04,Leeds,CH03,Paid Social,940.34,94981,1174,1179,34,9,2,18598.34,17900.99,0,0,1.0681677696077387,0,,0
2024-01-29,G04,Leeds,CH04,LinkedIn,824.88,23357,187,202,9,3,0,19588.18,17897.36,0,0,1.0681677696077387,0,,0
2024-01-29,G04,Leeds,CH05,YouTube,685.31,58830,328,380,6,2,0,16940.46,15722.16,0,0,1.0681677696077387,0,,0
2024-01-29,G04,Leeds,CH06,Display,383.32,75661,217,267,3,0,0,15805.34,14708.62,0,0,1.0681677696077387,0,,0
2024-01-29,G05,Bristol,CH01,Paid Search - Brand,547.94,7069,644,677,47,9,3,14850.33,15425.45,0,0,1.0681677696077387,0,,0
2024-01-29,G05,Bristol,CH02,Paid Search - Non-Brand,1154.94,17426,781,793,37,12,3,14456.54,13871.53,0,0,1.0681677696077387,0,,0
2024-01-29,G05,Bristol,CH03,Paid Social,899.85,89956,1122,1144,37,10,3,15243.5,15613.01,0,0,1.0681677696077387,0,,0
2024-01-29,G05,Bristol,CH04,LinkedIn,786.86,22200,171,189,7,2,0,16202.35,16353.64,0,0,1.0681677696077387,0,,0
2024-01-29,G05,Bristol,CH05,YouTube,631.32,52033,299,328,4,1,0,15363.61,14850.95,0,0,1.0681677696077387,0,,0
2024-01-29,G05,Bristol,CH06,Display,380.13,76620,230,264,2,0,0,16066.81,15864.22,0,0,1.0681677696077387,0,,0
2024-01-29,G06,Glasgow,CH01,Paid Search - Brand,464.42,5807,476,540,28,8,1,15952.53,15563.9,0,0,1.0681677696077387,0,,0
2024-01-29,G06,Glasgow,CH02,Paid Search - Non-Brand,1048.56,15983,696,784,29,7,1,15321.1,14059.59,0,0,1.0681677696077387,0,,0
2024-01-29,G06,Glasgow,CH03,Paid Social,815.07,81086,939,966,30,9,2,11479.06,12744.23,0,0,1.0681677696077387,1,,0
2024-01-29,G06,Glasgow,CH04,LinkedIn,645.4,18081,143,149,5,1,0,16211.15,15268.67,0,0,1.0681677696077387,0,,0
2024-01-29,G06,Glasgow,CH05,YouTube,570.34,45668,278,293,5,0,0,15336.05,14567.44,0,0,1.0681677696077387,0,,0
2024-01-29,G06,Glasgow,CH06,Display,376.57,75652,221,242,2,0,0,14984.36,15461.92,0,0,1.0681677696077387,0,,0
2024-01-29,G07,Liverpool,CH01,Paid Search - Brand,501.74,6082,518,574,39,13,5,15053.75,15332.12,0,0,1.0681677696077387,0,,0
2024-01-29,G07,Liverpool,CH02,Paid Search - Non-Brand,1077.86,16170,689,829,31,9,3,15430.37,14412.29,0,0,1.0681677696077387,0,,0
2024-01-29,G07,Liverpool,CH03,Paid Social,798.16,78573,989,1055,24,5,1,14637.56,15527.79,0,0,1.0681677696077387,1,,0
2024-01-29,G07,Liverpool,CH04,LinkedIn,652.59,18575,144,151,6,1,0,15192.17,15016.89,0,0,1.0681677696077387,0,,0
2024-01-29,G07,Liverpool,CH05,YouTube,653.15,52888,338,394,6,1,0,16277.31,14885.31,0,0,1.0681677696077387,0,,0
2024-01-29,G07,Liverpool,CH06,Display,356.59,67857,189,210,2,0,0,11378.22,13045.38,0,0,1.0681677696077387,1,,0
2024-01-29,G08,Sheffield,CH01,Paid Search - Brand,443.81,5553,495,535,37,12,4,13735.16,12632.22,0,0,1.0681677696077387,0,,0
2024-01-29,G08,Sheffield,CH02,Paid Search - Non-Brand,915.92,13686,586,683,31,11,3,12581.49,12452.99,0,0,1.0681677696077387,0,,0
2024-01-29,G08,Sheffield,CH03,Paid Social,784.18,81041,931,1161,32,9,3,15717.19,14680.88,0,0,1.0681677696077387,0,,0
2024-01-29,G08,Sheffield,CH04,LinkedIn,724.08,20623,174,194,7,2,0,12031.39,12606.13,0,0,1.0681677696077387,0,,0
2024-01-29,G08,Sheffield,CH05,YouTube,506.42,42870,239,278,4,1,0,14341.79,14055.12,0,0,1.0681677696077387,0,,0
2024-01-29,G08,Sheffield,CH06,Display,315.25,60649,174,187,2,0,0,14780.01,15101.97,0,0,1.0681677696077387,0,,0
2024-01-29,G09,Edinburgh,CH01,Paid Search - Brand,448.81,5473,454,462,26,9,2,15142.72,14680.92,0,0,1.0681677696077387,0,,0
2024-01-29,G09,Edinburgh,CH02,Paid Search - Non-Brand,788.68,12233,604,686,30,9,2,13954.81,13437.06,0,0,1.0681677696077387,0,,0
2024-01-29,G09,Edinburgh,CH03,Paid Social,691.1,67199,786,931,24,6,2,13596.9,13241.05,0,0,1.0681677696077387,0,,0
2024-01-29,G09,Edinburgh,CH04,LinkedIn,606.43,17314,134,143,7,1,0,13427.32,12381.16,0,0,1.0681677696077387,0,,0
2024-01-29,G09,Edinburgh,CH05,YouTube,528.49,43451,253,307,4,1,0,12686.71,12308.62,0,0,1.0681677696077387,0,,0
2024-01-29,G09,Edinburgh,CH06,Display,290.66,57748,176,192,1,0,0,10838.78,10588.16,0,0,1.0681677696077387,0,,0
2024-01-29,G10,Cardiff,CH01,Paid Search - Brand,385.78,4948,419,486,29,7,2,12845.11,12286.71,0,0,1.0681677696077387,0,,0
2024-01-29,G10,Cardiff,CH02,Paid Search - Non-Brand,859.42,13515,618,622,23,4,1,12653.91,12007.23,0,0,1.0681677696077387,0,,0
2024-01-29,G10,Cardiff,CH03,Paid Social,618.92,62140,712,800,20,5,1,12816.16,12366.15,0,0,1.0681677696077387,0,,0
2024-01-29,G10,Cardiff,CH04,LinkedIn,536.32,15423,121,129,4,1,0,12955.08,13614.54,0,0,1.0681677696077387,0,,0
2024-01-29,G10,Cardiff,CH05,YouTube,460.23,37304,215,242,2,0,0,11314.98,11510.34,0,0,1.0681677696077387,0,,0
2024-01-29,G10,Cardiff,CH06,Display,299.8,59647,181,214,2,0,0,10688.8,10807.22,0,0,1.0681677696077387,0,,0
2024-02-05,G01,London,CH01,Paid Search - Brand,1056.17,12809,1076,1097,81,24,6,30820.75,31896.25,0,0,1.0795747189888953,0,,0
2024-02-05,G01,London,CH02,Paid Search - Non-Brand,2089.51,32464,1468,1538,73,25,7,32095.01,30705.69,0,0,1.0795747189888953,0,,0
2024-02-05,G01,London,CH03,Paid Social,1778.08,178291,2081,2430,74,15,4,31536.45,33234.2,0,0,1.0795747189888953,0,,0
2024-02-05,G01,London,CH04,LinkedIn,1541.59,46160,361,367,16,4,0,29979.08,28410.77,0,0,1.0795747189888953,0,,0
2024-02-05,G01,London,CH05,YouTube,1405.16,117680,701,862,13,3,0,31256.81,29262.6,0,0,1.0795747189888953,0,,0
2024-02-05,G01,London,CH06,Display,753.34,149695,438,541,5,1,0,28870.38,29417.51,0,0,1.0795747189888953,0,,0
2024-02-05,G02,Manchester,CH01,Paid Search - Brand,744.42,9256,738,780,54,16,6,19967.14,19895.87,0,0,1.0795747189888953,0,,0
2024-02-05,G02,Manchester,CH02,Paid Search - Non-Brand,1407.75,21125,954,1036,42,13,5,22082.9,21150.13,0,0,1.0795747189888953,0,,0
2024-02-05,G02,Manchester,CH03,Paid Social,1134.07,114962,1384,1512,40,14,5,19653.8,20532.12,0,0,1.0795747189888953,0,,0
2024-02-05,G02,Manchester,CH04,LinkedIn,911.08,26095,219,219,10,2,0,19025.45,18991.2,0,0,1.0795747189888953,0,,0
2024-02-05,G02,Manchester,CH05,YouTube,912.59,75415,514,543,6,1,0,24438.67,23088.67,0,0,1.0795747189888953,0,,0
2024-02-05,G02,Manchester,CH06,Display,534.99,106406,321,397,4,0,0,20962.49,20870.44,0,0,1.0795747189888953,0,,0
2024-02-05,G03,Birmingham,CH01,Paid Search - Brand,697.63,8620,826,864,59,21,8,19962.86,18821.22,0,0,1.0795747189888953,0,,0
2024-02-05,G03,Birmingham,CH02,Paid Search - Non-Brand,1437.14,22252,1012,1064,51,16,4,21739.65,20422.34,0,0,1.0795747189888953,0,,0
2024-02-05,G03,Birmingham,CH03,Paid Social,1230.57,124953,1681,1939,49,16,3,24871.88,25562.47,0,0,1.0795747189888953,0,,0
2024-02-05,G03,Birmingham,CH04,LinkedIn,935.21,26791,204,207,7,2,0,21787.13,21185.63,0,0,1.0795747189888953,0,,0
2024-02-05,G03,Birmingham,CH05,YouTube,699.84,56887,305,332,4,1,0,19995.27,21116.28,0,0,1.0795747189888953,0,,0
2024-02-05,G03,Birmingham,CH06,Display,493.6,99200,319,355,4,0,0,23904.71,23165.06,0,0,1.0795747189888953,0,,0
2024-02-05,G04,Leeds,CH01,Paid Search - Brand,582.74,7353,651,715,52,13,5,16830.44,17098.62,0,0,1.0795747189888953,0,,0
2024-02-05,G04,Leeds,CH02,Paid Search - Non-Brand,1190.89,18810,790,935,41,14,3,18082.0,17996.14,0,0,1.0795747189888953,0,,0
2024-02-05,G04,Leeds,CH03,Paid Social,831.11,84506,1074,1298,30,7,2,17472.59,18046.21,0,0,1.0795747189888953,0,,0
2024-02-05,G04,Leeds,CH04,LinkedIn,799.45,21894,180,219,11,3,0,18672.62,17990.08,0,0,1.0795747189888953,0,,0
2024-02-05,G04,Leeds,CH05,YouTube,581.13,50754,275,308,4,0,0,17857.99,18223.59,0,0,1.0795747189888953,0,,0
2024-02-05,G04,Leeds,CH06,Display,435.94,86732,250,293,3,0,0,17163.17,16071.42,0,0,1.0795747189888953,0,,0
2024-02-05,G05,Bristol,CH01,Paid Search - Brand,498.13,6193,543,601,42,8,2,14455.38,14327.24,0,0,1.0795747189888953,0,,0
2024-02-05,G05,Bristol,CH02,Paid Search - Non-Brand,1108.13,17106,798,965,34,8,3,17000.32,15824.84,0,0,1.0795747189888953,0,,0
2024-02-05,G05,Bristol,CH03,Paid Social,909.0,88998,1101,1292,33,11,3,17363.71,16750.75,0,0,1.0795747189888953,0,,0
2024-02-05,G05,Bristol,CH04,LinkedIn,819.93,23313,178,203,10,3,1,15832.73,16161.05,0,0,1.0795747189888953,0,,0
2024-02-05,G05,Bristol,CH05,YouTube,629.85,52978,326,331,4,1,0,17050.24,16819.76,0,0,1.0795747189888953,0,,0
2024-02-05,G05,Bristol,CH06,Display,332.88,66324,183,185,2,0,0,15906.52,16224.72,0,0,1.0795747189888953,0,,0
2024-02-05,G06,Glasgow,CH01,Paid Search - Brand,488.43,6194,500,603,41,14,6,15476.27,15244.64,0,0,1.0795747189888953,0,,0
2024-02-05,G06,Glasgow,CH02,Paid Search - Non-Brand,1025.36,15366,671,746,30,8,2,14903.17,14340.36,0,0,1.0795747189888953,0,,0
2024-02-05,G06,Glasgow,CH03,Paid Social,860.53,86909,996,1126,36,8,2,15475.46,14974.07,0,0,1.0795747189888953,0,,0
2024-02-05,G06,Glasgow,CH04,LinkedIn,655.35,18811,152,174,8,2,0,14042.4,13411.82,0,0,1.0795747189888953,0,,0
2024-02-05,G06,Glasgow,CH05,YouTube,587.68,48682,283,323,5,1,0,14882.65,14159.97,0,0,1.0795747189888953,0,,0
2024-02-05,G06,Glasgow,CH06,Display,349.28,69602,207,221,2,0,0,14835.36,15017.62,0,0,1.0795747189888953,0,,0
2024-02-05,G07,Liverpool,CH01,Paid Search - Brand,431.15,5491,447,523,34,6,1,16259.12,16927.59,0,0,1.0795747189888953,0,,0
2024-02-05,G07,Liverpool,CH02,Paid Search - Non-Brand,1139.63,16970,749,860,38,8,3,15383.33,14563.14,0,0,1.0795747189888953,0,,0
2024-02-05,G07,Liverpool,CH03,Paid Social,976.63,97528,1095,1228,40,8,3,14244.45,15082.38,0,0,1.0795747189888953,0,,0
2024-02-05,G07,Liverpool,CH04,LinkedIn,621.82,18159,139,139,6,1,0,13915.91,14892.54,0,0,1.0795747189888953,0,,0
2024-02-05,G07,Liverpool,CH05,YouTube,534.67,44421,273,301,4,1,0,13634.95,13134.79,0,0,1.0795747189888953,0,,0
2024-02-05,G07,Liverpool,CH06,Display,374.75,74677,221,256,2,0,0,15895.2,15422.7,0,0,1.0795747189888953,0,,0
2024-02-05,G08,Sheffield,CH01,Paid Search - Brand,415.25,5098,417,432,26,9,2,12777.16,13407.48,0,0,1.0795747189888953,0,,0
2024-02-05,G08,Sheffield,CH02,Paid Search - Non-Brand,1052.11,16366,680,753,34,9,4,14870.68,14038.39,0,0,1.0795747189888953,0,,0
2024-02-05,G08,Sheffield,CH03,Paid Social,692.03,67435,822,912,24,4,1,12328.37,12159.01,0,0,1.0795747189888953,0,,0
2024-02-05,G08,Sheffield,CH04,LinkedIn,546.13,15445,125,143,6,2,0,15241.37,13696.26,0,0,1.0795747189888953,0,,0
2024-02-05,G08,Sheffield,CH05,YouTube,534.74,44188,273,277,4,0,0,13493.77,12811.48,0,0,1.0795747189888953,0,,0
2024-02-05,G08,Sheffield,CH06,Display,285.05,57084,165,193,1,0,0,15310.45,14871.35,0,0,1.0795747189888953,0,,0
2024-02-05,G09,Edinburgh,CH01,Paid Search - Brand,443.65,5745,485,573,38,14,3,14660.7,14022.01,0,0,1.0795747189888953,0,,0
2024-02-05,G09,Edinburgh,CH02,Paid Search - Non-Brand,877.13,12985,585,680,27,8,2,13036.42,13230.94,0,0,1.0795747189888953,0,,0
2024-02-05,G09,Edinburgh,CH03,Paid Social,705.41,71213,798,973,25,8,2,13125.8,12662.93,0,0,1.0795747189888953,0,,0
2024-02-05,G09,Edinburgh,CH04,LinkedIn,525.18,14392,112,119,4,0,0,12983.89,13290.77,0,0,1.0795747189888953,0,,0
2024-02-05,G09,Edinburgh,CH05,YouTube,514.89,43780,261,268,3,0,0,12844.31,12596.26,0,0,1.0795747189888953,0,,0
2024-02-05,G09,Edinburgh,CH06,Display,313.47,63158,182,223,2,0,0,13948.39,13337.46,0,0,1.0795747189888953,0,,0
2024-02-05,G10,Cardiff,CH01,Paid Search - Brand,477.91,5965,546,672,40,12,2,10668.61,10764.94,0,0,1.0795747189888953,0,,0
2024-02-05,G10,Cardiff,CH02,Paid Search - Non-Brand,824.88,12595,557,695,32,10,2,10710.86,10929.31,0,0,1.0795747189888953,0,,0
2024-02-05,G10,Cardiff,CH03,Paid Social,625.1,63512,712,769,23,6,1,10767.98,11357.2,0,0,1.0795747189888953,0,,0
2024-02-05,G10,Cardiff,CH04,LinkedIn,553.03,15709,133,143,5,1,0,12535.16,11488.9,0,0,1.0795747189888953,0,,0
2024-02-05,G10,Cardiff,CH05,YouTube,484.46,40954,241,259,3,0,0,11684.29,11012.62,0,0,1.0795747189888953,0,,0
2024-02-05,G10,Cardiff,CH06,Display,292.09,59986,181,217,1,0,0,12457.98,12334.01,0,0,1.0795747189888953,0,,0
2024-02-12,G01,London,CH01,Paid Search - Brand,1184.55,15066,1203,1356,93,20,5,32179.6,31802.24,0,0,1.0898212897805322,0,,0
2024-02-12,G01,London,CH02,Paid Search - Non-Brand,2111.63,32762,1495,1592,69,16,6,30041.96,29584.28,0,0,1.0898212897805322,0,,0
2024-02-12,G01,London,CH03,Paid Social,1654.21,162788,1996,2082,59,20,4,30010.24,30140.12,0,0,1.0898212897805322,0,,0
2024-02-12,G01,London,CH04,LinkedIn,1485.99,41785,329,387,20,7,2,35118.95,33409.25,0,0,1.0898212897805322,0,,0
2024-02-12,G01,London,CH05,YouTube,1445.89,122504,666,763,11,2,0,30326.52,29090.53,0,0,1.0898212897805322,0,,0
2024-02-12,G01,London,CH06,Display,640.99,129572,422,447,4,0,0,29637.12,29591.8,0,0,1.0898212897805322,0,,0
2024-02-12,G02,Manchester,CH01,Paid Search - Brand,784.91,9887,853,957,58,19,5,19490.2,19559.13,0,0,1.0898212897805322,0,,0
2024-02-12,G02,Manchester,CH02,Paid Search - Non-Brand,1571.41,24293,1089,1176,51,12,5,22783.41,23157.41,0,0,1.0898212897805322,0,,0
2024-02-12,G02,Manchester,CH03,Paid Social,1354.41,132268,1626,1726,48,14,4,20064.76,20630.31,0,0,1.0898212897805322,0,,0
2024-02-12,G02,Manchester,CH04,LinkedIn,946.03,27122,218,242,11,2,0,23352.15,23454.82,0,0,1.0898212897805322,0,,0
2024-02-12,G02,Manchester,CH05,YouTube,970.24,78495,483,489,6,1,0,27072.57,24611.72,0,0,1.0898212897805322,0,,0
2024-02-12,G02,Manchester,CH06,Display,446.46,88596,248,267,2,0,0,23111.09,23902.64,0,0,1.0898212897805322,0,,0
2024-02-12,G03,Birmingham,CH01,Paid Search - Brand,665.36,8559,740,749,44,10,3,20986.93,22277.31,0,0,1.0898212897805322,0,,0
2024-02-12,G03,Birmingham,CH02,Paid Search - Non-Brand,1464.89,22916,987,1015,40,13,3,20873.74,20325.48,0,0,1.0898212897805322,0,,0
2024-02-12,G03,Birmingham,CH03,Paid Social,1124.03,110731,1268,1455,35,12,5,18579.07,20746.72,0,0,1.0898212897805322,0,,0
2024-02-12,G03,Birmingham,CH04,LinkedIn,946.99,26993,198,217,10,2,0,19430.34,19346.76,0,0,1.0898212897805322,0,,0
2024-02-12,G03,Birmingham,CH05,YouTube,753.87,61830,379,470,6,1,0,21934.14,21694.13,0,0,1.0898212897805322,0,,0
2024-02-12,G03,Birmingham,CH06,Display,528.64,108278,327,327,2,0,0,20046.03,19271.0,0,0,1.0898212897805322,0,,0
2024-02-12,G04,Leeds,CH01,Paid Search - Brand,549.88,6763,538,582,37,10,4,17557.69,16841.45,0,0,1.0898212897805322,0,,0
2024-02-12,G04,Leeds,CH02,Paid Search - Non-Brand,1214.45,19028,824,896,44,15,6,16775.26,17133.56,0,0,1.0898212897805322,0,,0
2024-02-12,G04,Leeds,CH03,Paid Social,890.12,89796,1098,1235,41,13,5,16594.89,17412.42,0,0,1.0898212897805322,0,,0
2024-02-12,G04,Leeds,CH04,LinkedIn,713.6,20053,142,149,6,1,0,17980.55,17320.76,0,0,1.0898212897805322,0,,0
2024-02-12,G04,Leeds,CH05,YouTube,672.67,56012,312,351,5,1,0,15583.31,15493.64,0,0,1.0898212897805322,0,,0
2024-02-12,G04,Leeds,CH06,Display,393.28,80389,236,250,2,0,0,14929.52,15510.99,0,0,1.0898212897805322,0,,0
2024-02-12,G05,Bristol,CH01,Paid Search - Brand,516.22,6305,525,579,42,9,3,16332.81,15540.59,0,0,1.0898212897805322,0,,0
2024-02-12,G05,Bristol,CH02,Paid Search - Non-Brand,1079.33,15781,685,712,24,6,2,16797.31,15583.36,0,0,1.0898212897805322,0,,0
2024-02-12,G05,Bristol,CH03,Paid Social,917.75,88677,1035,1151,31,9,2,15991.09,15898.71,0,0,1.0898212897805322,0,,0
2024-02-12,G05,Bristol,CH04,LinkedIn,741.42,21635,172,172,6,1,0,16186.41,15461.79,0,0,1.0898212897805322,0,,0
2024-02-12,G05,Bristol,CH05,YouTube,524.15,42068,253,309,4,1,0,16498.96,16843.19,0,0,1.0898212897805322,0,,0
2024-02-12,G05,Bristol,CH06,Display,321.41,62536,180,180,1,0,0,17638.46,17406.44,0,0,1.0898212897805322,0,,0
2024-02-12,G06,Glasgow,CH01,Paid Search - Brand,437.01,5264,450,492,31,11,3,15848.94,15031.61,0,0,1.0898212897805322,0,,0
2024-02-12,G06,Glasgow,CH02,Paid Search - Non-Brand,983.24,15272,679,735,31,10,2,16051.68,15439.06,0,0,1.0898212897805322,0,,0
2024-02-12,G06,Glasgow,CH03,Paid Social,1033.76,104051,1241,1488,39,9,2,15017.24,14553.09,0,0,1.0898212897805322,0,,0
2024-02-12,G06,Glasgow,CH04,LinkedIn,622.56,17626,138,162,6,1,0,15733.32,15432.02,0,0,1.0898212897805322,0,,0
2024-02-12,G06,Glasgow,CH05,YouTube,542.44,44338,275,298,4,0,0,13586.56,13607.97,0,0,1.0898212897805322,0,,0
2024-02-12,G06,Glasgow,CH06,Display,350.62,70847,208,252,2,0,0,13125.81,12459.69,0,0,1.0898212897805322,0,,0
2024-02-12,G07,Liverpool,CH01,Paid Search - Brand,449.78,5666,481,502,33,8,2,14876.39,14699.66,0,0,1.0898212897805322,0,,0
2024-02-12,G07,Liverpool,CH02,Paid Search - Non-Brand,983.63,15253,632,716,27,5,1,15600.97,14870.51,0,0,1.0898212897805322,0,,0
2024-02-12,G07,Liverpool,CH03,Paid Social,848.18,84650,958,1142,29,11,4,14193.05,15113.29,0,0,1.0898212897805322,0,,0
2024-02-12,G07,Liverpool,CH04,LinkedIn,659.5,19290,154,177,7,2,0,16647.97,15222.11,0,0,1.0898212897805322,0,,0
2024-02-12,G07,Liverpool,CH05,YouTube,547.49,47077,292,359,6,1,0,16920.3,17329.75,0,0,1.0898212897805322,0,,0
2024-02-12,G07,Liverpool,CH06,Display,383.05,76846,226,253,2,0,0,13965.16,13897.96,0,0,1.0898212897805322,0,,0
2024-02-12,G08,Sheffield,CH01,Paid Search - Brand,482.71,6146,561,603,40,11,3,12547.74,12744.75,0,0,1.0898212897805322,0,,0
2024-02-12,G08,Sheffield,CH02,Paid Search - Non-Brand,887.86,13693,602,666,32,12,5,12767.99,12689.46,0,0,1.0898212897805322,0,,0
2024-02-12,G08,Sheffield,CH03,Paid Social,699.71,71485,857,965,26,7,2,16071.17,14791.44,0,0,1.0898212897805322,0,,0
2024-02-12,G08,Sheffield,CH04,LinkedIn,590.61,16530,124,146,7,1,0,14517.18,14806.25,0,0,1.0898212897805322,0,,0
2024-02-12,G08,Sheffield,CH05,YouTube,483.77,40586,227,244,4,1,0,12072.86,12240.93,0,0,1.0898212897805322,0,,0
2024-02-12,G08,Sheffield,CH06,Display,317.26,64384,178,222,2,0,0,12813.05,13679.56,0,0,1.0898212897805322,0,,0
2024-02-12,G09,Edinburgh,CH01,Paid Search - Brand,448.24,5705,439,471,25,8,3,12054.24,12282.78,0,0,1.0898212897805322,0,,0
2024-02-12,G09,Edinburgh,CH02,Paid Search - Non-Brand,846.54,12474,569,709,33,8,2,12425.12,12574.41,0,0,1.0898212897805322,0,,0
2024-02-12,G09,Edinburgh,CH03,Paid Social,704.07,69373,869,1077,25,7,1,11693.84,11164.72,0,0,1.0898212897805322,0,,0
2024-02-12,G09,Edinburgh,CH04,LinkedIn,592.09,17143,129,136,6,1,0,11316.72,11597.18,0,0,1.0898212897805322,0,,0
2024-02-12,G09,Edinburgh,CH05,YouTube,499.9,41755,232,238,3,1,0,13369.56,13359.14,0,0,1.0898212897805322,0,,0
2024-02-12,G09,Edinburgh,CH06,Display,310.38,61524,187,225,1,0,0,13350.06,13201.11,0,0,1.0898212897805322,0,,0
2024-02-12,G10,Cardiff,CH01,Paid Search - Brand,420.02,5337,476,562,43,8,2,12367.31,11516.77,0,0,1.0898212897805322,0,,0
2024-02-12,G10,Cardiff,CH02,Paid Search - Non-Brand,826.48,12665,580,681,23,7,1,12718.8,11978.85,0,0,1.0898212897805322,0,,0
2024-02-12,G10,Cardiff,CH03,Paid Social,624.31,61500,773,840,23,6,1,12256.1,12118.74,0,0,1.0898212897805322,0,,0
2024-02-12,G10,Cardiff,CH04,LinkedIn,498.41,14187,107,111,5,1,0,12229.97,11445.4,0,0,1.0898212897805322,0,,0
2024-02-12,G10,Cardiff,CH05,YouTube,484.94,41736,245,246,3,0,0,13028.64,12722.34,0,0,1.0898212897805322,0,,0
2024-02-12,G10,Cardiff,CH06,Display,312.96,64142,196,238,2,0,0,12013.5,11722.77,0,0,1.0898212897805322,0,,0
2024-02-19,G01,London,CH01,Paid Search - Brand,1011.33,12778,1040,1269,90,28,6,32981.44,32590.16,0,0,1.0987580639072387,0,,0
2024-02-19,G01,London,CH02,Paid Search - Non-Brand,2287.67,35653,1600,1803,77,19,4,33433.84,31862.63,0,0,1.0987580639072387,0,,0
2024-02-19,G01,London,CH03,Paid Social,1487.15,147485,1803,1964,56,15,5,32038.32,31526.37,0,0,1.0987580639072387,0,,0
2024-02-19,G01,London,CH04,LinkedIn,1470.41,42322,345,408,20,6,1,30709.1,29437.45,0,0,1.0987580639072387,0,,0
2024-02-19,G01,London,CH05,YouTube,1304.53,107309,628,711,9,1,0,32660.51,31408.51,0,0,1.0987580639072387,0,,0
2024-02-19,G01,London,CH06,Display,733.73,145373,427,452,3,0,0,31932.66,33213.24,0,0,1.0987580639072387,0,,0
2024-02-19,G02,Manchester,CH01,Paid Search - Brand,753.95,9561,870,881,63,22,6,22643.43,21366.39,0,0,1.0987580639072387,0,,0
2024-02-19,G02,Manchester,CH02,Paid Search - Non-Brand,1370.27,21444,1000,1239,56,15,3,21898.19,21852.4,0,0,1.0987580639072387,0,,0
2024-02-19,G02,Manchester,CH03,Paid Social,1294.22,131519,1561,1844,60,21,7,23541.36,24255.22,0,0,1.0987580639072387,0,,0
2024-02-19,G02,Manchester,CH04,LinkedIn,903.99,25105,178,194,10,2,0,21897.02,22321.0,0,0,1.0987580639072387,0,,0
2024-02-19,G02,Manchester,CH05,YouTube,882.02,71492,442,503,9,1,0,25579.97,23618.78,0,0,1.0987580639072387,0,,0
2024-02-19,G02,Manchester,CH06,Display,520.27,107086,318,333,3,1,0,22107.09,21734.3,0,0,1.0987580639072387,0,,0
2024-02-19,G03,Birmingham,CH01,Paid Search - Brand,739.24,9515,814,1003,55,17,4,22991.65,21542.86,0,0,1.0987580639072387,0,,0
2024-02-19,G03,Birmingham,CH02,Paid Search - Non-Brand,1567.69,23764,1097,1288,44,15,3,21825.66,20412.83,0,0,1.0987580639072387,0,,0
2024-02-19,G03,Birmingham,CH03,Paid Social,1126.07,115275,1374,1568,45,13,5,18986.9,18110.93,0,0,1.0987580639072387,0,,0
2024-02-19,G03,Birmingham,CH04,LinkedIn,886.24,25873,214,232,8,2,0,19882.43,19981.96,0,0,1.0987580639072387,0,,0
2024-02-19,G03,Birmingham,CH05,YouTube,916.97,76902,452,493,6,2,0,22734.84,21329.18,0,0,1.0987580639072387,0,,0
2024-02-19,G03,Birmingham,CH06,Display,515.8,100735,289,323,3,1,0,21949.82,20582.88,0,0,1.0987580639072387,0,,0
2024-02-19,G04,Leeds,CH01,Paid Search - Brand,594.36,7383,588,673,48,14,4,18692.65,18887.44,0,0,1.0987580639072387,0,,0
2024-02-19,G04,Leeds,CH02,Paid Search - Non-Brand,1288.61,20188,943,1080,39,9,3,17932.27,18567.56,0,0,1.0987580639072387,0,,0
2024-02-19,G04,Leeds,CH03,Paid Social,992.31,99722,1239,1540,35,10,4,16676.99,16707.47,0,0,1.0987580639072387,0,,0
2024-02-19,G04,Leeds,CH04,LinkedIn,912.87,27025,214,258,12,4,1,17188.53,17430.88,0,0,1.0987580639072387,0,,0
2024-02-19,G04,Leeds,CH05,YouTube,733.48,60053,353,409,7,2,0,18384.8,17113.64,0,0,1.0987580639072387,0,,0
2024-02-19,G04,Leeds,CH06,Display,450.88,91096,265,279,3,0,0,19028.35,18134.67,0,0,1.0987580639072387,0,,0
2024-02-19,G05,Bristol,CH01,Paid Search - Brand,553.33,6802,557,658,41,14,4,18188.2,17022.59,0,0,1.0987580639072387,0,,0
2024-02-19,G05,Bristol,CH02,Paid Search - Non-Brand,1207.71,19044,876,888,32,8,3,17220.95,16728.62,0,0,1.0987580639072387,0,,0
2024-02-19,G05,Bristol,CH03,Paid Social,987.55,97695,1140,1143,28,10,3,16233.46,16166.72,0,0,1.0987580639072387,0,,0
2024-02-19,G05,Bristol,CH04,LinkedIn,705.73,19847,156,157,5,1,0,15000.01,16214.39,0,0,1.0987580639072387,0,,0
2024-02-19,G05,Bristol,CH05,YouTube,599.14,50129,294,335,5,1,0,16683.86,16381.57,0,0,1.0987580639072387,0,,0
2024-02-19,G05,Bristol,CH06,Display,420.04,83723,243,263,2,0,0,15694.31,15545.96,0,0,1.0987580639072387,0,,0
2024-02-19,G06,Glasgow,CH01,Paid Search - Brand,448.24,5759,479,576,30,6,2,12784.12,13513.6,0,0,1.0987580639072387,0,,0
2024-02-19,G06,Glasgow,CH02,Paid Search - Non-Brand,1074.99,16862,797,965,47,9,3,14186.01,14722.36,0,0,1.0987580639072387,0,,0
2024-02-19,G06,Glasgow,CH03,Paid Social,785.8,79117,973,1062,34,9,3,14432.35,14265.5,0,0,1.0987580639072387,0,,0
2024-02-19,G06,Glasgow,CH04,LinkedIn,649.72,18589,144,166,7,2,0,14673.49,15501.04,0,0,1.0987580639072387,1,,0
2024-02-19,G06,Glasgow,CH05,YouTube,530.7,45411,270,287,4,0,0,14866.0,14276.39,0,0,1.0987580639072387,0,,0
2024-02-19,G06,Glasgow,CH06,Display,332.91,67221,182,201,2,0,0,11967.78,12662.68,0,0,1.0987580639072387,0,,0
2024-02-19,G07,Liverpool,CH01,Paid Search - Brand,541.86,6811,666,732,44,11,2,15205.04,16157.78,0,0,1.0987580639072387,0,,0
2024-02-19,G07,Liverpool,CH02,Paid Search - Non-Brand,1054.58,16364,656,781,36,7,1,15832.48,15177.41,0,0,1.0987580639072387,0,,0
2024-02-19,G07,Liverpool,CH03,Paid Social,750.35,76008,880,884,22,7,1,16146.22,16006.8,0,0,1.0987580639072387,0,,0
2024-02-19,G07,Liverpool,CH04,LinkedIn,684.18,19808,155,171,7,2,0,16176.2,15773.33,0,0,1.0987580639072387,0,,0
2024-02-19,G07,Liverpool,CH05,YouTube,622.28,54853,313,337,5,1,0,14941.73,14679.71,0,0,1.0987580639072387,0,,0
2024-02-19,G07,Liverpool,CH06,Display,371.21,74757,209,231,2,0,0,16051.04,16003.37,0,0,1.0987580639072387,0,,0
2024-02-19,G08,Sheffield,CH01,Paid Search - Brand,446.72,5596,480,533,30,10,2,15728.49,15407.14,0,0,1.0987580639072387,0,,0
2024-02-19,G08,Sheffield,CH02,Paid Search - Non-Brand,909.29,13552,606,722,33,6,1,13282.14,13656.53,0,0,1.0987580639072387,0,,0
2024-02-19,G08,Sheffield,CH03,Paid Social,705.37,71139,899,1110,32,7,3,12197.65,12313.89,0,0,1.0987580639072387,0,,0
2024-02-19,G08,Sheffield,CH04,LinkedIn,626.92,18217,139,155,6,1,0,12705.87,13419.57,0,0,1.0987580639072387,0,,0
2024-02-19,G08,Sheffield,CH05,YouTube,561.53,46983,278,322,4,0,0,13641.43,13318.22,0,0,1.0987580639072387,0,,0
2024-02-19,G08,Sheffield,CH06,Display,338.32,68657,210,219,2,0,0,15208.52,14179.9,0,0,1.0987580639072387,0,,0
2024-02-19,G09,Edinburgh,CH01,Paid Search - Brand,399.91,4982,437,518,36,13,4,13657.99,13765.45,0,0,1.0987580639072387,0,,0
2024-02-19,G09,Edinburgh,CH02,Paid Search - Non-Brand,980.57,14769,653,780,34,10,2,12736.51,12644.63,0,0,1.0987580639072387,0,,0
2024-02-19,G09,Edinburgh,CH03,Paid Social,700.44,68323,773,877,26,8,3,14489.84,14763.14,0,0,1.0987580639072387,0,,0
2024-02-19,G09,Edinburgh,CH04,LinkedIn,608.4,17385,128,158,5,1,0,14543.91,15008.49,0,0,1.0987580639072387,0,,0
2024-02-19,G09,Edinburgh,CH05,YouTube,521.22,42358,260,274,3,0,0,13522.69,12350.22,0,0,1.0987580639072387,0,,0
2024-02-19,G09,Edinburgh,CH06,Display,304.66,59919,182,196,1,0,0,14298.26,13555.52,0,0,1.0987580639072387,0,,0
2024-02-19,G10,Cardiff,CH01,Paid Search - Brand,417.09,5160,454,492,32,10,2,12525.75,11727.78,0,0,1.0987580639072387,0,,0
2024-02-19,G10,Cardiff,CH02,Paid Search - Non-Brand,768.2,11936,520,522,20,6,1,14205.96,13766.63,0,0,1.0987580639072387,0,,0
2024-02-19,G10,Cardiff,CH03,Paid Social,707.07,71171,881,1059,31,9,2,10544.57,11313.35,0,0,1.0987580639072387,0,,0
2024-02-19,G10,Cardiff,CH04,LinkedIn,542.25,15931,123,133,6,1,0,11867.82,11376.93,0,0,1.0987580639072387,0,,0
2024-02-19,G10,Cardiff,CH05,YouTube,480.75,40484,253,311,4,1,0,12144.12,11932.72,0,0,1.0987580639072387,0,,0
2024-02-19,G10,Cardiff,CH06,Display,306.04,61099,196,197,2,0,0,12340.54,12723.24,0,0,1.0987580639072387,0,,0
2024-02-26,G01,London,CH01,Paid Search - Brand,1023.98,12559,1046,1261,67,13,4,29595.76,28750.86,0,0,1.1062547230783852,0,,0
2024-02-26,G01,London,CH02,Paid Search - Non-Brand,2200.45,33884,1427,1590,57,13,4,31505.81,29907.35,0,0,1.1062547230783852,1,,0
2024-02-26,G01,London,CH03,Paid Social,1624.48,160906,1926,2283,65,24,6,30226.29,30012.42,0,0,1.1062547230783852,0,,0
2024-02-26,G01,London,CH04,LinkedIn,1324.69,37555,301,354,18,3,0,30554.86,30699.47,0,0,1.1062547230783852,0,,0
2024-02-26,G01,London,CH05,YouTube,1236.07,99665,610,719,8,2,0,32123.98,33991.61,0,0,1.1062547230783852,0,,0
2024-02-26,G01,London,CH06,Display,721.72,149126,444,553,5,1,0,29913.14,31348.84,0,0,1.1062547230783852,1,,0
2024-02-26,G02,Manchester,CH01,Paid Search - Brand,680.44,8530,716,815,59,19,6,24026.17,23580.32,0,0,1.1062547230783852,0,,0
2024-02-26,G02,Manchester,CH02,Paid Search - Non-Brand,1513.3,22737,998,1208,42,13,5,24553.82,22560.95,0,0,1.1062547230783852,0,,0
2024-02-26,G02,Manchester,CH03,Paid Social,1142.9,115992,1362,1427,41,12,2,19967.85,20673.25,0,0,1.1062547230783852,0,,0
2024-02-26,G02,Manchester,CH04,LinkedIn,994.09,28900,245,278,12,2,0,24126.91,24008.19,0,0,1.1062547230783852,0,,0
2024-02-26,G02,Manchester,CH05,YouTube,956.54,79018,443,536,8,2,0,19219.63,19908.27,0,0,1.1062547230783852,0,,0
2024-02-26,G02,Manchester,CH06,Display,531.55,104269,306,351,4,0,0,21480.96,21028.21,0,0,1.1062547230783852,0,,0
2024-02-26,G03,Birmingham,CH01,Paid Search - Brand,644.43,7963,635,758,44,9,3,19100.38,19783.98,0,0,1.1062547230783852,0,,0
2024-02-26,G03,Birmingham,CH02,Paid Search - Non-Brand,1566.05,24436,1058,1254,45,15,6,24107.24,22705.31,0,0,1.1062547230783852,0,,0
2024-02-26,G03,Birmingham,CH03,Paid Social,1231.31,120534,1428,1635,46,16,5,20366.93,20052.42,0,0,1.1062547230783852,0,,0
2024-02-26,G03,Birmingham,CH04,LinkedIn,1034.42,29842,242,261,9,2,0,18121.86,18555.46,0,0,1.1062547230783852,0,,0
2024-02-26,G03,Birmingham,CH05,YouTube,857.28,72089,425,470,6,1,0,22180.42,20949.86,0,0,1.1062547230783852,0,,0
2024-02-26,G03,Birmingham,CH06,Display,421.65,85827,247,288,2,0,0,19328.08,20727.53,0,0,1.1062547230783852,0,,0
2024-02-26,G04,Leeds,CH01,Paid Search - Brand,563.56,7066,606,622,34,7,3,18121.74,17884.36,0,0,1.1062547230783852,0,,0
2024-02-26,G04,Leeds,CH02,Paid Search - Non-Brand,1223.43,18099,798,880,42,13,5,15737.42,15631.17,0,0,1.1062547230783852,0,,0
2024-02-26,G04,Leeds,CH03,Paid Social,1004.17,100660,1184,1206,39,8,2,18949.39,18001.97,0,0,1.1062547230783852,0,,0
2024-02-26,G04,Leeds,CH04,LinkedIn,703.79,20062,149,162,6,1,0,16116.69,16684.65,0,0,1.1062547230783852,0,,0
2024-02-26,G04,Leeds,CH05,YouTube,689.42,57795,360,412,5,0,0,17709.63,18018.27,0,0,1.1062547230783852,0,,0
2024-02-26,G04,Leeds,CH06,Display,441.25,87255,246,291,2,0,0,19184.35,20521.38,0,0,1.1062547230783852,0,,0
2024-02-26,G05,Bristol,CH01,Paid Search - Brand,649.7,8202,705,766,46,11,2,15977.06,15478.08,0,0,1.1062547230783852,0,,0
2024-02-26,G05,Bristol,CH02,Paid Search - Non-Brand,1174.11,18344,823,912,33,6,1,17678.14,16511.84,0,0,1.1062547230783852,0,,0
2024-02-26,G05,Bristol,CH03,Paid Social,997.68,99729,1155,1315,30,8,1,15585.45,15576.37,0,0,1.1062547230783852,0,,0
2024-02-26,G05,Bristol,CH04,LinkedIn,688.81,20332,153,160,8,2,0,15170.73,15035.74,0,0,1.1062547230783852,0,,0
2024-02-26,G05,Bristol,CH05,YouTube,699.42,57194,328,352,5,1,0,17384.86,15780.47,0,0,1.1062547230783852,0,,0
2024-02-26,G05,Bristol,CH06,Display,416.73,85815,281,347,3,0,0,15947.07,16104.11,0,0,1.1062547230783852,0,,0
2024-02-26,G06,Glasgow,CH01,Paid Search - Brand,513.56,6581,585,712,41,15,4,17428.39,16625.53,0,0,1.1062547230783852,0,,0
2024-02-26,G06,Glasgow,CH02,Paid Search - Non-Brand,1155.19,18259,816,854,38,10,3,13859.09,12868.06,0,0,1.1062547230783852,0,,0
2024-02-26,G06,Glasgow,CH03,Paid Social,864.44,84487,1045,1123,37,9,2,15415.89,14448.85,0,0,1.1062547230783852,0,,0
2024-02-26,G06,Glasgow,CH04,LinkedIn,692.71,20015,163,169,6,1,0,13730.83,14400.46,0,0,1.1062547230783852,0,,0
2024-02-26,G06,Glasgow,CH05,YouTube,621.08,52647,302,324,4,0,0,13931.97,13294.35,0,0,1.1062547230783852,0,,0
2024-02-26,G06,Glasgow,CH06,Display,391.91,78996,228,276,2,0,0,13683.49,15037.75,0,0,1.1062547230783852,1,,0
2024-02-26,G07,Liverpool,CH01,Paid Search - Brand,427.56,5466,463,485,31,6,1,17801.0,16909.03,0,0,1.1062547230783852,0,,0
2024-02-26,G07,Liverpool,CH02,Paid Search - Non-Brand,987.55,15508,710,858,32,7,2,16585.59,17013.45,0,0,1.1062547230783852,0,,0
2024-02-26,G07,Liverpool,CH03,Paid Social,952.42,93475,1095,1223,31,9,2,13586.83,13777.73,0,0,1.1062547230783852,0,,0
2024-02-26,G07,Liverpool,CH04,LinkedIn,746.37,21144,168,193,10,3,0,15494.52,15256.93,0,0,1.1062547230783852,0,,0
2024-02-26,G07,Liverpool,CH05,YouTube,560.98,45769,279,332,5,1,0,16086.59,16209.99,0,0,1.1062547230783852,0,,0
2024-02-26,G07,Liverpool,CH06,Display,348.86,71234,223,237,2,0,0,16350.44,16888.04,0,0,1.1062547230783852,0,,0
2024-02-26,G08,Sheffield,CH01,Paid Search - Brand,450.71,5624,474,577,38,7,3,15019.35,15023.08,0,0,1.1062547230783852,0,,0
2024-02-26,G08,Sheffield,CH02,Paid Search - Non-Brand,915.75,14285,587,640,24,8,3,12653.79,13273.56,0,0,1.1062547230783852,1,,0
2024-02-26,G08,Sheffield,CH03,Paid Social,770.61,77744,905,1016,23,6,2,13187.39,12657.46,0,0,1.1062547230783852,0,,0
2024-02-26,G08,Sheffield,CH04,LinkedIn,630.52,17956,138,138,5,1,0,12908.49,12552.9,0,0,1.1062547230783852,0,,0
2024-02-26,G08,Sheffield,CH05,YouTube,498.89,40944,247,251,3,1,0,14023.46,13823.9,0,0,1.1062547230783852,0,,0
2024-02-26,G08,Sheffield,CH06,Display,314.58,62007,175,200,1,0,0,12694.14,12629.69,0,0,1.1062547230783852,0,,0
2024-02-26,G09,Edinburgh,CH01,Paid Search - Brand,452.39,5686,487,598,44,11,2,14215.1,14225.97,0,0,1.1062547230783852,0,,0
2024-02-26,G09,Edinburgh,CH02,Paid Search - Non-Brand,1017.97,15657,696,771,27,9,2,13045.86,12541.41,0,0,1.1062547230783852,0,,0
2024-02-26,G09,Edinburgh,CH03,Paid Social,786.9,73609,906,909,25,5,1,12992.05,12301.03,0,0,1.1062547230783852,0,,0
2024-02-26,G09,Edinburgh,CH04,LinkedIn,615.88,17942,139,168,8,2,0,12792.3,12698.05,0,0,1.1062547230783852,0,,0
2024-02-26,G09,Edinburgh,CH05,YouTube,570.41,48149,278,307,5,1,0,13410.11,12943.3,0,0,1.1062547230783852,0,,0
2024-02-26,G09,Edinburgh,CH06,Display,332.51,66461,206,244,2,0,0,12255.91,12575.57,0,0,1.1062547230783852,0,,0
2024-02-26,G10,Cardiff,CH01,Paid Search - Brand,408.26,5153,429,482,26,8,1,12871.51,12867.99,0,0,1.1062547230783852,0,,0
2024-02-26,G10,Cardiff,CH02,Paid Search - Non-Brand,760.47,11612,533,638,27,6,1,14308.88,13316.14,0,0,1.1062547230783852,0,,0
2024-02-26,G10,Cardiff,CH03,Paid Social,752.43,75547,941,1092,25,7,1,11740.36,11696.72,0,0,1.1062547230783852,0,,0
2024-02-26,G10,Cardiff,CH04,LinkedIn,545.85,15077,117,121,5,1,0,11617.58,11331.57,0,0,1.1062547230783852,0,,0
2024-02-26,G10,Cardiff,CH05,YouTube,465.35,38524,232,258,3,0,0,11171.54,11454.83,0,0,1.1062547230783852,0,,0
2024-02-26,G10,Cardiff,CH06,Display,278.83,54931,153,172,1,0,0,11092.47,11445.82,0,0,1.1062547230783852,0,,0
2024-03-04,G01,London,CH01,Paid Search - Brand,1083.94,13885,1171,1366,91,29,11,33389.3,31714.88,0,0,1.1122019491222497,0,,0
2024-03-04,G01,London,CH02,Paid Search - Non-Brand,1991.64,30530,1469,1622,79,23,7,28032.1,27515.98,0,0,1.1122019491222497,0,,0
2024-03-04,G01,London,CH03,Paid Social,1937.47,197061,2607,2733,62,17,5,33888.04,32582.88,0,0,1.1122019491222497,0,,0
2024-03-04,G01,London,CH04,LinkedIn,1363.74,39920,317,379,18,5,1,34990.84,34385.19,0,0,1.1122019491222497,0,,0
2024-03-04,G01,London,CH05,YouTube,1182.33,97123,562,605,7,2,0,30349.98,33031.83,0,0,1.1122019491222497,0,,0
2024-03-04,G01,London,CH06,Display,773.06,154281,474,518,5,1,0,32165.48,32680.35,0,0,1.1122019491222497,0,,0
2024-03-04,G02,Manchester,CH01,Paid Search - Brand,765.95,9684,796,891,47,15,6,20333.1,20378.13,0,0,1.1122019491222497,0,,0
2024-03-04,G02,Manchester,CH02,Paid Search - Non-Brand,1498.54,22464,1050,1271,46,9,2,23715.04,23971.13,0,0,1.1122019491222497,0,,0
2024-03-04,G02,Manchester,CH03,Paid Social,1224.43,120776,1369,1407,34,7,3,21989.37,21860.32,0,0,1.1122019491222497,0,,0
2024-03-04,G02,Manchester,CH04,LinkedIn,1048.78,30864,242,278,14,3,0,26164.53,24138.16,0,0,1.1122019491222497,0,,0
2024-03-04,G02,Manchester,CH05,YouTube,806.49,68659,398,469,7,1,0,22676.7,23662.08,0,0,1.1122019491222497,0,,0
2024-03-04,G02,Manchester,CH06,Display,519.32,103556,326,368,3,0,0,22200.41,22769.11,0,0,1.1122019491222497,0,,0
2024-03-04,G03,Birmingham,CH01,Paid Search - Brand,652.31,8221,680,729,39,8,1,21410.94,19659.25,0,0,1.1122019491222497,0,,0
2024-03-04,G03,Birmingham,CH02,Paid Search - Non-Brand,1460.93,22749,1015,1169,40,14,3,18677.2,17859.78,0,0,1.1122019491222497,0,,0
2024-03-04,G03,Birmingham,CH03,Paid Social,1175.14,118354,1375,1609,46,9,2,21174.79,21395.29,0,0,1.1122019491222497,0,,0
2024-03-04,G03,Birmingham,CH04,LinkedIn,1014.96,30391,248,264,11,4,1,18647.41,19060.3,0,0,1.1122019491222497,0,,0
2024-03-04,G03,Birmingham,CH05,YouTube,792.74,66847,411,414,6,1,0,22127.12,20332.18,0,0,1.1122019491222497,0,,0
2024-03-04,G03,Birmingham,CH06,Display,526.96,105148,295,300,3,1,0,23425.51,22570.11,0,0,1.1122019491222497,0,,0
2024-03-04,G04,Leeds,CH01,Paid Search - Brand,593.51,7405,551,674,44,15,6,18857.52,18454.07,0,0,1.1122019491222497,0,,0
2024-03-04,G04,Leeds,CH02,Paid Search - Non-Brand,1280.61,20149,893,1073,42,9,3,19407.36,19837.92,0,0,1.1122019491222497,1,,0
2024-03-04,G04,Leeds,CH03,Paid Social,1063.31,105456,1306,1461,35,9,3,18586.19,17479.17,0,0,1.1122019491222497,0,,0
2024-03-04,G04,Leeds,CH04,LinkedIn,736.8,21211,172,212,9,2,0,16548.91,16050.75,0,0,1.1122019491222497,0,,0
2024-03-04,G04,Leeds,CH05,YouTube,740.38,60273,347,359,5,1,0,16755.43,16800.14,0,0,1.1122019491222497,0,,0
2024-03-04,G04,Leeds,CH06,Display,395.22,75816,233,273,2,0,0,17686.95,18201.51,0,0,1.1122019491222497,0,,0
2024-03-04,G05,Bristol,CH01,Paid Search - Brand,532.56,6467,609,699,40,13,5,18458.58,17625.27,0,0,1.1122019491222497,0,,0
2024-03-04,G05,Bristol,CH02,Paid Search - Non-Brand,1101.9,17177,717,759,28,6,2,17745.67,17764.65,0,0,1.1122019491222497,0,,0
2024-03-04,G05,Bristol,CH03,Paid Social,964.07,98931,1136,1314,35,7,1,17112.02,16893.18,0,0,1.1122019491222497,0,,0
2024-03-04,G05,Bristol,CH04,LinkedIn,808.71,23697,191,219,8,2,0,16611.32,16301.99,0,0,1.1122019491222497,0,,0
2024-03-04,G05,Bristol,CH05,YouTube,696.83,57393,339,371,6,1,0,15451.89,15274.5,0,0,1.1122019491222497,0,,0
2024-03-04,G05,Bristol,CH06,Display,397.42,79492,237,262,2,0,0,17556.76,17450.25,0,0,1.1122019491222497,0,,0
2024-03-04,G06,Glasgow,CH01,Paid Search - Brand,507.24,6341,538,585,35,8,2,15919.33,15019.36,0,0,1.1122019491222497,0,,0
2024-03-04,G06,Glasgow,CH02,Paid Search - Non-Brand,1049.76,16140,710,809,28,10,4,14795.28,13978.02,0,0,1.1122019491222497,0,,0
2024-03-04,G06,Glasgow,CH03,Paid Social,979.59,98424,1121,1211,28,9,2,14389.29,14176.79,0,0,1.1122019491222497,0,,0
2024-03-04,G06,Glasgow,CH04,LinkedIn,702.43,19901,167,208,10,3,0,13676.87,13744.34,0,0,1.1122019491222497,0,,0
2024-03-04,G06,Glasgow,CH05,YouTube,603.95,51591,310,324,4,0,0,14155.7,14548.54,0,0,1.1122019491222497,0,,0
2024-03-04,G06,Glasgow,CH06,Display,334.04,67377,209,216,2,0,0,14104.55,14314.03,0,0,1.1122019491222497,0,,0
2024-03-04,G07,Liverpool,CH01,Paid Search - Brand,543.12,6889,545,655,44,9,3,16044.07,16878.22,0,0,1.1122019491222497,0,,0
2024-03-04,G07,Liverpool,CH02,Paid Search - Non-Brand,1200.34,17520,753,848,40,14,3,16412.48,16466.19,0,0,1.1122019491222497,0,,0
2024-03-04,G07,Liverpool,CH03,Paid Social,905.75,91485,1064,1308,34,11,4,14640.5,14984.66,0,0,1.1122019491222497,0,,0
2024-03-04,G07,Liverpool,CH04,LinkedIn,786.85,23191,196,202,9,2,0,16280.29,15021.45,0,0,1.1122019491222497,0,,0
2024-03-04,G07,Liverpool,CH05,YouTube,623.61,52488,323,347,5,0,0,17443.8,16275.85,0,0,1.1122019491222497,0,,0
2024-03-04,G07,Liverpool,CH06,Display,347.17,69088,200,224,2,0,0,14849.51,15113.2,0,0,1.1122019491222497,0,,0
2024-03-04,G08,Sheffield,CH01,Paid Search - Brand,511.02,6390,577,699,46,10,2,14543.57,15014.9,0,0,1.1122019491222497,0,,0
2024-03-04,G08,Sheffield,CH02,Paid Search - Non-Brand,903.39,13389,584,692,30,5,1,14945.09,14991.44,0,0,1.1122019491222497,0,,0
2024-03-04,G08,Sheffield,CH03,Paid Social,821.29,81387,1077,1233,35,12,3,16016.33,14879.43,0,0,1.1122019491222497,0,,0
2024-03-04,G08,Sheffield,CH04,LinkedIn,651.09,18140,140,142,7,1,0,14508.06,15504.41,0,0,1.1122019491222497,0,,0
2024-03-04,G08,Sheffield,CH05,YouTube,611.21,51096,329,334,5,0,0,13499.71,13401.82,0,0,1.1122019491222497,0,,0
2024-03-04,G08,Sheffield,CH06,Display,335.34,67300,197,197,2,0,0,14092.05,14181.52,0,0,1.1122019491222497,0,,0
2024-03-04,G09,Edinburgh,CH01,Paid Search - Brand,435.21,5463,454,555,33,10,3,15586.69,14375.37,0,0,1.1122019491222497,0,,0
2024-03-04,G09,Edinburgh,CH02,Paid Search - Non-Brand,924.03,13983,625,678,32,8,3,13432.41,13014.02,0,0,1.1122019491222497,0,,0
2024-03-04,G09,Edinburgh,CH03,Paid Social,791.75,78908,920,1082,31,11,2,13970.86,13880.04,0,0,1.1122019491222497,0,,0
2024-03-04,G09,Edinburgh,CH04,LinkedIn,590.31,17201,133,135,5,0,0,12098.96,12128.28,0,0,1.1122019491222497,0,,0
2024-03-04,G09,Edinburgh,CH05,YouTube,495.61,40735,250,311,4,1,0,13266.24,13570.54,0,0,1.1122019491222497,0,,0
2024-03-04,G09,Edinburgh,CH06,Display,264.39,53181,157,166,1,0,0,13316.18,12879.78,0,0,1.1122019491222497,0,,0
2024-03-04,G10,Cardiff,CH01,Paid Search - Brand,379.01,4839,384,460,33,6,1,11702.95,11339.57,0,0,1.1122019491222497,0,,0
2024-03-04,G10,Cardiff,CH02,Paid Search - Non-Brand,875.63,13285,609,753,25,8,2,14202.36,13320.64,0,0,1.1122019491222497,0,,0
2024-03-04,G10,Cardiff,CH03,Paid Social,701.67,71456,845,1011,33,10,3,11412.53,11207.63,0,0,1.1122019491222497,0,,0
2024-03-04,G10,Cardiff,CH04,LinkedIn,545.71,15869,134,142,6,1,0,14294.68,13081.22,0,0,1.1122019491222497,0,,0
2024-03-04,G10,Cardiff,CH05,YouTube,470.53,40167,245,283,4,1,0,12517.83,12695.65,0,0,1.1122019491222497,0,,0
2024-03-04,G10,Cardiff,CH06,Display,295.92,58030,181,189,1,0,0,10290.8,10264.87,0,0,1.1122019491222497,0,,0
2024-03-11,G01,London,CH01,Paid Search - Brand,1032.66,12517,1072,1123,67,22,5,31411.0,30682.22,0,0,1.1165130180911262,0,,0
2024-03-11,G01,London,CH02,Paid Search - Non-Brand,2156.41,33371,1584,1661,57,21,6,28296.36,29335.13,0,0,1.1165130180911262,0,,0
2024-03-11,G01,London,CH03,Paid Social,1514.53,149782,1864,2038,67,21,6,32072.91,30330.47,0,0,1.1165130180911262,0,,0
2024-03-11,G01,London,CH04,LinkedIn,1380.27,40140,299,329,17,3,1,27735.15,27543.37,0,0,1.1165130180911262,0,,0
2024-03-11,G01,London,CH05,YouTube,1202.63,102739,626,706,11,2,0,34312.9,32220.86,0,0,1.1165130180911262,0,,0
2024-03-11,G01,London,CH06,Display,761.23,155006,468,562,6,1,0,31328.79,30499.33,0,0,1.1165130180911262,0,,0
2024-03-11,G02,Manchester,CH01,Paid Search - Brand,759.51,9703,777,853,51,11,2,23174.84,23344.95,0,0,1.1165130180911262,0,,0
2024-03-11,G02,Manchester,CH02,Paid Search - Non-Brand,1698.97,26597,1304,1501,50,14,4,18950.54,19057.85,0,0,1.1165130180911262,0,,0
2024-03-11,G02,Manchester,CH03,Paid Social,1380.59,135888,1597,1780,46,9,2,21450.61,20965.71,0,0,1.1165130180911262,0,,0
2024-03-11,G02,Manchester,CH04,LinkedIn,1178.19,34187,258,290,14,4,1,24900.3,24111.16,0,0,1.1165130180911262,0,,0
2024-03-11,G02,Manchester,CH05,YouTube,965.56,82387,474,590,9,1,0,20600.34,20231.55,0,0,1.1165130180911262,0,,0
2024-03-11,G02,Manchester,CH06,Display,519.3,101792,306,356,3,1,0,23899.91,23273.01,0,0,1.1165130180911262,0,,0
2024-03-11,G03,Birmingham,CH01,Paid Search - Brand,640.28,8112,666,711,43,10,2,21838.93,21674.5,0,0,1.1165130180911262,0,,0
2024-03-11,G03,Birmingham,CH02,Paid Search - Non-Brand,1388.19,21480,1006,1228,53,19,4,23114.57,20671.02,0,0,1.1165130180911262,0,,0
2024-03-11,G03,Birmingham,CH03,Paid Social,1272.99,127700,1556,1799,41,9,2,19953.64,20219.61,0,0,1.1165130180911262,0,,0
2024-03-11,G03,Birmingham,CH04,LinkedIn,945.73,27596,223,247,12,2,0,20956.0,20013.73,0,0,1.1165130180911262,0,,0
2024-03-11,G03,Birmingham,CH05,YouTube,892.7,73414,442,455,7,2,0,23833.37,23418.44,0,0,1.1165130180911262,0,,0
2024-03-11,G03,Birmingham,CH06,Display,556.9,111619,355,419,4,1,0,19958.2,19149.39,0,0,1.1165130180911262,0,,0
2024-03-11,G04,Leeds,CH01,Paid Search - Brand,648.03,8400,712,728,43,8,1,16690.82,17020.95,0,0,1.1165130180911262,0,,0
2024-03-11,G04,Leeds,CH02,Paid Search - Non-Brand,1449.7,22734,1075,1186,44,9,3,19988.62,19743.37,0,0,1.1165130180911262,0,,0
2024-03-11,G04,Leeds,CH03,Paid Social,943.73,96177,1241,1313,31,7,1,17188.5,17285.59,0,0,1.1165130180911262,0,,0
2024-03-11,G04,Leeds,CH04,LinkedIn,820.51,23647,183,205,7,1,0,19986.7,19511.92,0,0,1.1165130180911262,0,,0
2024-03-11,G04,Leeds,CH05,YouTube,724.2,61756,353,370,6,2,0,20235.49,19883.13,0,0,1.1165130180911262,0,,0
2024-03-11,G04,Leeds,CH06,Display,429.72,86078,268,287,2,0,0,16350.61,16710.92,0,0,1.1165130180911262,0,,0
2024-03-11,G05,Bristol,CH01,Paid Search - Brand,512.53,6338,561,650,36,7,1,17737.03,18267.05,0,0,1.1165130180911262,0,,0
2024-03-11,G05,Bristol,CH02,Paid Search - Non-Brand,1373.93,21455,952,1107,38,14,5,16326.64,15729.08,0,0,1.1165130180911262,0,,0
2024-03-11,G05,Bristol,CH03,Paid Social,908.01,94206,1149,1400,38,14,5,19029.97,18145.35,0,0,1.1165130180911262,0,,0
2024-03-11,G05,Bristol,CH04,LinkedIn,848.76,24332,200,208,9,2,0,15322.94,15301.01,0,0,1.1165130180911262,0,,0
2024-03-11,G05,Bristol,CH05,YouTube,648.92,55841,349,423,7,2,0,18215.13,18443.9,0,0,1.1165130180911262,0,,0
2024-03-11,G05,Bristol,CH06,Display,379.67,77266,213,243,2,0,0,16697.7,16079.87,0,0,1.1165130180911262,0,,0
2024-03-11,G06,Glasgow,CH01,Paid Search - Brand,495.98,6072,477,500,34,6,1,14441.58,14732.62,0,0,1.1165130180911262,0,,0
2024-03-11,G06,Glasgow,CH02,Paid Search - Non-Brand,1012.17,15951,767,831,38,12,3,15170.6,15366.95,0,0,1.1165130180911262,0,,0
2024-03-11,G06,Glasgow,CH03,Paid Social,906.35,89808,1013,1173,27,10,3,15995.72,15738.89,0,0,1.1165130180911262,0,,0
2024-03-11,G06,Glasgow,CH04,LinkedIn,722.07,20590,159,185,6,1,0,15416.35,15111.99,0,0,1.1165130180911262,0,,0
2024-03-11,G06,Glasgow,CH05,YouTube,598.98,50059,290,304,4,1,0,13886.28,13659.25,0,0,1.1165130180911262,0,,0
2024-03-11,G06,Glasgow,CH06,Display,343.88,68324,207,213,2,0,0,12998.54,13845.19,0,0,1.1165130180911262,1,,0
2024-03-11,G07,Liverpool,CH01,Paid Search - Brand,528.76,6694,523,557,35,12,4,15130.9,15071.67,0,0,1.1165130180911262,0,,0
2024-03-11,G07,Liverpool,CH02,Paid Search - Non-Brand,1117.74,16975,777,904,41,12,4,16645.73,16980.02,0,0,1.1165130180911262,0,,0
2024-03-11,G07,Liverpool,CH03,Paid Social,825.79,83888,998,1163,37,9,1,15206.69,14313.19,0,0,1.1165130180911262,0,,0
2024-03-11,G07,Liverpool,CH04,LinkedIn,774.67,21912,170,191,9,2,0,15559.95,15461.02,0,0,1.1165130180911262,0,,0
2024-03-11,G07,Liverpool,CH05,YouTube,647.22,54137,314,389,6,1,0,18127.29,18120.4,0,0,1.1165130180911262,0,,0
2024-03-11,G07,Liverpool,CH06,Display,377.47,75904,224,268,2,0,0,17070.5,16960.4,0,0,1.1165130180911262,0,,0
2024-03-11,G08,Sheffield,CH01,Paid Search - Brand,464.52,5755,431,473,28,9,3,13907.48,14456.99,0,0,1.1165130180911262,0,,0
2024-03-11,G08,Sheffield,CH02,Paid Search - Non-Brand,1044.97,16473,746,872,41,14,5,14107.68,13731.22,0,0,1.1165130180911262,0,,0
2024-03-11,G08,Sheffield,CH03,Paid Social,788.23,78296,890,983,24,7,2,14679.42,14428.11,0,0,1.1165130180911262,0,,0
2024-03-11,G08,Sheffield,CH04,LinkedIn,628.72,17738,138,150,7,2,0,14370.84,14190.84,0,0,1.1165130180911262,0,,0
2024-03-11,G08,Sheffield,CH05,YouTube,509.19,43173,256,280,3,0,0,16182.61,15334.14,0,0,1.1165130180911262,0,,0
2024-03-11,G08,Sheffield,CH06,Display,349.89,70076,212,264,2,0,0,15516.55,16172.83,0,0,1.1165130180911262,0,,0
2024-03-11,G09,Edinburgh,CH01,Paid Search - Brand,422.52,5237,390,473,26,7,2,12815.76,12604.48,0,0,1.1165130180911262,0,,0
2024-03-11,G09,Edinburgh,CH02,Paid Search - Non-Brand,947.26,14676,655,665,22,5,2,15017.74,13815.47,0,0,1.1165130180911262,0,,0
2024-03-11,G09,Edinburgh,CH03,Paid Social,773.42,77165,991,1217,38,12,3,11696.4,11656.46,0,0,1.1165130180911262,0,,0
2024-03-11,G09,Edinburgh,CH04,LinkedIn,553.8,15312,114,139,6,1,0,11221.77,12004.1,0,0,1.1165130180911262,1,,0
2024-03-11,G09,Edinburgh,CH05,YouTube,515.8,41474,223,254,4,1,0,12701.12,12606.68,0,0,1.1165130180911262,0,,0
2024-03-11,G09,Edinburgh,CH06,Display,309.33,62767,194,223,2,0,0,12641.65,12367.86,0,0,1.1165130180911262,0,,0
2024-03-11,G10,Cardiff,CH01,Paid Search - Brand,370.51,4727,430,535,33,8,2,14361.27,13315.32,0,0,1.1165130180911262,0,,0
2024-03-11,G10,Cardiff,CH02,Paid Search - Non-Brand,855.24,13204,530,623,24,8,2,12060.12,11300.68,0,0,1.1165130180911262,0,,0
2024-03-11,G10,Cardiff,CH03,Paid Social,698.01,69453,850,936,26,6,2,12759.46,12746.34,0,0,1.1165130180911262,0,,0
2024-03-11,G10,Cardiff,CH04,LinkedIn,600.61,17601,143,177,8,1,0,10136.12,10432.36,0,0,1.1165130180911262,0,,0
2024-03-11,G10,Cardiff,CH05,YouTube,537.7,44136,242,300,4,1,0,12320.8,12128.94,0,0,1.1165130180911262,0,,0
2024-03-11,G10,Cardiff,CH06,Display,288.1,57520,161,200,1,0,0,12568.68,12828.66,0,0,1.1165130180911262,0,,0
2024-03-18,G01,London,CH01,Paid Search - Brand,1153.25,13811,1201,1430,75,25,6,31703.97,30129.98,1,0,1.1191250648917666,0,,0
2024-03-18,G01,London,CH02,Paid Search - Non-Brand,2105.72,32447,1360,1474,55,15,5,33112.52,32604.92,1,0,1.1191250648917666,0,,0
2024-03-18,G01,London,CH03,Paid Social,1676.52,167433,1932,2387,79,23,9,35874.78,32067.47,1,0,1.1191250648917666,0,,0
2024-03-18,G01,London,CH04,LinkedIn,1341.7,39138,296,340,18,4,1,37322.72,33477.9,1,0,1.1191250648917666,0,,0
2024-03-18,G01,London,CH05,YouTube,1271.02,106161,648,667,11,2,0,38706.82,37672.59,1,0,1.1191250648917666,0,,0
2024-03-18,G01,London,CH06,Display,639.32,126640,388,436,4,1,0,31642.16,30623.33,1,0,1.1191250648917666,0,,0
2024-03-18,G02,Manchester,CH01,Paid Search - Brand,744.64,9181,845,879,66,15,5,21785.3,18936.62,1,0,1.1191250648917666,0,,0
2024-03-18,G02,Manchester,CH02,Paid Search - Non-Brand,1372.9,20448,859,892,37,12,4,23234.13,20826.7,1,0,1.1191250648917666,0,,0
2024-03-18,G02,Manchester,CH03,Paid Social,1243.49,125717,1582,1612,39,7,2,24423.66,23029.74,1,0,1.1191250648917666,0,,0
2024-03-18,G02,Manchester,CH04,LinkedIn,964.65,27301,215,250,9,3,0,26881.67,23455.32,1,0,1.1191250648917666,0,,0
2024-03-18,G02,Manchester,CH05,YouTube,948.15,78774,503,611,9,2,0,23030.85,20984.94,1,0,1.1191250648917666,0,,0
2024-03-18,G02,Manchester,CH06,Display,561.5,108805,340,340,2,0,0,22621.08,19922.98,1,0,1.1191250648917666,0,,0
2024-03-18,G03,Birmingham,CH01,Paid Search - Brand,724.51,8867,752,850,65,13,4,26334.58,24143.71,1,0,1.1191250648917666,0,,0
2024-03-18,G03,Birmingham,CH02,Paid Search - Non-Brand,1514.63,23006,967,1019,44,14,5,21779.03,19279.17,1,0,1.1191250648917666,0,,0
2024-03-18,G03,Birmingham,CH03,Paid Social,1238.9,122368,1456,1510,49,15,5,26502.77,22615.68,1,0,1.1191250648917666,0,,0
2024-03-18,G03,Birmingham,CH04,LinkedIn,950.84,27683,221,240,10,2,0,23276.49,20201.44,1,0,1.1191250648917666,0,,0
2024-03-18,G03,Birmingham,CH05,YouTube,759.98,64786,380,427,6,1,0,22677.8,21385.65,1,0,1.1191250648917666,0,,0
2024-03-18,G03,Birmingham,CH06,Display,520.54,103295,285,314,3,0,0,22769.63,21068.85,1,0,1.1191250648917666,0,,0
2024-03-18,G04,Leeds,CH01,Paid Search - Brand,594.65,7536,643,677,39,8,3,19494.47,18350.1,1,0,1.1191250648917666,0,,0
2024-03-18,G04,Leeds,CH02,Paid Search - Non-Brand,1235.79,19028,887,1065,50,17,3,20798.51,17950.83,1,0,1.1191250648917666,0,,0
2024-03-18,G04,Leeds,CH03,Paid Social,1071.2,108136,1317,1576,36,9,1,20081.84,18459.4,1,0,1.1191250648917666,0,,0
2024-03-18,G04,Leeds,CH04,LinkedIn,818.72,23254,181,214,7,1,0,20237.35,18241.74,1,0,1.1191250648917666,0,,0
2024-03-18,G04,Leeds,CH05,YouTube,720.67,59134,330,376,5,1,0,20094.34,17649.94,1,0,1.1191250648917666,0,,0
2024-03-18,G04,Leeds,CH06,Display,429.65,84441,254,270,2,0,0,21208.39,21216.63,1,0,1.1191250648917666,0,,0
2024-03-18,G05,Bristol,CH01,Paid Search - Brand,567.11,7061,590,617,38,13,3,17802.98,15484.77,1,0,1.1191250648917666,0,,0
2024-03-18,G05,Bristol,CH02,Paid Search - Non-Brand,1113.61,18150,772,879,37,11,4,19248.78,17574.28,1,0,1.1191250648917666,0,,0
2024-03-18,G05,Bristol,CH03,Paid Social,984.77,100874,1219,1274,33,8,2,17988.88,16646.34,1,0,1.1191250648917666,0,,0
2024-03-18,G05,Bristol,CH04,LinkedIn,757.72,21782,153,153,6,1,0,18611.65,16508.38,1,0,1.1191250648917666,0,,0
2024-03-18,G05,Bristol,CH05,YouTube,663.97,56615,337,406,7,1,0,19330.84,17063.25,1,0,1.1191250648917666,0,,0
2024-03-18,G05,Bristol,CH06,Display,465.31,93925,272,327,3,0,0,17696.36,16261.03,1,0,1.1191250648917666,0,,0
2024-03-18,G06,Glasgow,CH01,Paid Search - Brand,439.45,5340,418,470,25,7,1,17605.86,15905.53,1,0,1.1191250648917666,0,,0
2024-03-18,G06,Glasgow,CH02,Paid Search - Non-Brand,1080.48,16379,744,889,31,6,2,18213.35,15581.44,1,0,1.1191250648917666,0,,0
2024-03-18,G06,Glasgow,CH03,Paid Social,858.69,86534,1025,1073,27,7,2,18334.01,16905.94,1,0,1.1191250648917666,0,,0
2024-03-18,G06,Glasgow,CH04,LinkedIn,715.41,20230,158,188,9,1,0,17181.09,15222.86,1,0,1.1191250648917666,0,,0
2024-03-18,G06,Glasgow,CH05,YouTube,605.55,51525,302,313,3,0,0,16110.08,14316.78,1,0,1.1191250648917666,0,,0
2024-03-18,G06,Glasgow,CH06,Display,345.29,71634,219,229,2,0,0,17910.82,15267.22,1,0,1.1191250648917666,0,,0
2024-03-18,G07,Liverpool,CH01,Paid Search - Brand,448.23,5569,491,589,41,9,2,18164.89,15119.59,1,0,1.1191250648917666,0,,0
2024-03-18,G07,Liverpool,CH02,Paid Search - Non-Brand,951.62,14164,659,664,22,4,1,16964.88,16039.5,1,0,1.1191250648917666,0,,0
2024-03-18,G07,Liverpool,CH03,Paid Social,947.83,91858,1105,1226,38,6,1,15668.26,13925.35,1,0,1.1191250648917666,0,,0
2024-03-18,G07,Liverpool,CH04,LinkedIn,770.55,22637,188,201,9,3,0,17049.43,14527.63,1,0,1.1191250648917666,0,,0
2024-03-18,G07,Liverpool,CH05,YouTube,663.15,54662,307,340,4,0,0,17073.68,15434.36,1,0,1.1191250648917666,0,,0
2024-03-18,G07,Liverpool,CH06,Display,351.52,68054,205,217,2,0,0,18667.95,16800.48,1,0,1.1191250648917666,0,,0
2024-03-18,G08,Sheffield,CH01,Paid Search - Brand,501.8,6223,520,573,35,10,3,15503.55,12754.48,1,0,1.1191250648917666,0,,0
2024-03-18,G08,Sheffield,CH02,Paid Search - Non-Brand,992.72,14732,694,776,26,8,2,17746.96,14818.33,1,0,1.1191250648917666,0,,0
2024-03-18,G08,Sheffield,CH03,Paid Social,832.05,84287,981,1052,32,7,1,13936.59,12829.83,1,0,1.1191250648917666,0,,0
2024-03-18,G08,Sheffield,CH04,LinkedIn,663.9,19031,143,159,6,1,0,14290.31,13767.9,1,0,1.1191250648917666,0,,0
2024-03-18,G08,Sheffield,CH05,YouTube,604.53,51164,307,377,5,1,0,17338.26,15533.26,1,0,1.1191250648917666,0,,0
2024-03-18,G08,Sheffield,CH06,Display,349.93,68923,197,244,2,0,0,13858.33,12982.91,1,0,1.1191250648917666,0,,0
2024-03-18,G09,Edinburgh,CH01,Paid Search - Brand,462.92,5823,467,580,43,11,3,15007.6,13340.81,1,0,1.1191250648917666,0,,0
2024-03-18,G09,Edinburgh,CH02,Paid Search - Non-Brand,761.92,11489,523,640,29,7,2,16557.74,14503.96,1,0,1.1191250648917666,0,,0
2024-03-18,G09,Edinburgh,CH03,Paid Social,741.67,73849,816,966,29,10,4,16635.24,14090.47,1,0,1.1191250648917666,0,,0
2024-03-18,G09,Edinburgh,CH04,LinkedIn,562.34,15918,133,148,5,1,0,17261.84,14843.85,1,0,1.1191250648917666,0,,0
2024-03-18,G09,Edinburgh,CH05,YouTube,550.59,45286,249,294,3,1,0,16362.03,13494.86,1,0,1.1191250648917666,0,,0
2024-03-18,G09,Edinburgh,CH06,Display,324.69,63075,190,232,2,0,0,15529.57,13958.05,1,0,1.1191250648917666,0,,0
2024-03-18,G10,Cardiff,CH01,Paid Search - Brand,421.85,5410,469,536,29,8,1,14993.94,12269.97,1,0,1.1191250648917666,0,,0
2024-03-18,G10,Cardiff,CH02,Paid Search - Non-Brand,907.01,13929,606,668,28,6,1,14280.3,12968.36,1,0,1.1191250648917666,0,,0
2024-03-18,G10,Cardiff,CH03,Paid Social,702.67,68194,867,935,30,7,2,14070.12,12340.44,1,0,1.1191250648917666,0,,0
2024-03-18,G10,Cardiff,CH04,LinkedIn,572.71,16353,130,162,5,1,0,13431.18,12211.07,1,0,1.1191250648917666,0,,0
2024-03-18,G10,Cardiff,CH05,YouTube,533.85,42652,255,302,3,0,0,13654.91,11604.09,1,0,1.1191250648917666,0,,0
2024-03-18,G10,Cardiff,CH06,Display,289.03,57651,146,177,1,0,0,14400.01,12974.0,1,0,1.1191250648917666,0,,0
2024-03-25,G01,London,CH01,Paid Search - Brand,1019.28,12691,1068,1155,69,22,5,33404.76,30920.07,0,0,1.12,0,,0
2024-03-25,G01,London,CH02,Paid Search - Non-Brand,2165.96,32929,1418,1618,74,14,4,30047.96,30224.96,0,0,1.12,0,,0
2024-03-25,G01,London,CH03,Paid Social,1790.59,177292,2213,2372,60,20,4,35416.75,34616.41,0,0,1.12,0,,0
2024-03-25,G01,London,CH04,LinkedIn,1432.96,40738,333,382,19,6,2,31397.07,29198.68,0,0,1.12,0,,0
2024-03-25,G01,London,CH05,YouTube,1296.26,105005,624,770,9,2,0,32300.87,31630.13,0,0,1.12,0,,0
2024-03-25,G01,London,CH06,Display,796.72,164627,458,519,6,1,0,34692.8,32680.08,0,0,1.12,0,,0
2024-03-25,G02,Manchester,CH01,Paid Search - Brand,730.79,9472,808,928,69,17,4,22840.06,22207.15,0,0,1.12,0,,0
2024-03-25,G02,Manchester,CH02,Paid Search - Non-Brand,1500.26,24070,1038,1225,57,11,2,22309.81,23618.06,0,0,1.12,1,,0
2024-03-25,G02,Manchester,CH03,Paid Social,1186.12,120325,1423,1465,39,7,1,21726.05,21124.73,0,0,1.12,0,,0
2024-03-25,G02,Manchester,CH04,LinkedIn,1085.75,31291,260,273,14,3,1,24765.55,24001.19,0,0,1.12,0,,0
2024-03-25,G02,Manchester,CH05,YouTube,953.81,80284,491,593,7,1,0,20394.03,21775.78,0,0,1.12,1,,0
2024-03-25,G02,Manchester,CH06,Display,497.69,99052,312,386,4,0,0,22624.18,21707.2,0,0,1.12,0,,0
2024-03-25,G03,Birmingham,CH01,Paid Search - Brand,698.1,8825,735,812,50,13,4,23306.66,23008.46,0,0,1.12,0,,0
2024-03-25,G03,Birmingham,CH02,Paid Search - Non-Brand,1437.32,22049,989,1222,53,11,2,22161.55,20586.93,0,0,1.12,0,,0
2024-03-25,G03,Birmingham,CH03,Paid Social,1136.53,112750,1387,1626,43,14,3,21088.74,21635.25,0,0,1.12,0,,0
2024-03-25,G03,Birmingham,CH04,LinkedIn,1022.42,28457,209,222,11,3,0,19594.38,20050.99,0,0,1.12,0,,0
2024-03-25,G03,Birmingham,CH05,YouTube,849.14,68389,397,494,6,1,0,18970.45,20025.63,0,0,1.12,0,,0
2024-03-25,G03,Birmingham,CH06,Display,523.47,105769,318,397,3,0,0,27254.75,26531.34,0,0,1.12,0,,0
2024-03-25,G04,Leeds,CH01,Paid Search - Brand,623.24,7691,666,731,53,13,3,17537.29,17602.83,0,0,1.12,0,,0
2024-03-25,G04,Leeds,CH02,Paid Search - Non-Brand,1259.97,19328,918,1015,44,8,1,18129.46,17687.06,0,0,1.12,0,,0
2024-03-25,G04,Leeds,CH03,Paid Social,904.95,90773,1109,1188,37,9,3,20790.76,20372.75,0,0,1.12,0,,0
2024-03-25,G04,Leeds,CH04,LinkedIn,789.26,22368,168,169,6,1,0,19451.33,19621.55,0,0,1.12,0,,0
2024-03-25,G04,Leeds,CH05,YouTube,762.96,64022,353,412,6,1,0,20892.14,19659.09,0,0,1.12,0,,0
2024-03-25,G04,Leeds,CH06,Display,416.24,81489,240,275,2,0,0,16562.52,16594.34,0,0,1.12,0,,0
2024-03-25,G05,Bristol,CH01,Paid Search - Brand,558.56,6949,626,632,41,15,4,17036.32,16439.84,0,0,1.12,0,,0
2024-03-25,G05,Bristol,CH02,Paid Search - Non-Brand,1145.4,17846,812,899,32,7,1,17161.21,16490.88,0,0,1.12,0,,0
2024-03-25,G05,Bristol,CH03,Paid Social,897.54,90397,1098,1218,27,7,2,18068.35,17965.26,0,0,1.12,0,,0
2024-03-25,G05,Bristol,CH04,LinkedIn,722.99,20580,162,183,7,2,0,17781.39,16774.42,0,0,1.12,0,,0
2024-03-25,G05,Bristol,CH05,YouTube,708.3,58925,352,427,6,2,0,16332.64,16519.59,0,0,1.12,0,,0
2024-03-25,G05,Bristol,CH06,Display,368.95,73040,215,247,2,0,0,17574.27,17478.84,0,0,1.12,0,,0
2024-03-25,G06,Glasgow,CH01,Paid Search - Brand,546.04,6750,589,728,45,10,4,16872.51,16459.07,0,0,1.12,0,,0
2024-03-25,G06,Glasgow,CH02,Paid Search - Non-Brand,1080.82,16941,721,840,34,11,3,15602.15,13762.13,0,0,1.12,0,,0
2024-03-25,G06,Glasgow,CH03,Paid Social,958.01,97187,1060,1193,39,9,3,15328.86,15591.51,0,0,1.12,0,,0
2024-03-25,G06,Glasgow,CH04,LinkedIn,668.59,18460,145,177,9,3,1,14791.26,14420.52,0,0,1.12,0,,0
2024-03-25,G06,Glasgow,CH05,YouTube,601.85,50207,310,383,5,1,0,13758.42,14010.52,0,0,1.12,0,,0
2024-03-25,G06,Glasgow,CH06,Display,368.58,71680,222,252,2,0,0,14959.32,15082.15,0,0,1.12,0,,0
2024-03-25,G07,Liverpool,CH01,Paid Search - Brand,541.46,6701,598,602,33,11,2,15535.17,17106.49,0,0,1.12,1,,0
2024-03-25,G07,Liverpool,CH02,Paid Search - Non-Brand,1027.71,15910,727,768,35,6,2,16667.67,16501.89,0,0,1.12,0,,0
2024-03-25,G07,Liverpool,CH03,Paid Social,952.25,95782,1135,1321,35,8,2,15304.55,15569.94,0,0,1.12,0,,0
2024-03-25,G07,Liverpool,CH04,LinkedIn,631.81,18475,141,166,6,2,0,18290.87,17510.05,0,0,1.12,0,,0
2024-03-25,G07,Liverpool,CH05,YouTube,616.91,51403,284,300,4,1,0,15520.28,15245.29,0,0,1.12,0,,0
2024-03-25,G07,Liverpool,CH06,Display,406.7,84442,278,338,2,0,0,16823.19,15783.38,0,0,1.12,0,,0
2024-03-25,G08,Sheffield,CH01,Paid Search - Brand,500.63,6285,565,594,38,14,5,14246.48,13829.95,0,0,1.12,0,,0
2024-03-25,G08,Sheffield,CH02,Paid Search - Non-Brand,872.56,13086,607,618,30,10,4,13805.28,13924.15,0,0,1.12,0,,0
2024-03-25,G08,Sheffield,CH03,Paid Social,805.08,81909,1005,1209,29,9,2,16050.28,15556.76,0,0,1.12,0,,0
2024-03-25,G08,Sheffield,CH04,LinkedIn,550.58,16068,128,149,5,1,0,13927.02,13076.69,0,0,1.12,0,,0
2024-03-25,G08,Sheffield,CH05,YouTube,574.98,48742,274,287,3,0,0,14092.53,14089.04,0,0,1.12,0,,0
2024-03-25,G08,Sheffield,CH06,Display,331.44,65526,185,199,2,0,0,12684.52,12860.58,0,0,1.12,0,,0
2024-03-25,G09,Edinburgh,CH01,Paid Search - Brand,410.24,5111,426,442,30,9,2,13931.6,12713.74,0,0,1.12,0,,0
2024-03-25,G09,Edinburgh,CH02,Paid Search - Non-Brand,928.98,14209,694,761,33,8,3,14503.38,14433.94,0,0,1.12,0,,0
2024-03-25,G09,Edinburgh,CH03,Paid Social,752.55,75777,915,933,28,5,1,13532.54,13259.94,0,0,1.12,0,,0
2024-03-25,G09,Edinburgh,CH04,LinkedIn,606.87,17506,145,164,7,2,0,11577.94,12085.51,0,0,1.12,0,,0
2024-03-25,G09,Edinburgh,CH05,YouTube,490.25,40694,246,276,3,1,0,12770.38,12515.36,0,0,1.12,0,,0
2024-03-25,G09,Edinburgh,CH06,Display,299.19,59116,180,192,2,0,0,13976.97,14147.31,0,0,1.12,0,,0
2024-03-25,G10,Cardiff,CH01,Paid Search - Brand,444.78,5692,510,544,29,8,2,11668.87,11875.17,0,0,1.12,0,,0
2024-03-25,G10,Cardiff,CH02,Paid Search - Non-Brand,895.69,14163,635,711,33,8,1,12155.21,11726.37,0,0,1.12,0,,0
2024-03-25,G10,Cardiff,CH03,Paid Social,805.61,80519,975,1004,33,12,4,12050.83,12287.31,0,0,1.12,0,,0
2024-03-25,G10,Cardiff,CH04,LinkedIn,608.88,17524,149,149,7,2,0,12146.12,11390.87,0,0,1.12,0,,0
2024-03-25,G10,Cardiff,CH05,YouTube,425.56,34600,198,217,2,0,0,13717.63,13238.84,0,0,1.12,0,,0
2024-03-25,G10,Cardiff,CH06,Display,276.35,55748,157,171,1,0,0,12146.33,12191.7,0,0,1.12,0,,0
2024-04-01,G01,London,CH01,Paid Search - Brand,1037.56,13240,1250,1295,94,32,9,29360.28,31586.99,0,0,1.1191250648917666,0,,0
2024-04-01,G01,London,CH02,Paid Search - Non-Brand,2067.13,30609,1423,1429,56,10,2,28959.5,29629.85,0,0,1.1191250648917666,0,,0
2024-04-01,G01,London,CH03,Paid Social,1978.61,193911,2332,2605,78,17,7,30716.23,30762.79,0,0,1.1191250648917666,0,,0
2024-04-01,G01,London,CH04,LinkedIn,1497.61,42456,367,440,18,6,1,32062.04,31603.68,0,0,1.1191250648917666,0,,0
2024-04-01,G01,London,CH05,YouTube,1234.46,102400,633,706,11,3,0,31535.44,30273.19,0,0,1.1191250648917666,0,,0
2024-04-01,G01,London,CH06,Display,791.19,157963,456,481,4,0,0,33280.5,35642.4,0,0,1.1191250648917666,0,,0
2024-04-01,G02,Manchester,CH01,Paid Search - Brand,772.38,9888,842,850,49,10,4,23540.68,23173.16,0,0,1.1191250648917666,0,,0
2024-04-01,G02,Manchester,CH02,Paid Search - Non-Brand,1574.01,24140,1075,1122,37,11,4,20008.01,20311.13,0,0,1.1191250648917666,0,,0
2024-04-01,G02,Manchester,CH03,Paid Social,1179.96,115696,1354,1440,35,6,1,26253.28,26852.96,0,0,1.1191250648917666,0,,0
2024-04-01,G02,Manchester,CH04,LinkedIn,964.91,27835,225,278,14,4,0,21941.21,22401.79,0,0,1.1191250648917666,1,,0
2024-04-01,G02,Manchester,CH05,YouTube,857.17,72271,449,501,7,2,0,21048.43,20762.49,0,0,1.1191250648917666,0,,0
2024-04-01,G02,Manchester,CH06,Display,508.48,101316,286,316,3,0,0,24103.61,22420.13,0,0,1.1191250648917666,0,,0
2024-04-01,G03,Birmingham,CH01,Paid Search - Brand,755.76,9282,829,1034,71,14,5,21882.44,21568.29,0,0,1.1191250648917666,0,,0
2024-04-01,G03,Birmingham,CH02,Paid Search - Non-Brand,1257.87,19791,961,1105,44,11,3,20977.73,19776.35,0,0,1.1191250648917666,0,,0
2024-04-01,G03,Birmingham,CH03,Paid Social,1097.38,112125,1271,1306,38,7,3,21667.02,21295.09,0,0,1.1191250648917666,0,,0
2024-04-01,G03,Birmingham,CH04,LinkedIn,1003.09,28149,238,250,10,3,0,20522.89,21060.63,0,0,1.1191250648917666,0,,0
2024-04-01,G03,Birmingham,CH05,YouTube,892.69,75834,482,528,9,1,0,25756.85,25133.55,0,0,1.1191250648917666,0,,0
2024-04-01,G03,Birmingham,CH06,Display,485.88,99493,310,325,3,0,0,21766.38,23021.32,0,0,1.1191250648917666,0,,0
2024-04-01,G04,Leeds,CH01,Paid Search - Brand,536.45,6893,603,747,39,10,4,18123.34,18826.6,0,0,1.1191250648917666,0,,0
2024-04-01,G04,Leeds,CH02,Paid Search - Non-Brand,1162.83,17930,817,907,30,10,4,16340.39,15753.08,0,0,1.1191250648917666,0,,0
2024-04-01,G04,Leeds,CH03,Paid Social,912.99,91663,1083,1150,35,6,1,19292.04,18170.51,0,0,1.1191250648917666,0,,0
2024-04-01,G04,Leeds,CH04,LinkedIn,844.83,23862,199,217,8,1,0,18486.43,18978.56,0,0,1.1191250648917666,0,,0
2024-04-01,G04,Leeds,CH05,YouTube,782.33,65344,414,470,6,1,0,17155.76,18135.78,0,0,1.1191250648917666,0,,0
2024-04-01,G04,Leeds,CH06,Display,432.05,87038,252,303,2,0,0,17540.43,18023.19,0,0,1.1191250648917666,0,,0
2024-04-01,G05,Bristol,CH01,Paid Search - Brand,541.56,6620,570,622,39,14,6,16960.72,16968.99,0,0,1.1191250648917666,0,,0
2024-04-01,G05,Bristol,CH02,Paid Search - Non-Brand,1284.19,19783,842,852,37,9,2,17881.63,18832.28,0,0,1.1191250648917666,0,,0
2024-04-01,G05,Bristol,CH03,Paid Social,841.81,84864,1036,1056,34,8,1,17436.82,17622.11,0,0,1.1191250648917666,0,,0
2024-04-01,G05,Bristol,CH04,LinkedIn,742.9,21234,142,158,6,1,0,15308.75,15575.34,0,0,1.1191250648917666,0,,0
2024-04-01,G05,Bristol,CH05,YouTube,680.36,57540,348,411,5,1,0,16946.44,17033.31,0,0,1.1191250648917666,0,,0
2024-04-01,G05,Bristol,CH06,Display,413.1,81391,237,249,2,0,0,17792.58,16897.36,0,0,1.1191250648917666,0,,0
2024-04-01,G06,Glasgow,CH01,Paid Search - Brand,466.14,6026,489,509,29,9,3,15870.3,14916.51,0,0,1.1191250648917666,0,,0
2024-04-01,G06,Glasgow,CH02,Paid Search - Non-Brand,1024.94,16114,755,778,26,6,2,15418.1,13919.98,0,0,1.1191250648917666,0,,0
2024-04-01,G06,Glasgow,CH03,Paid Social,874.27,86661,1069,1165,26,8,2,12750.01,12429.69,0,0,1.1191250648917666,0,,0
2024-04-01,G06,Glasgow,CH04,LinkedIn,686.72,19355,154,177,6,1,0,16775.28,16593.99,0,0,1.1191250648917666,0,,0
2024-04-01,G06,Glasgow,CH05,YouTube,643.55,53719,323,351,5,1,0,15016.26,15105.55,0,0,1.1191250648917666,0,,0
2024-04-01,G06,Glasgow,CH06,Display,351.51,70624,210,255,2,0,0,18047.34,17325.0,0,0,1.1191250648917666,0,,0
2024-04-01,G07,Liverpool,CH01,Paid Search - Brand,508.0,6121,557,641,43,9,3,17742.92,16911.6,0,0,1.1191250648917666,0,,0
2024-04-01,G07,Liverpool,CH02,Paid Search - Non-Brand,1000.68,15692,750,912,32,9,4,15445.95,15453.11,0,0,1.1191250648917666,0,,0
2024-04-01,G07,Liverpool,CH03,Paid Social,906.23,90771,1127,1279,38,7,2,15048.92,14250.19,0,0,1.1191250648917666,0,,0
2024-04-01,G07,Liverpool,CH04,LinkedIn,806.6,22685,182,208,11,2,0,16885.6,15987.31,0,0,1.1191250648917666,0,,0
2024-04-01,G07,Liverpool,CH05,YouTube,591.68,51516,301,352,6,1,0,15610.64,15631.78,0,0,1.1191250648917666,0,,0
2024-04-01,G07,Liverpool,CH06,Display,359.48,72951,211,240,2,0,0,12898.64,14395.88,0,0,1.1191250648917666,0,,0
2024-04-01,G08,Sheffield,CH01,Paid Search - Brand,458.04,5711,494,557,41,12,2,11359.54,12270.26,0,0,1.1191250648917666,1,,0
2024-04-01,G08,Sheffield,CH02,Paid Search - Non-Brand,879.27,13035,600,688,30,11,3,13027.9,13721.66,0,0,1.1191250648917666,0,,0
2024-04-01,G08,Sheffield,CH03,Paid Social,754.21,75399,856,875,26,7,1,13923.3,13306.74,0,0,1.1191250648917666,0,,0
2024-04-01,G08,Sheffield,CH04,LinkedIn,622.29,17721,131,154,7,2,0,13833.28,13991.61,0,0,1.1191250648917666,0,,0
2024-04-01,G08,Sheffield,CH05,YouTube,574.78,48631,290,331,5,1,0,13447.64,13906.61,0,0,1.1191250648917666,0,,0
2024-04-01,G08,Sheffield,CH06,Display,364.52,73096,219,230,2,0,0,12265.95,11995.73,0,0,1.1191250648917666,0,,0
2024-04-01,G09,Edinburgh,CH01,Paid Search - Brand,412.4,5053,395,417,26,8,3,14071.75,13865.72,0,0,1.1191250648917666,0,,0
2024-04-01,G09,Edinburgh,CH02,Paid Search - Non-Brand,859.04,13581,619,661,27,5,1,14068.17,13243.39,0,0,1.1191250648917666,0,,0
2024-04-01,G09,Edinburgh,CH03,Paid Social,821.64,83069,989,1050,34,7,1,14355.8,13499.7,0,0,1.1191250648917666,0,,0
2024-04-01,G09,Edinburgh,CH04,LinkedIn,582.81,16725,131,139,6,1,0,14018.85,13554.55,0,0,1.1191250648917666,0,,0
2024-04-01,G09,Edinburgh,CH05,YouTube,501.32,41956,261,318,3,0,0,14465.63,12988.36,0,0,1.1191250648917666,0,,0
2024-04-01,G09,Edinburgh,CH06,Display,322.07,65294,201,212,1,0,0,13439.75,13687.15,0,0,1.1191250648917666,0,,0
2024-04-01,G10,Cardiff,CH01,Paid Search - Brand,452.68,5695,498,522,37,13,3,12344.02,13071.59,0,0,1.1191250648917666,0,,0
2024-04-01,G10,Cardiff,CH02,Paid Search - Non-Brand,814.72,12439,609,699,26,7,2,15138.97,14226.91,0,0,1.1191250648917666,0,,0
2024-04-01,G10,Cardiff,CH03,Paid Social,793.14,78426,917,1137,30,7,1,12671.03,12425.73,0,0,1.1191250648917666,0,,0
2024-04-01,G10,Cardiff,CH04,LinkedIn,571.31,15996,118,138,6,1,0,12214.68,12767.05,0,0,1.1191250648917666,1,,0
2024-04-01,G10,Cardiff,CH05,YouTube,518.46,42682,247,254,3,0,0,12050.26,11865.36,0,0,1.1191250648917666,0,,0
2024-04-01,G10,Cardiff,CH06,Display,292.34,58024,177,211,2,0,0,12335.22,11823.09,0,0,1.1191250648917666,0,,0
2024-04-08,G01,London,CH01,Paid Search - Brand,964.15,11815,1034,1046,67,16,4,27796.0,29143.03,0,0,1.1165130180911262,0,,0
2024-04-08,G01,London,CH02,Paid Search - Non-Brand,2211.61,34023,1609,1853,64,12,3,32929.99,33132.94,0,0,1.1165130180911262,0,,0
2024-04-08,G01,London,CH03,Paid Social,1896.1,188185,2110,2181,57,19,6,32769.06,34044.05,0,0,1.1165130180911262,0,,0
2024-04-08,G01,London,CH04,LinkedIn,1396.87,39213,346,403,21,7,1,29422.03,28654.83,0,0,1.1165130180911262,1,,0
2024-04-08,G01,London,CH05,YouTube,1242.06,101337,611,709,11,3,1,33914.93,32833.34,0,0,1.1165130180911262,0,,0
2024-04-08,G01,London,CH06,Display,774.23,154248,489,525,5,1,0,30042.28,31521.84,0,0,1.1165130180911262,0,,0
2024-04-08,G02,Manchester,CH01,Paid Search - Brand,740.72,9173,771,807,49,13,4,22671.62,22165.68,0,0,1.1165130180911262,1,,0
2024-04-08,G02,Manchester,CH02,Paid Search - Non-Brand,1545.3,23911,1098,1186,45,16,5,25187.13,24585.99,0,0,1.1165130180911262,0,,0
2024-04-08,G02,Manchester,CH03,Paid Social,1304.65,131189,1670,2047,55,19,7,25239.03,23639.01,0,0,1.1165130180911262,0,,0
2024-04-08,G02,Manchester,CH04,LinkedIn,1043.53,30174,243,274,11,4,0,24180.63,23257.01,0,0,1.1165130180911262,0,,0
2024-04-08,G02,Manchester,CH05,YouTube,935.46,79043,528,574,8,2,0,21740.73,21347.13,0,0,1.1165130180911262,0,,0
2024-04-08,G02,Manchester,CH06,Display,541.75,110011,358,411,3,0,0,22248.24,22204.16,0,0,1.1165130180911262,0,,0
2024-04-08,G03,Birmingham,CH01,Paid Search - Brand,655.16,8092,717,837,60,12,4,22400.28,22476.71,0,0,1.1165130180911262,0,,0
2024-04-08,G03,Birmingham,CH02,Paid Search - Non-Brand,1562.22,24508,1047,1149,51,12,3,23079.6,22582.19,0,0,1.1165130180911262,0,,0
2024-04-08,G03,Birmingham,CH03,Paid Social,1276.7,127852,1633,1653,55,16,3,18883.48,18982.43,0,0,1.1165130180911262,0,,0
2024-04-08,G03,Birmingham,CH04,LinkedIn,973.44,27491,236,246,11,2,0,21916.08,22271.63,0,0,1.1165130180911262,0,,0
2024-04-08,G03,Birmingham,CH05,YouTube,868.95,71325,454,482,6,1,0,19620.39,19309.07,0,0,1.1165130180911262,0,,0
2024-04-08,G03,Birmingham,CH06,Display,517.54,106170,310,363,3,0,0,22203.88,23094.99,0,0,1.1165130180911262,0,,0
2024-04-08,G04,Leeds,CH01,Paid Search - Brand,577.72,7270,580,665,47,9,3,18922.36,18014.08,0,0,1.1165130180911262,0,,0
2024-04-08,G04,Leeds,CH02,Paid Search - Non-Brand,1402.41,21948,1038,1291,47,12,3,18180.33,17971.98,0,0,1.1165130180911262,0,,0
2024-04-08,G04,Leeds,CH03,Paid Social,1089.75,108589,1258,1406,38,13,3,17559.86,16904.82,0,0,1.1165130180911262,0,,0
2024-04-08,G04,Leeds,CH04,LinkedIn,772.03,22057,179,188,7,2,0,16800.12,16570.66,0,0,1.1165130180911262,0,,0
2024-04-08,G04,Leeds,CH05,YouTube,772.82,64381,420,522,6,1,0,16222.49,16399.96,0,0,1.1165130180911262,0,,0
2024-04-08,G04,Leeds,CH06,Display,449.83,91971,274,297,2,0,0,19215.23,17934.91,0,0,1.1165130180911262,0,,0
2024-04-08,G05,Bristol,CH01,Paid Search - Brand,584.81,7300,589,700,38,12,4,15800.15,16145.47,0,0,1.1165130180911262,0,,0
2024-04-08,G05,Bristol,CH02,Paid Search - Non-Brand,1176.25,17566,831,988,47,15,5,15733.25,16491.58,0,0,1.1165130180911262,0,,0
2024-04-08,G05,Bristol,CH03,Paid Social,975.15,97702,1137,1148,36,12,3,17325.98,17843.48,0,0,1.1165130180911262,0,,0
2024-04-08,G05,Bristol,CH04,LinkedIn,718.52,20952,146,182,7,1,0,16028.47,15724.3,0,0,1.1165130180911262,0,,0
2024-04-08,G05,Bristol,CH05,YouTube,687.15,57228,322,370,6,1,0,16746.57,16561.2,0,0,1.1165130180911262,0,,0
2024-04-08,G05,Bristol,CH06,Display,372.27,74734,231,241,2,0,0,13953.16,13924.18,0,0,1.1165130180911262,0,,0
2024-04-08,G06,Glasgow,CH01,Paid Search - Brand,553.54,6782,559,611,42,14,5,16263.12,15945.3,0,0,1.1165130180911262,0,,0
2024-04-08,G06,Glasgow,CH02,Paid Search - Non-Brand,1132.44,16732,746,893,40,11,2,17038.5,16691.97,0,0,1.1165130180911262,0,,0
2024-04-08,G06,Glasgow,CH03,Paid Social,779.89,77562,961,992,26,7,1,16408.12,16177.77,0,0,1.1165130180911262,0,,0
2024-04-08,G06,Glasgow,CH04,LinkedIn,664.05,19454,163,196,9,2,0,16225.17,15491.95,0,0,1.1165130180911262,0,,0
2024-04-08,G06,Glasgow,CH05,YouTube,604.2,51206,292,346,6,1,0,14691.59,13090.36,0,0,1.1165130180911262,0,,0
2024-04-08,G06,Glasgow,CH06,Display,349.04,69626,204,246,2,0,0,15378.19,15616.6,0,0,1.1165130180911262,0,,0
2024-04-08,G07,Liverpool,CH01,Paid Search - Brand,538.45,6936,544,598,36,7,2,14708.32,14961.18,0,0,1.1165130180911262,0,,0
2024-04-08,G07,Liverpool,CH02,Paid Search - Non-Brand,906.92,14339,664,707,29,7,3,16108.36,14835.13,0,0,1.1165130180911262,0,,0
2024-04-08,G07,Liverpool,CH03,Paid Social,886.89,88696,1027,1138,26,7,2,16462.84,15974.77,0,0,1.1165130180911262,0,,0
2024-04-08,G07,Liverpool,CH04,LinkedIn,678.1,19181,140,140,5,1,0,16378.9,15930.02,0,0,1.1165130180911262,0,,0
2024-04-08,G07,Liverpool,CH05,YouTube,637.31,53224,332,414,7,1,0,14829.29,13502.3,0,0,1.1165130180911262,0,,0
2024-04-08,G07,Liverpool,CH06,Display,391.04,77304,238,249,2,0,0,16868.66,16887.85,0,0,1.1165130180911262,0,,0
2024-04-08,G08,Sheffield,CH01,Paid Search - Brand,453.66,5683,505,607,38,8,1,15119.39,14281.9,0,0,1.1165130180911262,0,,0
2024-04-08,G08,Sheffield,CH02,Paid Search - Non-Brand,919.9,14136,645,802,30,7,2,14019.64,13342.92,0,0,1.1165130180911262,0,,0
2024-04-08,G08,Sheffield,CH03,Paid Social,759.36,72564,798,936,25,4,1,12778.72,12989.27,0,0,1.1165130180911262,0,,0
2024-04-08,G08,Sheffield,CH04,LinkedIn,611.33,17694,137,141,7,1,0,13986.08,14040.52,0,0,1.1165130180911262,0,,0
2024-04-08,G08,Sheffield,CH05,YouTube,578.53,47654,289,343,5,1,0,13508.12,13157.61,0,0,1.1165130180911262,0,,0
2024-04-08,G08,Sheffield,CH06,Display,338.99,68381,205,225,2,0,0,13796.95,14492.28,0,0,1.1165130180911262,0,,0
2024-04-08,G09,Edinburgh,CH01,Paid Search - Brand,448.52,5662,480,548,33,11,2,13509.17,13029.97,0,0,1.1165130180911262,0,,0
2024-04-08,G09,Edinburgh,CH02,Paid Search - Non-Brand,1026.22,16148,765,944,40,13,3,14154.44,13583.94,0,0,1.1165130180911262,0,,0
2024-04-08,G09,Edinburgh,CH03,Paid Social,844.62,84980,907,998,30,10,3,14203.73,13499.21,0,0,1.1165130180911262,0,,0
2024-04-08,G09,Edinburgh,CH04,LinkedIn,588.22,15790,125,129,6,1,0,13208.8,13893.42,0,0,1.1165130180911262,0,,0
2024-04-08,G09,Edinburgh,CH05,YouTube,513.55,42353,257,312,5,1,0,12983.36,14454.81,0,0,1.1165130180911262,0,,0
2024-04-08,G09,Edinburgh,CH06,Display,309.35,60559,171,207,1,0,0,12355.57,12514.13,0,0,1.1165130180911262,0,,0
2024-04-08,G10,Cardiff,CH01,Paid Search - Brand,432.54,5466,473,535,37,10,3,15575.88,15168.34,0,0,1.1165130180911262,0,,0
2024-04-08,G10,Cardiff,CH02,Paid Search - Non-Brand,904.3,14376,641,668,29,10,3,14261.43,13057.29,0,0,1.1165130180911262,0,,0
2024-04-08,G10,Cardiff,CH03,Paid Social,663.77,66109,797,898,26,8,2,13135.59,11889.56,0,0,1.1165130180911262,0,,0
2024-04-08,G10,Cardiff,CH04,LinkedIn,687.61,19399,151,159,5,1,0,12750.24,12431.3,0,0,1.1165130180911262,0,,0
2024-04-08,G10,Cardiff,CH05,YouTube,461.94,38834,229,229,2,0,0,13530.55,13633.43,0,0,1.1165130180911262,0,,0
2024-04-08,G10,Cardiff,CH06,Display,293.61,59076,174,205,2,0,0,13262.7,12717.6,0,0,1.1165130180911262,0,,0
2024-04-15,G01,London,CH01,Paid Search - Brand,1004.59,12857,1098,1267,80,25,10,31297.73,30696.48,0,0,1.1122019491222497,0,,0
2024-04-15,G01,London,CH02,Paid Search - Non-Brand,2231.82,34721,1488,1633,66,16,4,31456.92,32229.45,0,0,1.1122019491222497,0,,0
2024-04-15,G01,London,CH03,Paid Social,1776.36,173035,1851,2174,70,18,6,30858.16,28792.39,0,0,1.1122019491222497,0,,0
2024-04-15,G01,London,CH04,LinkedIn,1604.46,45860,367,373,17,4,1,33840.23,31844.19,0,0,1.1122019491222497,0,,0
2024-04-15,G01,London,CH05,YouTube,1408.5,118008,666,702,10,3,0,26446.78,28110.91,0,0,1.1122019491222497,0,,0
2024-04-15,G01,London,CH06,Display,722.99,140993,426,505,5,1,0,33638.08,32570.52,0,0,1.1122019491222497,0,,0
2024-04-15,G02,Manchester,CH01,Paid Search - Brand,745.31,9466,772,852,60,16,4,21737.61,21739.21,0,0,1.1122019491222497,0,,0
2024-04-15,G02,Manchester,CH02,Paid Search - Non-Brand,1577.35,24167,997,1196,54,16,5,22519.85,21192.23,0,0,1.1122019491222497,0,,0
2024-04-15,G02,Manchester,CH03,Paid Social,1193.61,120382,1429,1748,51,18,7,22391.22,22048.05,0,0,1.1122019491222497,0,,0
2024-04-15,G02,Manchester,CH04,LinkedIn,884.23,25752,197,231,9,1,0,24073.3,22960.35,0,0,1.1122019491222497,0,,0
2024-04-15,G02,Manchester,CH05,YouTube,965.31,79718,481,511,6,2,0,22318.58,21952.52,0,0,1.1122019491222497,0,,0
2024-04-15,G02,Manchester,CH06,Display,525.52,106091,296,322,3,1,0,22266.24,21864.69,0,0,1.1122019491222497,0,,0
2024-04-15,G03,Birmingham,CH01,Paid Search - Brand,763.29,9497,846,910,47,11,4,22961.78,21668.99,0,0,1.1122019491222497,0,,0
2024-04-15,G03,Birmingham,CH02,Paid Search - Non-Brand,1379.15,20490,931,1029,35,6,1,20769.02,20992.54,0,0,1.1122019491222497,0,,0
2024-04-15,G03,Birmingham,CH03,Paid Social,1240.66,122293,1516,1709,53,11,2,19894.29,18925.02,0,0,1.1122019491222497,0,,0
2024-04-15,G03,Birmingham,CH04,LinkedIn,1100.0,31460,264,319,15,3,0,21311.38,21499.18,0,0,1.1122019491222497,0,,0
2024-04-15,G03,Birmingham,CH05,YouTube,836.1,68261,393,437,7,2,0,21056.15,21562.46,0,0,1.1122019491222497,0,,0
2024-04-15,G03,Birmingham,CH06,Display,491.8,99100,269,271,3,0,0,19707.68,20671.75,0,0,1.1122019491222497,0,,0
2024-04-15,G04,Leeds,CH01,Paid Search - Brand,578.2,7084,569,587,34,11,3,16234.01,16823.46,0,0,1.1122019491222497,0,,0
2024-04-15,G04,Leeds,CH02,Paid Search - Non-Brand,1286.1,19882,904,1047,49,13,3,16797.94,17605.18,0,0,1.1122019491222497,0,,0
2024-04-15,G04,Leeds,CH03,Paid Social,1031.45,98673,1121,1134,31,8,3,15985.34,17603.51,0,0,1.1122019491222497,1,,0
2024-04-15,G04,Leeds,CH04,LinkedIn,819.16,23269,184,184,7,2,0,18936.62,18837.43,0,0,1.1122019491222497,0,,0
2024-04-15,G04,Leeds,CH05,YouTube,686.63,56283,341,415,6,1,0,20882.84,19747.39,0,0,1.1122019491222497,0,,0
2024-04-15,G04,Leeds,CH06,Display,422.1,85784,229,249,2,0,0,18359.24,17352.76,0,0,1.1122019491222497,0,,0
2024-04-15,G05,Bristol,CH01,Paid Search - Brand,507.94,6299,518,591,32,6,2,16414.78,15912.35,0,0,1.1122019491222497,0,,0
2024-04-15,G05,Bristol,CH02,Paid Search - Non-Brand,924.66,14136,609,652,25,5,2,16761.12,15929.46,0,0,1.1122019491222497,0,,0
2024-04-15,G05,Bristol,CH03,Paid Social,912.78,90916,1124,1259,34,6,2,20838.68,18430.98,0,0,1.1122019491222497,0,,0
2024-04-15,G05,Bristol,CH04,LinkedIn,759.25,22005,172,197,8,1,0,16247.28,16187.74,0,0,1.1122019491222497,0,,0
2024-04-15,G05,Bristol,CH05,YouTube,650.5,53487,326,352,5,1,0,17093.84,18222.5,0,0,1.1122019491222497,0,,0
2024-04-15,G05,Bristol,CH06,Display,382.19,76561,223,225,1,0,0,19033.6,17647.79,0,0,1.1122019491222497,0,,0
2024-04-15,G06,Glasgow,CH01,Paid Search - Brand,448.87,5593,403,463,32,7,2,17112.31,16629.28,0,0,1.1122019491222497,0,,0
2024-04-15,G06,Glasgow,CH02,Paid Search - Non-Brand,1115.78,17615,786,964,43,8,3,15847.91,15193.19,0,0,1.1122019491222497,0,,0
2024-04-15,G06,Glasgow,CH03,Paid Social,874.22,88859,985,1150,31,7,2,16094.46,15413.82,0,0,1.1122019491222497,0,,0
2024-04-15,G06,Glasgow,CH04,LinkedIn,611.33,17625,142,156,6,1,0,18206.63,17611.75,0,0,1.1122019491222497,0,,0
2024-04-15,G06,Glasgow,CH05,YouTube,593.82,48477,293,352,4,1,0,17207.09,16797.76,0,0,1.1122019491222497,0,,0
2024-04-15,G06,Glasgow,CH06,Display,373.82,75296,218,243,2,0,0,14122.73,14600.4,0,0,1.1122019491222497,0,,0
2024-04-15,G07,Liverpool,CH01,Paid Search - Brand,476.11,6028,521,530,34,12,3,16646.53,15347.29,0,0,1.1122019491222497,0,,0
2024-04-15,G07,Liverpool,CH02,Paid Search - Non-Brand,1057.52,16670,773,928,43,8,1,15289.38,15028.42,0,0,1.1122019491222497,0,,0
2024-04-15,G07,Liverpool,CH03,Paid Social,878.37,88992,1103,1144,35,8,2,15500.36,15158.77,0,0,1.1122019491222497,0,,0
2024-04-15,G07,Liverpool,CH04,LinkedIn,707.22,20490,162,165,7,1,0,17370.03,16068.25,0,0,1.1122019491222497,0,,0
2024-04-15,G07,Liverpool,CH05,YouTube,569.34,48683,283,299,3,0,0,15706.53,15756.14,0,0,1.1122019491222497,0,,0
2024-04-15,G07,Liverpool,CH06,Display,399.02,79305,225,270,3,1,0,17560.84,16160.08,0,0,1.1122019491222497,0,,0
2024-04-15,G08,Sheffield,CH01,Paid Search - Brand,473.56,5895,517,538,32,11,2,12814.67,12929.54,0,0,1.1122019491222497,0,,0
2024-04-15,G08,Sheffield,CH02,Paid Search - Non-Brand,918.44,13931,607,700,27,10,3,12615.27,13250.46,0,0,1.1122019491222497,1,,0
2024-04-15,G08,Sheffield,CH03,Paid Social,770.36,77490,959,1061,25,8,2,14666.03,14139.75,0,0,1.1122019491222497,0,,0
2024-04-15,G08,Sheffield,CH04,LinkedIn,645.18,17655,134,160,7,1,0,15495.29,14776.9,0,0,1.1122019491222497,0,,0
2024-04-15,G08,Sheffield,CH05,YouTube,534.31,43596,264,279,4,1,0,14149.37,14028.08,0,0,1.1122019491222497,0,,0
2024-04-15,G08,Sheffield,CH06,Display,355.56,69964,205,234,2,0,0,14697.11,14879.43,0,0,1.1122019491222497,0,,0
2024-04-15,G09,Edinburgh,CH01,Paid Search - Brand,402.88,5134,476,512,38,10,3,12674.63,13692.38,0,0,1.1122019491222497,0,,0
2024-04-15,G09,Edinburgh,CH02,Paid Search - Non-Brand,888.75,13614,576,639,29,7,2,13636.77,13258.41,0,0,1.1122019491222497,0,,0
2024-04-15,G09,Edinburgh,CH03,Paid Social,743.46,76247,878,1011,30,8,2,13863.94,14043.48,0,0,1.1122019491222497,0,,0
2024-04-15,G09,Edinburgh,CH04,LinkedIn,607.06,17765,139,155,6,1,0,12424.1,12030.35,0,0,1.1122019491222497,0,,0
2024-04-15,G09,Edinburgh,CH05,YouTube,537.51,43802,254,294,3,0,0,14289.38,14618.76,0,0,1.1122019491222497,0,,0
2024-04-15,G09,Edinburgh,CH06,Display,331.61,64340,179,219,1,0,0,13315.28,12541.25,0,0,1.1122019491222497,0,,0
2024-04-15,G10,Cardiff,CH01,Paid Search - Brand,417.64,5227,480,499,33,9,3,12034.67,12093.15,0,0,1.1122019491222497,0,,0
2024-04-15,G10,Cardiff,CH02,Paid Search - Non-Brand,908.21,14274,676,838,33,9,2,12530.57,12769.06,0,0,1.1122019491222497,0,,0
2024-04-15,G10,Cardiff,CH03,Paid Social,684.66,66389,751,823,25,8,3,12487.3,12614.09,0,0,1.1122019491222497,0,,0
2024-04-15,G10,Cardiff,CH04,LinkedIn,574.23,16519,123,139,5,1,0,12109.59,12521.0,0,0,1.1122019491222497,0,,0
2024-04-15,G10,Cardiff,CH05,YouTube,459.15,39378,236,270,4,1,0,11626.53,11262.58,0,0,1.1122019491222497,0,,0
2024-04-15,G10,Cardiff,CH06,Display,317.95,65344,161,187,1,0,0,12058.39,12338.53,0,0,1.1122019491222497,0,,0
2024-04-22,G01,London,CH01,Paid Search - Brand,1017.62,12459,1126,1335,95,22,4,30562.73,31963.86,0,0,1.1062547230783852,0,,0
2024-04-22,G01,London,CH02,Paid Search - Non-Brand,2485.54,37399,1669,2032,85,17,5,31225.64,30008.88,0,0,1.1062547230783852,0,,0
2024-04-22,G01,London,CH03,Paid Social,1819.68,183887,2095,2216,58,18,4,35421.45,34662.64,0,0,1.1062547230783852,0,,0
2024-04-22,G01,London,CH04,LinkedIn,1422.98,41327,352,373,16,3,1,28922.63,29934.36,0,0,1.1062547230783852,0,,0
2024-04-22,G01,London,CH05,YouTube,1339.67,112377,642,683,8,2,0,32193.91,31538.36,0,0,1.1062547230783852,0,,0
2024-04-22,G01,London,CH06,Display,746.98,147900,467,572,6,2,0,31042.13,30718.56,0,0,1.1062547230783852,0,,0
2024-04-22,G02,Manchester,CH01,Paid Search - Brand,669.7,8636,712,881,58,15,3,22745.03,21796.31,0,0,1.1062547230783852,0,,0
2024-04-22,G02,Manchester,CH02,Paid Search - Non-Brand,1669.42,26531,1322,1418,59,13,2,20198.67,19766.25,0,0,1.1062547230783852,0,,0
2024-04-22,G02,Manchester,CH03,Paid Social,1171.51,114286,1429,1761,57,20,8,19861.73,22243.74,0,0,1.1062547230783852,0,,0
2024-04-22,G02,Manchester,CH04,LinkedIn,1048.53,29326,244,289,11,2,0,20537.83,20811.62,0,0,1.1062547230783852,0,,0
2024-04-22,G02,Manchester,CH05,YouTube,824.87,69804,410,461,6,2,0,22845.75,21628.16,0,0,1.1062547230783852,0,,0
2024-04-22,G02,Manchester,CH06,Display,505.7,102952,291,297,3,0,0,22307.65,22601.2,0,0,1.1062547230783852,0,,0
2024-04-22,G03,Birmingham,CH01,Paid Search - Brand,735.14,9136,780,910,62,13,2,21185.2,21230.95,0,0,1.1062547230783852,0,,0
2024-04-22,G03,Birmingham,CH02,Paid Search - Non-Brand,1410.02,21943,1035,1188,43,11,3,20595.97,20405.64,0,0,1.1062547230783852,0,,0
2024-04-22,G03,Birmingham,CH03,Paid Social,1118.57,114789,1419,1609,40,11,4,21530.96,21086.94,0,0,1.1062547230783852,0,,0
2024-04-22,G03,Birmingham,CH04,LinkedIn,959.52,28297,206,220,8,2,0,20821.91,20966.69,0,0,1.1062547230783852,0,,0
2024-04-22,G03,Birmingham,CH05,YouTube,890.12,75931,423,457,6,1,0,22945.05,22868.75,0,0,1.1062547230783852,0,,0
2024-04-22,G03,Birmingham,CH06,Display,463.39,92894,259,259,2,0,0,19373.06,20129.49,0,0,1.1062547230783852,0,,0
2024-04-22,G04,Leeds,CH01,Paid Search - Brand,575.39,7444,637,647,48,16,4,17744.95,16978.01,0,0,1.1062547230783852,0,,0
2024-04-22,G04,Leeds,CH02,Paid Search - Non-Brand,1299.31,20271,895,962,35,10,2,16434.29,16116.8,0,0,1.1062547230783852,0,,0
2024-04-22,G04,Leeds,CH03,Paid Social,915.01,93091,1107,1347,40,15,6,18839.31,18223.1,0,0,1.1062547230783852,0,,0
2024-04-22,G04,Leeds,CH04,LinkedIn,855.8,24468,193,200,8,2,0,22107.03,20780.97,0,0,1.1062547230783852,0,,0
2024-04-22,G04,Leeds,CH05,YouTube,648.96,52684,314,330,4,1,0,17575.61,18284.84,0,0,1.1062547230783852,0,,0
2024-04-22,G04,Leeds,CH06,Display,449.85,90419,286,343,2,0,0,17406.29,18420.15,0,0,1.1062547230783852,0,,0
2024-04-22,G05,Bristol,CH01,Paid Search - Brand,506.09,6249,558,635,33,7,1,17224.56,16822.11,0,0,1.1062547230783852,0,,0
2024-04-22,G05,Bristol,CH02,Paid Search - Non-Brand,1180.95,18196,741,894,43,12,3,15745.56,15128.27,0,0,1.1062547230783852,0,,0
2024-04-22,G05,Bristol,CH03,Paid Social,882.92,90392,1029,1274,30,8,1,16543.94,15453.11,0,0,1.1062547230783852,0,,0
2024-04-22,G05,Bristol,CH04,LinkedIn,769.29,21501,172,194,8,1,0,17378.22,16516.68,0,0,1.1062547230783852,0,,0
2024-04-22,G05,Bristol,CH05,YouTube,646.91,55053,330,355,5,1,0,16192.73,16396.01,0,0,1.1062547230783852,0,,0
2024-04-22,G05,Bristol,CH06,Display,373.76,77255,228,274,2,0,0,17457.68,17563.34,0,0,1.1062547230783852,0,,0
2024-04-22,G06,Glasgow,CH01,Paid Search - Brand,402.53,4868,378,388,29,10,2,13005.74,12652.21,0,0,1.1062547230783852,0,,0
2024-04-22,G06,Glasgow,CH02,Paid Search - Non-Brand,950.89,14059,616,661,31,6,2,14621.98,14161.48,0,0,1.1062547230783852,0,,0
2024-04-22,G06,Glasgow,CH03,Paid Social,935.91,94721,1203,1212,38,7,2,14929.34,14773.38,0,0,1.1062547230783852,0,,0
2024-04-22,G06,Glasgow,CH04,LinkedIn,666.35,18802,149,157,7,1,0,14581.68,13884.24,0,0,1.1062547230783852,0,,0
2024-04-22,G06,Glasgow,CH05,YouTube,533.3,44452,274,298,4,0,0,16586.45,15827.49,0,0,1.1062547230783852,0,,0
2024-04-22,G06,Glasgow,CH06,Display,346.33,67030,202,222,1,0,0,16809.85,16442.81,0,0,1.1062547230783852,0,,0
2024-04-22,G07,Liverpool,CH01,Paid Search - Brand,553.72,6791,534,630,47,16,4,15320.63,15043.64,0,0,1.1062547230783852,0,,0
2024-04-22,G07,Liverpool,CH02,Paid Search - Non-Brand,966.96,14413,627,715,30,10,2,15441.37,15188.95,0,0,1.1062547230783852,0,,0
2024-04-22,G07,Liverpool,CH03,Paid Social,913.47,85997,1058,1271,36,12,3,14753.69,14667.66,0,0,1.1062547230783852,0,,0
2024-04-22,G07,Liverpool,CH04,LinkedIn,726.96,20708,166,206,10,2,0,16799.66,16211.28,0,0,1.1062547230783852,0,,0
2024-04-22,G07,Liverpool,CH05,YouTube,623.35,52520,286,332,5,1,0,16320.48,15927.38,0,0,1.1062547230783852,0,,0
2024-04-22,G07,Liverpool,CH06,Display,388.63,79783,222,267,2,0,0,15656.82,15233.69,0,0,1.1062547230783852,0,,0
2024-04-22,G08,Sheffield,CH01,Paid Search - Brand,461.92,5693,483,576,44,10,3,13474.27,13824.44,0,0,1.1062547230783852,0,,0
2024-04-22,G08,Sheffield,CH02,Paid Search - Non-Brand,930.65,14412,655,762,33,6,1,13263.16,13465.58,0,0,1.1062547230783852,0,,0
2024-04-22,G08,Sheffield,CH03,Paid Social,885.38,86656,1064,1241,40,10,3,13230.68,14307.09,0,0,1.1062547230783852,0,,0
2024-04-22,G08,Sheffield,CH04,LinkedIn,648.4,18913,156,173,6,2,0,15805.91,15666.93,0,0,1.1062547230783852,0,,0
2024-04-22,G08,Sheffield,CH05,YouTube,578.83,47394,275,311,5,0,0,11974.76,12739.25,0,0,1.1062547230783852,0,,0
2024-04-22,G08,Sheffield,CH06,Display,361.6,74125,229,277,2,0,0,13341.25,13587.16,0,0,1.1062547230783852,0,,0
2024-04-22,G09,Edinburgh,CH01,Paid Search - Brand,414.67,5233,439,479,28,6,1,13203.62,12782.84,0,0,1.1062547230783852,0,,0
2024-04-22,G09,Edinburgh,CH02,Paid Search - Non-Brand,917.03,14059,651,677,23,6,2,12557.12,12554.25,0,0,1.1062547230783852,0,,0
2024-04-22,G09,Edinburgh,CH03,Paid Social,766.43,77032,829,969,32,7,2,13984.81,13285.62,0,0,1.1062547230783852,0,,0
2024-04-22,G09,Edinburgh,CH04,LinkedIn,613.37,17490,145,153,8,2,0,13763.35,13360.86,0,0,1.1062547230783852,0,,0
2024-04-22,G09,Edinburgh,CH05,YouTube,551.53,46846,277,323,5,1,0,12927.23,13003.28,0,0,1.1062547230783852,0,,0
2024-04-22,G09,Edinburgh,CH06,Display,334.15,65969,186,187,2,0,0,11717.04,11895.6,0,0,1.1062547230783852,0,,0
2024-04-22,G10,Cardiff,CH01,Paid Search - Brand,391.92,4990,426,458,27,10,2,12627.64,11694.27,0,0,1.1062547230783852,0,,0
2024-04-22,G10,Cardiff,CH02,Paid Search - Non-Brand,750.42,11258,527,577,25,4,1,13804.21,13327.47,0,0,1.1062547230783852,0,,0
2024-04-22,G10,Cardiff,CH03,Paid Social,678.72,68805,806,921,21,4,1,12454.71,13094.97,0,0,1.1062547230783852,0,,0
2024-04-22,G10,Cardiff,CH04,LinkedIn,603.54,17561,138,144,5,1,0,10265.23,10392.08,0,0,1.1062547230783852,0,,0
2024-04-22,G10,Cardiff,CH05,YouTube,473.8,40131,219,223,3,0,0,14302.4,13067.4,0,0,1.1062547230783852,0,,0
2024-04-22,G10,Cardiff,CH06,Display,268.84,54582,177,183,1,0,0,12890.71,13416.95,0,0,1.1062547230783852,0,,0
2024-04-29,G01,London,CH01,Paid Search - Brand,1000.87,12609,1042,1166,85,18,5,28102.47,30749.91,0,0,1.0987580639072387,0,,0
2024-04-29,G01,London,CH02,Paid Search - Non-Brand,1898.83,29034,1242,1384,54,11,2,28437.61,28311.19,0,0,1.0987580639072387,0,,0
2024-04-29,G01,London,CH03,Paid Social,1657.86,168885,1857,1968,57,18,5,28633.49,27876.04,0,0,1.0987580639072387,0,,0
2024-04-29,G01,London,CH04,LinkedIn,1381.74,38367,321,378,14,3,0,28933.73,29991.62,0,0,1.0987580639072387,0,,0
2024-04-29,G01,London,CH05,YouTube,1275.17,106239,612,747,11,3,0,35805.48,33898.77,0,0,1.0987580639072387,0,,0
2024-04-29,G01,London,CH06,Display,739.03,150742,441,478,4,1,0,28610.53,27528.73,0,0,1.0987580639072387,0,,0
2024-04-29,G02,Manchester,CH01,Paid Search - Brand,767.71,9748,859,968,61,22,4,21277.69,20466.32,0,0,1.0987580639072387,0,,0
2024-04-29,G02,Manchester,CH02,Paid Search - Non-Brand,1394.72,22085,995,1106,37,10,2,23981.37,24277.37,0,0,1.0987580639072387,0,,0
2024-04-29,G02,Manchester,CH03,Paid Social,1181.73,117646,1608,1675,44,9,3,21947.41,21619.94,0,0,1.0987580639072387,0,,0
2024-04-29,G02,Manchester,CH04,LinkedIn,1084.0,30631,248,280,14,5,1,23139.54,23462.08,0,0,1.0987580639072387,0,,0
2024-04-29,G02,Manchester,CH05,YouTube,845.61,71268,424,507,6,1,0,22871.94,22033.85,0,0,1.0987580639072387,0,,0
2024-04-29,G02,Manchester,CH06,Display,536.05,107163,323,360,4,1,0,20465.88,20403.14,0,0,1.0987580639072387,0,,0
2024-04-29,G03,Birmingham,CH01,Paid Search - Brand,812.25,10228,881,927,62,13,4,17210.49,17966.66,0,0,1.0987580639072387,0,,0
2024-04-29,G03,Birmingham,CH02,Paid Search - Non-Brand,1473.35,23152,1033,1151,46,8,2,21762.72,21304.3,0,0,1.0987580639072387,0,,0
2024-04-29,G03,Birmingham,CH03,Paid Social,1250.94,127864,1547,1601,52,17,7,20297.05,20993.74,0,0,1.0987580639072387,0,,0
2024-04-29,G03,Birmingham,CH04,LinkedIn,916.17,26623,225,273,12,2,0,19680.21,19565.16,0,0,1.0987580639072387,0,,0
2024-04-29,G03,Birmingham,CH05,YouTube,915.7,76611,438,498,6,1,0,21447.74,21866.89,0,0,1.0987580639072387,0,,0
2024-04-29,G03,Birmingham,CH06,Display,501.32,101071,291,339,2,0,0,27109.78,26125.96,0,0,1.0987580639072387,0,,0
2024-04-29,G04,Leeds,CH01,Paid Search - Brand,555.08,7063,558,597,41,11,4,16539.95,15724.71,0,0,1.0987580639072387,0,,0
2024-04-29,G04,Leeds,CH02,Paid Search - Non-Brand,1266.78,19575,863,981,42,8,3,18279.13,17530.79,0,0,1.0987580639072387,0,,0
2024-04-29,G04,Leeds,CH03,Paid Social,1022.43,105282,1256,1436,36,7,1,19993.7,20078.39,0,0,1.0987580639072387,0,,0
2024-04-29,G04,Leeds,CH04,LinkedIn,827.77,23885,189,203,10,2,0,18068.3,18201.81,0,0,1.0987580639072387,0,,0
2024-04-29,G04,Leeds,CH05,YouTube,729.47,60887,390,457,7,2,0,16771.82,17321.79,0,0,1.0987580639072387,0,,0
2024-04-29,G04,Leeds,CH06,Display,433.65,88107,263,307,3,0,0,18091.21,16464.68,0,0,1.0987580639072387,0,,0
2024-04-29,G05,Bristol,CH01,Paid Search - Brand,576.35,7253,626,660,37,7,2,16060.51,16469.87,0,0,1.0987580639072387,0,,0
2024-04-29,G05,Bristol,CH02,Paid Search - Non-Brand,1034.4,16195,769,827,39,13,4,17290.67,16805.88,0,0,1.0987580639072387,0,,0
2024-04-29,G05,Bristol,CH03,Paid Social,943.74,95739,1033,1041,29,10,2,16012.84,15975.65,0,0,1.0987580639072387,0,,0
2024-04-29,G05,Bristol,CH04,LinkedIn,808.99,22654,153,179,7,1,0,14317.74,14349.42,0,0,1.0987580639072387,0,,0
2024-04-29,G05,Bristol,CH05,YouTube,641.77,51996,324,398,4,0,0,19112.4,18360.5,0,0,1.0987580639072387,0,,0
2024-04-29,G05,Bristol,CH06,Display,399.03,79198,226,234,2,0,0,18604.9,17699.23,0,0,1.0987580639072387,0,,0
2024-04-29,G06,Glasgow,CH01,Paid Search - Brand,444.05,5635,489,562,37,13,3,15055.96,14499.15,0,0,1.0987580639072387,0,,0
2024-04-29,G06,Glasgow,CH02,Paid Search - Non-Brand,1108.12,16908,760,816,39,8,3,15594.83,14071.74,0,0,1.0987580639072387,0,,0
2024-04-29,G06,Glasgow,CH03,Paid Social,884.56,90437,1139,1203,39,13,5,15509.19,14979.73,0,0,1.0987580639072387,0,,0
2024-04-29,G06,Glasgow,CH04,LinkedIn,693.83,19435,145,169,6,1,0,12839.65,12612.11,0,0,1.0987580639072387,0,,0
2024-04-29,G06,Glasgow,CH05,YouTube,581.9,49895,295,349,5,1,0,14556.38,15453.61,0,0,1.0987580639072387,0,,0
2024-04-29,G06,Glasgow,CH06,Display,350.65,72484,216,251,2,0,0,14969.42,15114.24,0,0,1.0987580639072387,0,,0
2024-04-29,G07,Liverpool,CH01,Paid Search - Brand,480.46,5957,496,502,32,8,2,15468.16,15037.24,0,0,1.0987580639072387,0,,0
2024-04-29,G07,Liverpool,CH02,Paid Search - Non-Brand,1058.69,16518,751,910,35,9,3,14847.09,14537.01,0,0,1.0987580639072387,0,,0
2024-04-29,G07,Liverpool,CH03,Paid Social,962.98,95332,1260,1474,36,10,2,13480.12,13831.96,0,0,1.0987580639072387,0,,0
2024-04-29,G07,Liverpool,CH04,LinkedIn,633.22,18444,146,172,6,1,0,16112.74,15640.15,0,0,1.0987580639072387,0,,0
2024-04-29,G07,Liverpool,CH05,YouTube,597.33,49605,272,326,4,1,0,14518.09,14053.44,0,0,1.0987580639072387,0,,0
2024-04-29,G07,Liverpool,CH06,Display,352.53,69183,183,216,2,0,0,15311.46,15519.05,0,0,1.0987580639072387,0,,0
2024-04-29,G08,Sheffield,CH01,Paid Search - Brand,432.0,5279,455,502,33,12,3,13823.53,13578.6,0,0,1.0987580639072387,0,,0
2024-04-29,G08,Sheffield,CH02,Paid Search - Non-Brand,933.16,14557,594,696,29,5,1,12297.15,12536.29,0,0,1.0987580639072387,0,,0
2024-04-29,G08,Sheffield,CH03,Paid Social,771.38,79642,1006,1045,31,11,4,13048.26,13221.42,0,0,1.0987580639072387,0,,0
2024-04-29,G08,Sheffield,CH04,LinkedIn,586.76,16844,128,154,5,1,0,12924.66,12098.38,0,0,1.0987580639072387,0,,0
2024-04-29,G08,Sheffield,CH05,YouTube,577.81,47861,284,296,5,1,0,12764.41,12578.25,0,0,1.0987580639072387,0,,0
2024-04-29,G08,Sheffield,CH06,Display,308.07,59865,188,192,1,0,0,15132.32,14623.07,0,0,1.0987580639072387,0,,0
2024-04-29,G09,Edinburgh,CH01,Paid Search - Brand,473.48,5671,482,503,30,10,2,13369.87,12969.09,0,0,1.0987580639072387,0,,0
2024-04-29,G09,Edinburgh,CH02,Paid Search - Non-Brand,903.73,13912,640,688,24,7,3,14240.16,13880.24,0,0,1.0987580639072387,0,,0
2024-04-29,G09,Edinburgh,CH03,Paid Social,688.19,66914,875,876,21,6,2,12898.93,12416.43,0,0,1.0987580639072387,0,,0
2024-04-29,G09,Edinburgh,CH04,LinkedIn,616.02,17007,138,164,6,2,0,13450.94,13199.73,0,0,1.0987580639072387,0,,0
2024-04-29,G09,Edinburgh,CH05,YouTube,531.19,44212,278,334,5,0,0,13391.09,12973.52,0,0,1.0987580639072387,0,,0
2024-04-29,G09,Edinburgh,CH06,Display,337.75,64820,194,199,1,0,0,13358.5,13905.08,0,0,1.0987580639072387,0,,0
2024-04-29,G10,Cardiff,CH01,Paid Search - Brand,395.44,4891,387,422,22,4,0,10687.4,11438.68,0,0,1.0987580639072387,0,,0
2024-04-29,G10,Cardiff,CH02,Paid Search - Non-Brand,897.43,14146,589,625,23,6,2,12347.11,11890.5,0,0,1.0987580639072387,0,,0
2024-04-29,G10,Cardiff,CH03,Paid Social,596.87,58634,761,844,20,7,2,10484.87,11151.78,0,0,1.0987580639072387,0,,0
2024-04-29,G10,Cardiff,CH04,LinkedIn,574.8,16636,134,142,7,1,0,11719.59,12768.2,0,0,1.0987580639072387,0,,0
2024-04-29,G10,Cardiff,CH05,YouTube,549.5,45228,276,298,4,1,0,12825.61,14072.35,0,0,1.0987580639072387,0,,0
2024-04-29,G10,Cardiff,CH06,Display,288.3,56806,169,208,1,0,0,11997.56,11797.22,0,0,1.0987580639072387,0,,0
2024-05-06,G01,London,CH01,Paid Search - Brand,1030.08,12652,963,1103,74,13,4,33239.98,32053.51,0,0,1.0898212897805322,0,,0
2024-05-06,G01,London,CH02,Paid Search - Non-Brand,2046.63,31935,1445,1452,57,17,5,35735.19,33902.2,0,0,1.0898212897805322,0,,0
2024-05-06,G01,London,CH03,Paid Social,1698.75,169996,1966,2038,57,19,5,31945.22,30638.81,0,0,1.0898212897805322,0,,0
2024-05-06,G01,London,CH04,LinkedIn,1506.24,44583,344,370,19,6,1,28377.15,28658.73,0,0,1.0898212897805322,0,,0
2024-05-06,G01,London,CH05,YouTube,1311.54,108298,608,626,9,3,0,31341.58,31640.79,0,0,1.0898212897805322,0,,0
2024-05-06,G01,London,CH06,Display,685.64,136217,416,516,5,1,0,33187.32,34497.06,0,0,1.0898212897805322,0,,0
2024-05-06,G02,Manchester,CH01,Paid Search - Brand,718.09,8775,750,823,62,12,3,21497.27,21160.38,0,0,1.0898212897805322,0,,0
2024-05-06,G02,Manchester,CH02,Paid Search - Non-Brand,1536.92,23709,1058,1191,53,13,4,19970.72,21674.3,0,0,1.0898212897805322,0,,0
2024-05-06,G02,Manchester,CH03,Paid Social,1153.68,113630,1428,1784,57,20,4,24893.31,23303.83,0,0,1.0898212897805322,0,,0
2024-05-06,G02,Manchester,CH04,LinkedIn,1048.56,30258,232,252,13,4,1,22979.59,23568.71,0,0,1.0898212897805322,0,,0
2024-05-06,G02,Manchester,CH05,YouTube,943.62,77036,447,493,8,1,0,24651.06,23466.58,0,0,1.0898212897805322,0,,0
2024-05-06,G02,Manchester,CH06,Display,517.0,105647,318,345,3,0,0,22857.39,22854.85,0,0,1.0898212897805322,0,,0
2024-05-06,G03,Birmingham,CH01,Paid Search - Brand,740.62,9241,820,1024,76,27,6,17790.98,18742.36,0,0,1.0898212897805322,0,,0
2024-05-06,G03,Birmingham,CH02,Paid Search - Non-Brand,1337.82,20941,938,1130,50,13,4,18518.33,18714.37,0,0,1.0898212897805322,0,,0
2024-05-06,G03,Birmingham,CH03,Paid Social,1251.03,127035,1580,1973,47,9,3,21467.28,20968.19,0,0,1.0898212897805322,0,,0
2024-05-06,G03,Birmingham,CH04,LinkedIn,964.15,26428,223,227,11,3,1,21465.01,20941.88,0,0,1.0898212897805322,0,,0
2024-05-06,G03,Birmingham,CH05,YouTube,865.77,71894,386,399,6,2,0,17738.54,18275.95,0,0,1.0898212897805322,0,,0
2024-05-06,G03,Birmingham,CH06,Display,429.01,83474,244,291,2,0,0,20255.05,19204.02,0,0,1.0898212897805322,0,,0
2024-05-06,G04,Leeds,CH01,Paid Search - Brand,587.45,7368,620,719,55,13,4,18763.41,17666.5,0,0,1.0898212897805322,0,,0
2024-05-06,G04,Leeds,CH02,Paid Search - Non-Brand,1136.66,17210,777,808,39,9,2,17917.18,17694.56,0,0,1.0898212897805322,0,,0
2024-05-06,G04,Leeds,CH03,Paid Social,1003.79,97947,1181,1295,32,10,2,16171.17,18343.63,0,0,1.0898212897805322,0,,0
2024-05-06,G04,Leeds,CH04,LinkedIn,931.74,26794,217,243,11,4,1,19186.71,18574.12,0,0,1.0898212897805322,0,,0
2024-05-06,G04,Leeds,CH05,YouTube,723.71,61594,393,421,5,1,0,18059.64,18259.48,0,0,1.0898212897805322,0,,0
2024-05-06,G04,Leeds,CH06,Display,374.05,75186,218,264,2,0,0,17395.35,17204.58,0,0,1.0898212897805322,0,,0
2024-05-06,G05,Bristol,CH01,Paid Search - Brand,539.23,6863,550,600,34,10,2,15594.65,15758.38,0,0,1.0898212897805322,0,,0
2024-05-06,G05,Bristol,CH02,Paid Search - Non-Brand,1092.48,16704,752,891,29,7,2,16920.57,17033.69,0,0,1.0898212897805322,0,,0
2024-05-06,G05,Bristol,CH03,Paid Social,1001.0,96094,1147,1307,39,9,1,16912.56,15801.85,0,0,1.0898212897805322,0,,0
2024-05-06,G05,Bristol,CH04,LinkedIn,694.4,20791,167,203,7,2,0,15298.17,16644.31,0,0,1.0898212897805322,1,,0
2024-05-06,G05,Bristol,CH05,YouTube,644.37,54563,330,351,4,1,0,16140.43,15883.21,0,0,1.0898212897805322,0,,0
2024-05-06,G05,Bristol,CH06,Display,409.96,81305,228,228,2,0,0,16433.09,16811.36,0,0,1.0898212897805322,0,,0
2024-05-06,G06,Glasgow,CH01,Paid Search - Brand,422.7,5419,467,487,28,8,3,11823.75,12347.48,0,0,1.0898212897805322,0,,0
2024-05-06,G06,Glasgow,CH02,Paid Search - Non-Brand,1204.87,18665,845,845,40,11,2,13360.61,13199.84,0,0,1.0898212897805322,0,,0
2024-05-06,G06,Glasgow,CH03,Paid Social,818.89,81297,951,1184,30,5,1,13691.52,13634.74,0,0,1.0898212897805322,0,,0
2024-05-06,G06,Glasgow,CH04,LinkedIn,663.26,18881,141,151,7,2,0,14157.54,14440.68,0,0,1.0898212897805322,0,,0
2024-05-06,G06,Glasgow,CH05,YouTube,623.66,51302,294,301,3,0,0,14121.29,13823.05,0,0,1.0898212897805322,0,,0
2024-05-06,G06,Glasgow,CH06,Display,349.95,69227,217,238,2,0,0,16017.41,15838.09,0,0,1.0898212897805322,0,,0
2024-05-06,G07,Liverpool,CH01,Paid Search - Brand,542.42,6753,586,617,40,14,3,14745.7,14525.37,0,0,1.0898212897805322,0,,0
2024-05-06,G07,Liverpool,CH02,Paid Search - Non-Brand,1148.71,17636,788,899,40,12,5,17096.46,16723.86,0,0,1.0898212897805322,0,,0
2024-05-06,G07,Liverpool,CH03,Paid Social,894.47,91985,1017,1211,33,6,1,15007.75,14814.09,0,0,1.0898212897805322,0,,0
2024-05-06,G07,Liverpool,CH04,LinkedIn,634.91,17946,130,138,7,1,0,14424.67,14901.8,0,0,1.0898212897805322,0,,0
2024-05-06,G07,Liverpool,CH05,YouTube,686.99,57818,366,423,6,1,0,13829.38,13988.22,0,0,1.0898212897805322,0,,0
2024-05-06,G07,Liverpool,CH06,Display,370.38,75435,199,238,2,0,0,14963.33,14815.77,0,0,1.0898212897805322,0,,0
2024-05-06,G08,Sheffield,CH01,Paid Search - Brand,468.75,5822,515,622,47,12,2,14584.4,14683.43,0,0,1.0898212897805322,0,,0
2024-05-06,G08,Sheffield,CH02,Paid Search - Non-Brand,945.33,14865,621,767,34,9,3,14024.51,13605.85,0,0,1.0898212897805322,0,,0
2024-05-06,G08,Sheffield,CH03,Paid Social,838.52,81781,960,1000,30,10,4,13164.17,12471.46,0,0,1.0898212897805322,0,,0
2024-05-06,G08,Sheffield,CH04,LinkedIn,570.36,16109,120,129,5,1,0,13125.67,13704.59,0,0,1.0898212897805322,0,,0
2024-05-06,G08,Sheffield,CH05,YouTube,521.9,42722,249,307,5,1,0,12528.54,13531.22,0,0,1.0898212897805322,0,,0
2024-05-06,G08,Sheffield,CH06,Display,330.66,65983,203,215,1,0,0,13474.39,12454.44,0,0,1.0898212897805322,0,,0
2024-05-06,G09,Edinburgh,CH01,Paid Search - Brand,432.18,5441,480,521,28,6,1,12626.58,12451.04,0,0,1.0898212897805322,0,,0
2024-05-06,G09,Edinburgh,CH02,Paid Search - Non-Brand,699.35,10677,435,481,23,4,1,13589.83,13391.35,0,0,1.0898212897805322,0,,0
2024-05-06,G09,Edinburgh,CH03,Paid Social,816.9,82493,940,1031,31,6,2,13588.73,13946.5,0,0,1.0898212897805322,0,,0
2024-05-06,G09,Edinburgh,CH04,LinkedIn,655.87,18886,145,169,7,1,0,12443.34,12306.69,0,0,1.0898212897805322,0,,0
2024-05-06,G09,Edinburgh,CH05,YouTube,501.27,40436,234,288,4,0,0,13782.72,12928.53,0,0,1.0898212897805322,0,,0
2024-05-06,G09,Edinburgh,CH06,Display,306.78,61330,166,190,2,0,0,13890.32,13103.3,0,0,1.0898212897805322,0,,0
2024-05-06,G10,Cardiff,CH01,Paid Search - Brand,447.85,5713,503,617,43,11,3,14255.62,12670.52,0,0,1.0898212897805322,0,,0
2024-05-06,G10,Cardiff,CH02,Paid Search - Non-Brand,898.94,13239,584,725,27,9,2,12581.73,12533.46,0,0,1.0898212897805322,0,,0
2024-05-06,G10,Cardiff,CH03,Paid Social,716.97,71535,876,973,25,7,2,12181.58,11761.47,0,0,1.0898212897805322,0,,0
2024-05-06,G10,Cardiff,CH04,LinkedIn,539.01,15333,122,150,6,1,0,11990.04,11434.32,0,0,1.0898212897805322,0,,0
2024-05-06,G10,Cardiff,CH05,YouTube,490.32,40368,237,291,3,0,0,10747.16,10979.82,0,0,1.0898212897805322,0,,0
2024-05-06,G10,Cardiff,CH06,Display,277.89,54378,150,158,1,0,0,10863.26,11085.6,0,0,1.0898212897805322,0,,0
2024-05-13,G01,London,CH01,Paid Search - Brand,1052.49,13360,1075,1169,77,16,4,30973.16,32313.43,0,0,1.0795747189888953,0,,0
2024-05-13,G01,London,CH02,Paid Search - Non-Brand,2047.04,31685,1337,1381,52,11,4,29594.22,33222.73,0,0,1.0795747189888953,1,,0
2024-05-13,G01,London,CH03,Paid Social,1923.47,194769,2198,2683,87,25,8,28072.06,28432.85,0,0,1.0795747189888953,0,,0
2024-05-13,G01,London,CH04,LinkedIn,1249.13,34863,264,316,14,3,1,34353.61,31997.6,0,0,1.0795747189888953,0,,0
2024-05-13,G01,London,CH05,YouTube,1146.33,96089,645,735,9,1,0,32967.54,30432.53,0,0,1.0795747189888953,0,,0
2024-05-13,G01,London,CH06,Display,709.36,138552,447,466,3,0,0,30285.5,28948.29,0,0,1.0795747189888953,0,,0
2024-05-13,G02,Manchester,CH01,Paid Search - Brand,744.17,9248,786,852,58,19,5,19870.45,20442.52,0,0,1.0795747189888953,0,,0
2024-05-13,G02,Manchester,CH02,Paid Search - Non-Brand,1588.59,24829,1074,1214,55,17,7,21802.94,21753.94,0,0,1.0795747189888953,0,,0
2024-05-13,G02,Manchester,CH03,Paid Social,1314.15,131955,1581,1968,64,23,7,20876.99,21204.87,0,0,1.0795747189888953,0,,0
2024-05-13,G02,Manchester,CH04,LinkedIn,948.04,27330,209,238,10,2,0,18972.16,20733.44,0,0,1.0795747189888953,1,,0
2024-05-13,G02,Manchester,CH05,YouTube,875.66,73629,411,437,6,1,0,23739.98,22374.21,0,0,1.0795747189888953,0,,0
2024-05-13,G02,Manchester,CH06,Display,462.5,93260,288,302,3,1,0,20541.78,20215.92,0,0,1.0795747189888953,0,,0
2024-05-13,G03,Birmingham,CH01,Paid Search - Brand,738.72,9355,735,800,51,17,3,20097.72,19137.81,0,0,1.0795747189888953,0,,0
2024-05-13,G03,Birmingham,CH02,Paid Search - Non-Brand,1475.23,22627,1070,1207,40,7,2,21472.01,21388.08,0,0,1.0795747189888953,0,,0
2024-05-13,G03,Birmingham,CH03,Paid Social,1116.21,113391,1258,1505,37,13,3,20049.89,20538.15,0,0,1.0795747189888953,0,,0
2024-05-13,G03,Birmingham,CH04,LinkedIn,973.97,27849,217,241,10,2,0,20156.88,18520.34,0,0,1.0795747189888953,0,,0
2024-05-13,G03,Birmingham,CH05,YouTube,781.22,64478,353,361,6,1,0,18632.66,17927.97,0,0,1.0795747189888953,0,,0
2024-05-13,G03,Birmingham,CH06,Display,465.21,91568,260,296,2,0,0,19763.57,19709.32,0,0,1.0795747189888953,0,,0
2024-05-13,G04,Leeds,CH01,Paid Search - Brand,545.0,6771,595,623,41,11,3,15429.98,14714.83,0,0,1.0795747189888953,0,,0
2024-05-13,G04,Leeds,CH02,Paid Search - Non-Brand,1214.4,18710,925,1133,54,20,7,19901.91,19646.04,0,0,1.0795747189888953,0,,0
2024-05-13,G04,Leeds,CH03,Paid Social,993.14,97943,1200,1334,42,12,3,16132.23,16244.95,0,0,1.0795747189888953,0,,0
2024-05-13,G04,Leeds,CH04,LinkedIn,789.62,22970,178,199,10,3,1,18609.15,17751.11,0,0,1.0795747189888953,0,,0
2024-05-13,G04,Leeds,CH05,YouTube,691.53,58388,349,381,6,1,0,13477.65,14292.69,0,0,1.0795747189888953,0,,0
2024-05-13,G04,Leeds,CH06,Display,390.06,76157,216,216,2,0,0,19367.08,18645.17,0,0,1.0795747189888953,0,,0
2024-05-13,G05,Bristol,CH01,Paid Search - Brand,593.67,7322,685,834,63,18,6,16734.18,16634.36,0,0,1.0795747189888953,0,,0
2024-05-13,G05,Bristol,CH02,Paid Search - Non-Brand,1109.8,17200,786,829,36,10,3,15714.39,16241.95,0,0,1.0795747189888953,0,,0
2024-05-13,G05,Bristol,CH03,Paid Social,928.28,93102,1111,1366,42,9,3,16496.07,16099.1,0,0,1.0795747189888953,0,,0
2024-05-13,G05,Bristol,CH04,LinkedIn,795.88,22933,187,211,10,1,0,15326.29,14729.97,0,0,1.0795747189888953,0,,0
2024-05-13,G05,Bristol,CH05,YouTube,661.56,54897,309,326,4,1,0,17457.17,16593.68,0,0,1.0795747189888953,0,,0
2024-05-13,G05,Bristol,CH06,Display,387.82,77837,207,227,2,0,0,14864.78,14576.19,0,0,1.0795747189888953,0,,0
2024-05-13,G06,Glasgow,CH01,Paid Search - Brand,481.66,6251,534,614,45,15,6,13695.79,13861.25,0,0,1.0795747189888953,0,,0
2024-05-13,G06,Glasgow,CH02,Paid Search - Non-Brand,1055.75,16308,754,921,35,13,5,16907.59,17485.67,0,0,1.0795747189888953,0,,0
2024-05-13,G06,Glasgow,CH03,Paid Social,863.73,87256,1035,1197,35,6,2,15268.63,14630.21,0,0,1.0795747189888953,0,,0
2024-05-13,G06,Glasgow,CH04,LinkedIn,615.97,18004,150,166,7,1,0,16157.0,16296.34,0,0,1.0795747189888953,0,,0
2024-05-13,G06,Glasgow,CH05,YouTube,578.15,48608,296,353,5,1,0,13754.62,14219.12,0,0,1.0795747189888953,0,,0
2024-05-13,G06,Glasgow,CH06,Display,337.69,66670,209,252,2,0,0,15844.67,16008.48,0,0,1.0795747189888953,0,,0
2024-05-13,G07,Liverpool,CH01,Paid Search - Brand,483.67,5887,513,582,44,14,3,14844.73,14970.61,0,0,1.0795747189888953,0,,0
2024-05-13,G07,Liverpool,CH02,Paid Search - Non-Brand,892.05,14060,649,660,27,8,3,15833.73,15525.31,0,0,1.0795747189888953,0,,0
2024-05-13,G07,Liverpool,CH03,Paid Social,913.75,94678,1133,1173,28,7,2,12939.9,13410.01,0,0,1.0795747189888953,0,,0
2024-05-13,G07,Liverpool,CH04,LinkedIn,688.92,19284,140,150,7,2,0,17103.78,16069.35,0,0,1.0795747189888953,0,,0
2024-05-13,G07,Liverpool,CH05,YouTube,688.14,57919,339,339,5,1,0,16540.81,15676.68,0,0,1.0795747189888953,0,,0
2024-05-13,G07,Liverpool,CH06,Display,352.45,70905,202,247,2,0,0,16087.25,15704.67,0,0,1.0795747189888953,0,,0
2024-05-13,G08,Sheffield,CH01,Paid Search - Brand,498.43,6260,513,543,37,13,4,12252.51,11877.45,0,0,1.0795747189888953,0,,0
2024-05-13,G08,Sheffield,CH02,Paid Search - Non-Brand,893.34,13340,574,711,33,9,2,14171.96,13707.24,0,0,1.0795747189888953,0,,0
2024-05-13,G08,Sheffield,CH03,Paid Social,683.28,65752,807,924,24,6,2,16102.25,15113.64,0,0,1.0795747189888953,0,,0
2024-05-13,G08,Sheffield,CH04,LinkedIn,574.5,16392,124,129,5,1,0,14844.24,14514.21,0,0,1.0795747189888953,0,,0
2024-05-13,G08,Sheffield,CH05,YouTube,585.37,48413,271,306,4,0,0,13871.53,14603.08,0,0,1.0795747189888953,0,,0
2024-05-13,G08,Sheffield,CH06,Display,305.79,60879,167,203,2,0,0,11897.99,12422.47,0,0,1.0795747189888953,0,,0
2024-05-13,G09,Edinburgh,CH01,Paid Search - Brand,460.23,5763,471,514,29,8,2,14331.05,13930.07,0,0,1.0795747189888953,0,,0
2024-05-13,G09,Edinburgh,CH02,Paid Search - Non-Brand,741.02,11879,539,583,21,4,1,16079.5,15820.26,0,0,1.0795747189888953,0,,0
2024-05-13,G09,Edinburgh,CH03,Paid Social,680.63,67525,864,1047,29,7,1,13554.36,12425.64,0,0,1.0795747189888953,0,,0
2024-05-13,G09,Edinburgh,CH04,LinkedIn,681.64,19702,130,147,5,1,0,11916.72,11862.89,0,0,1.0795747189888953,0,,0
2024-05-13,G09,Edinburgh,CH05,YouTube,525.11,43310,245,284,4,1,0,11955.45,12053.61,0,0,1.0795747189888953,0,,0
2024-05-13,G09,Edinburgh,CH06,Display,328.18,66379,200,228,2,0,0,14968.1,13795.95,0,0,1.0795747189888953,0,,0
2024-05-13,G10,Cardiff,CH01,Paid Search - Brand,413.25,5084,420,517,33,9,2,11226.16,10914.28,0,0,1.0795747189888953,0,,0
2024-05-13,G10,Cardiff,CH02,Paid Search - Non-Brand,736.49,11372,511,554,18,5,2,11177.27,11085.57,0,0,1.0795747189888953,0,,0
2024-05-13,G10,Cardiff,CH03,Paid Social,703.85,71190,843,1005,30,9,3,11669.08,11086.97,0,0,1.0795747189888953,0,,0
2024-05-13,G10,Cardiff,CH04,LinkedIn,567.75,16013,133,140,7,1,0,13297.45,13015.11,0,0,1.0795747189888953,0,,0
2024-05-13,G10,Cardiff,CH05,YouTube,576.64,48266,309,333,4,0,0,11695.87,11690.53,0,0,1.0795747189888953,0,,0
2024-05-13,G10,Cardiff,CH06,Display,256.56,50069,146,159,1,0,0,11883.03,12543.9,0,0,1.0795747189888953,0,,0
2024-05-20,G01,London,CH01,Paid Search - Brand,985.99,12084,1039,1085,82,28,10,31005.55,28732.07,0,0,1.0681677696077387,0,,0
2024-05-20,G01,London,CH02,Paid Search - Non-Brand,1877.01,29104,1439,1455,48,14,5,32704.7,32129.7,0,0,1.0681677696077387,0,,0
2024-05-20,G01,London,CH03,Paid Social,1757.26,172559,2023,2488,62,12,3,34852.8,32753.85,0,0,1.0681677696077387,0,,0
2024-05-20,G01,London,CH04,LinkedIn,1317.75,38286,298,336,17,3,1,29927.1,30213.77,0,0,1.0681677696077387,0,,0
2024-05-20,G01,London,CH05,YouTube,1158.81,95436,496,557,6,1,0,31255.06,31619.19,0,0,1.0681677696077387,0,,0
2024-05-20,G01,London,CH06,Display,729.86,143464,450,520,4,0,0,28103.45,27931.5,0,0,1.0681677696077387,0,,0
2024-05-20,G02,Manchester,CH01,Paid Search - Brand,746.28,9434,764,883,48,11,2,19682.6,20215.31,0,0,1.0681677696077387,0,,0
2024-05-20,G02,Manchester,CH02,Paid Search - Non-Brand,1290.13,19549,854,887,38,13,5,20891.55,20090.02,0,0,1.0681677696077387,0,,0
2024-05-20,G02,Manchester,CH03,Paid Social,1284.1,125170,1514,1723,57,16,3,20403.1,19634.97,0,0,1.0681677696077387,0,,0
2024-05-20,G02,Manchester,CH04,LinkedIn,1015.68,28945,249,279,13,3,0,19375.77,19129.15,0,0,1.0681677696077387,0,,0
2024-05-20,G02,Manchester,CH05,YouTube,816.02,66786,422,468,6,2,0,20147.13,19558.05,0,0,1.0681677696077387,0,,0
2024-05-20,G02,Manchester,CH06,Display,534.91,106011,307,344,3,0,0,20469.85,20372.96,0,0,1.0681677696077387,0,,0
2024-05-20,G03,Birmingham,CH01,Paid Search - Brand,604.52,7473,621,688,43,8,1,24149.26,22720.33,0,0,1.0681677696077387,0,,0
2024-05-20,G03,Birmingham,CH02,Paid Search - Non-Brand,1178.51,18374,816,963,34,11,3,19720.69,19695.99,0,0,1.0681677696077387,0,,0
2024-05-20,G03,Birmingham,CH03,Paid Social,1277.76,125803,1534,1891,58,19,6,20424.56,21682.56,0,0,1.0681677696077387,0,,0
2024-05-20,G03,Birmingham,CH04,LinkedIn,932.41,27516,213,247,11,3,1,20213.84,20842.39,0,0,1.0681677696077387,1,,0
2024-05-20,G03,Birmingham,CH05,YouTube,781.57,65280,395,464,6,1,0,20148.79,21264.8,0,0,1.0681677696077387,0,,0
2024-05-20,G03,Birmingham,CH06,Display,424.64,84854,237,286,2,0,0,18159.49,18206.79,0,0,1.0681677696077387,0,,0
2024-05-20,G04,Leeds,CH01,Paid Search - Brand,539.87,7008,583,638,46,14,3,18150.88,17806.56,0,0,1.0681677696077387,0,,0
2024-05-20,G04,Leeds,CH02,Paid Search - Non-Brand,1066.88,16585,697,728,34,7,2,17190.21,16810.32,0,0,1.0681677696077387,0,,0
2024-05-20,G04,Leeds,CH03,Paid Social,859.94,84211,978,1127,37,10,2,18994.26,17877.38,0,0,1.0681677696077387,0,,0
2024-05-20,G04,Leeds,CH04,LinkedIn,721.27,20739,173,188,7,1,0,19597.31,18784.59,0,0,1.0681677696077387,0,,0
2024-05-20,G04,Leeds,CH05,YouTube,687.14,58437,306,336,4,0,0,16165.41,15963.73,0,0,1.0681677696077387,0,,0
2024-05-20,G04,Leeds,CH06,Display,414.59,84447,238,263,2,0,0,18101.27,17217.21,0,0,1.0681677696077387,0,,0
2024-05-20,G05,Bristol,CH01,Paid Search - Brand,537.6,6724,574,651,47,9,3,13616.79,13781.34,0,0,1.0681677696077387,0,,0
2024-05-20,G05,Bristol,CH02,Paid Search - Non-Brand,1183.13,18936,725,849,40,12,5,16738.15,15816.76,0,0,1.0681677696077387,0,,0
2024-05-20,G05,Bristol,CH03,Paid Social,870.49,88126,1104,1113,37,13,2,15630.23,15837.28,0,0,1.0681677696077387,0,,0
2024-05-20,G05,Bristol,CH04,LinkedIn,715.24,20867,169,188,7,2,0,18450.93,17318.43,0,0,1.0681677696077387,0,,0
2024-05-20,G05,Bristol,CH05,YouTube,584.9,49073,298,326,5,1,0,15435.72,14900.15,0,0,1.0681677696077387,0,,0
2024-05-20,G05,Bristol,CH06,Display,389.73,76989,234,257,2,0,0,17536.84,17161.91,0,0,1.0681677696077387,0,,0
2024-05-20,G06,Glasgow,CH01,Paid Search - Brand,496.38,6211,536,610,32,11,4,12798.33,13091.93,0,0,1.0681677696077387,0,,0
2024-05-20,G06,Glasgow,CH02,Paid Search - Non-Brand,1057.82,16321,752,908,34,9,2,14226.57,13563.79,0,0,1.0681677696077387,0,,0
2024-05-20,G06,Glasgow,CH03,Paid Social,825.41,82370,980,1220,37,11,4,13238.79,12937.43,0,0,1.0681677696077387,0,,0
2024-05-20,G06,Glasgow,CH04,LinkedIn,657.64,18599,145,152,5,1,0,14450.46,14365.07,0,0,1.0681677696077387,0,,0
2024-05-20,G06,Glasgow,CH05,YouTube,544.32,43008,256,289,4,1,0,13886.05,14689.72,0,0,1.0681677696077387,0,,0
2024-05-20,G06,Glasgow,CH06,Display,360.45,72581,201,229,2,0,0,14403.01,14249.38,0,0,1.0681677696077387,0,,0
2024-05-20,G07,Liverpool,CH01,Paid Search - Brand,466.52,5946,435,482,30,7,1,14361.66,14699.73,0,0,1.0681677696077387,0,,0
2024-05-20,G07,Liverpool,CH02,Paid Search - Non-Brand,1026.24,15429,716,789,29,7,2,18090.4,16435.43,0,0,1.0681677696077387,0,,0
2024-05-20,G07,Liverpool,CH03,Paid Social,819.63,83751,952,958,29,10,3,15436.51,13621.31,0,0,1.0681677696077387,0,,0
2024-05-20,G07,Liverpool,CH04,LinkedIn,726.1,20807,148,174,6,2,0,12509.26,13183.86,0,0,1.0681677696077387,0,,0
2024-05-20,G07,Liverpool,CH05,YouTube,633.0,51399,302,318,4,1,0,15548.76,15811.49,0,0,1.0681677696077387,0,,0
2024-05-20,G07,Liverpool,CH06,Display,306.29,60884,165,202,2,0,0,13816.55,13899.02,0,0,1.0681677696077387,0,,0
2024-05-20,G08,Sheffield,CH01,Paid Search - Brand,445.72,5376,468,470,24,8,3,11323.17,12193.12,0,0,1.0681677696077387,1,,0
2024-05-20,G08,Sheffield,CH02,Paid Search - Non-Brand,976.18,15636,699,745,28,5,1,13208.74,13342.46,0,0,1.0681677696077387,0,,0
2024-05-20,G08,Sheffield,CH03,Paid Social,852.73,84712,968,1061,29,10,3,14134.68,13728.41,0,0,1.0681677696077387,0,,0
2024-05-20,G08,Sheffield,CH04,LinkedIn,658.21,19287,151,182,6,2,0,14966.36,14344.08,0,0,1.0681677696077387,0,,0
2024-05-20,G08,Sheffield,CH05,YouTube,517.42,42318,255,258,4,1,0,14609.0,14195.11,0,0,1.0681677696077387,0,,0
2024-05-20,G08,Sheffield,CH06,Display,326.36,67525,203,235,2,0,0,14981.1,14710.04,0,0,1.0681677696077387,0,,0
2024-05-20,G09,Edinburgh,CH01,Paid Search - Brand,377.39,4717,383,449,34,12,5,14517.06,14113.49,0,0,1.0681677696077387,0,,0
2024-05-20,G09,Edinburgh,CH02,Paid Search - Non-Brand,861.2,13217,583,615,21,5,2,12984.27,12813.9,0,0,1.0681677696077387,0,,0
2024-05-20,G09,Edinburgh,CH03,Paid Social,726.63,70252,857,983,27,6,2,11870.45,11615.82,0,0,1.0681677696077387,0,,0
2024-05-20,G09,Edinburgh,CH04,LinkedIn,575.25,16402,126,130,6,1,0,13134.12,12650.24,0,0,1.0681677696077387,0,,0
2024-05-20,G09,Edinburgh,CH05,YouTube,500.07,42352,260,261,3,0,0,13513.96,12747.41,0,0,1.0681677696077387,0,,0
2024-05-20,G09,Edinburgh,CH06,Display,322.15,64260,183,204,2,0,0,10245.69,10281.84,0,0,1.0681677696077387,0,,0
2024-05-20,G10,Cardiff,CH01,Paid Search - Brand,407.76,5251,429,527,39,9,2,12986.69,12165.78,0,0,1.0681677696077387,0,,0
2024-05-20,G10,Cardiff,CH02,Paid Search - Non-Brand,792.13,12421,553,632,27,5,1,12564.22,11635.1,0,0,1.0681677696077387,0,,0
2024-05-20,G10,Cardiff,CH03,Paid Social,600.51,60592,714,820,19,4,1,11648.57,12034.48,0,0,1.0681677696077387,0,,0
2024-05-20,G10,Cardiff,CH04,LinkedIn,543.24,14733,113,129,6,1,0,12148.59,12341.75,0,0,1.0681677696077387,0,,0
2024-05-20,G10,Cardiff,CH05,YouTube,431.32,35821,213,245,4,1,0,11026.03,11037.29,0,0,1.0681677696077387,0,,0
2024-05-20,G10,Cardiff,CH06,Display,310.7,61568,182,189,2,0,0,12058.08,12051.88,0,0,1.0681677696077387,0,,0
2024-05-27,G01,London,CH01,Paid Search - Brand,1101.37,13870,1241,1547,114,22,8,33002.85,32400.54,0,0,1.0557667806452522,0,,0
2024-05-27,G01,London,CH02,Paid Search - Non-Brand,1989.16,30972,1302,1492,49,17,6,31199.82,31508.08,0,0,1.0557667806452522,0,,0
2024-05-27,G01,London,CH03,Paid Social,1790.72,178446,1976,2308,55,19,6,32775.48,32224.87,0,0,1.0557667806452522,0,,0
2024-05-27,G01,London,CH04,LinkedIn,1418.74,41607,321,370,17,6,2,28361.52,28101.93,0,0,1.0557667806452522,0,,0
2024-05-27,G01,London,CH05,YouTube,1125.58,92501,557,570,7,2,0,28244.39,29881.92,0,0,1.0557667806452522,0,,0
2024-05-27,G01,London,CH06,Display,740.57,146385,429,531,4,1,0,30650.09,30045.0,0,0,1.0557667806452522,0,,0
2024-05-27,G02,Manchester,CH01,Paid Search - Brand,693.82,9013,780,803,44,9,2,25036.51,24915.39,0,0,1.0557667806452522,0,,0
2024-05-27,G02,Manchester,CH02,Paid Search - Non-Brand,1457.59,22102,950,952,40,11,3,21043.03,19603.0,0,0,1.0557667806452522,0,,0
2024-05-27,G02,Manchester,CH03,Paid Social,1183.85,119023,1487,1799,44,11,2,23955.5,22898.55,0,0,1.0557667806452522,0,,0
2024-05-27,G02,Manchester,CH04,LinkedIn,1034.69,29750,227,250,9,1,0,24627.68,23028.61,0,0,1.0557667806452522,0,,0
2024-05-27,G02,Manchester,CH05,YouTube,929.85,77254,490,531,7,1,0,22287.19,21572.52,0,0,1.0557667806452522,0,,0
2024-05-27,G02,Manchester,CH06,Display,469.43,90889,260,308,2,0,0,22481.05,22618.88,0,0,1.0557667806452522,0,,0
2024-05-27,G03,Birmingham,CH01,Paid Search - Brand,678.57,8528,702,744,45,13,2,21172.8,20719.52,0,0,1.0557667806452522,0,,0
2024-05-27,G03,Birmingham,CH02,Paid Search - Non-Brand,1301.68,20496,1000,1055,35,6,2,23513.74,22411.76,0,0,1.0557667806452522,0,,0
2024-05-27,G03,Birmingham,CH03,Paid Social,1123.21,110409,1371,1407,42,10,3,16660.85,17315.96,0,0,1.0557667806452522,0,,0
2024-05-27,G03,Birmingham,CH04,LinkedIn,896.08,24485,186,190,9,2,0,20913.57,19589.25,0,0,1.0557667806452522,0,,0
2024-05-27,G03,Birmingham,CH05,YouTube,814.21,69002,422,452,8,2,0,20399.37,20757.96,0,0,1.0557667806452522,0,,0
2024-05-27,G03,Birmingham,CH06,Display,520.29,104540,311,361,3,0,0,20318.64,20847.2,0,0,1.0557667806452522,0,,0
2024-05-27,G04,Leeds,CH01,Paid Search - Brand,549.37,6729,572,665,46,14,4,15271.35,15786.44,0,0,1.0557667806452522,0,,0
2024-05-27,G04,Leeds,CH02,Paid Search - Non-Brand,1237.0,18677,822,961,40,7,2,15639.16,15474.22,0,0,1.0557667806452522,0,,0
2024-05-27,G04,Leeds,CH03,Paid Social,860.2,87466,995,1080,34,7,2,16333.21,16759.32,0,0,1.0557667806452522,0,,0
2024-05-27,G04,Leeds,CH04,LinkedIn,771.18,20904,167,197,9,2,0,15547.63,14792.11,0,0,1.0557667806452522,0,,0
2024-05-27,G04,Leeds,CH05,YouTube,716.77,60209,331,336,4,0,0,16609.62,16416.68,0,0,1.0557667806452522,0,,0
2024-05-27,G04,Leeds,CH06,Display,426.96,86385,255,293,3,1,0,15219.12,15711.61,0,0,1.0557667806452522,0,,0
2024-05-27,G05,Bristol,CH01,Paid Search - Brand,563.48,7029,592,725,52,14,4,15439.58,15957.23,0,0,1.0557667806452522,0,,0
2024-05-27,G05,Bristol,CH02,Paid Search - Non-Brand,1050.74,16484,766,811,37,10,3,15608.38,15787.65,0,0,1.0557667806452522,0,,0
2024-05-27,G05,Bristol,CH03,Paid Social,826.28,83404,958,1135,29,9,3,13314.92,13490.69,0,0,1.0557667806452522,0,,0
2024-05-27,G05,Bristol,CH04,LinkedIn,593.9,17172,126,127,4,1,0,15161.98,14901.09,0,0,1.0557667806452522,0,,0
2024-05-27,G05,Bristol,CH05,YouTube,582.13,47877,265,266,3,0,0,15429.8,16542.02,0,0,1.0557667806452522,0,,0
2024-05-27,G05,Bristol,CH06,Display,337.65,68947,208,216,1,0,0,16794.02,16008.49,0,0,1.0557667806452522,0,,0
2024-05-27,G06,Glasgow,CH01,Paid Search - Brand,546.26,6973,633,648,47,14,2,13487.08,13334.46,0,0,1.0557667806452522,0,,0
2024-05-27,G06,Glasgow,CH02,Paid Search - Non-Brand,1022.07,16047,666,804,29,8,3,15821.06,14594.45,0,0,1.0557667806452522,0,,0
2024-05-27,G06,Glasgow,CH03,Paid Social,813.27,83267,995,1144,29,5,2,14184.07,13508.18,0,0,1.0557667806452522,0,,0
2024-05-27,G06,Glasgow,CH04,LinkedIn,680.63,19341,161,180,8,1,0,14991.47,13988.04,0,0,1.0557667806452522,0,,0
2024-05-27,G06,Glasgow,CH05,YouTube,551.88,44449,249,309,5,0,0,14128.2,14106.93,0,0,1.0557667806452522,0,,0
2024-05-27,G06,Glasgow,CH06,Display,310.75,63186,195,227,2,0,0,13312.28,13680.17,0,0,1.0557667806452522,0,,0
2024-05-27,G07,Liverpool,CH01,Paid Search - Brand,491.66,6278,507,592,45,15,6,14686.09,14214.94,0,0,1.0557667806452522,0,,0
2024-05-27,G07,Liverpool,CH02,Paid Search - Non-Brand,959.55,15004,662,786,29,7,2,15175.26,15384.23,0,0,1.0557667806452522,0,,0
2024-05-27,G07,Liverpool,CH03,Paid Social,818.55,78376,939,979,26,6,1,12373.68,12819.9,0,0,1.0557667806452522,0,,0
2024-05-27,G07,Liverpool,CH04,LinkedIn,645.16,18501,145,161,7,1,0,16267.31,16019.33,0,0,1.0557667806452522,0,,0
2024-05-27,G07,Liverpool,CH05,YouTube,638.96,54433,301,333,4,1,0,16491.93,15481.14,0,0,1.0557667806452522,0,,0
2024-05-27,G07,Liverpool,CH06,Display,375.23,75730,215,246,2,0,0,13932.66,13613.63,0,0,1.0557667806452522,0,,0
2024-05-27,G08,Sheffield,CH01,Paid Search - Brand,428.47,5437,477,571,32,6,2,12462.86,12436.12,0,0,1.0557667806452522,0,,0
2024-05-27,G08,Sheffield,CH02,Paid Search - Non-Brand,873.84,13588,637,796,35,8,3,13195.09,12465.43,0,0,1.0557667806452522,0,,0
2024-05-27,G08,Sheffield,CH03,Paid Social,684.48,68831,733,783,19,6,2,12988.0,13850.7,0,0,1.0557667806452522,0,,0
2024-05-27,G08,Sheffield,CH04,LinkedIn,568.15,17210,136,150,6,1,0,12801.12,13220.26,0,0,1.0557667806452522,0,,0
2024-05-27,G08,Sheffield,CH05,YouTube,518.27,43277,248,255,3,0,0,13854.02,12842.86,0,0,1.0557667806452522,0,,0
2024-05-27,G08,Sheffield,CH06,Display,335.74,67184,204,247,2,0,0,13762.87,13094.73,0,0,1.0557667806452522,0,,0
2024-05-27,G09,Edinburgh,CH01,Paid Search - Brand,418.52,5469,452,505,35,6,1,12105.14,11570.44,0,0,1.0557667806452522,0,,0
2024-05-27,G09,Edinburgh,CH02,Paid Search - Non-Brand,990.17,15525,684,780,33,8,3,10300.65,11655.12,0,0,1.0557667806452522,1,,0
2024-05-27,G09,Edinburgh,CH03,Paid Social,738.4,74049,829,943,23,4,1,15166.88,15276.77,0,0,1.0557667806452522,0,,0
2024-05-27,G09,Edinburgh,CH04,LinkedIn,561.92,15887,112,119,5,1,0,13242.33,13230.75,0,0,1.0557667806452522,0,,0
2024-05-27,G09,Edinburgh,CH05,YouTube,482.17,40670,256,294,3,1,0,13437.14,13373.15,0,0,1.0557667806452522,0,,0
2024-05-27,G09,Edinburgh,CH06,Display,292.38,56766,163,167,1,0,0,11211.35,12269.87,0,0,1.0557667806452522,0,,0
2024-05-27,G10,Cardiff,CH01,Paid Search - Brand,426.63,5309,441,486,28,6,2,12343.37,13037.43,0,0,1.0557667806452522,1,,0
2024-05-27,G10,Cardiff,CH02,Paid Search - Non-Brand,800.06,12566,521,625,28,6,2,12290.6,12816.82,0,0,1.0557667806452522,0,,0
2024-05-27,G10,Cardiff,CH03,Paid Social,625.14,62064,704,819,23,6,2,11153.33,11508.45,0,0,1.0557667806452522,0,,0
2024-05-27,G10,Cardiff,CH04,LinkedIn,535.94,15020,119,126,5,1,0,11508.62,11310.72,0,0,1.0557667806452522,0,,0
2024-05-27,G10,Cardiff,CH05,YouTube,456.37,39134,236,263,3,0,0,9919.93,10543.78,0,0,1.0557667806452522,0,,0
2024-05-27,G10,Cardiff,CH06,Display,275.13,55952,153,158,1,0,0,12375.21,12622.43,0,0,1.0557667806452522,0,,0
2024-06-03,G01,London,CH01,Paid Search - Brand,1035.09,13084,1041,1278,83,24,7,30094.98,27988.88,0,0,1.0425525864451044,0,,0
2024-06-03,G01,London,CH02,Paid Search - Non-Brand,2092.46,32826,1500,1862,62,14,5,29033.27,30862.73,0,0,1.0425525864451044,0,,0
2024-06-03,G01,London,CH03,Paid Social,1530.44,154706,1836,2131,68,19,5,30745.94,29085.99,0,0,1.0425525864451044,0,,0
2024-06-03,G01,London,CH04,LinkedIn,1300.78,37900,311,366,18,4,1,24947.69,26081.95,0,0,1.0425525864451044,0,,0
2024-06-03,G01,London,CH05,YouTube,1191.62,100134,568,676,8,1,0,32276.41,30963.95,0,0,1.0425525864451044,0,,0
2024-06-03,G01,London,CH06,Display,771.06,149937,444,505,5,1,0,25318.77,25455.89,0,0,1.0425525864451044,0,,0
2024-06-03,G02,Manchester,CH01,Paid Search - Brand,659.31,8056,705,765,47,17,3,20303.45,20980.8,0,0,1.0425525864451044,0,,0
2024-06-03,G02,Manchester,CH02,Paid Search - Non-Brand,1314.9,19436,939,1006,36,7,1,18583.91,17977.5,0,0,1.0425525864451044,0,,0
2024-06-03,G02,Manchester,CH03,Paid Social,1117.5,112160,1311,1570,39,12,4,17957.63,18681.55,0,0,1.0425525864451044,0,,0
2024-06-03,G02,Manchester,CH04,LinkedIn,932.91,25611,212,262,13,4,1,18925.77,19988.51,0,0,1.0425525864451044,0,,0
2024-06-03,G02,Manchester,CH05,YouTube,839.11,70172,450,464,7,2,0,17924.11,17589.09,0,0,1.0425525864451044,0,,0
2024-06-03,G02,Manchester,CH06,Display,449.3,87888,263,287,2,0,0,19420.38,20647.82,0,0,1.0425525864451044,0,,0
2024-06-03,G03,Birmingham,CH01,Paid Search - Brand,695.94,8487,710,814,52,16,5,17590.23,18522.52,0,0,1.0425525864451044,0,,0
2024-06-03,G03,Birmingham,CH02,Paid Search - Non-Brand,1280.85,19367,839,994,41,10,3,20241.21,19500.46,0,0,1.0425525864451044,0,,0
2024-06-03,G03,Birmingham,CH03,Paid Social,1127.05,114983,1422,1731,52,10,3,20302.61,20547.42,0,0,1.0425525864451044,0,,0
2024-06-03,G03,Birmingham,CH04,LinkedIn,877.01,25388,214,216,10,2,0,16084.93,15482.65,0,0,1.0425525864451044,0,,0
2024-06-03,G03,Birmingham,CH05,YouTube,687.24,57239,324,335,5,1,0,19491.21,20264.54,0,0,1.0425525864451044,0,,0
2024-06-03,G03,Birmingham,CH06,Display,441.97,90610,235,238,2,0,0,22457.86,22729.54,0,0,1.0425525864451044,0,,0
2024-06-03,G04,Leeds,CH01,Paid Search - Brand,535.68,6801,567,616,39,7,1,17595.1,15845.26,0,0,1.0425525864451044,0,,0
2024-06-03,G04,Leeds,CH02,Paid Search - Non-Brand,1152.75,18388,814,895,43,15,3,17790.67,17544.37,0,0,1.0425525864451044,0,,0
2024-06-03,G04,Leeds,CH03,Paid Social,820.26,81396,910,1075,34,11,4,17383.77,17121.19,0,0,1.0425525864451044,0,,0
2024-06-03,G04,Leeds,CH04,LinkedIn,751.91,21492,162,193,7,1,0,18750.33,18283.98,0,0,1.0425525864451044,0,,0
2024-06-03,G04,Leeds,CH05,YouTube,684.99,56623,314,361,5,1,0,16589.91,15625.95,0,0,1.0425525864451044,0,,0
2024-06-03,G04,Leeds,CH06,Display,411.64,82241,250,275,2,0,0,15145.62,16313.14,0,0,1.0425525864451044,0,,0
2024-06-03,G05,Bristol,CH01,Paid Search - Brand,516.51,6237,531,563,29,8,2,14366.71,15415.09,0,0,1.0425525864451044,0,,0
2024-06-03,G05,Bristol,CH02,Paid Search - Non-Brand,954.21,14556,680,832,34,6,1,16023.23,15697.29,0,0,1.0425525864451044,0,,0
2024-06-03,G05,Bristol,CH03,Paid Social,795.01,81487,975,1010,31,6,1,15480.13,15798.42,0,0,1.0425525864451044,0,,0
2024-06-03,G05,Bristol,CH04,LinkedIn,715.85,21151,150,183,9,2,0,13051.69,13101.27,0,0,1.0425525864451044,0,,0
2024-06-03,G05,Bristol,CH05,YouTube,603.69,49095,301,349,4,1,0,15140.5,14570.79,0,0,1.0425525864451044,0,,0
2024-06-03,G05,Bristol,CH06,Display,336.83,68859,186,231,2,0,0,17394.43,17833.78,0,0,1.0425525864451044,0,,0
2024-06-03,G06,Glasgow,CH01,Paid Search - Brand,420.62,5225,459,488,29,9,3,14515.18,14252.53,0,0,1.0425525864451044,0,,0
2024-06-03,G06,Glasgow,CH02,Paid Search - Non-Brand,1019.47,15931,685,846,34,8,3,13193.58,13521.02,0,0,1.0425525864451044,0,,0
2024-06-03,G06,Glasgow,CH03,Paid Social,699.64,69128,815,921,28,7,2,13565.68,13528.68,0,0,1.0425525864451044,0,,0
2024-06-03,G06,Glasgow,CH04,LinkedIn,599.07,17119,131,140,7,1,0,14852.39,14211.3,0,0,1.0425525864451044,0,,0
2024-06-03,G06,Glasgow,CH05,YouTube,622.02,53187,301,306,3,0,0,13277.22,13583.79,0,0,1.0425525864451044,0,,0
2024-06-03,G06,Glasgow,CH06,Display,352.56,71898,215,225,1,0,0,11957.38,12559.71,0,0,1.0425525864451044,0,,0
2024-06-03,G07,Liverpool,CH01,Paid Search - Brand,451.56,5562,428,505,30,7,1,17324.97,16601.66,0,0,1.0425525864451044,0,,0
2024-06-03,G07,Liverpool,CH02,Paid Search - Non-Brand,961.64,14714,689,703,27,6,1,15823.96,15003.03,0,0,1.0425525864451044,0,,0
2024-06-03,G07,Liverpool,CH03,Paid Social,838.08,80936,923,1086,35,9,2,13582.78,13561.13,0,0,1.0425525864451044,0,,0
2024-06-03,G07,Liverpool,CH04,LinkedIn,666.1,19049,150,165,7,2,0,12680.53,12352.65,0,0,1.0425525864451044,0,,0
2024-06-03,G07,Liverpool,CH05,YouTube,619.28,50938,302,358,5,1,0,14447.93,14225.36,0,0,1.0425525864451044,0,,0
2024-06-03,G07,Liverpool,CH06,Display,324.46,65320,198,226,2,0,0,15286.13,15114.08,0,0,1.0425525864451044,0,,0
2024-06-03,G08,Sheffield,CH01,Paid Search - Brand,373.58,4658,395,455,27,7,2,13756.03,13230.11,0,0,1.0425525864451044,0,,0
2024-06-03,G08,Sheffield,CH02,Paid Search - Non-Brand,902.16,14344,645,703,27,7,1,13836.66,13521.59,0,0,1.0425525864451044,0,,0
2024-06-03,G08,Sheffield,CH03,Paid Social,854.32,85618,1027,1195,29,7,2,12513.15,12605.16,0,0,1.0425525864451044,0,,0
2024-06-03,G08,Sheffield,CH04,LinkedIn,602.93,17100,146,148,6,1,0,13871.92,13909.03,0,0,1.0425525864451044,0,,0
2024-06-03,G08,Sheffield,CH05,YouTube,535.27,44239,250,287,3,0,0,11981.72,12631.95,0,0,1.0425525864451044,0,,0
2024-06-03,G08,Sheffield,CH06,Display,329.04,68082,212,228,2,0,0,12718.71,12193.09,0,0,1.0425525864451044,0,,0
2024-06-03,G09,Edinburgh,CH01,Paid Search - Brand,472.49,5881,492,547,29,6,2,14163.46,13430.24,0,0,1.0425525864451044,0,,0
2024-06-03,G09,Edinburgh,CH02,Paid Search - Non-Brand,949.32,14636,609,638,27,8,1,11002.86,10371.72,0,0,1.0425525864451044,0,,0
2024-06-03,G09,Edinburgh,CH03,Paid Social,681.09,65703,780,896,24,4,1,14875.43,14179.59,0,0,1.0425525864451044,0,,0
2024-06-03,G09,Edinburgh,CH04,LinkedIn,582.18,16323,125,141,5,1,0,13689.5,13436.35,0,0,1.0425525864451044,0,,0
2024-06-03,G09,Edinburgh,CH05,YouTube,522.67,43082,236,270,3,1,0,12724.72,13131.51,0,0,1.0425525864451044,0,,0
2024-06-03,G09,Edinburgh,CH06,Display,264.12,52870,162,198,2,0,0,13517.09,13380.76,0,0,1.0425525864451044,0,,0
2024-06-03,G10,Cardiff,CH01,Paid Search - Brand,406.98,5014,444,554,31,8,2,13438.43,11927.48,0,0,1.0425525864451044,0,,0
2024-06-03,G10,Cardiff,CH02,Paid Search - Non-Brand,691.9,10776,498,504,23,7,2,10811.83,10782.71,0,0,1.0425525864451044,0,,0
2024-06-03,G10,Cardiff,CH03,Paid Social,669.79,66293,828,1027,31,11,2,12386.82,11802.47,0,0,1.0425525864451044,0,,0
2024-06-03,G10,Cardiff,CH04,LinkedIn,577.6,16603,135,168,8,1,0,11727.08,11800.68,0,0,1.0425525864451044,0,,0
2024-06-03,G10,Cardiff,CH05,YouTube,514.49,43264,257,294,4,1,0,12573.51,12286.72,0,0,1.0425525864451044,0,,0
2024-06-03,G10,Cardiff,CH06,Display,258.64,51352,132,146,1,0,0,10848.25,10702.03,0,0,1.0425525864451044,0,,0
2024-06-10,G01,London,CH01,Paid Search - Brand,954.72,11829,919,973,53,16,3,27851.87,28902.68,0,0,1.028717879714507,0,,0
2024-06-10,G01,London,CH02,Paid Search - Non-Brand,2428.12,37348,1665,1913,80,27,11,29821.44,29082.22,0,0,1.028717879714507,0,,0
2024-06-10,G01,London,CH03,Paid Social,1590.84,159718,1711,2021,64,16,6,31550.59,30709.47,0,0,1.028717879714507,0,,0
2024-06-10,G01,London,CH04,LinkedIn,1387.34,39837,291,309,16,3,0,25552.54,24891.33,0,0,1.028717879714507,0,,0
2024-06-10,G01,London,CH05,YouTube,1104.06,92086,483,562,9,2,0,32918.93,31120.63,0,0,1.028717879714507,0,,0
2024-06-10,G01,London,CH06,Display,644.19,129934,409,499,5,1,0,30017.94,29753.31,0,0,1.028717879714507,0,,0
2024-06-10,G02,Manchester,CH01,Paid Search - Brand,630.49,7852,703,806,59,16,6,18346.26,17907.56,0,0,1.028717879714507,0,,0
2024-06-10,G02,Manchester,CH02,Paid Search - Non-Brand,1470.59,22915,979,1178,49,15,6,18916.28,18710.97,0,0,1.028717879714507,0,,0
2024-06-10,G02,Manchester,CH03,Paid Social,1113.22,109716,1359,1561,47,9,2,20275.79,20201.39,0,0,1.028717879714507,0,,0
2024-06-10,G02,Manchester,CH04,LinkedIn,902.72,25656,196,237,12,3,0,21156.99,22681.97,0,0,1.028717879714507,0,,0
2024-06-10,G02,Manchester,CH05,YouTube,806.24,68541,424,438,5,1,0,20309.31,19689.46,0,0,1.028717879714507,0,,0
2024-06-10,G02,Manchester,CH06,Display,436.59,87855,253,306,2,0,0,23628.18,23610.31,0,0,1.028717879714507,0,,0
2024-06-10,G03,Birmingham,CH01,Paid Search - Brand,699.21,8740,761,858,64,19,4,18054.46,19503.95,0,0,1.028717879714507,0,,0
2024-06-10,G03,Birmingham,CH02,Paid Search - Non-Brand,1324.87,20653,939,963,36,6,1,19038.87,19247.49,0,0,1.028717879714507,0,,0
2024-06-10,G03,Birmingham,CH03,Paid Social,1231.96,121406,1362,1404,41,11,2,20405.02,20868.43,0,0,1.028717879714507,0,,0
2024-06-10,G03,Birmingham,CH04,LinkedIn,855.71,23833,180,183,7,2,0,17509.73,18234.19,0,0,1.028717879714507,0,,0
2024-06-10,G03,Birmingham,CH05,YouTube,960.16,79980,461,523,9,3,1,18409.46,18170.0,0,0,1.028717879714507,0,,0
2024-06-10,G03,Birmingham,CH06,Display,463.24,90962,273,328,3,0,0,23346.3,22048.72,0,0,1.028717879714507,0,,0
2024-06-10,G04,Leeds,CH01,Paid Search - Brand,521.6,6625,540,620,34,7,2,16343.5,16172.27,0,0,1.028717879714507,0,,0
2024-06-10,G04,Leeds,CH02,Paid Search - Non-Brand,1243.23,19423,929,1131,40,8,1,17078.93,17391.0,0,0,1.028717879714507,0,,0
2024-06-10,G04,Leeds,CH03,Paid Social,1070.34,107047,1269,1317,37,11,4,15130.21,15834.05,0,0,1.028717879714507,0,,0
2024-06-10,G04,Leeds,CH04,LinkedIn,834.34,22794,182,207,10,2,0,15553.06,15701.55,0,0,1.028717879714507,0,,0
2024-06-10,G04,Leeds,CH05,YouTube,648.94,54271,307,378,5,0,0,16578.15,16444.07,0,0,1.028717879714507,0,,0
2024-06-10,G04,Leeds,CH06,Display,403.92,83153,234,276,3,1,0,15146.79,15342.9,0,0,1.028717879714507,0,,0
2024-06-10,G05,Bristol,CH01,Paid Search - Brand,512.85,6447,571,623,48,8,2,16638.74,16382.3,0,0,1.028717879714507,0,,0
2024-06-10,G05,Bristol,CH02,Paid Search - Non-Brand,1182.81,17979,793,820,38,12,3,16022.53,15089.21,0,0,1.028717879714507,0,,0
2024-06-10,G05,Bristol,CH03,Paid Social,885.43,87437,1020,1217,31,6,2,14739.96,14324.63,0,0,1.028717879714507,0,,0
2024-06-10,G05,Bristol,CH04,LinkedIn,711.51,20529,174,188,7,1,0,15969.39,15903.64,0,0,1.028717879714507,0,,0
2024-06-10,G05,Bristol,CH05,YouTube,606.33,49746,304,331,4,0,0,15504.12,14737.99,0,0,1.028717879714507,0,,0
2024-06-10,G05,Bristol,CH06,Display,360.02,69476,210,219,1,0,0,15057.36,15076.74,0,0,1.028717879714507,0,,0
2024-06-10,G06,Glasgow,CH01,Paid Search - Brand,397.7,4890,445,528,36,10,4,12554.33,12659.0,0,0,1.028717879714507,0,,0
2024-06-10,G06,Glasgow,CH02,Paid Search - Non-Brand,935.47,14250,643,704,28,6,2,14604.84,15329.52,0,0,1.028717879714507,0,,0
2024-06-10,G06,Glasgow,CH03,Paid Social,785.6,80634,1021,1080,31,10,2,14452.48,14511.96,0,0,1.028717879714507,0,,0
2024-06-10,G06,Glasgow,CH04,LinkedIn,578.96,16293,131,153,6,1,0,13938.68,13583.39,0,0,1.028717879714507,0,,0
2024-06-10,G06,Glasgow,CH05,YouTube,550.36,45847,295,302,5,1,0,12823.95,13053.04,0,0,1.028717879714507,0,,0
2024-06-10,G06,Glasgow,CH06,Display,309.39,59792,167,203,1,0,0,12807.79,13712.69,0,0,1.028717879714507,0,,0
2024-06-10,G07,Liverpool,CH01,Paid Search - Brand,480.36,6021,512,529,33,11,3,14215.98,14407.57,0,0,1.028717879714507,0,,0
2024-06-10,G07,Liverpool,CH02,Paid Search - Non-Brand,1005.0,15665,720,733,28,9,3,15725.56,14251.58,0,0,1.028717879714507,0,,0
2024-06-10,G07,Liverpool,CH03,Paid Social,751.93,76015,968,1068,31,8,2,14801.78,15039.83,0,0,1.028717879714507,0,,0
2024-06-10,G07,Liverpool,CH04,LinkedIn,640.93,18952,153,180,7,1,0,13811.11,14277.9,0,0,1.028717879714507,0,,0
2024-06-10,G07,Liverpool,CH05,YouTube,588.08,48566,273,282,3,0,0,12523.31,13085.52,0,0,1.028717879714507,0,,0
2024-06-10,G07,Liverpool,CH06,Display,386.21,74797,219,221,1,0,0,13899.55,14810.95,0,0,1.028717879714507,0,,0
2024-06-10,G08,Sheffield,CH01,Paid Search - Brand,453.91,5731,476,584,38,11,3,12860.95,12058.67,0,0,1.028717879714507,0,,0
2024-06-10,G08,Sheffield,CH02,Paid Search - Non-Brand,922.32,14717,699,840,29,8,2,12274.91,11539.45,0,0,1.028717879714507,0,,0
2024-06-10,G08,Sheffield,CH03,Paid Social,829.74,81132,975,1042,25,8,3,14281.51,14102.11,0,0,1.028717879714507,0,,0
2024-06-10,G08,Sheffield,CH04,LinkedIn,573.91,16262,124,126,6,1,0,14255.68,13368.44,0,0,1.028717879714507,0,,0
2024-06-10,G08,Sheffield,CH05,YouTube,544.45,44584,234,253,4,0,0,12249.78,12120.97,0,0,1.028717879714507,0,,0
2024-06-10,G08,Sheffield,CH06,Display,287.74,58421,181,212,1,0,0,12193.96,12283.44,0,0,1.028717879714507,0,,0
2024-06-10,G09,Edinburgh,CH01,Paid Search - Brand,421.38,5318,460,501,27,7,3,10735.29,11605.44,0,0,1.028717879714507,0,,0
2024-06-10,G09,Edinburgh,CH02,Paid Search - Non-Brand,830.08,12742,572,646,28,9,1,12535.15,12890.91,0,0,1.028717879714507,0,,0
2024-06-10,G09,Edinburgh,CH03,Paid Social,671.93,68001,827,897,21,7,1,13945.01,14038.6,0,0,1.028717879714507,0,,0
2024-06-10,G09,Edinburgh,CH04,LinkedIn,577.5,16403,132,147,6,1,0,12112.52,12126.6,0,0,1.028717879714507,0,,0
2024-06-10,G09,Edinburgh,CH05,YouTube,492.08,40946,231,271,3,0,0,12864.08,11912.55,0,0,1.028717879714507,0,,0
2024-06-10,G09,Edinburgh,CH06,Display,267.5,54625,164,171,1,0,0,11771.75,11660.53,0,0,1.028717879714507,0,,0
2024-06-10,G10,Cardiff,CH01,Paid Search - Brand,382.96,4887,436,535,38,13,5,11018.0,10716.14,0,0,1.028717879714507,0,,0
2024-06-10,G10,Cardiff,CH02,Paid Search - Non-Brand,859.34,13351,596,681,27,8,3,11350.15,11449.77,0,0,1.028717879714507,0,,0
2024-06-10,G10,Cardiff,CH03,Paid Social,671.81,66900,849,978,24,5,1,12527.06,11557.03,0,0,1.028717879714507,0,,0
2024-06-10,G10,Cardiff,CH04,LinkedIn,528.04,15455,126,152,7,1,0,13695.47,12968.13,0,0,1.028717879714507,0,,0
2024-06-10,G10,Cardiff,CH05,YouTube,462.92,37693,247,298,5,1,0,12082.37,10699.34,0,0,1.028717879714507,0,,0
2024-06-10,G10,Cardiff,CH06,Display,262.13,53633,165,204,2,0,0,11144.5,10998.49,0,0,1.028717879714507,0,,0
2024-06-17,G01,London,CH01,Paid Search - Brand,997.91,12643,1100,1287,88,20,8,28881.31,28747.12,0,0,1.0144644016306388,0,,0
2024-06-17,G01,London,CH02,Paid Search - Non-Brand,2059.87,31616,1293,1417,47,10,2,28449.38,27530.8,0,0,1.0144644016306388,0,,0
2024-06-17,G01,London,CH03,Paid Social,1646.92,169199,2068,2377,61,14,4,24505.59,27911.82,0,0,1.0144644016306388,0,,0
2024-06-17,G01,London,CH04,LinkedIn,1311.04,37416,330,405,21,5,1,27714.09,27690.49,0,0,1.0144644016306388,0,,0
2024-06-17,G01,London,CH05,YouTube,1348.0,114508,726,870,12,3,0,29193.64,29059.82,0,0,1.0144644016306388,0,,0
2024-06-17,G01,London,CH06,Display,749.89,145648,464,520,4,1,0,29006.04,28106.69,0,0,1.0144644016306388,0,,0
2024-06-17,G02,Manchester,CH01,Paid Search - Brand,687.74,8431,642,763,40,10,2,22095.2,21278.19,0,0,1.0144644016306388,0,,0
2024-06-17,G02,Manchester,CH02,Paid Search - Non-Brand,1474.84,22547,993,1024,38,11,3,18521.5,19018.8,0,0,1.0144644016306388,1,,0
2024-06-17,G02,Manchester,CH03,Paid Social,1167.35,117084,1446,1710,56,20,6,20181.16,20331.38,0,0,1.0144644016306388,0,,0
2024-06-17,G02,Manchester,CH04,LinkedIn,900.76,25762,202,214,9,2,0,22166.11,21057.14,0,0,1.0144644016306388,0,,0
2024-06-17,G02,Manchester,CH05,YouTube,679.56,57682,336,418,5,1,0,20709.53,20494.58,0,0,1.0144644016306388,0,,0
2024-06-17,G02,Manchester,CH06,Display,409.45,82588,250,252,2,0,0,22222.28,22241.2,0,0,1.0144644016306388,0,,0
2024-06-17,G03,Birmingham,CH01,Paid Search - Brand,667.8,8323,662,723,56,19,8,18826.84,18834.9,0,0,1.0144644016306388,0,,0
2024-06-17,G03,Birmingham,CH02,Paid Search - Non-Brand,1182.32,17877,796,872,35,10,3,19212.13,18811.23,0,0,1.0144644016306388,0,,0
2024-06-17,G03,Birmingham,CH03,Paid Social,1197.74,118996,1461,1635,53,12,4,22464.33,20575.89,0,0,1.0144644016306388,0,,0
2024-06-17,G03,Birmingham,CH04,LinkedIn,948.93,27763,220,266,14,3,1,23643.72,21213.21,0,0,1.0144644016306388,0,,0
2024-06-17,G03,Birmingham,CH05,YouTube,758.96,64114,339,395,6,1,0,19458.91,18304.36,0,0,1.0144644016306388,0,,0
2024-06-17,G03,Birmingham,CH06,Display,434.41,86739,270,291,3,0,0,19997.21,19454.41,0,0,1.0144644016306388,0,,0
2024-06-17,G04,Leeds,CH01,Paid Search - Brand,514.58,6222,464,542,39,9,3,16591.55,16678.01,0,0,1.0144644016306388,0,,0
2024-06-17,G04,Leeds,CH02,Paid Search - Non-Brand,1247.57,19006,921,1053,48,10,4,18492.76,17121.41,0,0,1.0144644016306388,0,,0
2024-06-17,G04,Leeds,CH03,Paid Social,1004.35,97292,1177,1234,37,7,2,16968.61,16325.89,0,0,1.0144644016306388,0,,0
2024-06-17,G04,Leeds,CH04,LinkedIn,684.36,19529,161,190,9,3,0,15695.84,14934.69,0,0,1.0144644016306388,0,,0
2024-06-17,G04,Leeds,CH05,YouTube,667.92,56398,342,407,5,1,0,18263.73,17184.51,0,0,1.0144644016306388,0,,0
2024-06-17,G04,Leeds,CH06,Display,390.51,79844,233,265,2,0,0,16168.78,15599.74,0,0,1.0144644016306388,0,,0
2024-06-17,G05,Bristol,CH01,Paid Search - Brand,517.94,6583,512,602,43,11,2,15294.57,15110.52,0,0,1.0144644016306388,0,,0
2024-06-17,G05,Bristol,CH02,Paid Search - Non-Brand,1071.57,15849,694,826,37,6,2,16162.92,14816.28,0,0,1.0144644016306388,0,,0
2024-06-17,G05,Bristol,CH03,Paid Social,784.56,78982,983,1225,35,6,1,14023.97,14070.46,0,0,1.0144644016306388,0,,0
2024-06-17,G05,Bristol,CH04,LinkedIn,738.96,21057,160,182,8,1,0,13445.36,13893.94,0,0,1.0144644016306388,0,,0
2024-06-17,G05,Bristol,CH05,YouTube,606.33,50878,284,298,4,0,0,16453.03,14444.62,0,0,1.0144644016306388,0,,0
2024-06-17,G05,Bristol,CH06,Display,403.6,80763,244,261,2,0,0,12394.74,13233.88,0,0,1.0144644016306388,0,,0
2024-06-17,G06,Glasgow,CH01,Paid Search - Brand,440.89,5459,485,503,38,8,2,13474.61,13386.06,0,0,1.0144644016306388,0,,0
2024-06-17,G06,Glasgow,CH02,Paid Search - Non-Brand,831.57,12874,544,565,25,8,3,15988.28,14485.65,0,0,1.0144644016306388,0,,0
2024-06-17,G06,Glasgow,CH03,Paid Social,762.08,76030,940,1023,30,5,2,12685.66,13248.75,0,0,1.0144644016306388,0,,0
2024-06-17,G06,Glasgow,CH04,LinkedIn,624.47,17237,139,143,6,1,0,14794.23,14680.13,0,0,1.0144644016306388,0,,0
2024-06-17,G06,Glasgow,CH05,YouTube,555.42,46870,278,325,5,1,0,14256.58,13656.25,0,0,1.0144644016306388,0,,0
2024-06-17,G06,Glasgow,CH06,Display,327.59,65302,194,232,2,0,0,11823.51,11810.15,0,0,1.0144644016306388,0,,0
2024-06-17,G07,Liverpool,CH01,Paid Search - Brand,457.48,5562,473,589,34,9,3,14048.67,13721.29,0,0,1.0144644016306388,0,,0
2024-06-17,G07,Liverpool,CH02,Paid Search - Non-Brand,971.78,15100,671,803,26,5,1,15406.1,15433.31,0,0,1.0144644016306388,0,,0
2024-06-17,G07,Liverpool,CH03,Paid Social,770.17,78789,947,1132,35,12,2,13774.06,13912.92,0,0,1.0144644016306388,0,,0
2024-06-17,G07,Liverpool,CH04,LinkedIn,631.8,18372,145,152,6,1,0,15245.57,14964.57,0,0,1.0144644016306388,0,,0
2024-06-17,G07,Liverpool,CH05,YouTube,522.87,44430,257,262,4,0,0,13199.33,13705.28,0,0,1.0144644016306388,0,,0
2024-06-17,G07,Liverpool,CH06,Display,358.33,72213,218,263,2,0,0,15374.04,16147.6,0,0,1.0144644016306388,0,,0
2024-06-17,G08,Sheffield,CH01,Paid Search - Brand,417.99,5165,452,560,33,7,1,11302.33,11376.61,0,0,1.0144644016306388,0,,0
2024-06-17,G08,Sheffield,CH02,Paid Search - Non-Brand,879.12,13646,578,641,28,9,3,11959.4,12217.68,0,0,1.0144644016306388,0,,0
2024-06-17,G08,Sheffield,CH03,Paid Social,755.17,76596,949,1098,26,6,2,13526.41,14089.0,0,0,1.0144644016306388,0,,0
2024-06-17,G08,Sheffield,CH04,LinkedIn,564.15,15879,121,148,6,1,0,11845.2,12689.78,0,0,1.0144644016306388,0,,0
2024-06-17,G08,Sheffield,CH05,YouTube,490.6,40421,227,261,3,0,0,13120.0,12680.03,0,0,1.0144644016306388,0,,0
2024-06-17,G08,Sheffield,CH06,Display,307.25,62223,189,216,2,0,0,11381.47,11723.37,0,0,1.0144644016306388,0,,0
2024-06-17,G09,Edinburgh,CH01,Paid Search - Brand,392.23,5009,413,466,26,7,2,12286.58,12565.11,0,0,1.0144644016306388,0,,0
2024-06-17,G09,Edinburgh,CH02,Paid Search - Non-Brand,783.77,11686,543,637,26,8,2,11952.35,11038.89,0,0,1.0144644016306388,0,,0
2024-06-17,G09,Edinburgh,CH03,Paid Social,697.98,69375,889,896,29,7,1,12219.2,12169.9,0,0,1.0144644016306388,0,,0
2024-06-17,G09,Edinburgh,CH04,LinkedIn,551.45,15549,126,132,5,1,0,11787.98,11869.38,0,0,1.0144644016306388,0,,0
2024-06-17,G09,Edinburgh,CH05,YouTube,496.05,41034,238,266,3,1,0,12221.3,11813.14,0,0,1.0144644016306388,0,,0
2024-06-17,G09,Edinburgh,CH06,Display,303.35,60711,177,199,1,0,0,11104.72,11230.52,0,0,1.0144644016306388,0,,0
2024-06-17,G10,Cardiff,CH01,Paid Search - Brand,390.58,4591,415,423,23,4,0,11898.64,11581.53,0,0,1.0144644016306388,0,,0
2024-06-17,G10,Cardiff,CH02,Paid Search - Non-Brand,666.5,10129,435,513,21,6,2,11419.13,10614.36,0,0,1.0144644016306388,0,,0
2024-06-17,G10,Cardiff,CH03,Paid Social,566.0,54645,652,772,24,6,1,11792.63,11881.2,0,0,1.0144644016306388,0,,0
2024-06-17,G10,Cardiff,CH04,LinkedIn,459.58,13371,106,122,6,2,0,11089.25,10728.68,0,0,1.0144644016306388,0,,0
2024-06-17,G10,Cardiff,CH05,YouTube,433.32,35571,200,204,2,0,0,10682.46,10593.59,0,0,1.0144644016306388,0,,0
2024-06-17,G10,Cardiff,CH06,Display,234.92,46114,132,162,1,0,0,9634.1,10187.43,0,0,1.0144644016306388,0,,0
2024-06-24,G01,London,CH01,Paid Search - Brand,920.59,10947,941,993,61,17,7,28915.2,27972.23,0,0,1.0,0,,0
2024-06-24,G01,London,CH02,Paid Search - Non-Brand,1955.08,30281,1303,1573,57,14,4,26658.97,25998.07,0,0,1.0,0,,0
2024-06-24,G01,London,CH03,Paid Social,1484.93,150116,1828,1982,46,9,3,26205.26,27128.96,0,0,1.0,0,,0
2024-06-24,G01,London,CH04,LinkedIn,1121.2,32642,269,308,12,2,0,29151.08,28304.43,0,0,1.0,0,,0
2024-06-24,G01,London,CH05,YouTube,1182.12,97970,593,634,10,3,1,28839.85,27615.39,0,0,1.0,0,,0
2024-06-24,G01,London,CH06,Display,680.97,135003,426,528,6,2,0,26762.88,26198.34,0,0,1.0,0,,0
2024-06-24,G02,Manchester,CH01,Paid Search - Brand,647.58,7872,652,762,52,10,3,19183.98,20341.88,0,0,1.0,0,,0
2024-06-24,G02,Manchester,CH02,Paid Search - Non-Brand,1270.76,19599,901,1092,51,18,3,16927.09,17538.69,0,0,1.0,0,,0
2024-06-24,G02,Manchester,CH03,Paid Social,1016.53,100520,1077,1328,41,10,2,21390.64,20408.49,0,0,1.0,0,,0
2024-06-24,G02,Manchester,CH04,LinkedIn,946.46,26209,206,243,11,2,0,23628.35,23804.54,0,0,1.0,0,,0
2024-06-24,G02,Manchester,CH05,YouTube,846.74,67929,394,423,6,1,0,20927.14,19900.65,0,0,1.0,0,,0
2024-06-24,G02,Manchester,CH06,Display,501.11,99878,305,356,3,0,0,21412.74,21530.48,0,0,1.0,0,,0
2024-06-24,G03,Birmingham,CH01,Paid Search - Brand,584.07,7323,618,622,41,11,4,19982.3,19462.21,0,0,1.0,0,,0
2024-06-24,G03,Birmingham,CH02,Paid Search - Non-Brand,1332.31,20305,824,927,41,11,4,20523.92,19729.94,0,0,1.0,0,,0
2024-06-24,G03,Birmingham,CH03,Paid Social,1092.56,110635,1326,1479,40,12,4,19883.46,19237.53,0,0,1.0,0,,0
2024-06-24,G03,Birmingham,CH04,LinkedIn,754.47,21864,169,201,7,2,0,20581.47,20815.5,0,0,1.0,0,,0
2024-06-24,G03,Birmingham,CH05,YouTube,729.02,59191,359,379,6,1,0,17891.75,17621.35,0,0,1.0,0,,0
2024-06-24,G03,Birmingham,CH06,Display,486.0,95851,287,343,4,0,0,19688.89,18746.91,0,0,1.0,0,,0
2024-06-24,G04,Leeds,CH01,Paid Search - Brand,572.23,6914,615,674,46,16,4,16380.62,15889.81,0,0,1.0,0,,0
2024-06-24,G04,Leeds,CH02,Paid Search - Non-Brand,1100.15,17074,736,793,27,8,3,16072.14,15823.0,0,0,1.0,0,,0
2024-06-24,G04,Leeds,CH03,Paid Social,982.1,100246,1258,1397,45,16,5,16208.86,15818.48,0,0,1.0,0,,0
2024-06-24,G04,Leeds,CH04,LinkedIn,768.01,23216,179,187,9,1,0,16814.54,16129.61,0,0,1.0,0,,0
2024-06-24,G04,Leeds,CH05,YouTube,621.04,53227,340,377,5,1,0,16442.92,15508.4,0,0,1.0,0,,0
2024-06-24,G04,Leeds,CH06,Display,349.53,69262,213,228,2,0,0,13862.86,14697.08,0,0,1.0,0,,0
2024-06-24,G05,Bristol,CH01,Paid Search - Brand,465.18,5697,450,458,29,10,2,14850.72,14642.8,0,0,1.0,0,,0
2024-06-24,G05,Bristol,CH02,Paid Search - Non-Brand,987.11,15295,733,896,42,13,4,14749.94,14155.14,0,0,1.0,0,,0
2024-06-24,G05,Bristol,CH03,Paid Social,802.87,82225,963,1172,27,7,3,16406.01,16607.9,0,0,1.0,0,,0
2024-06-24,G05,Bristol,CH04,LinkedIn,683.36,19557,168,197,10,2,0,14964.83,13736.35,0,0,1.0,0,,0
2024-06-24,G05,Bristol,CH05,YouTube,580.06,49659,283,288,3,0,0,15067.25,14462.75,0,0,1.0,0,,0
2024-06-24,G05,Bristol,CH06,Display,366.91,74007,218,221,2,0,0,13900.71,13576.38,0,0,1.0,0,,0
2024-06-24,G06,Glasgow,CH01,Paid Search - Brand,390.19,4856,408,456,35,11,2,13928.12,14225.82,0,0,1.0,0,,0
2024-06-24,G06,Glasgow,CH02,Paid Search - Non-Brand,894.59,13987,590,650,26,4,1,13108.96,12524.06,0,0,1.0,0,,0
2024-06-24,G06,Glasgow,CH03,Paid Social,781.42,78321,919,1086,25,7,1,13293.54,12823.43,0,0,1.0,0,,0
2024-06-24,G06,Glasgow,CH04,LinkedIn,592.66,17190,127,151,6,2,0,12698.33,12364.98,0,0,1.0,0,,0
2024-06-24,G06,Glasgow,CH05,YouTube,569.4,47819,283,302,3,0,0,12896.12,13090.17,0,0,1.0,0,,0
2024-06-24,G06,Glasgow,CH06,Display,304.76,60906,175,187,1,0,0,12799.32,13146.11,0,0,1.0,0,,0
2024-06-24,G07,Liverpool,CH01,Paid Search - Brand,424.17,5451,470,510,30,7,2,12438.21,14554.7,0,0,1.0,1,,0
2024-06-24,G07,Liverpool,CH02,Paid Search - Non-Brand,940.39,14181,591,625,23,8,2,15223.5,14662.14,0,0,1.0,0,,0
2024-06-24,G07,Liverpool,CH03,Paid Social,794.99,79799,878,1009,32,10,2,14607.49,14008.96,0,0,1.0,0,,0
2024-06-24,G07,Liverpool,CH04,LinkedIn,601.46,17023,128,156,6,1,0,13405.4,12818.74,0,0,1.0,0,,0
2024-06-24,G07,Liverpool,CH05,YouTube,606.63,49765,283,294,4,1,0,15362.64,14858.95,0,0,1.0,0,,0
2024-06-24,G07,Liverpool,CH06,Display,343.38,71388,204,247,2,0,0,12065.23,12173.64,0,0,1.0,0,,0
2024-06-24,G08,Sheffield,CH01,Paid Search - Brand,440.72,5306,436,529,33,6,1,12635.02,12439.39,0,0,1.0,0,,0
2024-06-24,G08,Sheffield,CH02,Paid Search - Non-Brand,898.24,13739,601,609,27,5,1,13277.69,13201.78,0,0,1.0,0,,0
2024-06-24,G08,Sheffield,CH03,Paid Social,724.74,72436,903,1118,34,10,2,13348.15,12816.81,0,0,1.0,0,,0
2024-06-24,G08,Sheffield,CH04,LinkedIn,563.59,15891,124,154,7,2,0,12397.46,12283.58,0,0,1.0,0,,0
2024-06-24,G08,Sheffield,CH05,YouTube,514.19,43268,257,301,4,1,0,12961.01,12836.38,0,0,1.0,0,,0
2024-06-24,G08,Sheffield,CH06,Display,312.41,63950,194,225,2,0,0,12518.09,12511.31,0,0,1.0,0,,0
2024-06-24,G09,Edinburgh,CH01,Paid Search - Brand,384.25,4894,447,531,32,10,2,11578.09,11206.77,0,0,1.0,0,,0
2024-06-24,G09,Edinburgh,CH02,Paid Search - Non-Brand,824.3,12338,512,547,20,6,1,12340.64,11753.86,0,0,1.0,0,,0
2024-06-24,G09,Edinburgh,CH03,Paid Social,704.8,70125,859,1030,30,10,3,11680.36,11128.92,0,0,1.0,0,,0
2024-06-24,G09,Edinburgh,CH04,LinkedIn,521.83,14916,104,120,6,1,0,12009.77,11871.92,0,0,1.0,0,,0
2024-06-24,G09,Edinburgh,CH05,YouTube,445.92,37665,206,211,3,0,0,11241.8,11750.23,0,0,1.0,0,,0
2024-06-24,G09,Edinburgh,CH06,Display,267.32,54006,159,170,1,0,0,11240.44,11475.93,0,0,1.0,0,,0
2024-06-24,G10,Cardiff,CH01,Paid Search - Brand,351.36,4464,376,396,24,7,2,13216.81,12585.58,0,0,1.0,0,,0
2024-06-24,G10,Cardiff,CH02,Paid Search - Non-Brand,728.19,10892,482,551,20,6,2,10084.81,10250.09,0,0,1.0,0,,0
2024-06-24,G10,Cardiff,CH03,Paid Social,699.99,71040,864,992,31,7,2,10383.1,10381.69,0,0,1.0,0,,0
2024-06-24,G10,Cardiff,CH04,LinkedIn,550.96,15964,125,128,5,1,0,11911.74,11960.83,0,0,1.0,0,,0
2024-06-24,G10,Cardiff,CH05,YouTube,404.41,33825,191,226,3,0,0,10028.79,10273.33,0,0,1.0,0,,0
2024-06-24,G10,Cardiff,CH06,Display,266.85,53873,148,184,1,0,0,10691.22,10898.89,0,0,1.0,0,,0
2024-07-01,G01,London,CH01,Paid Search - Brand,880.87,10984,924,1009,70,23,6,25501.03,24438.71,0,0,0.9855355983693612,0,,0
2024-07-01,G01,London,CH02,Paid Search - Non-Brand,1844.52,28617,1319,1503,57,15,3,27682.78,27702.99,0,0,0.9855355983693612,0,,0
2024-07-01,G01,London,CH03,Paid Social,1570.1,154881,2005,2084,65,12,2,27724.36,27644.13,0,0,0.9855355983693612,0,,0
2024-07-01,G01,London,CH04,LinkedIn,1295.07,36138,272,296,11,3,1,29981.13,28597.12,0,0,0.9855355983693612,0,,0
2024-07-01,G01,London,CH05,YouTube,1176.21,100313,587,669,9,2,0,29329.28,28459.46,0,0,0.9855355983693612,0,,0
2024-07-01,G01,London,CH06,Display,644.54,128405,373,443,4,0,0,27453.89,28728.7,0,0,0.9855355983693612,0,,0
2024-07-01,G02,Manchester,CH01,Paid Search - Brand,673.17,8575,705,868,51,9,3,20359.94,20133.35,0,0,0.9855355983693612,0,,0
2024-07-01,G02,Manchester,CH02,Paid Search - Non-Brand,1216.43,18627,876,1027,42,15,6,21259.84,19937.84,0,0,0.9855355983693612,0,,0
2024-07-01,G02,Manchester,CH03,Paid Social,1188.55,121268,1435,1561,39,13,3,20243.71,20789.64,0,0,0.9855355983693612,0,,0
2024-07-01,G02,Manchester,CH04,LinkedIn,861.77,24058,181,217,9,1,0,19644.89,19175.24,0,0,0.9855355983693612,0,,0
2024-07-01,G02,Manchester,CH05,YouTube,734.78,59489,375,382,4,1,0,19314.23,18794.69,0,0,0.9855355983693612,0,,0
2024-07-01,G02,Manchester,CH06,Display,452.04,90255,258,302,3,0,0,17705.8,18347.3,0,0,0.9855355983693612,0,,0
2024-07-01,G03,Birmingham,CH01,Paid Search - Brand,627.19,7847,644,687,36,12,5,19605.14,18287.44,0,0,0.9855355983693612,0,,0
2024-07-01,G03,Birmingham,CH02,Paid Search - Non-Brand,1362.69,21616,965,1017,47,16,5,18455.19,17838.74,0,0,0.9855355983693612,0,,0
2024-07-01,G03,Birmingham,CH03,Paid Social,1163.49,119519,1521,1815,51,9,2,19592.95,20762.08,0,0,0.9855355983693612,1,,0
2024-07-01,G03,Birmingham,CH04,LinkedIn,851.87,24718,187,229,8,2,0,18789.08,18447.9,0,0,0.9855355983693612,0,,0
2024-07-01,G03,Birmingham,CH05,YouTube,778.01,62612,397,419,6,1,0,18298.53,17314.91,0,0,0.9855355983693612,0,,0
2024-07-01,G03,Birmingham,CH06,Display,411.59,80178,243,303,2,0,0,18597.75,19602.62,0,0,0.9855355983693612,0,,0
2024-07-01,G04,Leeds,CH01,Paid Search - Brand,484.37,6126,501,605,31,7,2,14560.53,15070.3,0,0,0.9855355983693612,0,,0
2024-07-01,G04,Leeds,CH02,Paid Search - Non-Brand,992.81,15426,712,749,34,9,2,15392.7,16261.46,0,0,0.9855355983693612,0,,0
2024-07-01,G04,Leeds,CH03,Paid Social,958.65,96459,1164,1210,39,13,4,16978.36,16165.03,0,0,0.9855355983693612,0,,0
2024-07-01,G04,Leeds,CH04,LinkedIn,780.8,21872,166,182,9,1,0,16689.04,16083.56,0,0,0.9855355983693612,0,,0
2024-07-01,G04,Leeds,CH05,YouTube,597.44,50764,276,295,4,1,0,15022.75,15067.98,0,0,0.9855355983693612,0,,0
2024-07-01,G04,Leeds,CH06,Display,361.51,73354,212,223,2,0,0,14251.56,14950.07,0,0,0.9855355983693612,0,,0
2024-07-01,G05,Bristol,CH01,Paid Search - Brand,509.33,6302,564,570,39,14,4,16461.1,16336.32,0,0,0.9855355983693612,0,,0
2024-07-01,G05,Bristol,CH02,Paid Search - Non-Brand,1017.87,15846,678,748,36,10,2,12726.55,12884.76,0,0,0.9855355983693612,0,,0
2024-07-01,G05,Bristol,CH03,Paid Social,810.74,80847,978,985,26,6,1,13639.89,13996.02,0,0,0.9855355983693612,0,,0
2024-07-01,G05,Bristol,CH04,LinkedIn,701.78,20402,163,191,8,2,0,13968.77,13749.41,0,0,0.9855355983693612,0,,0
2024-07-01,G05,Bristol,CH05,YouTube,583.04,46817,272,290,4,1,0,15187.56,14509.2,0,0,0.9855355983693612,0,,0
2024-07-01,G05,Bristol,CH06,Display,343.81,70969,191,213,1,0,0,13310.69,13828.75,0,0,0.9855355983693612,0,,0
2024-07-01,G06,Glasgow,CH01,Paid Search - Brand,457.41,5797,499,619,41,8,2,12704.64,12917.92,0,0,0.9855355983693612,0,,0
2024-07-01,G06,Glasgow,CH02,Paid Search - Non-Brand,935.92,14744,646,779,33,10,4,12912.14,12941.67,0,0,0.9855355983693612,0,,0
2024-07-01,G06,Glasgow,CH03,Paid Social,699.01,73333,905,982,32,11,2,14992.75,14161.72,0,0,0.9855355983693612,0,,0
2024-07-01,G06,Glasgow,CH04,LinkedIn,516.66,14656,112,126,6,1,0,12974.85,12913.09,0,0,0.9855355983693612,0,,0
2024-07-01,G06,Glasgow,CH05,YouTube,541.35,44101,253,304,5,0,0,12465.91,12990.25,0,0,0.9855355983693612,0,,0
2024-07-01,G06,Glasgow,CH06,Display,307.39,60647,179,184,1,0,0,12941.95,13639.71,0,0,0.9855355983693612,0,,0
2024-07-01,G07,Liverpool,CH01,Paid Search - Brand,514.31,6257,517,562,30,7,3,13990.13,14021.92,0,0,0.9855355983693612,0,,0
2024-07-01,G07,Liverpool,CH02,Paid Search - Non-Brand,918.89,13845,661,759,34,12,2,13456.26,13145.02,0,0,0.9855355983693612,0,,0
2024-07-01,G07,Liverpool,CH03,Paid Social,851.8,84335,1018,1019,24,6,2,12383.03,12757.57,0,0,0.9855355983693612,0,,0
2024-07-01,G07,Liverpool,CH04,LinkedIn,657.75,19118,159,164,6,1,0,15611.67,16042.13,0,0,0.9855355983693612,0,,0
2024-07-01,G07,Liverpool,CH05,YouTube,622.98,51222,304,312,4,0,0,14129.74,14320.79,0,0,0.9855355983693612,0,,0
2024-07-01,G07,Liverpool,CH06,Display,305.8,61176,177,184,2,0,0,14698.11,14371.86,0,0,0.9855355983693612,0,,0
2024-07-01,G08,Sheffield,CH01,Paid Search - Brand,423.8,5390,426,486,35,6,1,11591.43,12259.72,0,0,0.9855355983693612,0,,0
2024-07-01,G08,Sheffield,CH02,Paid Search - Non-Brand,804.17,12367,559,589,26,8,2,10907.95,11194.89,0,0,0.9855355983693612,0,,0
2024-07-01,G08,Sheffield,CH03,Paid Social,740.53,74905,917,930,21,5,1,13234.01,12899.14,0,0,0.9855355983693612,0,,0
2024-07-01,G08,Sheffield,CH04,LinkedIn,634.5,17734,145,160,6,1,0,12850.58,12801.8,0,0,0.9855355983693612,0,,0
2024-07-01,G08,Sheffield,CH05,YouTube,478.06,40148,218,252,4,1,0,13315.51,12685.6,0,0,0.9855355983693612,0,,0
2024-07-01,G08,Sheffield,CH06,Display,283.0,58722,180,195,1,0,0,14345.03,13528.94,0,0,0.9855355983693612,0,,0
2024-07-01,G09,Edinburgh,CH01,Paid Search - Brand,366.17,4625,394,460,30,7,2,13600.98,13803.16,0,0,0.9855355983693612,0,,0
2024-07-01,G09,Edinburgh,CH02,Paid Search - Non-Brand,747.5,11560,474,477,16,3,0,13093.97,11863.51,0,0,0.9855355983693612,0,,0
2024-07-01,G09,Edinburgh,CH03,Paid Social,628.64,64397,757,766,22,4,1,12412.74,12060.04,0,0,0.9855355983693612,0,,0
2024-07-01,G09,Edinburgh,CH04,LinkedIn,586.39,16370,111,123,5,1,0,11787.9,11374.11,0,0,0.9855355983693612,0,,0
2024-07-01,G09,Edinburgh,CH05,YouTube,438.85,37205,233,237,3,1,0,11789.94,11111.33,0,0,0.9855355983693612,0,,0
2024-07-01,G09,Edinburgh,CH06,Display,282.51,57887,171,196,2,0,0,9702.09,9891.53,0,0,0.9855355983693612,0,,0
2024-07-01,G10,Cardiff,CH01,Paid Search - Brand,363.33,4402,392,423,27,8,2,10637.42,10511.07,0,0,0.9855355983693612,0,,0
2024-07-01,G10,Cardiff,CH02,Paid Search - Non-Brand,780.35,12035,559,639,25,7,2,11526.46,11008.51,0,0,0.9855355983693612,0,,0
2024-07-01,G10,Cardiff,CH03,Paid Social,588.96,58369,708,867,28,10,2,12926.74,12168.11,0,0,0.9855355983693612,0,,0
2024-07-01,G10,Cardiff,CH04,LinkedIn,498.99,13775,97,99,4,1,0,11018.37,10534.49,0,0,0.9855355983693612,0,,0
2024-07-01,G10,Cardiff,CH05,YouTube,432.97,36069,210,246,3,0,0,12247.88,12216.05,0,0,0.9855355983693612,0,,0
2024-07-01,G10,Cardiff,CH06,Display,250.27,50237,133,162,1,0,0,12464.12,12081.96,0,0,0.9855355983693612,0,,0
2024-07-08,G01,London,CH01,Paid Search - Brand,830.51,10210,879,978,73,26,9,27416.32,26726.17,0,0,0.9712821202854931,0,,0
2024-07-08,G01,London,CH02,Paid Search - Non-Brand,1964.43,29186,1315,1511,58,17,5,25740.06,25609.91,0,0,0.9712821202854931,0,,0
2024-07-08,G01,London,CH03,Paid Social,1639.57,163085,2080,2470,59,12,4,28299.3,27696.11,0,0,0.9712821202854931,0,,0
2024-07-08,G01,London,CH04,LinkedIn,1240.68,34701,273,322,12,2,0,25197.37,25276.11,0,0,0.9712821202854931,0,,0
2024-07-08,G01,London,CH05,YouTube,1176.31,99536,618,659,8,1,0,27347.67,26496.77,0,0,0.9712821202854931,0,,0
2024-07-08,G01,London,CH06,Display,713.29,146607,425,485,4,0,0,23908.78,24416.65,0,0,0.9712821202854931,0,,0
2024-07-08,G02,Manchester,CH01,Paid Search - Brand,634.8,8095,709,729,55,11,4,18941.69,19299.96,0,0,0.9712821202854931,0,,0
2024-07-08,G02,Manchester,CH02,Paid Search - Non-Brand,1374.31,20550,896,985,38,11,3,21398.46,20435.64,0,0,0.9712821202854931,0,,0
2024-07-08,G02,Manchester,CH03,Paid Social,1067.55,108514,1221,1221,39,12,2,18468.61,18650.1,0,0,0.9712821202854931,0,,0
2024-07-08,G02,Manchester,CH04,LinkedIn,918.21,26899,203,213,8,2,0,22569.91,22407.06,0,0,0.9712821202854931,0,,0
2024-07-08,G02,Manchester,CH05,YouTube,832.14,68540,384,391,6,1,0,18360.31,19364.78,0,0,0.9712821202854931,0,,0
2024-07-08,G02,Manchester,CH06,Display,467.03,92710,289,324,2,0,0,20485.84,20313.13,0,0,0.9712821202854931,0,,0
2024-07-08,G03,Birmingham,CH01,Paid Search - Brand,679.94,8399,713,870,50,10,2,19440.66,18703.19,0,0,0.9712821202854931,0,,0
2024-07-08,G03,Birmingham,CH02,Paid Search - Non-Brand,1269.84,19780,876,1094,44,15,5,19044.84,19247.33,0,0,0.9712821202854931,0,,0
2024-07-08,G03,Birmingham,CH03,Paid Social,1135.28,113704,1324,1643,39,12,5,17503.04,18526.03,0,0,0.9712821202854931,0,,0
2024-07-08,G03,Birmingham,CH04,LinkedIn,828.93,24078,174,192,9,1,0,18996.62,18807.79,0,0,0.9712821202854931,0,,0
2024-07-08,G03,Birmingham,CH05,YouTube,754.41,62633,355,429,5,1,0,16196.8,17346.99,0,0,0.9712821202854931,0,,0
2024-07-08,G03,Birmingham,CH06,Display,466.37,90954,262,286,3,0,0,17307.65,17356.31,0,0,0.9712821202854931,0,,0
2024-07-08,G04,Leeds,CH01,Paid Search - Brand,501.47,6323,543,605,34,10,3,16376.44,15545.92,0,0,0.9712821202854931,0,,0
2024-07-08,G04,Leeds,CH02,Paid Search - Non-Brand,1113.57,17238,800,877,37,7,2,18932.48,17310.95,0,0,0.9712821202854931,0,,0
2024-07-08,G04,Leeds,CH03,Paid Social,739.07,73064,852,1060,24,7,2,15162.45,14796.85,0,0,0.9712821202854931,0,,0
2024-07-08,G04,Leeds,CH04,LinkedIn,756.08,21847,163,194,8,1,0,16452.52,15870.93,0,0,0.9712821202854931,0,,0
2024-07-08,G04,Leeds,CH05,YouTube,644.76,53171,360,362,5,1,0,16810.02,16061.85,0,0,0.9712821202854931,0,,0
2024-07-08,G04,Leeds,CH06,Display,364.06,71124,221,261,3,0,0,15394.99,15359.51,0,0,0.9712821202854931,0,,0
2024-07-08,G05,Bristol,CH01,Paid Search - Brand,463.52,5948,490,493,36,9,2,14518.36,14134.91,0,0,0.9712821202854931,0,,0
2024-07-08,G05,Bristol,CH02,Paid Search - Non-Brand,1025.94,15946,671,829,40,11,3,14805.16,14622.04,0,0,0.9712821202854931,0,,0
2024-07-08,G05,Bristol,CH03,Paid Social,759.53,74176,891,1072,28,7,2,14059.38,13591.07,0,0,0.9712821202854931,0,,0
2024-07-08,G05,Bristol,CH04,LinkedIn,582.96,16582,131,137,7,1,0,14561.87,14186.16,0,0,0.9712821202854931,0,,0
2024-07-08,G05,Bristol,CH05,YouTube,649.76,55003,338,350,5,1,0,14356.44,13754.62,0,0,0.9712821202854931,0,,0
2024-07-08,G05,Bristol,CH06,Display,332.26,66386,184,192,2,0,0,14911.57,13607.9,0,0,0.9712821202854931,0,,0
2024-07-08,G06,Glasgow,CH01,Paid Search - Brand,403.31,4889,422,433,33,9,2,11750.67,11542.97,0,0,0.9712821202854931,0,,0
2024-07-08,G06,Glasgow,CH02,Paid Search - Non-Brand,962.46,14445,631,747,35,10,4,13846.43,13717.35,0,0,0.9712821202854931,0,,0
2024-07-08,G06,Glasgow,CH03,Paid Social,671.97,65981,777,923,24,6,1,14496.03,14036.74,0,0,0.9712821202854931,0,,0
2024-07-08,G06,Glasgow,CH04,LinkedIn,655.82,18766,152,181,9,3,1,13256.7,13387.53,0,0,0.9712821202854931,0,,0
2024-07-08,G06,Glasgow,CH05,YouTube,515.35,42959,243,269,4,0,0,12308.87,12638.57,0,0,0.9712821202854931,0,,0
2024-07-08,G06,Glasgow,CH06,Display,310.15,63182,176,193,1,0,0,14123.61,14570.39,0,0,0.9712821202854931,0,,0
2024-07-08,G07,Liverpool,CH01,Paid Search - Brand,470.25,5909,510,600,33,11,4,12873.53,12629.05,0,0,0.9712821202854931,0,,0
2024-07-08,G07,Liverpool,CH02,Paid Search - Non-Brand,888.13,13640,590,700,25,7,3,14258.64,12903.34,0,0,0.9712821202854931,0,,0
2024-07-08,G07,Liverpool,CH03,Paid Social,758.73,74293,904,1127,35,6,1,14830.67,15128.59,0,0,0.9712821202854931,0,,0
2024-07-08,G07,Liverpool,CH04,LinkedIn,532.46,15512,119,147,6,1,0,13034.95,13050.13,0,0,0.9712821202854931,0,,0
2024-07-08,G07,Liverpool,CH05,YouTube,593.97,49911,302,370,5,0,0,12753.59,13019.31,0,0,0.9712821202854931,0,,0
2024-07-08,G07,Liverpool,CH06,Display,297.39,60996,174,179,1,0,0,14147.34,14079.84,0,0,0.9712821202854931,0,,0
2024-07-08,G08,Sheffield,CH01,Paid Search - Brand,406.35,5048,425,464,26,8,1,11243.97,10841.21,0,0,0.9712821202854931,0,,0
2024-07-08,G08,Sheffield,CH02,Paid Search - Non-Brand,817.39,12907,595,670,22,7,1,10601.15,11453.75,0,0,0.9712821202854931,1,,0
2024-07-08,G08,Sheffield,CH03,Paid Social,688.26,70113,889,1091,25,7,1,10714.55,11195.46,0,0,0.9712821202854931,0,,0
2024-07-08,G08,Sheffield,CH04,LinkedIn,532.69,15167,115,135,5,1,0,11270.03,11062.31,0,0,0.9712821202854931,0,,0
2024-07-08,G08,Sheffield,CH05,YouTube,470.56,39314,237,274,3,0,0,14463.67,14053.49,0,0,0.9712821202854931,0,,0
2024-07-08,G08,Sheffield,CH06,Display,290.01,58843,166,169,1,0,0,11797.2,12278.57,0,0,0.9712821202854931,0,,0
2024-07-08,G09,Edinburgh,CH01,Paid Search - Brand,380.76,4840,420,461,24,8,3,12400.32,11940.08,0,0,0.9712821202854931,0,,0
2024-07-08,G09,Edinburgh,CH02,Paid Search - Non-Brand,774.99,11857,531,651,25,6,1,11748.86,11738.7,0,0,0.9712821202854931,0,,0
2024-07-08,G09,Edinburgh,CH03,Paid Social,691.53,70849,829,1010,23,6,1,13229.23,12009.77,0,0,0.9712821202854931,0,,0
2024-07-08,G09,Edinburgh,CH04,LinkedIn,566.86,16133,133,143,6,1,0,11700.03,12193.02,0,0,0.9712821202854931,0,,0
2024-07-08,G09,Edinburgh,CH05,YouTube,401.93,34142,215,247,4,1,0,12116.75,12577.98,0,0,0.9712821202854931,0,,0
2024-07-08,G09,Edinburgh,CH06,Display,253.93,49332,151,168,1,0,0,11058.7,11130.06,0,0,0.9712821202854931,0,,0
2024-07-08,G10,Cardiff,CH01,Paid Search - Brand,356.53,4496,398,434,24,7,2,10842.21,10984.67,0,0,0.9712821202854931,0,,0
2024-07-08,G10,Cardiff,CH02,Paid Search - Non-Brand,697.98,10791,488,586,23,8,1,10569.82,10518.64,0,0,0.9712821202854931,0,,0
2024-07-08,G10,Cardiff,CH03,Paid Social,629.18,63608,761,937,27,8,2,10893.69,11124.03,0,0,0.9712821202854931,0,,0
2024-07-08,G10,Cardiff,CH04,LinkedIn,525.42,14878,115,133,5,1,0,10721.43,10334.87,0,0,0.9712821202854931,0,,0
2024-07-08,G10,Cardiff,CH05,YouTube,391.96,32005,177,209,3,0,0,11578.1,11417.55,0,0,0.9712821202854931,0,,0
2024-07-08,G10,Cardiff,CH06,Display,266.56,53111,160,170,1,0,0,10970.53,10333.88,0,0,0.9712821202854931,0,,0
2024-07-15,G01,London,CH01,Paid Search - Brand,876.16,10700,920,1033,62,11,4,27213.27,26346.55,0,0,0.9574474135548957,0,,0
2024-07-15,G01,London,CH02,Paid Search - Non-Brand,1684.03,26221,1221,1439,62,12,3,23054.86,23288.4,0,0,0.9574474135548957,0,,0
2024-07-15,G01,London,CH03,Paid Social,1473.54,145462,1800,2114,57,16,4,28790.96,29270.95,0,0,0.9574474135548957,0,,0
2024-07-15,G01,London,CH04,LinkedIn,1223.54,35545,279,341,17,5,1,25593.31,26022.19,0,0,0.9574474135548957,0,,0
2024-07-15,G01,London,CH05,YouTube,965.64,81211,492,572,7,1,0,25917.63,24705.58,0,0,0.9574474135548957,0,,0
2024-07-15,G01,London,CH06,Display,659.49,133008,384,458,5,1,0,27870.0,28523.88,0,0,0.9574474135548957,0,,0
2024-07-15,G02,Manchester,CH01,Paid Search - Brand,651.44,8043,674,700,48,14,3,18787.19,19029.06,0,0,0.9574474135548957,0,,0
2024-07-15,G02,Manchester,CH02,Paid Search - Non-Brand,1199.32,18574,807,925,39,13,4,19680.16,20259.03,0,0,0.9574474135548957,0,,0
2024-07-15,G02,Manchester,CH03,Paid Social,1188.96,117737,1320,1489,48,8,3,21132.14,19955.35,0,0,0.9574474135548957,0,,0
2024-07-15,G02,Manchester,CH04,LinkedIn,849.76,24377,181,225,9,2,0,19776.95,18857.65,0,0,0.9574474135548957,0,,0
2024-07-15,G02,Manchester,CH05,YouTube,799.51,67739,410,473,6,1,0,18261.27,17930.72,0,0,0.9574474135548957,0,,0
2024-07-15,G02,Manchester,CH06,Display,426.61,86437,251,263,2,0,0,19026.82,19210.28,0,0,0.9574474135548957,0,,0
2024-07-15,G03,Birmingham,CH01,Paid Search - Brand,650.13,8321,715,811,55,17,5,19627.2,18817.42,0,0,0.9574474135548957,0,,0
2024-07-15,G03,Birmingham,CH02,Paid Search - Non-Brand,1122.31,16588,753,904,37,9,3,18077.32,18422.55,0,0,0.9574474135548957,0,,0
2024-07-15,G03,Birmingham,CH03,Paid Social,1004.45,100926,1278,1499,36,8,3,18400.68,17435.88,0,0,0.9574474135548957,0,,0
2024-07-15,G03,Birmingham,CH04,LinkedIn,786.76,23185,179,193,7,1,0,17763.86,17961.11,0,0,0.9574474135548957,0,,0
2024-07-15,G03,Birmingham,CH05,YouTube,779.65,61659,365,394,5,1,0,19548.87,19452.02,0,0,0.9574474135548957,0,,0
2024-07-15,G03,Birmingham,CH06,Display,504.05,101882,318,389,4,1,0,17899.31,18451.87,0,0,0.9574474135548957,0,,0
2024-07-15,G04,Leeds,CH01,Paid Search - Brand,500.0,6131,484,547,38,7,2,14065.93,14675.95,0,0,0.9574474135548957,0,,0
2024-07-15,G04,Leeds,CH02,Paid Search - Non-Brand,1145.17,17716,808,943,42,8,2,16760.54,16972.11,0,0,0.9574474135548957,0,,0
2024-07-15,G04,Leeds,CH03,Paid Social,800.03,83490,1000,1166,32,7,3,15774.59,15042.0,0,0,0.9574474135548957,0,,0
2024-07-15,G04,Leeds,CH04,LinkedIn,672.43,18849,158,174,7,1,0,16303.94,16705.66,0,0,0.9574474135548957,0,,0
2024-07-15,G04,Leeds,CH05,YouTube,615.72,52187,289,345,4,1,0,14754.36,15889.97,0,0,0.9574474135548957,0,,0
2024-07-15,G04,Leeds,CH06,Display,351.34,71183,223,267,3,0,0,12449.27,12894.57,0,0,0.9574474135548957,0,,0
2024-07-15,G05,Bristol,CH01,Paid Search - Brand,463.83,5650,478,559,38,8,2,14020.96,13454.75,0,0,0.9574474135548957,0,,0
2024-07-15,G05,Bristol,CH02,Paid Search - Non-Brand,977.28,15001,647,731,31,11,3,15539.63,15043.38,0,0,0.9574474135548957,0,,0
2024-07-15,G05,Bristol,CH03,Paid Social,855.97,87434,1066,1204,27,5,1,13800.6,14196.66,0,0,0.9574474135548957,0,,0
2024-07-15,G05,Bristol,CH04,LinkedIn,736.71,21047,160,161,6,1,0,14256.95,15094.89,0,0,0.9574474135548957,0,,0
2024-07-15,G05,Bristol,CH05,YouTube,580.14,48915,279,347,4,0,0,14245.28,14319.37,0,0,0.9574474135548957,0,,0
2024-07-15,G05,Bristol,CH06,Display,325.34,66458,202,219,2,0,0,14552.88,14103.23,0,0,0.9574474135548957,0,,0
2024-07-15,G06,Glasgow,CH01,Paid Search - Brand,387.97,4813,390,484,31,5,1,11889.43,13616.41,0,0,0.9574474135548957,1,,0
2024-07-15,G06,Glasgow,CH02,Paid Search - Non-Brand,889.37,13609,565,653,24,6,1,13741.6,13818.31,0,0,0.9574474135548957,0,,0
2024-07-15,G06,Glasgow,CH03,Paid Social,760.05,76103,879,1014,29,7,2,12679.34,11999.47,0,0,0.9574474135548957,0,,0
2024-07-15,G06,Glasgow,CH04,LinkedIn,602.98,18009,152,158,7,2,0,14140.19,14177.81,0,0,0.9574474135548957,0,,0
2024-07-15,G06,Glasgow,CH05,YouTube,485.11,39229,235,265,3,0,0,14036.44,13170.82,0,0,0.9574474135548957,0,,0
2024-07-15,G06,Glasgow,CH06,Display,286.87,55781,160,174,1,0,0,11415.12,11350.29,0,0,0.9574474135548957,0,,0
2024-07-15,G07,Liverpool,CH01,Paid Search - Brand,438.43,5639,498,597,38,6,1,14727.48,14593.79,0,0,0.9574474135548957,0,,0
2024-07-15,G07,Liverpool,CH02,Paid Search - Non-Brand,885.98,13872,601,723,32,11,2,12713.9,12990.18,0,0,0.9574474135548957,0,,0
2024-07-15,G07,Liverpool,CH03,Paid Social,735.38,75402,926,1034,28,8,2,12408.41,12476.0,0,0,0.9574474135548957,0,,0
2024-07-15,G07,Liverpool,CH04,LinkedIn,569.11,16154,110,111,4,1,0,14371.63,13633.0,0,0,0.9574474135548957,0,,0
2024-07-15,G07,Liverpool,CH05,YouTube,573.45,49307,290,329,5,1,0,14892.99,14570.48,0,0,0.9574474135548957,0,,0
2024-07-15,G07,Liverpool,CH06,Display,326.24,65529,191,208,1,0,0,13188.96,13425.47,0,0,0.9574474135548957,0,,0
2024-07-15,G08,Sheffield,CH01,Paid Search - Brand,384.37,4695,391,404,30,11,3,11429.37,11237.24,0,0,0.9574474135548957,0,,0
2024-07-15,G08,Sheffield,CH02,Paid Search - Non-Brand,833.5,12644,553,619,25,5,1,12699.59,12057.08,0,0,0.9574474135548957,0,,0
2024-07-15,G08,Sheffield,CH03,Paid Social,759.34,74376,932,1137,37,12,2,11814.56,12040.84,0,0,0.9574474135548957,0,,0
2024-07-15,G08,Sheffield,CH04,LinkedIn,545.02,15437,123,148,7,1,0,12781.87,12837.08,0,0,0.9574474135548957,0,,0
2024-07-15,G08,Sheffield,CH05,YouTube,453.36,37569,214,214,3,0,0,11847.13,11964.63,0,0,0.9574474135548957,0,,0
2024-07-15,G08,Sheffield,CH06,Display,294.5,60567,155,180,1,0,0,12387.45,11978.22,0,0,0.9574474135548957,0,,0
2024-07-15,G09,Edinburgh,CH01,Paid Search - Brand,398.06,5092,401,473,33,11,4,11146.53,11211.13,0,0,0.9574474135548957,0,,0
2024-07-15,G09,Edinburgh,CH02,Paid Search - Non-Brand,746.8,11293,498,528,17,3,1,11465.43,10689.79,0,0,0.9574474135548957,0,,0
2024-07-15,G09,Edinburgh,CH03,Paid Social,568.52,58354,581,642,20,4,0,11862.14,11041.84,0,0,0.9574474135548957,0,,0
2024-07-15,G09,Edinburgh,CH04,LinkedIn,566.03,16538,140,147,7,1,0,11916.31,12026.84,0,0,0.9574474135548957,0,,0
2024-07-15,G09,Edinburgh,CH05,YouTube,456.32,37666,220,251,3,0,0,9962.68,10260.05,0,0,0.9574474135548957,0,,0
2024-07-15,G09,Edinburgh,CH06,Display,279.23,54572,161,183,1,0,0,11186.76,11127.43,0,0,0.9574474135548957,0,,0
2024-07-15,G10,Cardiff,CH01,Paid Search - Brand,307.54,3802,326,353,18,5,2,9740.54,10082.66,0,0,0.9574474135548957,0,,0
2024-07-15,G10,Cardiff,CH02,Paid Search - Non-Brand,814.21,12446,626,733,27,7,1,11741.49,11014.58,0,0,0.9574474135548957,0,,0
2024-07-15,G10,Cardiff,CH03,Paid Social,585.88,58783,736,837,24,7,1,9374.4,9282.38,0,0,0.9574474135548957,0,,0
2024-07-15,G10,Cardiff,CH04,LinkedIn,450.08,12538,107,118,5,0,0,10865.18,10546.3,0,0,0.9574474135548957,0,,0
2024-07-15,G10,Cardiff,CH05,YouTube,383.11,30918,182,208,3,0,0,10157.8,10562.35,0,0,0.9574474135548957,0,,0
2024-07-15,G10,Cardiff,CH06,Display,294.82,60977,173,191,1,0,0,10179.05,10520.08,0,0,0.9574474135548957,0,,0
2024-07-22,G01,London,CH01,Paid Search - Brand,780.19,9623,830,880,50,18,7,28245.97,27851.51,0,0,0.9442332193547478,0,,0
2024-07-22,G01,London,CH02,Paid Search - Non-Brand,2065.69,31833,1430,1675,55,12,4,23844.49,24087.27,0,0,0.9442332193547478,0,,0
2024-07-22,G01,London,CH03,Paid Social,1452.3,143505,1700,1908,42,11,2,26328.3,26801.36,0,0,0.9442332193547478,0,,0
2024-07-22,G01,London,CH04,LinkedIn,1165.28,33673,290,313,13,4,1,29983.08,28548.55,0,0,0.9442332193547478,0,,0
2024-07-22,G01,London,CH05,YouTube,974.73,81658,466,521,6,1,0,28096.68,27002.85,0,0,0.9442332193547478,0,,0
2024-07-22,G01,London,CH06,Display,648.83,128421,387,444,5,1,0,24437.08,25194.81,0,0,0.9442332193547478,0,,0
2024-07-22,G02,Manchester,CH01,Paid Search - Brand,599.28,7652,638,741,48,17,6,19950.99,19766.22,0,0,0.9442332193547478,0,,0
2024-07-22,G02,Manchester,CH02,Paid Search - Non-Brand,1145.66,17694,809,888,37,8,2,15338.37,16652.48,0,0,0.9442332193547478,1,,0
2024-07-22,G02,Manchester,CH03,Paid Social,1114.51,108181,1333,1339,35,13,4,19922.5,18687.78,0,0,0.9442332193547478,0,,0
2024-07-22,G02,Manchester,CH04,LinkedIn,925.38,26593,217,255,10,2,0,15021.48,16650.23,0,0,0.9442332193547478,1,,0
2024-07-22,G02,Manchester,CH05,YouTube,849.67,71996,409,451,7,1,0,18147.93,18228.35,0,0,0.9442332193547478,0,,0
2024-07-22,G02,Manchester,CH06,Display,391.6,78680,224,269,2,0,0,15775.64,16299.65,0,0,0.9442332193547478,0,,0
2024-07-22,G03,Birmingham,CH01,Paid Search - Brand,591.65,7478,626,722,48,10,4,16640.03,15491.85,0,0,0.9442332193547478,0,,0
2024-07-22,G03,Birmingham,CH02,Paid Search - Non-Brand,1105.64,16723,778,925,41,8,2,18645.45,18121.74,0,0,0.9442332193547478,0,,0
2024-07-22,G03,Birmingham,CH03,Paid Social,973.87,100070,1156,1387,32,10,4,15516.78,15885.96,0,0,0.9442332193547478,0,,0
2024-07-22,G03,Birmingham,CH04,LinkedIn,911.24,25184,192,239,9,1,0,16696.03,16106.58,0,0,0.9442332193547478,0,,0
2024-07-22,G03,Birmingham,CH05,YouTube,803.98,68084,435,511,8,1,0,16242.63,16634.22,0,0,0.9442332193547478,0,,0
2024-07-22,G03,Birmingham,CH06,Display,430.11,84639,249,252,2,0,0,15070.34,16252.76,0,0,0.9442332193547478,1,,0
2024-07-22,G04,Leeds,CH01,Paid Search - Brand,548.71,6851,548,635,39,13,5,15090.99,14710.65,0,0,0.9442332193547478,0,,0
2024-07-22,G04,Leeds,CH02,Paid Search - Non-Brand,1100.68,17101,680,718,23,4,1,14458.85,14377.23,0,0,0.9442332193547478,0,,0
2024-07-22,G04,Leeds,CH03,Paid Social,784.38,76449,864,1058,27,7,1,15590.1,16345.1,0,0,0.9442332193547478,0,,0
2024-07-22,G04,Leeds,CH04,LinkedIn,688.26,19924,151,171,6,1,0,16153.27,15718.56,0,0,0.9442332193547478,0,,0
2024-07-22,G04,Leeds,CH05,YouTube,665.84,55241,318,368,4,1,0,16839.28,17061.68,0,0,0.9442332193547478,0,,0
2024-07-22,G04,Leeds,CH06,Display,361.61,73300,208,222,2,0,0,14522.64,13962.38,0,0,0.9442332193547478,0,,0
2024-07-22,G05,Bristol,CH01,Paid Search - Brand,438.88,5587,500,525,29,10,2,15593.46,15111.63,0,0,0.9442332193547478,0,,0
2024-07-22,G05,Bristol,CH02,Paid Search - Non-Brand,1046.68,15981,713,780,35,7,1,15307.09,14703.91,0,0,0.9442332193547478,0,,0
2024-07-22,G05,Bristol,CH03,Paid Social,843.45,84424,1061,1271,39,9,2,14224.74,13767.23,0,0,0.9442332193547478,0,,0
2024-07-22,G05,Bristol,CH04,LinkedIn,764.46,21423,163,202,9,1,0,14884.67,14672.77,0,0,0.9442332193547478,0,,0
2024-07-22,G05,Bristol,CH05,YouTube,529.39,43341,261,281,3,0,0,14493.69,14449.2,0,0,0.9442332193547478,0,,0
2024-07-22,G05,Bristol,CH06,Display,350.12,68849,187,215,1,0,0,13768.63,14095.47,0,0,0.9442332193547478,0,,0
2024-07-22,G06,Glasgow,CH01,Paid Search - Brand,450.37,5785,503,551,32,8,2,14517.53,13403.47,0,0,0.9442332193547478,0,,0
2024-07-22,G06,Glasgow,CH02,Paid Search - Non-Brand,900.39,13738,601,691,25,7,2,14459.03,13338.26,0,0,0.9442332193547478,0,,0
2024-07-22,G06,Glasgow,CH03,Paid Social,719.42,72977,852,917,25,7,3,11844.91,12318.34,0,0,0.9442332193547478,0,,0
2024-07-22,G06,Glasgow,CH04,LinkedIn,594.98,16650,135,160,6,2,0,13866.76,14127.61,0,0,0.9442332193547478,0,,0
2024-07-22,G06,Glasgow,CH05,YouTube,490.84,39502,242,254,3,0,0,11679.86,11758.08,0,0,0.9442332193547478,0,,0
2024-07-22,G06,Glasgow,CH06,Display,315.5,62919,187,215,1,0,0,12015.71,11327.28,0,0,0.9442332193547478,0,,0
2024-07-22,G07,Liverpool,CH01,Paid Search - Brand,390.53,4861,400,407,23,6,1,13435.86,13157.51,0,0,0.9442332193547478,0,,0
2024-07-22,G07,Liverpool,CH02,Paid Search - Non-Brand,850.59,13840,620,642,27,10,3,13921.67,14259.16,0,0,0.9442332193547478,0,,0
2024-07-22,G07,Liverpool,CH03,Paid Social,717.14,68840,785,809,18,3,1,13277.96,12991.06,0,0,0.9442332193547478,0,,0
2024-07-22,G07,Liverpool,CH04,LinkedIn,622.22,17810,140,160,6,1,0,12027.0,12131.93,0,0,0.9442332193547478,0,,0
2024-07-22,G07,Liverpool,CH05,YouTube,534.65,44217,271,312,5,1,0,12859.38,12553.65,0,0,0.9442332193547478,0,,0
2024-07-22,G07,Liverpool,CH06,Display,317.69,60826,169,169,1,0,0,13690.14,13651.35,0,0,0.9442332193547478,0,,0
2024-07-22,G08,Sheffield,CH01,Paid Search - Brand,395.95,4976,417,516,36,8,2,11865.94,11947.3,0,0,0.9442332193547478,0,,0
2024-07-22,G08,Sheffield,CH02,Paid Search - Non-Brand,785.33,11726,486,547,19,5,1,11235.13,11501.2,0,0,0.9442332193547478,0,,0
2024-07-22,G08,Sheffield,CH03,Paid Social,622.78,61179,698,861,27,10,3,11556.22,11873.31,0,0,0.9442332193547478,0,,0
2024-07-22,G08,Sheffield,CH04,LinkedIn,483.58,13830,111,130,6,1,0,10231.91,10084.03,0,0,0.9442332193547478,0,,0
2024-07-22,G08,Sheffield,CH05,YouTube,504.96,41689,253,258,4,1,0,13467.85,13561.86,0,0,0.9442332193547478,0,,0
2024-07-22,G08,Sheffield,CH06,Display,274.32,54291,170,204,2,0,0,11620.22,12048.58,0,0,0.9442332193547478,0,,0
2024-07-22,G09,Edinburgh,CH01,Paid Search - Brand,373.45,4550,411,480,30,6,1,11753.07,12053.21,0,0,0.9442332193547478,0,,0
2024-07-22,G09,Edinburgh,CH02,Paid Search - Non-Brand,782.57,11772,550,682,31,6,1,10321.87,9364.45,0,0,0.9442332193547478,0,,0
2024-07-22,G09,Edinburgh,CH03,Paid Social,649.97,64703,782,890,23,7,2,10970.86,10515.21,0,0,0.9442332193547478,0,,0
2024-07-22,G09,Edinburgh,CH04,LinkedIn,518.74,14782,113,130,6,1,0,11627.24,11794.66,0,0,0.9442332193547478,0,,0
2024-07-22,G09,Edinburgh,CH05,YouTube,431.67,35935,201,210,2,0,0,10893.36,11680.04,0,0,0.9442332193547478,1,,0
2024-07-22,G09,Edinburgh,CH06,Display,263.89,52517,151,162,1,0,0,11159.57,11305.33,0,0,0.9442332193547478,0,,0
2024-07-22,G10,Cardiff,CH01,Paid Search - Brand,360.86,4414,387,441,26,8,3,9937.29,10010.96,0,0,0.9442332193547478,0,,0
2024-07-22,G10,Cardiff,CH02,Paid Search - Non-Brand,755.85,11053,517,597,25,6,1,10717.85,10819.27,0,0,0.9442332193547478,0,,0
2024-07-22,G10,Cardiff,CH03,Paid Social,557.0,54786,648,795,19,3,0,10754.81,11086.13,0,0,0.9442332193547478,0,,0
2024-07-22,G10,Cardiff,CH04,LinkedIn,450.87,12718,100,117,6,2,0,10849.19,10363.18,0,0,0.9442332193547478,0,,0
2024-07-22,G10,Cardiff,CH05,YouTube,383.24,32655,196,214,2,0,0,10959.05,10780.24,0,0,0.9442332193547478,0,,0
2024-07-22,G10,Cardiff,CH06,Display,212.12,43119,129,134,1,0,0,10996.52,10746.95,0,0,0.9442332193547478,0,,0
2024-07-29,G01,London,CH01,Paid Search - Brand,870.31,10706,948,1115,67,22,8,26709.03,27209.6,0,0,0.9318322303922614,0,,0
2024-07-29,G01,London,CH02,Paid Search - Non-Brand,1801.35,27230,1215,1359,48,15,4,23644.53,24126.03,0,0,0.9318322303922614,0,,0
2024-07-29,G01,London,CH03,Paid Social,1468.22,144287,1600,1759,57,10,3,23827.45,23200.36,0,0,0.9318322303922614,0,,0
2024-07-29,G01,London,CH04,LinkedIn,1207.1,35659,291,358,18,5,1,28361.32,27962.41,0,0,0.9318322303922614,0,,0
2024-07-29,G01,London,CH05,YouTube,1073.56,90142,530,614,10,1,0,30931.91,27887.24,0,0,0.9318322303922614,0,,0
2024-07-29,G01,London,CH06,Display,660.6,130190,422,521,5,1,0,23540.02,24790.31,0,0,0.9318322303922614,0,,0
2024-07-29,G02,Manchester,CH01,Paid Search - Brand,599.51,7401,620,640,45,13,4,17774.91,17139.79,0,0,0.9318322303922614,0,,0
2024-07-29,G02,Manchester,CH02,Paid Search - Non-Brand,1180.18,18764,873,886,37,13,5,19243.56,18742.92,0,0,0.9318322303922614,0,,0
2024-07-29,G02,Manchester,CH03,Paid Social,1142.42,113556,1345,1654,42,13,4,20126.21,18863.84,0,0,0.9318322303922614,0,,0
2024-07-29,G02,Manchester,CH04,LinkedIn,952.99,27793,225,266,12,3,1,15390.62,16294.87,0,0,0.9318322303922614,0,,0
2024-07-29,G02,Manchester,CH05,YouTube,822.38,68912,401,493,7,2,0,18301.94,18825.13,0,0,0.9318322303922614,0,,0
2024-07-29,G02,Manchester,CH06,Display,409.61,83034,245,285,3,0,0,22203.41,20853.52,0,0,0.9318322303922614,0,,0
2024-07-29,G03,Birmingham,CH01,Paid Search - Brand,609.02,7679,657,815,58,15,6,16702.26,17316.59,0,0,0.9318322303922614,0,,0
2024-07-29,G03,Birmingham,CH02,Paid Search - Non-Brand,1252.64,19098,933,1108,52,10,3,16333.71,15671.3,0,0,0.9318322303922614,0,,0
2024-07-29,G03,Birmingham,CH03,Paid Social,1184.54,120408,1398,1668,46,8,1,18278.4,18861.1,0,0,0.9318322303922614,0,,0
2024-07-29,G03,Birmingham,CH04,LinkedIn,728.71,20334,158,193,9,1,0,19303.46,18407.26,0,0,0.9318322303922614,0,,0
2024-07-29,G03,Birmingham,CH05,YouTube,749.14,61481,359,425,7,2,0,19662.44,18572.77,0,0,0.9318322303922614,0,,0
2024-07-29,G03,Birmingham,CH06,Display,451.68,88143,263,290,2,0,0,17835.18,17307.15,0,0,0.9318322303922614,0,,0
2024-07-29,G04,Leeds,CH01,Paid Search - Brand,478.04,5804,462,499,26,9,2,14876.53,15644.03,0,0,0.9318322303922614,0,,0
2024-07-29,G04,Leeds,CH02,Paid Search - Non-Brand,972.09,14939,691,852,29,5,1,15221.82,15194.84,0,0,0.9318322303922614,0,,0
2024-07-29,G04,Leeds,CH03,Paid Social,899.39,89663,1057,1075,33,9,3,15485.34,13846.8,0,0,0.9318322303922614,0,,0
2024-07-29,G04,Leeds,CH04,LinkedIn,585.48,16727,125,141,6,1,0,15380.41,14479.84,0,0,0.9318322303922614,0,,0
2024-07-29,G04,Leeds,CH05,YouTube,612.73,51657,327,384,4,0,0,15820.91,16285.89,0,0,0.9318322303922614,0,,0
2024-07-29,G04,Leeds,CH06,Display,382.5,75534,213,239,2,0,0,14580.44,15260.97,0,0,0.9318322303922614,0,,0
2024-07-29,G05,Bristol,CH01,Paid Search - Brand,488.23,6011,499,513,39,12,5,12475.56,12673.35,0,0,0.9318322303922614,0,,0
2024-07-29,G05,Bristol,CH02,Paid Search - Non-Brand,1036.46,15870,660,816,36,13,4,13012.18,13470.45,0,0,0.9318322303922614,0,,0
2024-07-29,G05,Bristol,CH03,Paid Social,715.23,71212,853,961,27,5,1,11545.85,12028.18,0,0,0.9318322303922614,0,,0
2024-07-29,G05,Bristol,CH04,LinkedIn,634.21,18185,150,154,5,1,0,13927.01,13334.72,0,0,0.9318322303922614,0,,0
2024-07-29,G05,Bristol,CH05,YouTube,555.25,46471,287,297,3,0,0,14475.45,13449.28,0,0,0.9318322303922614,0,,0
2024-07-29,G05,Bristol,CH06,Display,336.42,66593,197,209,1,0,0,15363.61,15072.11,0,0,0.9318322303922614,0,,0
2024-07-29,G06,Glasgow,CH01,Paid Search - Brand,400.12,4896,466,580,42,8,1,14029.32,13598.76,0,0,0.9318322303922614,0,,0
2024-07-29,G06,Glasgow,CH02,Paid Search - Non-Brand,824.42,12495,571,653,25,6,2,12617.63,12182.92,0,0,0.9318322303922614,0,,0
2024-07-29,G06,Glasgow,CH03,Paid Social,614.16,61679,773,862,25,8,1,14004.81,13658.42,0,0,0.9318322303922614,0,,0
2024-07-29,G06,Glasgow,CH04,LinkedIn,510.29,14340,115,115,4,0,0,13267.34,12885.87,0,0,0.9318322303922614,0,,0
2024-07-29,G06,Glasgow,CH05,YouTube,474.0,40671,231,278,4,1,0,13702.33,14186.4,0,0,0.9318322303922614,0,,0
2024-07-29,G06,Glasgow,CH06,Display,285.27,58237,161,162,1,0,0,12338.8,12444.06,0,0,0.9318322303922614,0,,0
2024-07-29,G07,Liverpool,CH01,Paid Search - Brand,413.5,5228,436,473,36,12,3,11410.43,11587.5,0,0,0.9318322303922614,0,,0
2024-07-29,G07,Liverpool,CH02,Paid Search - Non-Brand,893.33,14338,681,777,31,7,1,14420.28,13839.29,0,0,0.9318322303922614,0,,0
2024-07-29,G07,Liverpool,CH03,Paid Social,721.19,72031,793,845,23,5,1,12615.25,12807.82,0,0,0.9318322303922614,0,,0
2024-07-29,G07,Liverpool,CH04,LinkedIn,741.58,20861,179,197,8,1,0,12049.73,11738.56,0,0,0.9318322303922614,0,,0
2024-07-29,G07,Liverpool,CH05,YouTube,505.4,42842,271,311,4,0,0,12735.39,12253.38,0,0,0.9318322303922614,0,,0
2024-07-29,G07,Liverpool,CH06,Display,300.77,59005,179,187,2,0,0,13168.53,12542.33,0,0,0.9318322303922614,0,,0
2024-07-29,G08,Sheffield,CH01,Paid Search - Brand,390.9,4913,411,447,34,8,3,11004.64,11363.36,0,0,0.9318322303922614,0,,0
2024-07-29,G08,Sheffield,CH02,Paid Search - Non-Brand,766.23,11838,522,616,20,6,1,11351.32,10786.27,0,0,0.9318322303922614,0,,0
2024-07-29,G08,Sheffield,CH03,Paid Social,642.71,63527,726,867,28,9,3,10926.39,11389.12,0,0,0.9318322303922614,0,,0
2024-07-29,G08,Sheffield,CH04,LinkedIn,608.66,17202,132,152,7,1,0,11750.56,11303.86,0,0,0.9318322303922614,0,,0
2024-07-29,G08,Sheffield,CH05,YouTube,501.22,41237,253,285,4,0,0,10810.41,10414.39,0,0,0.9318322303922614,0,,0
2024-07-29,G08,Sheffield,CH06,Display,276.25,55296,158,171,1,0,0,12809.13,12482.11,0,0,0.9318322303922614,0,,0
2024-07-29,G09,Edinburgh,CH01,Paid Search - Brand,426.35,5274,430,495,35,8,2,11573.35,11357.31,0,0,0.9318322303922614,0,,0
2024-07-29,G09,Edinburgh,CH02,Paid Search - Non-Brand,691.99,10304,474,523,18,6,2,11378.56,11565.71,0,0,0.9318322303922614,0,,0
2024-07-29,G09,Edinburgh,CH03,Paid Social,587.29,59325,731,856,21,4,1,11137.29,10893.24,0,0,0.9318322303922614,0,,0
2024-07-29,G09,Edinburgh,CH04,LinkedIn,511.88,14227,105,109,5,1,0,11670.17,11117.82,0,0,0.9318322303922614,0,,0
2024-07-29,G09,Edinburgh,CH05,YouTube,460.77,38690,219,246,4,0,0,10993.98,10909.32,0,0,0.9318322303922614,0,,0
2024-07-29,G09,Edinburgh,CH06,Display,268.57,51733,157,172,1,0,0,11329.9,11345.83,0,0,0.9318322303922614,0,,0
2024-07-29,G10,Cardiff,CH01,Paid Search - Brand,396.29,4978,426,481,30,11,4,10153.86,9967.24,0,0,0.9318322303922614,0,,0
2024-07-29,G10,Cardiff,CH02,Paid Search - Non-Brand,759.32,11286,567,567,22,4,1,12460.03,11703.9,0,0,0.9318322303922614,0,,0
2024-07-29,G10,Cardiff,CH03,Paid Social,533.46,52674,622,627,14,2,0,11154.74,11042.26,0,0,0.9318322303922614,0,,0
2024-07-29,G10,Cardiff,CH04,LinkedIn,433.41,12403,94,104,4,1,0,9630.29,9856.91,0,0,0.9318322303922614,0,,0
2024-07-29,G10,Cardiff,CH05,YouTube,428.21,35410,201,244,3,0,0,11554.23,11127.17,0,0,0.9318322303922614,0,,0
2024-07-29,G10,Cardiff,CH06,Display,234.06,47492,139,161,1,0,0,10060.66,10171.14,0,0,0.9318322303922614,0,,0
2024-08-05,G01,London,CH01,Paid Search - Brand,854.18,10763,1020,1146,65,13,3,28290.98,28288.5,0,0,0.9204252810111047,0,,0
2024-08-05,G01,London,CH02,Paid Search - Non-Brand,1995.4,30434,1363,1615,73,24,9,24038.39,23404.93,0,0,0.9204252810111047,0,,0
2024-08-05,G01,London,CH03,Paid Social,1586.14,157233,2008,2429,62,14,3,22683.45,24502.66,0,0,0.9204252810111047,1,,0
2024-08-05,G01,London,CH04,LinkedIn,1054.89,30075,252,263,10,3,1,24190.03,25245.85,0,0,0.9204252810111047,0,,0
2024-08-05,G01,London,CH05,YouTube,975.19,80846,495,523,7,1,0,24899.19,23977.89,0,0,0.9204252810111047,0,,0
2024-08-05,G01,London,CH06,Display,546.59,110656,339,359,3,0,0,24064.89,25434.38,0,0,0.9204252810111047,0,,0
2024-08-05,G02,Manchester,CH01,Paid Search - Brand,568.25,7292,616,682,52,13,5,18890.73,18273.79,0,0,0.9204252810111047,0,,0
2024-08-05,G02,Manchester,CH02,Paid Search - Non-Brand,1440.76,21698,1022,1159,47,15,6,16766.52,17390.19,0,0,0.9204252810111047,0,,0
2024-08-05,G02,Manchester,CH03,Paid Social,1087.07,110602,1400,1736,43,13,2,16865.59,16751.16,0,0,0.9204252810111047,0,,0
2024-08-05,G02,Manchester,CH04,LinkedIn,833.24,24168,204,253,10,3,0,16169.04,15870.49,0,0,0.9204252810111047,0,,0
2024-08-05,G02,Manchester,CH05,YouTube,728.08,58759,359,429,7,1,0,18991.36,18436.86,0,0,0.9204252810111047,0,,0
2024-08-05,G02,Manchester,CH06,Display,450.35,90208,279,310,2,0,0,17689.16,18622.01,0,0,0.9204252810111047,0,,0
2024-08-05,G03,Birmingham,CH01,Paid Search - Brand,602.43,7648,643,768,47,9,3,20134.27,19317.82,0,0,0.9204252810111047,0,,0
2024-08-05,G03,Birmingham,CH02,Paid Search - Non-Brand,1165.85,17474,760,927,32,9,4,17626.96,17927.89,0,0,0.9204252810111047,0,,0
2024-08-05,G03,Birmingham,CH03,Paid Social,949.41,94969,1140,1220,33,10,2,19342.45,18266.86,0,0,0.9204252810111047,0,,0
2024-08-05,G03,Birmingham,CH04,LinkedIn,829.71,24490,197,213,10,2,0,18483.82,17612.82,0,0,0.9204252810111047,0,,0
2024-08-05,G03,Birmingham,CH05,YouTube,687.28,60424,350,424,6,1,0,18855.78,18072.01,0,0,0.9204252810111047,0,,0
2024-08-05,G03,Birmingham,CH06,Display,387.09,76298,229,242,2,0,0,18557.36,19214.61,0,0,0.9204252810111047,0,,0
2024-08-05,G04,Leeds,CH01,Paid Search - Brand,420.3,5240,446,535,29,8,3,14494.81,14263.13,0,0,0.9204252810111047,0,,0
2024-08-05,G04,Leeds,CH02,Paid Search - Non-Brand,860.5,12841,533,543,22,4,1,13408.63,13509.31,0,0,0.9204252810111047,0,,0
2024-08-05,G04,Leeds,CH03,Paid Social,789.7,77022,887,955,25,9,3,15990.55,15545.25,0,0,0.9204252810111047,0,,0
2024-08-05,G04,Leeds,CH04,LinkedIn,624.09,17374,139,150,7,1,0,17991.63,16192.6,0,0,0.9204252810111047,0,,0
2024-08-05,G04,Leeds,CH05,YouTube,592.09,50162,289,301,4,1,0,16562.82,14626.57,0,0,0.9204252810111047,0,,0
2024-08-05,G04,Leeds,CH06,Display,366.47,74458,222,226,2,0,0,13626.41,14636.63,0,0,0.9204252810111047,0,,0
2024-08-05,G05,Bristol,CH01,Paid Search - Brand,409.15,5208,454,505,35,10,4,12536.18,12129.3,0,0,0.9204252810111047,0,,0
2024-08-05,G05,Bristol,CH02,Paid Search - Non-Brand,961.9,15210,739,865,40,11,4,11619.52,12339.91,0,0,0.9204252810111047,0,,0
2024-08-05,G05,Bristol,CH03,Paid Social,801.5,80146,947,1119,28,5,1,13260.87,12899.85,0,0,0.9204252810111047,0,,0
2024-08-05,G05,Bristol,CH04,LinkedIn,626.26,18130,145,147,7,1,0,13748.59,13884.53,0,0,0.9204252810111047,0,,0
2024-08-05,G05,Bristol,CH05,YouTube,519.53,43811,242,255,3,1,0,13164.32,12782.35,0,0,0.9204252810111047,0,,0
2024-08-05,G05,Bristol,CH06,Display,310.3,60661,170,200,2,0,0,13397.67,13257.23,0,0,0.9204252810111047,0,,0
2024-08-05,G06,Glasgow,CH01,Paid Search - Brand,430.71,5358,479,504,38,9,1,12665.11,11597.03,0,0,0.9204252810111047,0,,0
2024-08-05,G06,Glasgow,CH02,Paid Search - Non-Brand,909.24,13882,629,643,21,3,1,12483.56,11754.01,0,0,0.9204252810111047,0,,0
2024-08-05,G06,Glasgow,CH03,Paid Social,669.57,67185,839,1039,33,10,2,12492.58,11436.85,0,0,0.9204252810111047,0,,0
2024-08-05,G06,Glasgow,CH04,LinkedIn,563.13,16307,125,145,6,2,0,12359.71,11835.49,0,0,0.9204252810111047,0,,0
2024-08-05,G06,Glasgow,CH05,YouTube,487.74,40752,254,263,3,0,0,11462.04,11583.18,0,0,0.9204252810111047,0,,0
2024-08-05,G06,Glasgow,CH06,Display,326.38,63891,189,221,2,0,0,12086.04,11864.13,0,0,0.9204252810111047,0,,0
2024-08-05,G07,Liverpool,CH01,Paid Search - Brand,468.86,5973,519,544,37,6,2,13966.73,13509.31,0,0,0.9204252810111047,0,,0
2024-08-05,G07,Liverpool,CH02,Paid Search - Non-Brand,863.95,13252,613,748,26,9,3,13673.61,13853.26,0,0,0.9204252810111047,0,,0
2024-08-05,G07,Liverpool,CH03,Paid Social,828.11,82151,903,1025,25,6,1,12635.31,12784.3,0,0,0.9204252810111047,0,,0
2024-08-05,G07,Liverpool,CH04,LinkedIn,571.1,15911,123,131,6,1,0,14237.17,13888.65,0,0,0.9204252810111047,0,,0
2024-08-05,G07,Liverpool,CH05,YouTube,495.33,40382,263,294,3,0,0,13849.93,14133.81,0,0,0.9204252810111047,0,,0
2024-08-05,G07,Liverpool,CH06,Display,289.55,59641,186,226,2,0,0,12978.87,12799.03,0,0,0.9204252810111047,0,,0
2024-08-05,G08,Sheffield,CH01,Paid Search - Brand,407.38,5115,410,490,28,8,3,11714.13,10993.59,0,0,0.9204252810111047,0,,0
2024-08-05,G08,Sheffield,CH02,Paid Search - Non-Brand,791.62,12018,509,538,19,3,1,11126.05,10593.13,0,0,0.9204252810111047,0,,0
2024-08-05,G08,Sheffield,CH03,Paid Social,605.95,62525,741,776,25,5,1,9959.98,9796.31,0,0,0.9204252810111047,0,,0
2024-08-05,G08,Sheffield,CH04,LinkedIn,494.13,13866,115,121,6,1,0,12157.49,11559.33,0,0,0.9204252810111047,0,,0
2024-08-05,G08,Sheffield,CH05,YouTube,446.6,37401,224,246,3,0,0,8999.72,9919.45,0,0,0.9204252810111047,0,,0
2024-08-05,G08,Sheffield,CH06,Display,281.07,56026,170,212,2,0,0,12702.22,12015.56,0,0,0.9204252810111047,0,,0
2024-08-05,G09,Edinburgh,CH01,Paid Search - Brand,372.62,4565,392,482,29,7,2,11201.25,11040.86,0,0,0.9204252810111047,0,,0
2024-08-05,G09,Edinburgh,CH02,Paid Search - Non-Brand,784.53,11887,511,575,23,4,1,10991.9,10854.79,0,0,0.9204252810111047,0,,0
2024-08-05,G09,Edinburgh,CH03,Paid Social,620.61,62640,791,870,24,8,3,10286.34,10963.0,0,0,0.9204252810111047,0,,0
2024-08-05,G09,Edinburgh,CH04,LinkedIn,466.56,13245,100,106,5,1,0,10874.05,11327.87,0,0,0.9204252810111047,0,,0
2024-08-05,G09,Edinburgh,CH05,YouTube,452.99,38629,236,264,4,0,0,11191.5,11366.2,0,0,0.9204252810111047,0,,0
2024-08-05,G09,Edinburgh,CH06,Display,281.92,53893,148,177,2,0,0,10421.02,10535.44,0,0,0.9204252810111047,0,,0
2024-08-05,G10,Cardiff,CH01,Paid Search - Brand,415.16,5193,476,576,43,15,4,8681.51,8903.41,0,0,0.9204252810111047,0,,0
2024-08-05,G10,Cardiff,CH02,Paid Search - Non-Brand,754.48,11253,475,495,17,4,1,10329.19,10377.11,0,0,0.9204252810111047,0,,0
2024-08-05,G10,Cardiff,CH03,Paid Social,618.22,61018,769,844,18,6,1,9132.04,9466.2,0,0,0.9204252810111047,0,,0
2024-08-05,G10,Cardiff,CH04,LinkedIn,450.42,12591,102,118,4,1,0,10841.67,10642.21,0,0,0.9204252810111047,0,,0
2024-08-05,G10,Cardiff,CH05,YouTube,394.67,33002,206,219,3,1,0,9893.7,9917.58,0,0,0.9204252810111047,0,,0
2024-08-05,G10,Cardiff,CH06,Display,245.8,49446,139,169,1,0,0,9232.14,9454.84,0,0,0.9204252810111047,0,,0
2024-08-12,G01,London,CH01,Paid Search - Brand,822.56,10092,835,947,66,23,6,25688.44,25016.55,0,0,0.9101787102194678,0,,0
2024-08-12,G01,London,CH02,Paid Search - Non-Brand,1540.03,23119,1048,1308,59,12,4,25770.03,24807.23,0,0,0.9101787102194678,0,,0
2024-08-12,G01,London,CH03,Paid Social,1438.51,147275,1870,2240,70,24,10,27516.38,27161.93,0,0,0.9101787102194678,0,,0
2024-08-12,G01,London,CH04,LinkedIn,1263.31,36791,269,302,10,3,0,19459.45,21284.59,0,0,0.9101787102194678,0,,0
2024-08-12,G01,London,CH05,YouTube,1145.27,95573,607,713,12,2,0,23967.68,25650.86,0,0,0.9101787102194678,1,,0
2024-08-12,G01,London,CH06,Display,626.37,128317,403,493,4,1,0,28273.98,27478.51,0,0,0.9101787102194678,0,,0
2024-08-12,G02,Manchester,CH01,Paid Search - Brand,593.97,7317,627,734,39,9,3,16284.11,15942.83,0,0,0.9101787102194678,0,,0
2024-08-12,G02,Manchester,CH02,Paid Search - Non-Brand,1120.58,17631,757,858,31,7,1,18005.32,17007.07,0,0,0.9101787102194678,0,,0
2024-08-12,G02,Manchester,CH03,Paid Social,1026.46,106185,1404,1475,35,6,2,16257.96,18029.93,0,0,0.9101787102194678,1,,0
2024-08-12,G02,Manchester,CH04,LinkedIn,781.81,22445,187,197,9,2,0,19163.26,18049.88,0,0,0.9101787102194678,0,,0
2024-08-12,G02,Manchester,CH05,YouTube,638.04,51543,315,370,5,0,0,17442.42,17277.28,0,0,0.9101787102194678,0,,0
2024-08-12,G02,Manchester,CH06,Display,455.41,87282,248,288,2,0,0,19250.21,19327.45,0,0,0.9101787102194678,0,,0
2024-08-12,G03,Birmingham,CH01,Paid Search - Brand,621.02,7883,640,679,44,12,3,17588.34,18576.58,0,0,0.9101787102194678,0,,0
2024-08-12,G03,Birmingham,CH02,Paid Search - Non-Brand,1089.73,16780,767,914,37,12,4,17132.15,16904.76,0,0,0.9101787102194678,0,,0
2024-08-12,G03,Birmingham,CH03,Paid Social,920.89,92687,1081,1156,35,11,4,18325.26,18035.18,0,0,0.9101787102194678,0,,0
2024-08-12,G03,Birmingham,CH04,LinkedIn,768.99,22575,160,176,6,2,0,18468.05,19976.63,0,0,0.9101787102194678,1,,0
2024-08-12,G03,Birmingham,CH05,YouTube,708.47,60368,364,370,5,1,0,18632.78,18286.57,0,0,0.9101787102194678,0,,0
2024-08-12,G03,Birmingham,CH06,Display,379.02,74887,221,271,3,1,0,16461.86,15546.06,0,0,0.9101787102194678,0,,0
2024-08-12,G04,Leeds,CH01,Paid Search - Brand,514.07,6560,533,534,32,12,5,17116.02,17538.92,0,0,0.9101787102194678,0,,0
2024-08-12,G04,Leeds,CH02,Paid Search - Non-Brand,1071.99,16581,735,914,35,9,3,15391.79,14529.58,0,0,0.9101787102194678,0,,0
2024-08-12,G04,Leeds,CH03,Paid Social,798.52,80600,1006,1021,28,9,2,14360.71,15198.87,0,0,0.9101787102194678,0,,0
2024-08-12,G04,Leeds,CH04,LinkedIn,653.25,18819,144,150,5,1,0,13478.27,14009.61,0,0,0.9101787102194678,0,,0
2024-08-12,G04,Leeds,CH05,YouTube,586.78,47574,299,314,3,0,0,14226.92,14549.79,0,0,0.9101787102194678,0,,0
2024-08-12,G04,Leeds,CH06,Display,346.07,70353,200,230,2,0,0,15166.41,14938.0,0,0,0.9101787102194678,0,,0
2024-08-12,G05,Bristol,CH01,Paid Search - Brand,462.02,5907,484,503,38,13,3,14110.48,14789.23,0,0,0.9101787102194678,0,,0
2024-08-12,G05,Bristol,CH02,Paid Search - Non-Brand,968.31,15161,668,738,25,4,1,12842.33,13320.54,0,0,0.9101787102194678,0,,0
2024-08-12,G05,Bristol,CH03,Paid Social,667.15,68138,811,911,21,5,1,13412.69,13311.07,0,0,0.9101787102194678,0,,0
2024-08-12,G05,Bristol,CH04,LinkedIn,688.45,19265,144,163,6,1,0,13169.42,13124.14,0,0,0.9101787102194678,0,,0
2024-08-12,G05,Bristol,CH05,YouTube,536.23,46765,257,289,4,1,0,14729.47,14279.21,0,0,0.9101787102194678,0,,0
2024-08-12,G05,Bristol,CH06,Display,411.52,81572,234,261,2,0,0,13713.19,13497.5,0,0,0.9101787102194678,0,,0
2024-08-12,G06,Glasgow,CH01,Paid Search - Brand,384.92,4898,393,413,24,5,2,13471.38,13221.94,0,0,0.9101787102194678,0,,0
2024-08-12,G06,Glasgow,CH02,Paid Search - Non-Brand,839.71,12748,553,674,22,8,3,10451.25,10603.27,0,0,0.9101787102194678,0,,0
2024-08-12,G06,Glasgow,CH03,Paid Social,791.89,79189,952,1059,23,7,1,11916.88,12056.84,0,0,0.9101787102194678,0,,0
2024-08-12,G06,Glasgow,CH04,LinkedIn,576.6,16802,128,141,5,1,0,13312.35,12145.34,0,0,0.9101787102194678,0,,0
2024-08-12,G06,Glasgow,CH05,YouTube,543.27,44304,259,280,4,1,0,12549.48,12500.07,0,0,0.9101787102194678,0,,0
2024-08-12,G06,Glasgow,CH06,Display,290.67,58301,158,169,1,0,0,11501.3,11335.42,0,0,0.9101787102194678,0,,0
2024-08-12,G07,Liverpool,CH01,Paid Search - Brand,419.15,5192,459,541,29,6,1,12411.55,12542.2,0,0,0.9101787102194678,0,,0
2024-08-12,G07,Liverpool,CH02,Paid Search - Non-Brand,847.33,12731,577,587,28,6,1,12908.74,12832.18,0,0,0.9101787102194678,0,,0
2024-08-12,G07,Liverpool,CH03,Paid Social,695.5,68804,856,988,30,9,2,13156.61,12843.59,0,0,0.9101787102194678,0,,0
2024-08-12,G07,Liverpool,CH04,LinkedIn,567.45,15961,116,133,5,1,0,13343.82,13395.39,0,0,0.9101787102194678,0,,0
2024-08-12,G07,Liverpool,CH05,YouTube,511.65,43145,264,274,4,0,0,12771.37,12504.13,0,0,0.9101787102194678,0,,0
2024-08-12,G07,Liverpool,CH06,Display,290.26,58875,176,178,1,0,0,12595.53,12073.11,0,0,0.9101787102194678,0,,0
2024-08-12,G08,Sheffield,CH01,Paid Search - Brand,408.32,5116,418,512,36,13,4,11189.51,11500.89,0,0,0.9101787102194678,0,,0
2024-08-12,G08,Sheffield,CH02,Paid Search - Non-Brand,763.51,11725,541,563,27,5,1,11690.71,10751.32,0,0,0.9101787102194678,0,,0
2024-08-12,G08,Sheffield,CH03,Paid Social,578.02,58275,687,722,19,6,2,11848.09,11505.41,0,0,0.9101787102194678,0,,0
2024-08-12,G08,Sheffield,CH04,LinkedIn,474.08,13492,105,127,5,1,0,12064.68,11860.48,0,0,0.9101787102194678,0,,0
2024-08-12,G08,Sheffield,CH05,YouTube,430.62,36707,216,224,2,0,0,12536.12,12607.61,0,0,0.9101787102194678,0,,0
2024-08-12,G08,Sheffield,CH06,Display,256.64,51104,142,165,1,0,0,12061.56,11044.99,0,0,0.9101787102194678,0,,0
2024-08-12,G09,Edinburgh,CH01,Paid Search - Brand,337.97,4214,350,384,20,6,1,11584.7,11300.23,0,0,0.9101787102194678,0,,0
2024-08-12,G09,Edinburgh,CH02,Paid Search - Non-Brand,808.45,12168,507,619,28,10,3,10721.79,11288.88,0,0,0.9101787102194678,0,,0
2024-08-12,G09,Edinburgh,CH03,Paid Social,608.57,61007,714,722,18,5,1,11009.72,11114.56,0,0,0.9101787102194678,0,,0
2024-08-12,G09,Edinburgh,CH04,LinkedIn,496.3,13988,108,119,5,1,0,10642.76,10408.59,0,0,0.9101787102194678,0,,0
2024-08-12,G09,Edinburgh,CH05,YouTube,405.39,33178,177,189,2,0,0,12562.4,12000.09,0,0,0.9101787102194678,0,,0
2024-08-12,G09,Edinburgh,CH06,Display,274.84,57138,175,205,1,0,0,11052.71,10895.01,0,0,0.9101787102194678,0,,0
2024-08-12,G10,Cardiff,CH01,Paid Search - Brand,318.01,3907,337,384,24,8,2,10580.98,10550.88,0,0,0.9101787102194678,0,,0
2024-08-12,G10,Cardiff,CH02,Paid Search - Non-Brand,657.69,9897,416,464,20,4,1,11448.84,11106.33,0,0,0.9101787102194678,0,,0
2024-08-12,G10,Cardiff,CH03,Paid Social,601.53,57784,663,798,22,4,0,10069.27,10130.44,0,0,0.9101787102194678,0,,0
2024-08-12,G10,Cardiff,CH04,LinkedIn,429.94,11732,98,122,4,1,0,10127.55,9639.72,0,0,0.9101787102194678,0,,0
2024-08-12,G10,Cardiff,CH05,YouTube,398.34,33545,200,241,3,1,0,10780.1,10016.19,0,0,0.9101787102194678,0,,0
2024-08-12,G10,Cardiff,CH06,Display,210.68,43551,128,135,1,0,0,9064.35,9379.65,0,0,0.9101787102194678,0,,0
2024-08-19,G01,London,CH01,Paid Search - Brand,770.76,9607,797,839,46,9,2,26229.72,24695.07,0,0,0.9012419360927613,0,,0
2024-08-19,G01,London,CH02,Paid Search - Non-Brand,1799.73,26921,1198,1308,55,20,6,26681.1,25141.71,0,0,0.9012419360927613,0,,0
2024-08-19,G01,London,CH03,Paid Social,1512.08,148776,1728,1828,41,8,2,24782.84,24957.2,0,0,0.9012419360927613,0,,0
2024-08-19,G01,London,CH04,LinkedIn,1200.67,34392,284,317,15,4,1,25122.03,25115.52,0,0,0.9012419360927613,0,,0
2024-08-19,G01,London,CH05,YouTube,1050.03,87481,519,526,9,2,0,25026.88,25304.01,0,0,0.9012419360927613,0,,0
2024-08-19,G01,London,CH06,Display,628.14,126192,365,365,3,0,0,25286.13,24814.3,0,0,0.9012419360927613,0,,0
2024-08-19,G02,Manchester,CH01,Paid Search - Brand,631.13,8185,611,639,41,9,2,17864.85,18321.71,0,0,0.9012419360927613,0,,0
2024-08-19,G02,Manchester,CH02,Paid Search - Non-Brand,1300.8,19610,882,999,46,15,4,16957.39,15781.48,0,0,0.9012419360927613,0,,0
2024-08-19,G02,Manchester,CH03,Paid Social,1045.68,100192,1265,1537,45,14,3,19242.76,18324.65,0,0,0.9012419360927613,0,,0
2024-08-19,G02,Manchester,CH04,LinkedIn,817.71,23237,181,182,8,1,0,16782.11,16224.31,0,0,0.9012419360927613,0,,0
2024-08-19,G02,Manchester,CH05,YouTube,734.72,62786,333,359,4,1,0,17784.29,17395.78,0,0,0.9012419360927613,0,,0
2024-08-19,G02,Manchester,CH06,Display,549.15,110602,318,360,3,0,0,15682.07,15617.09,0,0,0.9012419360927613,0,,0
2024-08-19,G03,Birmingham,CH01,Paid Search - Brand,620.6,7758,680,794,50,15,3,15408.79,15475.33,0,0,0.9012419360927613,0,,0
2024-08-19,G03,Birmingham,CH02,Paid Search - Non-Brand,1090.0,16918,729,827,31,8,1,15476.86,14614.89,0,0,0.9012419360927613,0,,0
2024-08-19,G03,Birmingham,CH03,Paid Social,1020.39,107037,1319,1472,34,12,3,16318.79,15625.46,0,0,0.9012419360927613,0,,0
2024-08-19,G03,Birmingham,CH04,LinkedIn,860.69,25224,200,230,10,2,0,16527.1,15882.14,0,0,0.9012419360927613,0,,0
2024-08-19,G03,Birmingham,CH05,YouTube,713.88,60462,357,386,5,0,0,16355.3,16719.03,0,0,0.9012419360927613,0,,0
2024-08-19,G03,Birmingham,CH06,Display,376.87,77990,226,239,2,0,0,17499.45,17051.5,0,0,0.9012419360927613,0,,0
2024-08-19,G04,Leeds,CH01,Paid Search - Brand,485.24,6308,493,607,31,5,1,14218.98,14199.64,0,0,0.9012419360927613,0,,0
2024-08-19,G04,Leeds,CH02,Paid Search - Non-Brand,1039.17,16166,738,861,38,6,2,14201.36,14227.79,0,0,0.9012419360927613,0,,0
2024-08-19,G04,Leeds,CH03,Paid Social,750.66,76348,901,1086,33,11,2,13855.77,13486.03,0,0,0.9012419360927613,0,,0
2024-08-19,G04,Leeds,CH04,LinkedIn,668.53,19581,146,148,6,1,0,15341.02,14980.04,0,0,0.9012419360927613,0,,0
2024-08-19,G04,Leeds,CH05,YouTube,661.61,54480,304,369,4,0,0,15781.04,16205.62,0,0,0.9012419360927613,0,,0
2024-08-19,G04,Leeds,CH06,Display,376.57,75002,217,228,2,0,0,14231.36,14303.76,0,0,0.9012419360927613,0,,0
2024-08-19,G05,Bristol,CH01,Paid Search - Brand,429.9,5526,433,442,27,9,2,14789.23,14509.09,0,0,0.9012419360927613,0,,0
2024-08-19,G05,Bristol,CH02,Paid Search - Non-Brand,897.42,13754,609,614,29,10,3,13747.46,13525.39,0,0,0.9012419360927613,0,,0
2024-08-19,G05,Bristol,CH03,Paid Social,759.94,77190,846,852,25,4,1,13383.72,12202.27,0,0,0.9012419360927613,0,,0
2024-08-19,G05,Bristol,CH04,LinkedIn,661.47,18250,134,140,6,1,0,11776.47,11850.3,0,0,0.9012419360927613,0,,0
2024-08-19,G05,Bristol,CH05,YouTube,582.42,49343,287,289,4,1,0,13244.83,13084.13,0,0,0.9012419360927613,0,,0
2024-08-19,G05,Bristol,CH06,Display,319.31,62120,178,178,1,0,0,12373.43,12607.15,0,0,0.9012419360927613,0,,0
2024-08-19,G06,Glasgow,CH01,Paid Search - Brand,365.88,4571,366,425,31,8,2,11936.43,11746.73,0,0,0.9012419360927613,0,,0
2024-08-19,G06,Glasgow,CH02,Paid Search - Non-Brand,903.47,13906,630,671,30,5,1,14139.87,13295.04,0,0,0.9012419360927613,0,,0
2024-08-19,G06,Glasgow,CH03,Paid Social,670.42,67026,884,1067,29,6,1,12634.56,12676.22,0,0,0.9012419360927613,0,,0
2024-08-19,G06,Glasgow,CH04,LinkedIn,527.83,14571,128,133,5,1,0,12105.23,11503.68,0,0,0.9012419360927613,0,,0
2024-08-19,G06,Glasgow,CH05,YouTube,510.81,43355,277,292,4,1,0,12414.23,12048.32,0,0,0.9012419360927613,0,,0
2024-08-19,G06,Glasgow,CH06,Display,277.31,53561,158,185,2,0,0,13156.67,12362.49,0,0,0.9012419360927613,0,,0
2024-08-19,G07,Liverpool,CH01,Paid Search - Brand,399.94,5033,434,506,29,6,2,13843.72,13353.28,0,0,0.9012419360927613,0,,0
2024-08-19,G07,Liverpool,CH02,Paid Search - Non-Brand,783.59,11780,556,667,32,8,2,12113.52,11868.13,0,0,0.9012419360927613,0,,0
2024-08-19,G07,Liverpool,CH03,Paid Social,680.31,68792,799,987,23,8,2,13601.57,13115.4,0,0,0.9012419360927613,0,,0
2024-08-19,G07,Liverpool,CH04,LinkedIn,618.97,17381,124,145,5,1,0,13871.65,12740.05,0,0,0.9012419360927613,0,,0
2024-08-19,G07,Liverpool,CH05,YouTube,466.26,38112,212,212,2,0,0,12424.99,12933.24,0,0,0.9012419360927613,0,,0
2024-08-19,G07,Liverpool,CH06,Display,287.23,56197,179,222,2,0,0,12675.92,12237.5,0,0,0.9012419360927613,0,,0
2024-08-19,G08,Sheffield,CH01,Paid Search - Brand,404.59,5005,417,458,28,6,2,12096.4,11546.86,0,0,0.9012419360927613,0,,0
2024-08-19,G08,Sheffield,CH02,Paid Search - Non-Brand,888.42,13720,564,639,25,5,1,10714.94,10330.47,0,0,0.9012419360927613,0,,0
2024-08-19,G08,Sheffield,CH03,Paid Social,610.78,58767,688,816,26,6,1,11592.56,11505.86,0,0,0.9012419360927613,0,,0
2024-08-19,G08,Sheffield,CH04,LinkedIn,555.74,16287,120,134,6,2,0,10960.96,11571.68,0,0,0.9012419360927613,0,,0
2024-08-19,G08,Sheffield,CH05,YouTube,458.3,38974,251,301,5,1,0,11686.87,11895.28,0,0,0.9012419360927613,0,,0
2024-08-19,G08,Sheffield,CH06,Display,281.88,56935,167,184,1,0,0,12469.17,12102.61,0,0,0.9012419360927613,0,,0
2024-08-19,G09,Edinburgh,CH01,Paid Search - Brand,339.57,4319,371,425,26,7,1,12124.05,11289.93,0,0,0.9012419360927613,0,,0
2024-08-19,G09,Edinburgh,CH02,Paid Search - Non-Brand,693.18,10702,507,577,25,6,2,11065.66,11462.22,0,0,0.9012419360927613,0,,0
2024-08-19,G09,Edinburgh,CH03,Paid Social,643.22,65380,803,916,25,6,1,10251.79,10287.77,0,0,0.9012419360927613,0,,0
2024-08-19,G09,Edinburgh,CH04,LinkedIn,542.17,15388,124,139,7,2,0,11771.34,11622.62,0,0,0.9012419360927613,0,,0
2024-08-19,G09,Edinburgh,CH05,YouTube,454.7,37605,240,266,3,1,0,10478.04,10118.7,0,0,0.9012419360927613,0,,0
2024-08-19,G09,Edinburgh,CH06,Display,250.21,49419,158,165,1,0,0,10993.61,10549.25,0,0,0.9012419360927613,0,,0
2024-08-19,G10,Cardiff,CH01,Paid Search - Brand,302.93,3747,312,317,23,7,2,9673.05,9309.6,0,0,0.9012419360927613,0,,0
2024-08-19,G10,Cardiff,CH02,Paid Search - Non-Brand,688.66,10819,454,559,23,8,2,9948.61,9736.04,0,0,0.9012419360927613,0,,0
2024-08-19,G10,Cardiff,CH03,Paid Social,552.26,53940,653,716,20,6,2,11387.81,10645.07,0,0,0.9012419360927613,0,,0
2024-08-19,G10,Cardiff,CH04,LinkedIn,472.46,13634,92,94,5,1,0,10552.42,9583.67,0,0,0.9012419360927613,0,,0
2024-08-19,G10,Cardiff,CH05,YouTube,407.27,33860,208,215,3,0,0,9050.5,8778.64,0,0,0.9012419360927613,0,,0
2024-08-19,G10,Cardiff,CH06,Display,257.12,53394,150,163,1,0,0,9870.45,10067.64,0,0,0.9012419360927613,0,,0
2024-08-26,G01,London,CH01,Paid Search - Brand,860.26,10710,889,1011,55,13,5,26477.87,26423.88,0,0,0.8937452769216149,0,,0
2024-08-26,G01,London,CH02,Paid Search - Non-Brand,1705.3,26436,1333,1590,68,16,4,27123.46,26948.9,0,0,0.8937452769216149,0,,0
2024-08-26,G01,London,CH03,Paid Social,1434.91,146179,1682,2085,50,17,4,21076.42,21038.48,0,0,0.8937452769216149,0,,0
2024-08-26,G01,London,CH04,LinkedIn,1092.47,31524,255,296,11,3,0,21995.91,22399.44,0,0,0.8937452769216149,0,,0
2024-08-26,G01,London,CH05,YouTube,1071.18,87874,555,592,8,2,0,22915.46,22774.47,0,0,0.8937452769216149,0,,0
2024-08-26,G01,London,CH06,Display,589.34,114992,339,378,3,1,0,26066.32,26215.37,0,0,0.8937452769216149,0,,0
2024-08-26,G02,Manchester,CH01,Paid Search - Brand,605.85,7595,607,626,43,12,4,18188.83,18686.15,0,0,0.8937452769216149,0,,0
2024-08-26,G02,Manchester,CH02,Paid Search - Non-Brand,1371.05,20810,946,1002,37,8,3,17674.09,17833.99,0,0,0.8937452769216149,0,,0
2024-08-26,G02,Manchester,CH03,Paid Social,1043.5,101780,1207,1262,40,13,3,16505.22,17118.74,0,0,0.8937452769216149,0,,0
2024-08-26,G02,Manchester,CH04,LinkedIn,896.34,25945,205,227,12,3,1,18862.06,18313.51,0,0,0.8937452769216149,0,,0
2024-08-26,G02,Manchester,CH05,YouTube,672.71,55593,300,356,6,1,0,16758.03,17958.18,0,0,0.8937452769216149,0,,0
2024-08-26,G02,Manchester,CH06,Display,437.58,89245,247,287,2,0,0,17287.71,16731.32,0,0,0.8937452769216149,0,,0
2024-08-26,G03,Birmingham,CH01,Paid Search - Brand,554.46,6840,536,584,36,6,1,15841.09,16255.88,0,0,0.8937452769216149,0,,0
2024-08-26,G03,Birmingham,CH02,Paid Search - Non-Brand,1275.57,19838,893,1005,37,13,2,16594.42,18064.77,0,0,0.8937452769216149,0,,0
2024-08-26,G03,Birmingham,CH03,Paid Social,960.54,94979,1121,1138,29,10,3,16125.98,16131.22,0,0,0.8937452769216149,0,,0
2024-08-26,G03,Birmingham,CH04,LinkedIn,839.5,24206,207,208,9,3,0,18131.62,17197.16,0,0,0.8937452769216149,0,,0
2024-08-26,G03,Birmingham,CH05,YouTube,711.73,58733,365,385,4,0,0,14456.42,15552.99,0,0,0.8937452769216149,0,,0
2024-08-26,G03,Birmingham,CH06,Display,482.82,97679,258,321,3,0,0,20299.11,18896.19,0,0,0.8937452769216149,0,,0
2024-08-26,G04,Leeds,CH01,Paid Search - Brand,484.92,5817,504,605,37,10,2,14437.36,15245.55,0,0,0.8937452769216149,1,,0
2024-08-26,G04,Leeds,CH02,Paid Search - Non-Brand,1023.61,15489,632,749,25,5,1,14860.04,14756.05,0,0,0.8937452769216149,0,,0
2024-08-26,G04,Leeds,CH03,Paid Social,895.0,88115,1139,1375,36,7,1,14147.68,15105.8,0,0,0.8937452769216149,0,,0
2024-08-26,G04,Leeds,CH04,LinkedIn,652.98,18954,144,160,8,2,0,14330.78,13768.41,0,0,0.8937452769216149,0,,0
2024-08-26,G04,Leeds,CH05,YouTube,661.65,55637,339,344,5,1,0,14254.86,13653.16,0,0,0.8937452769216149,0,,0
2024-08-26,G04,Leeds,CH06,Display,381.65,77519,240,248,2,0,0,15363.2,15733.66,0,0,0.8937452769216149,0,,0
2024-08-26,G05,Bristol,CH01,Paid Search - Brand,419.74,5119,403,421,32,8,1,14238.09,13875.33,0,0,0.8937452769216149,0,,0
2024-08-26,G05,Bristol,CH02,Paid Search - Non-Brand,962.0,15263,627,699,28,9,3,11244.32,11335.5,0,0,0.8937452769216149,0,,0
2024-08-26,G05,Bristol,CH03,Paid Social,697.29,72063,898,1120,32,9,2,12952.92,12543.05,0,0,0.8937452769216149,0,,0
2024-08-26,G05,Bristol,CH04,LinkedIn,591.15,16323,121,126,6,1,0,14004.28,13995.96,0,0,0.8937452769216149,0,,0
2024-08-26,G05,Bristol,CH05,YouTube,558.2,46409,275,306,4,1,0,14394.06,14100.46,0,0,0.8937452769216149,0,,0
2024-08-26,G05,Bristol,CH06,Display,313.66,62586,185,193,2,0,0,11710.63,11857.74,0,0,0.8937452769216149,0,,0
2024-08-26,G06,Glasgow,CH01,Paid Search - Brand,397.27,4929,406,457,33,11,2,10691.48,10448.61,0,0,0.8937452769216149,0,,0
2024-08-26,G06,Glasgow,CH02,Paid Search - Non-Brand,792.96,12337,534,563,25,5,1,10799.11,10709.32,0,0,0.8937452769216149,0,,0
2024-08-26,G06,Glasgow,CH03,Paid Social,692.96,67454,808,876,23,7,3,11834.97,11305.08,0,0,0.8937452769216149,0,,0
2024-08-26,G06,Glasgow,CH04,LinkedIn,595.96,16913,130,145,6,1,0,10637.78,9693.89,0,0,0.8937452769216149,0,,0
2024-08-26,G06,Glasgow,CH05,YouTube,516.23,43084,259,300,3,1,0,13531.64,12940.03,0,0,0.8937452769216149,0,,0
2024-08-26,G06,Glasgow,CH06,Display,270.91,55069,166,195,2,0,0,11006.76,10881.29,0,0,0.8937452769216149,0,,0
2024-08-26,G07,Liverpool,CH01,Paid Search - Brand,415.75,5175,475,493,36,11,4,12723.74,12248.22,0,0,0.8937452769216149,0,,0
2024-08-26,G07,Liverpool,CH02,Paid Search - Non-Brand,836.73,12172,566,622,23,4,1,11657.05,10575.47,0,0,0.8937452769216149,0,,0
2024-08-26,G07,Liverpool,CH03,Paid Social,625.57,63654,788,842,27,4,1,14269.06,13509.98,0,0,0.8937452769216149,0,,0
2024-08-26,G07,Liverpool,CH04,LinkedIn,578.08,16418,128,134,6,1,0,13050.3,12336.75,0,0,0.8937452769216149,0,,0
2024-08-26,G07,Liverpool,CH05,YouTube,497.94,41391,270,310,5,1,0,13202.89,12813.26,0,0,0.8937452769216149,0,,0
2024-08-26,G07,Liverpool,CH06,Display,292.74,57922,174,187,1,0,0,12680.46,12239.1,0,0,0.8937452769216149,0,,0
2024-08-26,G08,Sheffield,CH01,Paid Search - Brand,400.37,5154,385,471,32,12,5,11463.67,11093.27,0,0,0.8937452769216149,0,,0
2024-08-26,G08,Sheffield,CH02,Paid Search - Non-Brand,931.17,14605,643,786,36,7,2,13103.26,12694.5,0,0,0.8937452769216149,0,,0
2024-08-26,G08,Sheffield,CH03,Paid Social,637.07,62757,742,743,24,4,1,11417.33,11334.13,0,0,0.8937452769216149,0,,0
2024-08-26,G08,Sheffield,CH04,LinkedIn,470.74,13788,106,118,4,1,0,11591.78,10991.68,0,0,0.8937452769216149,0,,0
2024-08-26,G08,Sheffield,CH05,YouTube,470.26,38682,218,270,4,1,0,11056.94,11530.36,0,0,0.8937452769216149,0,,0
2024-08-26,G08,Sheffield,CH06,Display,260.85,51513,158,158,1,0,0,11186.14,10878.36,0,0,0.8937452769216149,0,,0
2024-08-26,G09,Edinburgh,CH01,Paid Search - Brand,297.24,3662,302,357,21,7,2,10745.18,10686.04,0,0,0.8937452769216149,0,,0
2024-08-26,G09,Edinburgh,CH02,Paid Search - Non-Brand,656.97,10211,471,524,21,6,2,10734.88,10574.91,0,0,0.8937452769216149,0,,0
2024-08-26,G09,Edinburgh,CH03,Paid Social,644.42,63908,735,901,25,4,0,9363.21,9493.16,0,0,0.8937452769216149,0,,0
2024-08-26,G09,Edinburgh,CH04,LinkedIn,468.08,13645,111,113,5,1,0,10518.39,9625.04,0,0,0.8937452769216149,0,,0
2024-08-26,G09,Edinburgh,CH05,YouTube,423.04,35645,192,216,3,1,0,10985.72,10983.35,0,0,0.8937452769216149,0,,0
2024-08-26,G09,Edinburgh,CH06,Display,245.85,50832,152,171,1,0,0,11552.45,11833.62,0,0,0.8937452769216149,0,,0
2024-08-26,G10,Cardiff,CH01,Paid Search - Brand,321.9,3913,324,344,25,9,3,8926.56,8722.1,0,0,0.8937452769216149,0,,0
2024-08-26,G10,Cardiff,CH02,Paid Search - Non-Brand,718.97,11579,498,512,18,5,1,9534.43,9449.25,0,0,0.8937452769216149,0,,0
2024-08-26,G10,Cardiff,CH03,Paid Social,496.76,48429,531,547,18,5,1,10239.84,10259.99,0,0,0.8937452769216149,0,,0
2024-08-26,G10,Cardiff,CH04,LinkedIn,425.62,12166,97,98,4,0,0,9245.01,9270.22,0,0,0.8937452769216149,0,,0
2024-08-26,G10,Cardiff,CH05,YouTube,380.48,32131,203,251,3,1,0,9834.11,9629.57,0,0,0.8937452769216149,0,,0
2024-08-26,G10,Cardiff,CH06,Display,257.5,51005,148,166,1,0,0,10295.2,10547.71,0,0,0.8937452769216149,0,,0
2024-09-02,G01,London,CH01,Paid Search - Brand,961.29,11738,968,1112,78,15,4,25971.05,23909.92,1,0,0.8877980508777502,0,,0
2024-09-02,G01,London,CH02,Paid Search - Non-Brand,2010.26,32526,1435,1651,56,14,6,24358.17,22796.39,1,0,0.8877980508777502,0,,0
2024-09-02,G01,London,CH03,Paid Social,1750.77,185304,1915,2143,71,20,4,26425.41,24720.42,1,0,0.8877980508777502,0,,0
2024-09-02,G01,London,CH04,LinkedIn,1346.16,38336,325,331,12,3,1,26209.31,23674.91,1,0,0.8877980508777502,0,,0
2024-09-02,G01,London,CH05,YouTube,1230.62,99737,568,586,10,1,0,23448.04,21912.39,1,0,0.8877980508777502,0,,0
2024-09-02,G01,London,CH06,Display,664.16,132835,421,495,4,1,0,27725.24,25955.46,1,0,0.8877980508777502,0,,0
2024-09-02,G02,Manchester,CH01,Paid Search - Brand,716.94,8846,803,855,57,21,4,20440.27,18906.61,1,0,0.8877980508777502,0,,0
2024-09-02,G02,Manchester,CH02,Paid Search - Non-Brand,1312.5,20301,897,997,35,7,2,18570.98,16780.63,1,0,0.8877980508777502,0,,0
2024-09-02,G02,Manchester,CH03,Paid Social,1039.41,99403,1251,1558,37,8,2,17545.04,17064.98,1,0,0.8877980508777502,0,,0
2024-09-02,G02,Manchester,CH04,LinkedIn,826.57,24102,210,244,12,2,0,18776.8,17554.59,1,0,0.8877980508777502,0,,0
2024-09-02,G02,Manchester,CH05,YouTube,831.87,68517,402,405,5,1,0,21715.46,19327.18,1,0,0.8877980508777502,0,,0
2024-09-02,G02,Manchester,CH06,Display,431.28,89306,252,262,2,0,0,19266.85,17030.54,1,0,0.8877980508777502,0,,0
2024-09-02,G03,Birmingham,CH01,Paid Search - Brand,612.5,7728,653,714,50,15,4,18897.16,17275.93,1,0,0.8877980508777502,0,,0
2024-09-02,G03,Birmingham,CH02,Paid Search - Non-Brand,1399.6,21406,967,1015,37,8,2,19976.88,17001.84,1,0,0.8877980508777502,0,,0
2024-09-02,G03,Birmingham,CH03,Paid Social,1118.39,112740,1249,1278,36,13,2,18576.45,15479.39,1,0,0.8877980508777502,0,,0
2024-09-02,G03,Birmingham,CH04,LinkedIn,871.95,25568,214,221,11,3,1,20790.16,18230.34,1,0,0.8877980508777502,0,,0
2024-09-02,G03,Birmingham,CH05,YouTube,815.34,65938,383,443,6,2,0,20851.13,18643.59,1,0,0.8877980508777502,0,,0
2024-09-02,G03,Birmingham,CH06,Display,432.57,87649,261,325,2,0,0,18640.2,17804.9,1,0,0.8877980508777502,0,,0
2024-09-02,G04,Leeds,CH01,Paid Search - Brand,487.22,6197,531,568,37,14,5,15038.93,13072.96,1,0,0.8877980508777502,0,,0
2024-09-02,G04,Leeds,CH02,Paid Search - Non-Brand,1196.49,18632,883,999,45,11,2,15316.0,14203.89,1,0,0.8877980508777502,0,,0
2024-09-02,G04,Leeds,CH03,Paid Social,807.97,82060,1044,1301,42,9,2,16051.97,13438.29,1,0,0.8877980508777502,0,,0
2024-09-02,G04,Leeds,CH04,LinkedIn,699.53,19915,144,176,9,2,0,18258.84,15782.45,1,0,0.8877980508777502,0,,0
2024-09-02,G04,Leeds,CH05,YouTube,651.59,54202,305,354,5,1,0,13789.11,11730.46,1,0,0.8877980508777502,0,,0
2024-09-02,G04,Leeds,CH06,Display,381.25,74670,222,247,2,0,0,15441.57,13546.39,1,0,0.8877980508777502,0,,0
2024-09-02,G05,Bristol,CH01,Paid Search - Brand,509.78,6332,514,555,40,10,2,16461.22,13924.03,1,0,0.8877980508777502,0,,0
2024-09-02,G05,Bristol,CH02,Paid Search - Non-Brand,995.25,15589,717,837,33,8,3,16048.2,13824.94,1,0,0.8877980508777502,0,,0
2024-09-02,G05,Bristol,CH03,Paid Social,866.09,87151,1051,1264,42,7,1,13583.49,11925.98,1,0,0.8877980508777502,0,,0
2024-09-02,G05,Bristol,CH04,LinkedIn,705.58,20342,157,162,6,1,0,15089.16,13278.65,1,0,0.8877980508777502,0,,0
2024-09-02,G05,Bristol,CH05,YouTube,578.12,49125,298,361,5,1,0,14685.78,12769.92,1,0,0.8877980508777502,0,,0
2024-09-02,G05,Bristol,CH06,Display,393.14,79260,228,277,2,0,0,15458.8,13889.15,1,0,0.8877980508777502,0,,0
2024-09-02,G06,Glasgow,CH01,Paid Search - Brand,468.09,5869,507,589,37,9,3,13734.03,12212.64,1,0,0.8877980508777502,0,,0
2024-09-02,G06,Glasgow,CH02,Paid Search - Non-Brand,892.31,13371,552,618,21,6,1,12288.48,10053.51,1,0,0.8877980508777502,0,,0
2024-09-02,G06,Glasgow,CH03,Paid Social,789.14,79649,896,999,31,7,2,14927.4,12317.05,1,0,0.8877980508777502,0,,0
2024-09-02,G06,Glasgow,CH04,LinkedIn,542.44,15516,119,130,5,1,0,16214.04,13169.62,1,0,0.8877980508777502,0,,0
2024-09-02,G06,Glasgow,CH05,YouTube,507.42,41984,258,304,4,1,0,14690.98,12726.53,1,0,0.8877980508777502,0,,0
2024-09-02,G06,Glasgow,CH06,Display,294.75,58729,170,177,1,0,0,14225.71,12011.63,1,0,0.8877980508777502,0,,0
2024-09-02,G07,Liverpool,CH01,Paid Search - Brand,452.42,5683,504,511,28,9,2,13513.21,11689.09,1,0,0.8877980508777502,0,,0
2024-09-02,G07,Liverpool,CH02,Paid Search - Non-Brand,1117.35,17468,760,790,33,6,1,12815.2,11127.78,1,0,0.8877980508777502,0,,0
2024-09-02,G07,Liverpool,CH03,Paid Social,787.63,77532,896,1043,24,4,1,14276.34,12377.32,1,0,0.8877980508777502,0,,0
2024-09-02,G07,Liverpool,CH04,LinkedIn,683.38,18810,152,187,9,1,0,13211.59,11922.43,1,0,0.8877980508777502,0,,0
2024-09-02,G07,Liverpool,CH05,YouTube,495.51,42048,251,280,3,1,0,14137.82,12728.34,1,0,0.8877980508777502,0,,0
2024-09-02,G07,Liverpool,CH06,Display,308.29,62885,183,187,1,0,0,14275.94,12285.92,1,0,0.8877980508777502,0,,0
2024-09-02,G08,Sheffield,CH01,Paid Search - Brand,450.58,5509,467,487,33,7,2,13693.06,11281.99,1,0,0.8877980508777502,0,,0
2024-09-02,G08,Sheffield,CH02,Paid Search - Non-Brand,872.18,13564,614,637,29,9,3,13240.32,11260.31,1,0,0.8877980508777502,0,,0
2024-09-02,G08,Sheffield,CH03,Paid Social,730.38,71420,827,954,27,9,2,11836.32,10664.76,1,0,0.8877980508777502,0,,0
2024-09-02,G08,Sheffield,CH04,LinkedIn,566.18,16530,134,159,5,1,0,13634.69,12067.85,1,0,0.8877980508777502,0,,0
2024-09-02,G08,Sheffield,CH05,YouTube,426.77,35440,209,257,3,0,0,13650.29,11867.41,1,0,0.8877980508777502,0,,0
2024-09-02,G08,Sheffield,CH06,Display,321.86,65824,207,220,2,0,0,12692.26,11148.5,1,0,0.8877980508777502,0,,0
2024-09-02,G09,Edinburgh,CH01,Paid Search - Brand,451.29,5713,516,588,45,10,2,12989.27,10789.99,1,0,0.8877980508777502,0,,0
2024-09-02,G09,Edinburgh,CH02,Paid Search - Non-Brand,955.3,14636,610,739,34,11,4,12275.66,10706.38,1,0,0.8877980508777502,0,,0
2024-09-02,G09,Edinburgh,CH03,Paid Social,670.16,68096,877,1016,29,8,3,11694.14,9637.77,1,0,0.8877980508777502,0,,0
2024-09-02,G09,Edinburgh,CH04,LinkedIn,539.64,15394,114,129,6,1,0,11416.51,10014.08,1,0,0.8877980508777502,0,,0
2024-09-02,G09,Edinburgh,CH05,YouTube,497.19,41709,258,302,4,1,0,13512.02,11145.37,1,0,0.8877980508777502,0,,0
2024-09-02,G09,Edinburgh,CH06,Display,256.85,50645,143,163,1,0,0,14038.99,12410.46,1,0,0.8877980508777502,0,,0
2024-09-02,G10,Cardiff,CH01,Paid Search - Brand,372.22,4637,366,440,34,11,4,12626.83,10196.22,1,0,0.8877980508777502,0,,0
2024-09-02,G10,Cardiff,CH02,Paid Search - Non-Brand,786.44,12199,539,574,20,5,1,11566.03,9548.54,1,0,0.8877980508777502,0,,0
2024-09-02,G10,Cardiff,CH03,Paid Social,651.67,65806,790,951,25,6,2,10575.85,9051.05,1,0,0.8877980508777502,0,,0
2024-09-02,G10,Cardiff,CH04,LinkedIn,493.37,13851,106,110,5,1,0,11151.44,9089.9,1,0,0.8877980508777502,0,,0
2024-09-02,G10,Cardiff,CH05,YouTube,406.9,33886,212,262,3,0,0,11236.2,9940.16,1,0,0.8877980508777502,0,,0
2024-09-02,G10,Cardiff,CH06,Display,271.71,54215,181,201,2,0,0,12351.03,10259.7,1,0,0.8877980508777502,0,,0
2024-09-09,G01,London,CH01,Paid Search - Brand,924.71,11438,969,1119,75,28,10,23213.61,23739.3,0,0,0.8834869819088738,0,,0
2024-09-09,G01,London,CH02,Paid Search - Non-Brand,2038.4,31341,1383,1532,65,24,9,24162.53,23528.27,0,0,0.8834869819088738,0,,0
2024-09-09,G01,London,CH03,Paid Social,1474.39,146697,1913,2136,60,21,6,24136.77,22949.03,0,0,0.8834869819088738,0,,0
2024-09-09,G01,London,CH04,LinkedIn,1200.6,34306,275,299,11,2,0,23015.6,24175.87,0,0,0.8834869819088738,0,,0
2024-09-09,G01,London,CH05,YouTube,1031.35,85228,487,509,8,1,0,23300.85,23320.75,0,0,0.8834869819088738,0,,0
2024-09-09,G01,London,CH06,Display,664.08,134632,394,462,4,1,0,24249.73,24271.81,0,0,0.8834869819088738,0,,0
2024-09-09,G02,Manchester,CH01,Paid Search - Brand,638.39,7947,682,822,49,17,7,19678.9,19484.53,0,0,0.8834869819088738,0,,0
2024-09-09,G02,Manchester,CH02,Paid Search - Non-Brand,1317.71,20767,958,1080,35,8,1,18527.78,17616.48,0,0,0.8834869819088738,0,,0
2024-09-09,G02,Manchester,CH03,Paid Social,1198.34,120824,1379,1453,39,12,2,17945.11,15979.52,0,0,0.8834869819088738,0,,0
2024-09-09,G02,Manchester,CH04,LinkedIn,978.58,28314,214,232,9,1,0,17501.87,18195.86,0,0,0.8834869819088738,0,,0
2024-09-09,G02,Manchester,CH05,YouTube,773.22,63507,393,441,6,1,0,17765.08,17553.4,0,0,0.8834869819088738,0,,0
2024-09-09,G02,Manchester,CH06,Display,474.95,93358,286,303,2,0,0,18854.12,18302.12,0,0,0.8834869819088738,0,,0
2024-09-09,G03,Birmingham,CH01,Paid Search - Brand,653.29,8235,638,717,53,13,5,15866.58,15850.57,0,0,0.8834869819088738,0,,0
2024-09-09,G03,Birmingham,CH02,Paid Search - Non-Brand,1445.72,22403,931,1069,40,9,2,19136.72,18490.88,0,0,0.8834869819088738,0,,0
2024-09-09,G03,Birmingham,CH03,Paid Social,1099.57,112448,1204,1216,39,12,5,16777.41,17161.54,0,0,0.8834869819088738,0,,0
2024-09-09,G03,Birmingham,CH04,LinkedIn,846.08,24123,185,187,8,1,0,14998.63,15014.41,0,0,0.8834869819088738,0,,0
2024-09-09,G03,Birmingham,CH05,YouTube,799.33,64748,393,393,6,1,0,14879.86,16010.96,0,0,0.8834869819088738,1,,0
2024-09-09,G03,Birmingham,CH06,Display,426.81,89454,246,299,3,0,0,17670.97,17018.13,0,0,0.8834869819088738,0,,0
2024-09-09,G04,Leeds,CH01,Paid Search - Brand,510.51,6393,590,693,50,12,2,13076.49,12800.66,0,0,0.8834869819088738,0,,0
2024-09-09,G04,Leeds,CH02,Paid Search - Non-Brand,1140.57,17267,779,819,40,10,3,13549.32,12893.29,0,0,0.8834869819088738,0,,0
2024-09-09,G04,Leeds,CH03,Paid Social,825.54,83070,973,1150,31,8,3,13460.92,12740.56,0,0,0.8834869819088738,0,,0
2024-09-09,G04,Leeds,CH04,LinkedIn,733.34,21130,171,208,9,2,0,13429.17,12342.02,0,0,0.8834869819088738,0,,0
2024-09-09,G04,Leeds,CH05,YouTube,607.48,49873,272,289,3,1,0,13840.79,13666.48,0,0,0.8834869819088738,0,,0
2024-09-09,G04,Leeds,CH06,Display,415.13,84105,263,293,2,0,0,14893.98,14615.77,0,0,0.8834869819088738,0,,0
2024-09-09,G05,Bristol,CH01,Paid Search - Brand,463.7,5585,428,514,32,8,2,14390.02,13476.24,0,0,0.8834869819088738,0,,0
2024-09-09,G05,Bristol,CH02,Paid Search - Non-Brand,969.83,15167,658,768,25,5,2,12389.75,12080.66,0,0,0.8834869819088738,0,,0
2024-09-09,G05,Bristol,CH03,Paid Social,874.12,85701,996,1205,38,13,4,14040.58,13319.26,0,0,0.8834869819088738,0,,0
2024-09-09,G05,Bristol,CH04,LinkedIn,688.49,19452,148,152,7,1,0,12577.03,12276.77,0,0,0.8834869819088738,0,,0
2024-09-09,G05,Bristol,CH05,YouTube,541.62,45167,283,350,5,1,0,12395.11,12349.23,0,0,0.8834869819088738,0,,0
2024-09-09,G05,Bristol,CH06,Display,388.69,76427,228,229,2,0,0,11342.31,11188.82,0,0,0.8834869819088738,0,,0
2024-09-09,G06,Glasgow,CH01,Paid Search - Brand,423.91,5218,426,453,27,7,1,11870.14,11268.62,0,0,0.8834869819088738,0,,0
2024-09-09,G06,Glasgow,CH02,Paid Search - Non-Brand,888.43,14137,610,623,21,4,1,12163.84,11996.51,0,0,0.8834869819088738,0,,0
2024-09-09,G06,Glasgow,CH03,Paid Social,729.69,71793,926,1092,31,10,3,10669.45,11621.25,0,0,0.8834869819088738,0,,0
2024-09-09,G06,Glasgow,CH04,LinkedIn,626.65,17810,154,180,9,2,0,13120.36,12340.23,0,0,0.8834869819088738,0,,0
2024-09-09,G06,Glasgow,CH05,YouTube,588.25,50366,298,314,3,0,0,11868.35,11502.68,0,0,0.8834869819088738,0,,0
2024-09-09,G06,Glasgow,CH06,Display,296.24,59130,171,209,2,0,0,12037.03,12326.78,0,0,0.8834869819088738,0,,0
2024-09-09,G07,Liverpool,CH01,Paid Search - Brand,430.31,5187,420,475,33,11,4,13283.93,13273.08,0,0,0.8834869819088738,0,,0
2024-09-09,G07,Liverpool,CH02,Paid Search - Non-Brand,979.91,15391,771,884,40,13,4,11977.05,10781.92,0,0,0.8834869819088738,0,,0
2024-09-09,G07,Liverpool,CH03,Paid Social,690.01,66661,796,992,23,5,1,11986.21,12553.99,0,0,0.8834869819088738,0,,0
2024-09-09,G07,Liverpool,CH04,LinkedIn,676.12,19539,148,163,8,3,1,13139.52,13161.47,0,0,0.8834869819088738,0,,0
2024-09-09,G07,Liverpool,CH05,YouTube,616.83,50588,314,354,5,1,0,12243.32,12194.05,0,0,0.8834869819088738,0,,0
2024-09-09,G07,Liverpool,CH06,Display,294.62,59823,184,205,2,0,0,13434.26,13757.31,0,0,0.8834869819088738,0,,0
2024-09-09,G08,Sheffield,CH01,Paid Search - Brand,404.65,5058,419,494,30,10,4,10393.06,10879.59,0,0,0.8834869819088738,0,,0
2024-09-09,G08,Sheffield,CH02,Paid Search - Non-Brand,902.99,13914,670,681,25,4,1,11957.07,10799.66,0,0,0.8834869819088738,0,,0
2024-09-09,G08,Sheffield,CH03,Paid Social,657.29,66114,749,869,21,4,1,11104.21,10820.38,0,0,0.8834869819088738,0,,0
2024-09-09,G08,Sheffield,CH04,LinkedIn,596.42,17244,141,146,5,1,0,11471.79,11455.98,0,0,0.8834869819088738,0,,0
2024-09-09,G08,Sheffield,CH05,YouTube,544.99,45306,256,291,3,0,0,10669.65,10346.67,0,0,0.8834869819088738,0,,0
2024-09-09,G08,Sheffield,CH06,Display,329.28,64585,182,212,1,0,0,11378.31,11150.43,0,0,0.8834869819088738,0,,0
2024-09-09,G09,Edinburgh,CH01,Paid Search - Brand,397.22,5199,425,515,37,13,4,12129.66,11427.84,0,0,0.8834869819088738,0,,0
2024-09-09,G09,Edinburgh,CH02,Paid Search - Non-Brand,804.71,12567,603,619,20,4,1,11371.37,11191.44,0,0,0.8834869819088738,0,,0
2024-09-09,G09,Edinburgh,CH03,Paid Social,707.57,71362,876,987,28,6,2,10982.32,10062.47,0,0,0.8834869819088738,0,,0
2024-09-09,G09,Edinburgh,CH04,LinkedIn,534.87,15085,118,118,6,2,0,9801.25,10357.79,0,0,0.8834869819088738,0,,0
2024-09-09,G09,Edinburgh,CH05,YouTube,477.68,40032,255,309,5,1,0,11870.81,11097.38,0,0,0.8834869819088738,0,,0
2024-09-09,G09,Edinburgh,CH06,Display,331.29,67220,208,246,2,0,0,11000.61,10755.0,0,0,0.8834869819088738,0,,0
2024-09-09,G10,Cardiff,CH01,Paid Search - Brand,367.4,4622,401,448,24,7,2,9186.86,8979.9,0,0,0.8834869819088738,0,,0
2024-09-09,G10,Cardiff,CH02,Paid Search - Non-Brand,788.96,12011,568,571,25,9,3,11180.91,10104.52,0,0,0.8834869819088738,0,,0
2024-09-09,G10,Cardiff,CH03,Paid Social,591.31,60709,753,799,19,6,1,10086.24,9514.94,0,0,0.8834869819088738,0,,0
2024-09-09,G10,Cardiff,CH04,LinkedIn,471.75,13664,105,122,5,1,0,10034.93,9983.67,0,0,0.8834869819088738,0,,0
2024-09-09,G10,Cardiff,CH05,YouTube,444.74,38306,224,242,3,0,0,12351.81,11286.04,0,0,0.8834869819088738,0,,0
2024-09-09,G10,Cardiff,CH06,Display,251.02,50011,161,191,1,0,0,9267.21,9514.72,0,0,0.8834869819088738,0,,0
2024-09-16,G01,London,CH01,Paid Search - Brand,1027.35,12984,1079,1120,83,24,10,26498.56,26436.87,0,0,0.8808749351082336,0,,0
2024-09-16,G01,London,CH02,Paid Search - Non-Brand,1800.41,28107,1236,1238,50,13,4,23445.53,24424.87,0,0,0.8808749351082336,0,,0
2024-09-16,G01,London,CH03,Paid Social,1759.93,173154,1948,2291,60,11,3,23451.04,24611.98,0,0,0.8808749351082336,1,,0
2024-09-16,G01,London,CH04,LinkedIn,1432.76,40595,331,336,15,3,0,25823.23,25601.12,0,0,0.8808749351082336,0,,0
2024-09-16,G01,London,CH05,YouTube,1193.59,97815,597,693,11,2,0,21733.97,21514.33,0,0,0.8808749351082336,0,,0
2024-09-16,G01,London,CH06,Display,656.03,133932,368,397,4,1,0,23135.05,24158.83,0,0,0.8808749351082336,0,,0
2024-09-16,G02,Manchester,CH01,Paid Search - Brand,636.82,7828,658,819,50,12,5,19548.7,18680.51,0,0,0.8808749351082336,0,,0
2024-09-16,G02,Manchester,CH02,Paid Search - Non-Brand,1370.02,21082,994,1046,45,16,3,17155.05,17153.79,0,0,0.8808749351082336,0,,0
2024-09-16,G02,Manchester,CH03,Paid Social,1124.19,107882,1362,1656,46,15,4,18312.62,18143.98,0,0,0.8808749351082336,0,,0
2024-09-16,G02,Manchester,CH04,LinkedIn,911.86,26546,206,233,8,2,0,17769.31,16979.47,0,0,0.8808749351082336,0,,0
2024-09-16,G02,Manchester,CH05,YouTube,814.7,67913,442,518,8,2,0,19039.36,20144.1,0,0,0.8808749351082336,0,,0
2024-09-16,G02,Manchester,CH06,Display,535.56,107253,301,346,2,0,0,17590.28,18366.73,0,0,0.8808749351082336,0,,0
2024-09-16,G03,Birmingham,CH01,Paid Search - Brand,602.63,7340,619,727,54,10,3,13749.63,14185.42,0,0,0.8808749351082336,0,,0
2024-09-16,G03,Birmingham,CH02,Paid Search - Non-Brand,1365.87,20287,938,1124,54,19,5,16706.72,15865.1,0,0,0.8808749351082336,0,,0
2024-09-16,G03,Birmingham,CH03,Paid Social,1057.53,104220,1183,1206,40,14,3,17294.74,16745.38,0,0,0.8808749351082336,0,,0
2024-09-16,G03,Birmingham,CH04,LinkedIn,952.06,27152,211,256,12,4,1,15773.33,15172.37,0,0,0.8808749351082336,0,,0
2024-09-16,G03,Birmingham,CH05,YouTube,736.93,59957,356,411,6,1,0,16610.84,18112.71,0,0,0.8808749351082336,1,,0
2024-09-16,G03,Birmingham,CH06,Display,464.18,90946,287,311,3,0,0,15528.27,15316.45,0,0,0.8808749351082336,0,,0
2024-09-16,G04,Leeds,CH01,Paid Search - Brand,528.49,6538,560,648,34,9,2,13489.9,13670.12,0,0,0.8808749351082336,0,,0
2024-09-16,G04,Leeds,CH02,Paid Search - Non-Brand,1049.32,16300,687,735,32,9,2,14755.9,13414.62,0,0,0.8808749351082336,0,,0
2024-09-16,G04,Leeds,CH03,Paid Social,883.67,86192,941,1055,30,7,2,13572.49,13476.1,0,0,0.8808749351082336,0,,0
2024-09-16,G04,Leeds,CH04,LinkedIn,739.36,21188,183,195,7,2,0,13798.95,13661.95,0,0,0.8808749351082336,0,,0
2024-09-16,G04,Leeds,CH05,YouTube,548.45,46502,298,300,4,1,0,14067.35,14083.05,0,0,0.8808749351082336,0,,0
2024-09-16,G04,Leeds,CH06,Display,402.61,80285,261,309,3,0,0,13272.25,13402.37,0,0,0.8808749351082336,0,,0
2024-09-16,G05,Bristol,CH01,Paid Search - Brand,483.38,6137,494,580,43,12,4,12483.84,12257.26,0,0,0.8808749351082336,0,,0
2024-09-16,G05,Bristol,CH02,Paid Search - Non-Brand,1083.82,16562,758,800,27,8,2,12315.17,13549.97,0,0,0.8808749351082336,0,,0
2024-09-16,G05,Bristol,CH03,Paid Social,862.9,83733,986,1065,31,9,2,13420.06,13749.24,0,0,0.8808749351082336,0,,0
2024-09-16,G05,Bristol,CH04,LinkedIn,610.11,17446,142,146,7,2,0,13526.79,13787.25,0,0,0.8808749351082336,0,,0
2024-09-16,G05,Bristol,CH05,YouTube,594.3,50723,301,317,4,1,0,13365.75,13516.97,0,0,0.8808749351082336,0,,0
2024-09-16,G05,Bristol,CH06,Display,372.87,74522,224,250,2,0,0,12674.28,12955.11,0,0,0.8808749351082336,0,,0
2024-09-16,G06,Glasgow,CH01,Paid Search - Brand,432.3,5551,490,547,34,12,4,13553.16,13222.39,0,0,0.8808749351082336,0,,0
2024-09-16,G06,Glasgow,CH02,Paid Search - Non-Brand,882.22,13682,617,743,25,6,2,11012.98,10643.77,0,0,0.8808749351082336,0,,0
2024-09-16,G06,Glasgow,CH03,Paid Social,744.11,71362,784,931,26,7,1,11931.65,12252.85,0,0,0.8808749351082336,0,,0
2024-09-16,G06,Glasgow,CH04,LinkedIn,580.4,16512,122,123,6,1,0,12810.06,12878.51,0,0,0.8808749351082336,0,,0
2024-09-16,G06,Glasgow,CH05,YouTube,593.21,50752,311,365,6,1,0,11505.38,11565.35,0,0,0.8808749351082336,0,,0
2024-09-16,G06,Glasgow,CH06,Display,358.98,73572,226,279,2,0,0,13141.79,12881.76,0,0,0.8808749351082336,0,,0
2024-09-16,G07,Liverpool,CH01,Paid Search - Brand,464.0,5699,448,502,32,6,2,12220.48,12128.4,0,0,0.8808749351082336,0,,0
2024-09-16,G07,Liverpool,CH02,Paid Search - Non-Brand,992.28,15445,719,871,34,6,1,13469.66,12547.44,0,0,0.8808749351082336,0,,0
2024-09-16,G07,Liverpool,CH03,Paid Social,841.26,80595,977,1005,31,11,3,12832.34,12558.86,0,0,0.8808749351082336,0,,0
2024-09-16,G07,Liverpool,CH04,LinkedIn,625.9,18481,138,166,7,2,0,12344.56,11995.91,0,0,0.8808749351082336,0,,0
2024-09-16,G07,Liverpool,CH05,YouTube,582.93,49908,290,302,5,0,0,12888.36,12642.86,0,0,0.8808749351082336,0,,0
2024-09-16,G07,Liverpool,CH06,Display,391.31,77738,211,260,2,0,0,12445.33,12816.31,0,0,0.8808749351082336,0,,0
2024-09-16,G08,Sheffield,CH01,Paid Search - Brand,475.96,5927,459,484,35,9,2,12309.28,11996.9,0,0,0.8808749351082336,0,,0
2024-09-16,G08,Sheffield,CH02,Paid Search - Non-Brand,914.3,13665,616,754,27,9,1,11877.87,11617.29,0,0,0.8808749351082336,0,,0
2024-09-16,G08,Sheffield,CH03,Paid Social,621.06,61390,639,717,22,6,1,12899.64,12411.97,0,0,0.8808749351082336,0,,0
2024-09-16,G08,Sheffield,CH04,LinkedIn,505.12,14115,107,130,5,1,0,12938.9,11937.24,0,0,0.8808749351082336,0,,0
2024-09-16,G08,Sheffield,CH05,YouTube,545.64,45505,263,320,4,0,0,10421.4,9697.17,0,0,0.8808749351082336,0,,0
2024-09-16,G08,Sheffield,CH06,Display,253.72,52038,151,152,1,0,0,11795.79,11221.72,0,0,0.8808749351082336,0,,0
2024-09-16,G09,Edinburgh,CH01,Paid Search - Brand,378.97,4694,398,451,30,5,1,9364.59,9393.03,0,0,0.8808749351082336,0,,0
2024-09-16,G09,Edinburgh,CH02,Paid Search - Non-Brand,786.14,12355,534,584,21,5,1,10965.74,11275.7,0,0,0.8808749351082336,0,,0
2024-09-16,G09,Edinburgh,CH03,Paid Social,713.98,70336,850,1038,34,11,2,10672.45,10345.99,0,0,0.8808749351082336,0,,0
2024-09-16,G09,Edinburgh,CH04,LinkedIn,500.57,14619,112,132,5,1,0,11328.03,11403.89,0,0,0.8808749351082336,0,,0
2024-09-16,G09,Edinburgh,CH05,YouTube,467.65,39979,223,233,4,0,0,9337.45,9025.45,0,0,0.8808749351082336,0,,0
2024-09-16,G09,Edinburgh,CH06,Display,283.88,56035,156,181,1,0,0,10134.48,10216.03,0,0,0.8808749351082336,0,,0
2024-09-16,G10,Cardiff,CH01,Paid Search - Brand,370.84,4626,415,489,32,8,3,9772.11,9940.04,0,0,0.8808749351082336,0,,0
2024-09-16,G10,Cardiff,CH02,Paid Search - Non-Brand,840.81,12588,523,596,26,8,3,8661.58,8447.28,0,0,0.8808749351082336,0,,0
2024-09-16,G10,Cardiff,CH03,Paid Social,621.99,61869,709,824,19,5,1,10188.87,10008.96,0,0,0.8808749351082336,0,,0
2024-09-16,G10,Cardiff,CH04,LinkedIn,468.88,13687,105,113,5,1,0,9192.02,9277.84,0,0,0.8808749351082336,0,,0
2024-09-16,G10,Cardiff,CH05,YouTube,505.07,41650,237,282,4,0,0,11730.93,11011.1,0,0,0.8808749351082336,0,,0
2024-09-16,G10,Cardiff,CH06,Display,273.98,53237,159,167,1,0,0,9047.44,9209.16,0,0,0.8808749351082336,0,,0
2024-09-23,G01,London,CH01,Paid Search - Brand,922.6,11443,961,1068,68,15,3,25871.58,24700.32,0,0,0.88,0,,0
2024-09-23,G01,London,CH02,Paid Search - Non-Brand,2015.37,31315,1332,1429,66,14,3,27055.75,25300.41,0,0,0.88,0,,0
2024-09-23,G01,London,CH03,Paid Social,1529.48,152008,1871,1876,59,16,5,24268.56,24255.99,0,0,0.88,0,,0
2024-09-23,G01,London,CH04,LinkedIn,1261.02,36529,296,303,14,5,2,26045.45,23769.81,0,0,0.88,0,,0
2024-09-23,G01,London,CH05,YouTube,1078.01,89759,543,565,7,1,0,25219.6,24919.95,0,0,0.88,0,,0
2024-09-23,G01,London,CH06,Display,648.7,129833,375,414,3,0,0,23447.79,24216.48,0,0,0.88,0,,0
2024-09-23,G02,Manchester,CH01,Paid Search - Brand,620.79,7824,686,708,54,10,3,17122.07,19276.92,0,0,0.88,0,,0
2024-09-23,G02,Manchester,CH02,Paid Search - Non-Brand,1481.81,23558,1068,1199,40,8,2,16538.25,15884.38,0,0,0.88,0,,0
2024-09-23,G02,Manchester,CH03,Paid Social,1136.95,114952,1418,1460,36,12,2,16067.46,15922.61,0,0,0.88,0,,0
2024-09-23,G02,Manchester,CH04,LinkedIn,941.91,27494,215,222,9,2,0,19852.69,20069.12,0,0,0.88,0,,0
2024-09-23,G02,Manchester,CH05,YouTube,721.26,59416,359,434,6,1,0,17029.54,18417.14,0,0,0.88,0,,0
2024-09-23,G02,Manchester,CH06,Display,462.32,90677,269,280,2,0,0,19167.48,19125.98,0,0,0.88,0,,0
2024-09-23,G03,Birmingham,CH01,Paid Search - Brand,570.49,7204,591,631,41,8,3,16793.1,16509.33,0,0,0.88,0,,0
2024-09-23,G03,Birmingham,CH02,Paid Search - Non-Brand,1185.45,17622,825,964,33,11,2,16785.12,17197.86,0,0,0.88,0,,0
2024-09-23,G03,Birmingham,CH03,Paid Social,994.89,100217,1130,1307,43,11,3,16238.88,16482.08,0,0,0.88,0,,0
2024-09-23,G03,Birmingham,CH04,LinkedIn,876.72,24899,217,254,13,4,0,16730.86,17569.95,0,0,0.88,0,,0
2024-09-23,G03,Birmingham,CH05,YouTube,774.18,63215,358,414,5,1,0,15559.98,15445.77,0,0,0.88,0,,0
2024-09-23,G03,Birmingham,CH06,Display,539.17,108307,307,312,3,0,0,14497.17,14946.72,0,0,0.88,0,,0
2024-09-23,G04,Leeds,CH01,Paid Search - Brand,571.06,7235,612,637,45,14,5,13351.69,14055.22,0,0,0.88,0,,0
2024-09-23,G04,Leeds,CH02,Paid Search - Non-Brand,1045.8,15856,701,704,32,5,1,15448.52,14347.19,0,0,0.88,0,,0
2024-09-23,G04,Leeds,CH03,Paid Social,889.86,83707,987,998,29,10,3,14362.41,14362.53,0,0,0.88,0,,0
2024-09-23,G04,Leeds,CH04,LinkedIn,691.23,19516,155,186,9,1,0,15421.12,14533.1,0,0,0.88,0,,0
2024-09-23,G04,Leeds,CH05,YouTube,766.49,64248,372,419,6,1,0,11707.76,12217.96,0,0,0.88,0,,0
2024-09-23,G04,Leeds,CH06,Display,360.2,73089,226,269,2,0,0,14394.42,14027.57,0,0,0.88,0,,0
2024-09-23,G05,Bristol,CH01,Paid Search - Brand,494.32,6067,486,503,32,6,1,12838.66,12760.78,0,0,0.88,0,,0
2024-09-23,G05,Bristol,CH02,Paid Search - Non-Brand,1005.03,15194,688,783,26,8,3,13090.57,12806.74,0,0,0.88,0,,0
2024-09-23,G05,Bristol,CH03,Paid Social,865.67,86699,1034,1155,28,9,2,12115.64,11827.35,0,0,0.88,0,,0
2024-09-23,G05,Bristol,CH04,LinkedIn,698.06,18923,145,180,9,3,0,15058.11,14692.08,0,0,0.88,0,,0
2024-09-23,G05,Bristol,CH05,YouTube,551.56,46963,251,263,4,1,0,12889.38,12638.77,0,0,0.88,0,,0
2024-09-23,G05,Bristol,CH06,Display,367.17,74427,220,222,2,0,0,14236.4,14496.25,0,0,0.88,0,,0
2024-09-23,G06,Glasgow,CH01,Paid Search - Brand,445.3,5559,474,492,30,11,2,12363.75,12931.12,0,0,0.88,0,,0
2024-09-23,G06,Glasgow,CH02,Paid Search - Non-Brand,948.64,14231,666,788,30,9,3,12218.27,12557.0,0,0,0.88,0,,0
2024-09-23,G06,Glasgow,CH03,Paid Social,657.44,66158,753,875,25,6,2,11308.63,11080.69,0,0,0.88,0,,0
2024-09-23,G06,Glasgow,CH04,LinkedIn,611.93,17091,128,138,6,1,0,11931.84,11467.02,0,0,0.88,0,,0
2024-09-23,G06,Glasgow,CH05,YouTube,563.84,46993,267,270,3,0,0,13711.76,13059.57,0,0,0.88,0,,0
2024-09-23,G06,Glasgow,CH06,Display,348.8,70264,212,225,2,0,0,11459.68,10423.34,0,0,0.88,0,,0
2024-09-23,G07,Liverpool,CH01,Paid Search - Brand,474.07,5951,538,594,36,9,3,13350.61,13246.76,0,0,0.88,0,,0
2024-09-23,G07,Liverpool,CH02,Paid Search - Non-Brand,942.53,13992,631,654,29,7,1,14403.34,14326.37,0,0,0.88,0,,0
2024-09-23,G07,Liverpool,CH03,Paid Social,782.47,80495,1004,1065,32,6,2,11817.79,11759.27,0,0,0.88,0,,0
2024-09-23,G07,Liverpool,CH04,LinkedIn,616.52,17855,135,165,8,1,0,11706.5,11820.04,0,0,0.88,0,,0
2024-09-23,G07,Liverpool,CH05,YouTube,624.17,53115,298,369,6,1,0,11619.06,12340.82,0,0,0.88,0,,0
2024-09-23,G07,Liverpool,CH06,Display,318.25,64834,200,234,1,0,0,11647.5,12348.04,0,0,0.88,0,,0
2024-09-23,G08,Sheffield,CH01,Paid Search - Brand,361.39,4446,362,436,30,5,1,11337.24,10773.46,0,0,0.88,0,,0
2024-09-23,G08,Sheffield,CH02,Paid Search - Non-Brand,873.29,13305,606,633,31,8,1,10138.0,10400.27,0,0,0.88,0,,0
2024-09-23,G08,Sheffield,CH03,Paid Social,800.11,78838,952,983,25,7,3,11541.92,11598.48,0,0,0.88,0,,0
2024-09-23,G08,Sheffield,CH04,LinkedIn,587.06,17285,124,130,5,1,0,12768.58,12409.66,0,0,0.88,0,,0
2024-09-23,G08,Sheffield,CH05,YouTube,472.99,39563,209,254,3,0,0,10917.25,10497.06,0,0,0.88,0,,0
2024-09-23,G08,Sheffield,CH06,Display,272.39,52984,162,181,2,0,0,10343.22,10878.54,0,0,0.88,0,,0
2024-09-23,G09,Edinburgh,CH01,Paid Search - Brand,348.55,4370,404,422,27,5,1,10613.94,10797.74,0,0,0.88,0,,0
2024-09-23,G09,Edinburgh,CH02,Paid Search - Non-Brand,745.07,11317,511,586,24,5,1,11894.77,11043.57,0,0,0.88,0,,0
2024-09-23,G09,Edinburgh,CH03,Paid Social,763.53,76752,947,1063,31,8,2,9007.38,9937.21,0,0,0.88,1,,0
2024-09-23,G09,Edinburgh,CH04,LinkedIn,535.37,15191,120,136,7,2,0,10453.9,10379.19,0,0,0.88,0,,0
2024-09-23,G09,Edinburgh,CH05,YouTube,481.04,40349,234,246,4,1,0,10789.48,11447.61,0,0,0.88,0,,0
2024-09-23,G09,Edinburgh,CH06,Display,286.1,56502,158,190,1,0,0,10308.76,10462.3,0,0,0.88,0,,0
2024-09-23,G10,Cardiff,CH01,Paid Search - Brand,334.11,4091,334,334,19,4,1,10094.5,10233.39,0,0,0.88,0,,0
2024-09-23,G10,Cardiff,CH02,Paid Search - Non-Brand,739.03,11496,518,544,22,6,2,11810.12,11378.84,0,0,0.88,0,,0
2024-09-23,G10,Cardiff,CH03,Paid Social,610.25,60732,743,808,19,5,1,9778.71,9367.04,0,0,0.88,0,,0
2024-09-23,G10,Cardiff,CH04,LinkedIn,484.12,14005,107,128,6,1,0,10983.49,11129.47,0,0,0.88,0,,0
2024-09-23,G10,Cardiff,CH05,YouTube,506.65,42378,265,324,5,1,0,9444.66,9137.14,0,0,0.88,0,,0
2024-09-23,G10,Cardiff,CH06,Display,246.82,51003,140,171,1,0,0,9070.93,9415.0,0,0,0.88,0,,0
2024-09-30,G01,London,CH01,Paid Search - Brand,1001.28,12581,1035,1218,84,18,4,27499.81,25986.51,1,0,0.8808749351082336,0,,0
2024-09-30,G01,London,CH02,Paid Search - Non-Brand,1930.28,30771,1366,1378,50,12,4,29019.16,25062.79,1,0,0.8808749351082336,0,,0
2024-09-30,G01,London,CH03,Paid Social,1659.45,166883,1979,2283,64,23,4,27758.48,26287.59,1,0,0.8808749351082336,0,,0
2024-09-30,G01,London,CH04,LinkedIn,1277.86,35735,296,320,12,3,0,26674.99,25240.41,1,0,0.8808749351082336,0,,0
2024-09-30,G01,London,CH05,YouTube,1202.31,103113,571,706,12,3,1,27995.91,25249.93,1,0,0.8808749351082336,0,,0
2024-09-30,G01,London,CH06,Display,606.94,125785,374,383,4,1,0,25819.11,23301.91,1,0,0.8808749351082336,0,,0
2024-09-30,G02,Manchester,CH01,Paid Search - Brand,680.61,8619,783,834,45,10,2,20852.94,17717.36,1,0,0.8808749351082336,0,,0
2024-09-30,G02,Manchester,CH02,Paid Search - Non-Brand,1500.99,23689,1060,1066,42,15,4,19765.4,17401.52,1,0,0.8808749351082336,0,,0
2024-09-30,G02,Manchester,CH03,Paid Social,1027.12,105951,1344,1573,52,18,7,19677.89,17209.17,1,0,0.8808749351082336,0,,0
2024-09-30,G02,Manchester,CH04,LinkedIn,819.36,22617,181,182,6,1,0,19314.54,16088.25,1,0,0.8808749351082336,0,,0
2024-09-30,G02,Manchester,CH05,YouTube,724.72,59878,323,378,6,1,0,19652.35,18605.18,1,0,0.8808749351082336,0,,0
2024-09-30,G02,Manchester,CH06,Display,496.86,100363,305,375,3,0,0,19428.06,17661.43,1,0,0.8808749351082336,0,,0
2024-09-30,G03,Birmingham,CH01,Paid Search - Brand,591.16,7604,622,689,38,11,3,17833.1,15498.74,1,0,0.8808749351082336,0,,0
2024-09-30,G03,Birmingham,CH02,Paid Search - Non-Brand,1264.82,19751,903,908,32,11,4,16862.71,15897.9,1,0,0.8808749351082336,0,,0
2024-09-30,G03,Birmingham,CH03,Paid Social,1208.16,126106,1607,1893,63,11,3,18478.27,16197.09,1,0,0.8808749351082336,0,,0
2024-09-30,G03,Birmingham,CH04,LinkedIn,792.96,21780,167,182,8,3,0,19396.08,15717.02,1,0,0.8808749351082336,0,,0
2024-09-30,G03,Birmingham,CH05,YouTube,744.86,60653,367,381,5,1,0,16584.95,15484.82,1,0,0.8808749351082336,0,,0
2024-09-30,G03,Birmingham,CH06,Display,473.31,95023,266,266,2,0,0,15643.64,14344.11,1,0,0.8808749351082336,0,,0
2024-09-30,G04,Leeds,CH01,Paid Search - Brand,446.73,5395,478,564,33,7,1,14671.82,12956.02,1,0,0.8808749351082336,0,,0
2024-09-30,G04,Leeds,CH02,Paid Search - Non-Brand,1222.09,19352,905,979,36,8,3,17287.95,14383.38,1,0,0.8808749351082336,0,,0
2024-09-30,G04,Leeds,CH03,Paid Social,874.23,89281,1023,1181,34,10,2,17497.08,14825.49,1,0,0.8808749351082336,0,,0
2024-09-30,G04,Leeds,CH04,LinkedIn,775.41,21747,157,193,7,2,0,16554.44,13516.28,1,0,0.8808749351082336,0,,0
2024-09-30,G04,Leeds,CH05,YouTube,703.15,59451,333,344,5,1,0,14630.63,12836.71,1,0,0.8808749351082336,0,,0
2024-09-30,G04,Leeds,CH06,Display,372.08,74791,212,212,2,0,0,15028.22,13829.21,1,0,0.8808749351082336,0,,0
2024-09-30,G05,Bristol,CH01,Paid Search - Brand,465.98,5900,525,593,30,10,3,12990.8,12114.13,1,0,0.8808749351082336,0,,0
2024-09-30,G05,Bristol,CH02,Paid Search - Non-Brand,1002.88,15679,694,792,28,8,3,13107.67,12352.48,1,0,0.8808749351082336,1,,0
2024-09-30,G05,Bristol,CH03,Paid Social,832.8,83471,1055,1257,37,12,5,16165.24,13895.66,1,0,0.8808749351082336,0,,0
2024-09-30,G05,Bristol,CH04,LinkedIn,695.92,19994,146,154,7,2,0,15088.49,13086.66,1,0,0.8808749351082336,0,,0
2024-09-30,G05,Bristol,CH05,YouTube,630.61,51483,295,304,3,0,0,16591.63,14227.66,1,0,0.8808749351082336,0,,0
2024-09-30,G05,Bristol,CH06,Display,344.05,69480,204,234,2,0,0,16872.54,13630.88,1,0,0.8808749351082336,0,,0
2024-09-30,G06,Glasgow,CH01,Paid Search - Brand,391.29,4928,447,508,38,8,1,13512.41,10950.93,1,0,0.8808749351082336,0,,0
2024-09-30,G06,Glasgow,CH02,Paid Search - Non-Brand,958.23,14703,682,765,29,5,1,13485.26,11663.46,1,0,0.8808749351082336,0,,0
2024-09-30,G06,Glasgow,CH03,Paid Social,767.32,76432,905,1086,29,9,1,14825.82,12035.01,1,0,0.8808749351082336,0,,0
2024-09-30,G06,Glasgow,CH04,LinkedIn,583.45,16457,140,161,6,2,0,15062.72,12679.14,1,0,0.8808749351082336,0,,0
2024-09-30,G06,Glasgow,CH05,YouTube,530.51,44056,258,288,3,0,0,13021.49,11600.74,1,0,0.8808749351082336,0,,0
2024-09-30,G06,Glasgow,CH06,Display,260.79,52252,158,191,1,0,0,13930.75,12036.8,1,0,0.8808749351082336,0,,0
2024-09-30,G07,Liverpool,CH01,Paid Search - Brand,444.07,5707,475,492,27,6,2,14031.14,11611.27,1,0,0.8808749351082336,0,,0
2024-09-30,G07,Liverpool,CH02,Paid Search - Non-Brand,906.66,14092,633,648,26,8,3,14786.1,13169.29,1,0,0.8808749351082336,0,,0
2024-09-30,G07,Liverpool,CH03,Paid Social,800.94,80681,998,1067,26,8,2,13937.56,11336.45,1,0,0.8808749351082336,0,,0
2024-09-30,G07,Liverpool,CH04,LinkedIn,621.23,17727,132,156,7,2,0,13140.88,11650.34,1,0,0.8808749351082336,0,,0
2024-09-30,G07,Liverpool,CH05,YouTube,525.39,45230,268,330,5,1,0,14208.19,11695.34,1,0,0.8808749351082336,0,,0
2024-09-30,G07,Liverpool,CH06,Display,318.91,64041,187,222,2,0,0,14090.52,12522.22,1,0,0.8808749351082336,0,,0
2024-09-30,G08,Sheffield,CH01,Paid Search - Brand,410.09,5090,431,479,35,10,3,11497.78,9706.65,1,0,0.8808749351082336,0,,0
2024-09-30,G08,Sheffield,CH02,Paid Search - Non-Brand,756.52,11489,504,619,21,5,1,12926.06,10729.07,1,0,0.8808749351082336,0,,0
2024-09-30,G08,Sheffield,CH03,Paid Social,637.85,64777,811,960,27,9,1,12818.23,11594.9,1,0,0.8808749351082336,0,,0
2024-09-30,G08,Sheffield,CH04,LinkedIn,506.9,14487,117,124,6,1,0,15184.24,11621.62,1,0,0.8808749351082336,0,,0
2024-09-30,G08,Sheffield,CH05,YouTube,524.97,43641,262,284,3,0,0,13029.99,10889.81,1,0,0.8808749351082336,0,,0
2024-09-30,G08,Sheffield,CH06,Display,267.87,54353,152,165,1,0,0,11496.42,11043.22,1,0,0.8808749351082336,0,,0
2024-09-30,G09,Edinburgh,CH01,Paid Search - Brand,400.58,4958,379,440,29,6,2,12942.57,10959.4,1,0,0.8808749351082336,0,,0
2024-09-30,G09,Edinburgh,CH02,Paid Search - Non-Brand,1006.45,15507,611,737,26,4,1,12892.22,10938.33,1,0,0.8808749351082336,0,,0
2024-09-30,G09,Edinburgh,CH03,Paid Social,656.43,67559,712,737,21,7,2,12120.13,10084.48,1,0,0.8808749351082336,0,,0
2024-09-30,G09,Edinburgh,CH04,LinkedIn,543.67,15625,122,142,5,1,0,12289.34,10369.19,1,0,0.8808749351082336,0,,0
2024-09-30,G09,Edinburgh,CH05,YouTube,444.95,38654,226,226,3,0,0,11609.33,9507.84,1,0,0.8808749351082336,0,,0
2024-09-30,G09,Edinburgh,CH06,Display,300.72,59662,165,193,1,0,0,12427.6,10378.28,1,0,0.8808749351082336,0,,0
2024-09-30,G10,Cardiff,CH01,Paid Search - Brand,356.68,4515,355,362,24,8,2,11284.22,9292.69,1,0,0.8808749351082336,0,,0
2024-09-30,G10,Cardiff,CH02,Paid Search - Non-Brand,799.55,12113,523,579,28,9,3,12032.97,9563.68,1,0,0.8808749351082336,0,,0
2024-09-30,G10,Cardiff,CH03,Paid Social,625.53,61031,732,764,20,4,0,10744.34,8934.0,1,0,0.8808749351082336,0,,0
2024-09-30,G10,Cardiff,CH04,LinkedIn,553.65,15866,126,134,5,1,0,11152.78,9338.32,1,0,0.8808749351082336,0,,0
2024-09-30,G10,Cardiff,CH05,YouTube,458.51,38579,221,272,4,1,0,11300.38,8945.06,1,0,0.8808749351082336,0,,0
2024-09-30,G10,Cardiff,CH06,Display,283.36,58068,166,177,1,0,0,11908.53,9804.74,1,0,0.8808749351082336,0,,0
2024-10-07,G01,London,CH01,Paid Search - Brand,952.88,12014,1029,1177,79,20,6,26125.18,26864.47,0,0,0.8834869819088738,0,,0
2024-10-07,G01,London,CH02,Paid Search - Non-Brand,1996.38,30234,1352,1431,58,16,5,23854.86,23801.17,0,0,0.8834869819088738,0,,0
2024-10-07,G01,London,CH03,Paid Social,1709.46,170159,2235,2382,54,14,3,28117.71,27344.49,0,0,0.8834869819088738,0,,0
2024-10-07,G01,London,CH04,LinkedIn,1266.67,36349,291,321,16,3,1,24932.93,25043.89,0,0,0.8834869819088738,0,,0
2024-10-07,G01,London,CH05,YouTube,1115.37,91788,559,693,8,2,0,23271.11,23953.66,0,0,0.8834869819088738,0,,0
2024-10-07,G01,London,CH06,Display,642.26,130050,392,427,4,0,0,25529.75,23731.28,0,0,0.8834869819088738,0,,0
2024-10-07,G02,Manchester,CH01,Paid Search - Brand,692.9,8789,727,876,67,15,6,17084.83,17499.75,0,0,0.8834869819088738,0,,0
2024-10-07,G02,Manchester,CH02,Paid Search - Non-Brand,1385.97,21052,859,1011,47,9,3,17729.81,17351.22,0,0,0.8834869819088738,0,,0
2024-10-07,G02,Manchester,CH03,Paid Social,1165.15,114831,1427,1604,41,7,1,17953.2,17483.4,0,0,0.8834869819088738,0,,0
2024-10-07,G02,Manchester,CH04,LinkedIn,976.7,28654,229,260,10,2,0,18461.39,19099.61,0,0,0.8834869819088738,0,,0
2024-10-07,G02,Manchester,CH05,YouTube,813.11,67389,416,483,7,2,0,17131.03,17394.12,0,0,0.8834869819088738,0,,0
2024-10-07,G02,Manchester,CH06,Display,551.49,110747,317,325,2,0,0,16337.68,15926.62,0,0,0.8834869819088738,0,,0
2024-10-07,G03,Birmingham,CH01,Paid Search - Brand,674.68,8500,719,719,39,9,3,15151.16,14619.57,0,0,0.8834869819088738,0,,0
2024-10-07,G03,Birmingham,CH02,Paid Search - Non-Brand,1305.95,20112,922,927,41,9,3,17023.25,15990.79,0,0,0.8834869819088738,0,,0
2024-10-07,G03,Birmingham,CH03,Paid Social,1068.18,103780,1279,1322,40,7,2,18552.11,17948.32,0,0,0.8834869819088738,0,,0
2024-10-07,G03,Birmingham,CH04,LinkedIn,959.73,26478,211,247,9,2,0,17902.72,18048.11,0,0,0.8834869819088738,0,,0
2024-10-07,G03,Birmingham,CH05,YouTube,699.4,59673,340,414,7,1,0,15516.99,15946.32,0,0,0.8834869819088738,0,,0
2024-10-07,G03,Birmingham,CH06,Display,457.51,92833,280,315,2,0,0,17244.72,16664.92,0,0,0.8834869819088738,0,,0
2024-10-07,G04,Leeds,CH01,Paid Search - Brand,529.62,6623,534,625,38,8,1,14391.97,14398.91,0,0,0.8834869819088738,0,,0
2024-10-07,G04,Leeds,CH02,Paid Search - Non-Brand,1070.07,16231,756,893,36,9,2,14900.99,14253.22,0,0,0.8834869819088738,0,,0
2024-10-07,G04,Leeds,CH03,Paid Social,1005.8,102628,1173,1460,47,17,5,13935.3,13427.08,0,0,0.8834869819088738,0,,0
2024-10-07,G04,Leeds,CH04,LinkedIn,723.9,20144,150,183,8,2,0,14028.91,13612.45,0,0,0.8834869819088738,0,,0
2024-10-07,G04,Leeds,CH05,YouTube,648.9,55491,313,357,4,0,0,14912.24,15050.73,0,0,0.8834869819088738,0,,0
2024-10-07,G04,Leeds,CH06,Display,402.51,79607,233,238,2,0,0,13502.01,13575.21,0,0,0.8834869819088738,0,,0
2024-10-07,G05,Bristol,CH01,Paid Search - Brand,513.01,6437,578,655,50,13,4,12626.39,12146.7,0,0,0.8834869819088738,0,,0
2024-10-07,G05,Bristol,CH02,Paid Search - Non-Brand,1087.05,16957,727,727,30,7,2,12447.75,12013.84,0,0,0.8834869819088738,0,,0
2024-10-07,G05,Bristol,CH03,Paid Social,741.27,74608,852,999,26,4,1,12587.4,12089.08,0,0,0.8834869819088738,0,,0
2024-10-07,G05,Bristol,CH04,LinkedIn,745.62,22318,172,176,7,2,0,13710.4,14494.69,0,0,0.8834869819088738,1,,0
2024-10-07,G05,Bristol,CH05,YouTube,643.28,52517,322,356,4,1,0,14198.74,14243.21,0,0,0.8834869819088738,0,,0
2024-10-07,G05,Bristol,CH06,Display,345.72,67649,191,230,2,0,0,12278.77,12530.62,0,0,0.8834869819088738,0,,0
2024-10-07,G06,Glasgow,CH01,Paid Search - Brand,419.46,5264,476,488,26,4,1,10832.61,10811.88,0,0,0.8834869819088738,0,,0
2024-10-07,G06,Glasgow,CH02,Paid Search - Non-Brand,912.38,13875,635,640,21,4,1,12159.23,11513.83,0,0,0.8834869819088738,0,,0
2024-10-07,G06,Glasgow,CH03,Paid Social,805.38,82244,1001,1169,34,10,2,12146.15,12532.69,0,0,0.8834869819088738,0,,0
2024-10-07,G06,Glasgow,CH04,LinkedIn,560.7,16151,119,129,6,1,0,11581.47,11313.38,0,0,0.8834869819088738,0,,0
2024-10-07,G06,Glasgow,CH05,YouTube,597.8,50609,319,379,6,1,0,10648.01,10707.11,0,0,0.8834869819088738,0,,0
2024-10-07,G06,Glasgow,CH06,Display,304.86,58998,170,190,2,0,0,13224.65,12562.51,0,0,0.8834869819088738,0,,0
2024-10-07,G07,Liverpool,CH01,Paid Search - Brand,477.83,5935,495,516,29,7,2,11962.11,12996.94,0,0,0.8834869819088738,1,,0
2024-10-07,G07,Liverpool,CH02,Paid Search - Non-Brand,922.22,14052,655,751,32,8,2,11379.55,11626.1,0,0,0.8834869819088738,0,,0
2024-10-07,G07,Liverpool,CH03,Paid Social,769.77,75123,902,979,27,9,3,12479.51,11571.12,0,0,0.8834869819088738,0,,0
2024-10-07,G07,Liverpool,CH04,LinkedIn,585.57,16274,126,132,6,1,0,13508.16,13287.65,0,0,0.8834869819088738,0,,0
2024-10-07,G07,Liverpool,CH05,YouTube,553.97,45186,251,306,4,0,0,13381.41,12591.7,0,0,0.8834869819088738,0,,0
2024-10-07,G07,Liverpool,CH06,Display,333.16,66303,196,215,1,0,0,11108.08,11858.46,0,0,0.8834869819088738,0,,0
2024-10-07,G08,Sheffield,CH01,Paid Search - Brand,465.13,5804,463,526,39,13,2,11825.21,11592.0,0,0,0.8834869819088738,0,,0
2024-10-07,G08,Sheffield,CH02,Paid Search - Non-Brand,974.86,15347,696,803,36,13,3,11314.04,10634.34,0,0,0.8834869819088738,0,,0
2024-10-07,G08,Sheffield,CH03,Paid Social,672.6,66288,843,898,21,7,1,12078.69,11494.13,0,0,0.8834869819088738,0,,0
2024-10-07,G08,Sheffield,CH04,LinkedIn,615.09,17193,134,145,5,1,0,12646.18,11341.92,0,0,0.8834869819088738,0,,0
2024-10-07,G08,Sheffield,CH05,YouTube,503.39,41440,264,272,4,0,0,10712.67,11396.18,0,0,0.8834869819088738,1,,0
2024-10-07,G08,Sheffield,CH06,Display,304.17,60116,169,201,2,0,0,10336.6,11407.7,0,0,0.8834869819088738,1,,0
2024-10-07,G09,Edinburgh,CH01,Paid Search - Brand,413.9,5414,442,535,30,6,1,10429.17,10395.64,0,0,0.8834869819088738,0,,0
2024-10-07,G09,Edinburgh,CH02,Paid Search - Non-Brand,704.86,11153,489,561,25,7,2,10646.51,10381.49,0,0,0.8834869819088738,0,,0
2024-10-07,G09,Edinburgh,CH03,Paid Social,807.22,82434,889,1089,30,9,4,10906.27,10515.82,0,0,0.8834869819088738,0,,0
2024-10-07,G09,Edinburgh,CH04,LinkedIn,523.19,14308,109,135,5,1,0,10193.2,10540.12,0,0,0.8834869819088738,0,,0
2024-10-07,G09,Edinburgh,CH05,YouTube,442.32,37371,202,243,3,0,0,9398.13,8421.21,0,0,0.8834869819088738,0,,0
2024-10-07,G09,Edinburgh,CH06,Display,303.47,63531,173,180,1,0,0,11843.82,11628.97,0,0,0.8834869819088738,0,,0
2024-10-07,G10,Cardiff,CH01,Paid Search - Brand,361.36,4590,391,431,26,8,3,11438.09,10519.95,0,0,0.8834869819088738,0,,0
2024-10-07,G10,Cardiff,CH02,Paid Search - Non-Brand,766.66,11579,516,628,30,9,2,11304.94,10976.04,0,0,0.8834869819088738,0,,0
2024-10-07,G10,Cardiff,CH03,Paid Social,656.08,65738,815,883,24,7,1,9993.57,10450.79,0,0,0.8834869819088738,0,,0
2024-10-07,G10,Cardiff,CH04,LinkedIn,470.39,13423,103,117,6,1,0,10227.24,9899.55,0,0,0.8834869819088738,0,,0
2024-10-07,G10,Cardiff,CH05,YouTube,473.25,39054,230,278,3,0,0,9966.65,9735.88,0,0,0.8834869819088738,0,,0
2024-10-07,G10,Cardiff,CH06,Display,268.87,54640,151,155,1,0,0,9081.59,10156.58,0,0,0.8834869819088738,0,,0
2024-10-14,G01,London,CH01,Paid Search - Brand,906.21,10897,948,1090,59,16,3,23538.08,23527.14,0,0,0.8877980508777502,0,,0
2024-10-14,G01,London,CH02,Paid Search - Non-Brand,2003.17,30773,1232,1319,49,9,2,24791.19,24580.04,0,0,0.8877980508777502,0,,0
2024-10-14,G01,London,CH03,Paid Social,1623.96,164336,1920,2233,60,22,6,26498.45,27283.57,0,0,0.8877980508777502,0,,0
2024-10-14,G01,London,CH04,LinkedIn,1232.5,35242,253,253,9,2,0,23239.73,22786.1,0,0,0.8877980508777502,0,,0
2024-10-14,G01,London,CH05,YouTube,1103.14,88130,544,663,11,2,0,29274.73,27230.23,0,0,0.8877980508777502,0,,0
2024-10-14,G01,London,CH06,Display,645.74,129342,378,431,3,0,0,22580.93,22286.69,0,0,0.8877980508777502,0,,0
2024-10-14,G02,Manchester,CH01,Paid Search - Brand,666.1,8372,707,747,53,13,3,18749.85,18183.76,0,0,0.8877980508777502,0,,0
2024-10-14,G02,Manchester,CH02,Paid Search - Non-Brand,1467.96,23156,1109,1115,51,12,5,19721.99,17912.08,0,0,0.8877980508777502,0,,0
2024-10-14,G02,Manchester,CH03,Paid Social,1190.88,118966,1355,1367,34,9,2,18899.7,18379.29,0,0,0.8877980508777502,0,,0
2024-10-14,G02,Manchester,CH04,LinkedIn,933.87,27112,212,250,12,3,0,17876.47,16990.44,0,0,0.8877980508777502,0,,0
2024-10-14,G02,Manchester,CH05,YouTube,759.48,63179,392,429,6,1,0,15193.66,14850.29,0,0,0.8877980508777502,0,,0
2024-10-14,G02,Manchester,CH06,Display,389.72,77373,209,231,2,0,0,17462.66,17464.56,0,0,0.8877980508777502,0,,0
2024-10-14,G03,Birmingham,CH01,Paid Search - Brand,601.59,7354,617,742,52,10,2,14898.0,15615.92,0,0,0.8877980508777502,0,,0
2024-10-14,G03,Birmingham,CH02,Paid Search - Non-Brand,1243.81,18642,876,898,37,10,4,18567.71,18220.64,0,0,0.8877980508777502,0,,0
2024-10-14,G03,Birmingham,CH03,Paid Social,1129.6,116865,1438,1731,53,13,4,16808.3,16983.54,0,0,0.8877980508777502,0,,0
2024-10-14,G03,Birmingham,CH04,LinkedIn,966.66,26965,221,223,11,2,0,17925.79,17262.37,0,0,0.8877980508777502,0,,0
2024-10-14,G03,Birmingham,CH05,YouTube,654.05,54818,325,373,4,0,0,17370.48,16503.13,0,0,0.8877980508777502,0,,0
2024-10-14,G03,Birmingham,CH06,Display,411.05,79639,236,290,2,0,0,16801.53,16917.83,0,0,0.8877980508777502,0,,0
2024-10-14,G04,Leeds,CH01,Paid Search - Brand,542.36,7080,620,729,50,12,3,14944.04,14313.27,0,0,0.8877980508777502,0,,0
2024-10-14,G04,Leeds,CH02,Paid Search - Non-Brand,1067.89,16225,727,871,34,6,1,15392.56,14332.33,0,0,0.8877980508777502,0,,0
2024-10-14,G04,Leeds,CH03,Paid Social,935.83,91093,1056,1088,25,5,1,15284.03,14897.68,0,0,0.8877980508777502,0,,0
2024-10-14,G04,Leeds,CH04,LinkedIn,760.38,21612,159,173,6,1,0,12288.72,13429.7,0,0,0.8877980508777502,1,,0
2024-10-14,G04,Leeds,CH05,YouTube,603.95,49541,288,315,5,1,0,17346.18,16513.85,0,0,0.8877980508777502,0,,0
2024-10-14,G04,Leeds,CH06,Display,381.39,76737,225,248,2,0,0,15954.63,15665.87,0,0,0.8877980508777502,0,,0
2024-10-14,G05,Bristol,CH01,Paid Search - Brand,537.27,6795,535,579,38,10,2,14676.53,13766.85,0,0,0.8877980508777502,0,,0
2024-10-14,G05,Bristol,CH02,Paid Search - Non-Brand,994.41,14667,626,716,30,5,2,13789.13,14151.38,0,0,0.8877980508777502,0,,0
2024-10-14,G05,Bristol,CH03,Paid Social,793.52,77704,984,1200,36,8,2,11937.44,11928.2,0,0,0.8877980508777502,0,,0
2024-10-14,G05,Bristol,CH04,LinkedIn,717.53,20538,168,194,9,2,0,12906.29,12267.35,0,0,0.8877980508777502,0,,0
2024-10-14,G05,Bristol,CH05,YouTube,613.81,52041,307,308,5,1,0,15373.47,14842.97,0,0,0.8877980508777502,0,,0
2024-10-14,G05,Bristol,CH06,Display,352.23,74235,209,243,2,0,0,13787.23,13719.71,0,0,0.8877980508777502,0,,0
2024-10-14,G06,Glasgow,CH01,Paid Search - Brand,424.69,5198,435,482,29,10,2,11578.85,11782.95,0,0,0.8877980508777502,0,,0
2024-10-14,G06,Glasgow,CH02,Paid Search - Non-Brand,920.79,14431,626,769,30,10,2,11787.03,11348.3,0,0,0.8877980508777502,0,,0
2024-10-14,G06,Glasgow,CH03,Paid Social,825.12,83413,958,1145,26,6,2,13545.91,12395.71,0,0,0.8877980508777502,0,,0
2024-10-14,G06,Glasgow,CH04,LinkedIn,599.78,16653,123,143,6,1,0,11913.57,11524.21,0,0,0.8877980508777502,0,,0
2024-10-14,G06,Glasgow,CH05,YouTube,553.6,46968,275,334,4,1,0,11190.13,11345.07,0,0,0.8877980508777502,0,,0
2024-10-14,G06,Glasgow,CH06,Display,304.3,61114,186,209,1,0,0,13208.02,12679.66,0,0,0.8877980508777502,0,,0
2024-10-14,G07,Liverpool,CH01,Paid Search - Brand,436.04,5423,452,455,31,11,2,12058.57,11951.29,0,0,0.8877980508777502,0,,0
2024-10-14,G07,Liverpool,CH02,Paid Search - Non-Brand,922.65,14353,637,721,33,10,2,13806.45,12656.86,0,0,0.8877980508777502,0,,0
2024-10-14,G07,Liverpool,CH03,Paid Social,799.52,77318,880,1065,32,6,2,13739.01,13669.39,0,0,0.8877980508777502,0,,0
2024-10-14,G07,Liverpool,CH04,LinkedIn,651.41,18777,147,166,8,2,0,13388.27,13074.13,0,0,0.8877980508777502,0,,0
2024-10-14,G07,Liverpool,CH05,YouTube,541.07,43558,256,308,4,0,0,13443.8,12790.69,0,0,0.8877980508777502,0,,0
2024-10-14,G07,Liverpool,CH06,Display,329.4,66847,194,225,1,0,0,14565.19,14490.52,0,0,0.8877980508777502,0,,0
2024-10-14,G08,Sheffield,CH01,Paid Search - Brand,396.71,5079,432,435,30,10,4,10924.41,11030.45,0,0,0.8877980508777502,0,,0
2024-10-14,G08,Sheffield,CH02,Paid Search - Non-Brand,880.52,13804,636,707,27,8,2,10784.46,10258.81,0,0,0.8877980508777502,0,,0
2024-10-14,G08,Sheffield,CH03,Paid Social,635.41,65331,748,901,24,6,1,9698.32,10206.6,0,0,0.8877980508777502,0,,0
2024-10-14,G08,Sheffield,CH04,LinkedIn,604.39,17228,140,146,7,2,0,12882.92,12174.09,0,0,0.8877980508777502,0,,0
2024-10-14,G08,Sheffield,CH05,YouTube,467.81,38934,233,237,3,0,0,12260.61,12708.19,0,0,0.8877980508777502,0,,0
2024-10-14,G08,Sheffield,CH06,Display,279.07,54787,155,177,1,0,0,13369.46,12528.52,0,0,0.8877980508777502,0,,0
2024-10-14,G09,Edinburgh,CH01,Paid Search - Brand,360.61,4412,367,399,27,6,2,9890.44,10155.15,0,0,0.8877980508777502,0,,0
2024-10-14,G09,Edinburgh,CH02,Paid Search - Non-Brand,841.1,12523,583,719,28,5,2,10173.66,9786.88,0,0,0.8877980508777502,0,,0
2024-10-14,G09,Edinburgh,CH03,Paid Social,652.57,65116,770,941,29,7,2,9991.94,10011.54,0,0,0.8877980508777502,0,,0
2024-10-14,G09,Edinburgh,CH04,LinkedIn,548.68,15701,129,129,6,1,0,9587.19,10396.03,0,0,0.8877980508777502,0,,0
2024-10-14,G09,Edinburgh,CH05,YouTube,501.92,41702,248,267,3,0,0,10058.78,10946.96,0,0,0.8877980508777502,0,,0
2024-10-14,G09,Edinburgh,CH06,Display,294.75,58382,178,178,1,0,0,10839.05,11187.67,0,0,0.8877980508777502,0,,0
2024-10-14,G10,Cardiff,CH01,Paid Search - Brand,343.75,4379,363,380,20,6,1,9720.68,9260.67,0,0,0.8877980508777502,0,,0
2024-10-14,G10,Cardiff,CH02,Paid Search - Non-Brand,869.64,13373,629,776,36,10,3,8685.19,8841.27,0,0,0.8877980508777502,0,,0
2024-10-14,G10,Cardiff,CH03,Paid Social,641.8,63806,765,893,26,8,1,9640.74,9881.74,0,0,0.8877980508777502,0,,0
2024-10-14,G10,Cardiff,CH04,LinkedIn,473.5,13671,99,114,4,1,0,8803.73,9337.56,0,0,0.8877980508777502,0,,0
2024-10-14,G10,Cardiff,CH05,YouTube,446.81,37240,228,244,4,1,0,9879.74,9934.35,0,0,0.8877980508777502,0,,0
2024-10-14,G10,Cardiff,CH06,Display,246.79,48519,158,162,1,0,0,8262.52,8529.57,0,0,0.8877980508777502,0,,0
2024-10-21,G01,London,CH01,Paid Search - Brand,877.13,10967,910,944,51,10,3,27247.09,26756.31,0,0,0.8937452769216148,1,,0
2024-10-21,G01,London,CH02,Paid Search - Non-Brand,2057.78,31684,1421,1764,81,24,6,26042.4,25918.44,0,0,0.8937452769216148,0,,0
2024-10-21,G01,London,CH03,Paid Social,1655.81,163494,1973,2113,51,15,5,28062.21,27439.39,0,0,0.8937452769216148,0,,0
2024-10-21,G01,London,CH04,LinkedIn,1285.96,36312,291,313,15,4,1,28919.98,27802.54,0,0,0.8937452769216148,0,,0
2024-10-21,G01,London,CH05,YouTube,1088.1,88669,517,576,8,2,0,26472.57,26388.65,0,0,0.8937452769216148,0,,0
2024-10-21,G01,London,CH06,Display,651.61,135900,414,482,3,0,0,25202.89,26851.53,0,0,0.8937452769216148,0,,0
2024-10-21,G02,Manchester,CH01,Paid Search - Brand,595.23,7396,643,709,53,18,6,16349.7,15635.41,0,0,0.8937452769216148,0,,0
2024-10-21,G02,Manchester,CH02,Paid Search - Non-Brand,1464.62,22030,1067,1300,47,9,3,17567.35,16987.52,0,0,0.8937452769216148,0,,0
2024-10-21,G02,Manchester,CH03,Paid Social,1038.63,103032,1290,1313,33,6,1,18409.23,18027.36,0,0,0.8937452769216148,0,,0
2024-10-21,G02,Manchester,CH04,LinkedIn,902.08,25541,197,200,8,2,0,18486.02,17065.29,0,0,0.8937452769216148,0,,0
2024-10-21,G02,Manchester,CH05,YouTube,776.25,65686,372,440,7,2,0,16035.63,16400.19,0,0,0.8937452769216148,0,,0
2024-10-21,G02,Manchester,CH06,Display,505.58,102796,271,282,2,0,0,17414.94,17673.31,0,0,0.8937452769216148,0,,0
2024-10-21,G03,Birmingham,CH01,Paid Search - Brand,674.93,8577,728,742,50,16,5,17791.09,17174.09,0,0,0.8937452769216148,0,,0
2024-10-21,G03,Birmingham,CH02,Paid Search - Non-Brand,1370.64,21177,932,1017,39,7,1,17295.85,16387.59,0,0,0.8937452769216148,0,,0
2024-10-21,G03,Birmingham,CH03,Paid Social,992.01,100568,1295,1446,47,16,5,18313.05,17037.13,0,0,0.8937452769216148,0,,0
2024-10-21,G03,Birmingham,CH04,LinkedIn,929.14,26473,212,224,9,1,0,18019.55,17586.26,0,0,0.8937452769216148,0,,0
2024-10-21,G03,Birmingham,CH05,YouTube,820.89,66851,412,478,7,2,0,17191.03,17168.85,0,0,0.8937452769216148,0,,0
2024-10-21,G03,Birmingham,CH06,Display,480.52,96257,286,319,2,0,0,17470.49,16966.7,0,0,0.8937452769216148,0,,0
2024-10-21,G04,Leeds,CH01,Paid Search - Brand,467.03,5797,462,498,28,8,2,15244.99,14047.45,0,0,0.8937452769216148,0,,0
2024-10-21,G04,Leeds,CH02,Paid Search - Non-Brand,1094.62,17578,867,916,38,9,3,12976.9,13206.96,0,0,0.8937452769216148,0,,0
2024-10-21,G04,Leeds,CH03,Paid Social,1022.51,99495,1274,1422,31,8,3,15577.79,14855.97,0,0,0.8937452769216148,0,,0
2024-10-21,G04,Leeds,CH04,LinkedIn,771.02,21654,169,190,8,1,0,12182.66,12257.87,0,0,0.8937452769216148,0,,0
2024-10-21,G04,Leeds,CH05,YouTube,701.13,59300,367,443,6,1,0,14644.83,15402.54,0,0,0.8937452769216148,0,,0
2024-10-21,G04,Leeds,CH06,Display,362.64,71353,214,263,2,0,0,12711.09,12621.14,0,0,0.8937452769216148,0,,0
2024-10-21,G05,Bristol,CH01,Paid Search - Brand,485.16,6242,542,552,32,10,4,12360.67,11541.38,0,0,0.8937452769216148,0,,0
2024-10-21,G05,Bristol,CH02,Paid Search - Non-Brand,1187.58,18424,817,905,33,8,3,12451.97,12377.7,0,0,0.8937452769216148,0,,0
2024-10-21,G05,Bristol,CH03,Paid Social,868.3,87546,1071,1269,36,8,2,12139.74,12037.88,0,0,0.8937452769216148,0,,0
2024-10-21,G05,Bristol,CH04,LinkedIn,640.32,18559,142,169,7,1,0,12754.47,12924.79,0,0,0.8937452769216148,0,,0
2024-10-21,G05,Bristol,CH05,YouTube,582.78,45900,266,316,3,0,0,12451.81,12101.12,0,0,0.8937452769216148,0,,0
2024-10-21,G05,Bristol,CH06,Display,359.42,72901,218,239,2,0,0,16774.74,16318.76,0,0,0.8937452769216148,0,,0
2024-10-21,G06,Glasgow,CH01,Paid Search - Brand,429.29,5229,427,458,29,5,1,13491.47,13284.77,0,0,0.8937452769216148,0,,0
2024-10-21,G06,Glasgow,CH02,Paid Search - Non-Brand,880.71,13691,646,750,26,8,2,11414.18,11192.69,0,0,0.8937452769216148,0,,0
2024-10-21,G06,Glasgow,CH03,Paid Social,682.15,68512,792,972,24,7,1,12238.52,12275.9,0,0,0.8937452769216148,0,,0
2024-10-21,G06,Glasgow,CH04,LinkedIn,593.56,16853,125,135,5,0,0,12334.83,11661.22,0,0,0.8937452769216148,0,,0
2024-10-21,G06,Glasgow,CH05,YouTube,562.77,46553,256,275,3,0,0,13160.59,12372.75,0,0,0.8937452769216148,0,,0
2024-10-21,G06,Glasgow,CH06,Display,315.78,63511,179,206,1,0,0,12493.33,11785.16,0,0,0.8937452769216148,0,,0
2024-10-21,G07,Liverpool,CH01,Paid Search - Brand,434.51,5488,447,474,31,10,2,13362.87,12748.98,0,0,0.8937452769216148,0,,0
2024-10-21,G07,Liverpool,CH02,Paid Search - Non-Brand,926.38,14183,687,812,29,10,3,11931.74,11754.79,0,0,0.8937452769216148,0,,0
2024-10-21,G07,Liverpool,CH03,Paid Social,735.66,72420,851,965,23,7,1,12464.63,12950.08,0,0,0.8937452769216148,0,,0
2024-10-21,G07,Liverpool,CH04,LinkedIn,618.53,18572,145,153,7,1,0,11921.01,11529.14,0,0,0.8937452769216148,0,,0
2024-10-21,G07,Liverpool,CH05,YouTube,570.61,48282,283,353,4,1,0,13373.14,12460.75,0,0,0.8937452769216148,0,,0
2024-10-21,G07,Liverpool,CH06,Display,309.59,61919,174,186,1,0,0,11605.8,11838.44,0,0,0.8937452769216148,0,,0
2024-10-21,G08,Sheffield,CH01,Paid Search - Brand,420.79,5159,421,490,34,9,2,12520.34,11932.64,0,0,0.8937452769216148,0,,0
2024-10-21,G08,Sheffield,CH02,Paid Search - Non-Brand,844.84,13022,565,578,27,7,2,9480.36,9176.37,0,0,0.8937452769216148,0,,0
2024-10-21,G08,Sheffield,CH03,Paid Social,617.31,61109,710,735,18,5,2,10241.5,9925.72,0,0,0.8937452769216148,0,,0
2024-10-21,G08,Sheffield,CH04,LinkedIn,605.79,17593,147,166,8,2,0,9291.04,9727.65,0,0,0.8937452769216148,0,,0
2024-10-21,G08,Sheffield,CH05,YouTube,535.83,45606,263,319,4,1,0,11382.2,11171.38,0,0,0.8937452769216148,0,,0
2024-10-21,G08,Sheffield,CH06,Display,325.19,64946,184,201,2,0,0,13641.35,12459.02,0,0,0.8937452769216148,0,,0
2024-10-21,G09,Edinburgh,CH01,Paid Search - Brand,379.51,4706,371,462,27,8,1,11060.67,10853.06,0,0,0.8937452769216148,0,,0
2024-10-21,G09,Edinburgh,CH02,Paid Search - Non-Brand,925.51,14065,613,632,26,9,1,11550.86,10640.13,0,0,0.8937452769216148,0,,0
2024-10-21,G09,Edinburgh,CH03,Paid Social,731.87,75406,929,1154,28,8,1,9975.26,10212.71,0,0,0.8937452769216148,0,,0
2024-10-21,G09,Edinburgh,CH04,LinkedIn,638.42,17783,142,156,6,1,0,11456.59,10572.25,0,0,0.8937452769216148,0,,0
2024-10-21,G09,Edinburgh,CH05,YouTube,468.46,39675,227,235,3,0,0,11263.11,10988.49,0,0,0.8937452769216148,0,,0
2024-10-21,G09,Edinburgh,CH06,Display,286.76,56839,168,200,2,0,0,11801.82,11501.43,0,0,0.8937452769216148,0,,0
2024-10-21,G10,Cardiff,CH01,Paid Search - Brand,380.64,4964,406,489,32,9,2,10144.72,10265.09,0,0,0.8937452769216148,0,,0
2024-10-21,G10,Cardiff,CH02,Paid Search - Non-Brand,800.17,12202,557,587,20,4,1,8494.14,8355.77,0,0,0.8937452769216148,0,,0
2024-10-21,G10,Cardiff,CH03,Paid Social,633.38,64138,760,870,20,6,1,10103.66,9927.21,0,0,0.8937452769216148,0,,0
2024-10-21,G10,Cardiff,CH04,LinkedIn,560.19,16043,121,121,6,2,0,9640.27,9892.55,0,0,0.8937452769216148,0,,0
2024-10-21,G10,Cardiff,CH05,YouTube,416.85,34575,201,227,2,0,0,9317.01,9894.79,0,0,0.8937452769216148,1,,0
2024-10-21,G10,Cardiff,CH06,Display,260.63,52687,149,157,1,0,0,9277.63,9775.39,0,0,0.8937452769216148,0,,0
2024-10-28,G01,London,CH01,Paid Search - Brand,881.79,10886,969,1124,85,16,3,25111.72,25402.82,0,0,0.9012419360927612,0,,0
2024-10-28,G01,London,CH02,Paid Search - Non-Brand,2089.24,33194,1476,1675,64,24,5,27334.71,27262.73,0,0,0.9012419360927612,0,,0
2024-10-28,G01,London,CH03,Paid Social,1573.29,154078,1902,2151,66,23,10,28366.73,28184.57,0,0,0.9012419360927612,0,,0
2024-10-28,G01,London,CH04,LinkedIn,1380.36,38732,316,329,17,6,2,24295.28,24556.23,0,0,0.9012419360927612,0,,0
2024-10-28,G01,London,CH05,YouTube,1040.15,85302,487,591,8,2,0,27958.46,27438.03,0,0,0.9012419360927612,0,,0
2024-10-28,G01,London,CH06,Display,681.08,137917,402,494,4,1,0,27973.06,25798.88,0,0,0.9012419360927612,0,,0
2024-10-28,G02,Manchester,CH01,Paid Search - Brand,700.19,8843,704,730,43,14,2,17385.07,17907.51,0,0,0.9012419360927612,0,,0
2024-10-28,G02,Manchester,CH02,Paid Search - Non-Brand,1344.79,20892,1040,1182,40,9,3,16947.26,16261.84,0,0,0.9012419360927612,0,,0
2024-10-28,G02,Manchester,CH03,Paid Social,1158.44,115979,1425,1708,49,12,2,18237.85,18675.2,0,0,0.9012419360927612,0,,0
2024-10-28,G02,Manchester,CH04,LinkedIn,910.02,24851,206,219,10,3,1,20232.14,20466.48,0,0,0.9012419360927612,0,,0
2024-10-28,G02,Manchester,CH05,YouTube,823.3,66650,408,459,7,2,0,16192.06,16322.05,0,0,0.9012419360927612,0,,0
2024-10-28,G02,Manchester,CH06,Display,461.12,94026,280,326,3,1,0,18064.13,18097.77,0,0,0.9012419360927612,0,,0
2024-10-28,G03,Birmingham,CH01,Paid Search - Brand,594.61,7599,653,726,45,14,2,17198.59,16767.19,0,0,0.9012419360927612,0,,0
2024-10-28,G03,Birmingham,CH02,Paid Search - Non-Brand,1225.26,18160,797,814,35,6,1,17451.41,17254.75,0,0,0.9012419360927612,0,,0
2024-10-28,G03,Birmingham,CH03,Paid Social,1219.15,121408,1611,1720,43,14,5,17878.92,16747.18,0,0,0.9012419360927612,0,,0
2024-10-28,G03,Birmingham,CH04,LinkedIn,857.15,24426,187,223,8,1,0,15171.14,16113.32,0,0,0.9012419360927612,0,,0
2024-10-28,G03,Birmingham,CH05,YouTube,712.21,59164,342,402,5,1,0,13888.33,14342.85,0,0,0.9012419360927612,0,,0
2024-10-28,G03,Birmingham,CH06,Display,435.08,88033,268,289,2,0,0,17338.1,17599.56,0,0,0.9012419360927612,0,,0
2024-10-28,G04,Leeds,CH01,Paid Search - Brand,503.87,6162,540,626,34,9,3,14051.0,13663.45,0,0,0.9012419360927612,0,,0
2024-10-28,G04,Leeds,CH02,Paid Search - Non-Brand,1059.28,16334,757,920,44,11,2,13918.66,13863.28,0,0,0.9012419360927612,0,,0
2024-10-28,G04,Leeds,CH03,Paid Social,879.04,90315,1132,1156,28,6,1,12496.62,13204.57,0,0,0.9012419360927612,0,,0
2024-10-28,G04,Leeds,CH04,LinkedIn,827.4,23288,198,233,8,2,0,15349.95,15417.3,0,0,0.9012419360927612,0,,0
2024-10-28,G04,Leeds,CH05,YouTube,676.56,56800,335,340,5,1,0,17131.9,16436.74,0,0,0.9012419360927612,0,,0
2024-10-28,G04,Leeds,CH06,Display,372.58,73776,213,236,2,0,0,14530.91,13329.07,0,0,0.9012419360927612,0,,0
2024-10-28,G05,Bristol,CH01,Paid Search - Brand,575.19,7346,642,676,49,14,6,15077.94,15037.86,0,0,0.9012419360927612,1,,0
2024-10-28,G05,Bristol,CH02,Paid Search - Non-Brand,1007.32,15609,712,800,32,8,3,13888.09,13550.3,0,0,0.9012419360927612,0,,0
2024-10-28,G05,Bristol,CH03,Paid Social,833.77,85228,1060,1130,27,10,2,14089.01,13886.61,0,0,0.9012419360927612,0,,0
2024-10-28,G05,Bristol,CH04,LinkedIn,663.98,19058,145,153,5,1,0,14571.41,14464.66,0,0,0.9012419360927612,0,,0
2024-10-28,G05,Bristol,CH05,YouTube,641.81,53974,340,358,4,1,0,14079.18,14825.86,0,0,0.9012419360927612,0,,0
2024-10-28,G05,Bristol,CH06,Display,362.8,71702,208,224,2,0,0,12203.99,12294.53,0,0,0.9012419360927612,0,,0
2024-10-28,G06,Glasgow,CH01,Paid Search - Brand,413.96,4986,376,384,27,9,3,11141.88,11481.91,0,0,0.9012419360927612,0,,0
2024-10-28,G06,Glasgow,CH02,Paid Search - Non-Brand,861.85,13589,594,739,25,7,2,12091.31,12036.46,0,0,0.9012419360927612,0,,0
2024-10-28,G06,Glasgow,CH03,Paid Social,782.98,78901,905,1095,25,7,2,9988.71,10339.29,0,0,0.9012419360927612,0,,0
2024-10-28,G06,Glasgow,CH04,LinkedIn,619.86,17727,147,156,6,1,0,12156.07,11341.11,0,0,0.9012419360927612,0,,0
2024-10-28,G06,Glasgow,CH05,YouTube,491.76,40396,218,226,4,1,0,12958.12,12080.02,0,0,0.9012419360927612,0,,0
2024-10-28,G06,Glasgow,CH06,Display,346.67,71225,200,243,2,0,0,10791.87,10599.89,0,0,0.9012419360927612,0,,0
2024-10-28,G07,Liverpool,CH01,Paid Search - Brand,451.68,5732,488,524,29,5,1,13269.85,12895.55,0,0,0.9012419360927612,0,,0
2024-10-28,G07,Liverpool,CH02,Paid Search - Non-Brand,919.65,13925,595,676,32,7,2,13931.63,13352.24,0,0,0.9012419360927612,0,,0
2024-10-28,G07,Liverpool,CH03,Paid Social,757.57,77916,985,1077,33,10,3,11634.29,11130.52,0,0,0.9012419360927612,0,,0
2024-10-28,G07,Liverpool,CH04,LinkedIn,661.63,18975,139,165,6,1,0,10896.29,11623.21,0,0,0.9012419360927612,0,,0
2024-10-28,G07,Liverpool,CH05,YouTube,561.64,45375,252,279,4,1,0,10886.84,11481.73,0,0,0.9012419360927612,0,,0
2024-10-28,G07,Liverpool,CH06,Display,325.33,62577,190,219,1,0,0,14945.74,14091.94,0,0,0.9012419360927612,0,,0
2024-10-28,G08,Sheffield,CH01,Paid Search - Brand,441.59,5389,430,482,34,11,4,11235.87,11453.95,0,0,0.9012419360927612,0,,0
2024-10-28,G08,Sheffield,CH02,Paid Search - Non-Brand,853.12,13163,591,687,25,6,2,10252.9,10134.15,0,0,0.9012419360927612,0,,0
2024-10-28,G08,Sheffield,CH03,Paid Social,724.18,69773,831,973,32,9,2,12700.56,12234.04,0,0,0.9012419360927612,0,,0
2024-10-28,G08,Sheffield,CH04,LinkedIn,571.92,16389,126,131,6,1,0,11645.58,11228.92,0,0,0.9012419360927612,0,,0
2024-10-28,G08,Sheffield,CH05,YouTube,471.57,39551,230,233,3,1,0,13366.72,12487.92,0,0,0.9012419360927612,0,,0
2024-10-28,G08,Sheffield,CH06,Display,273.02,53344,153,186,2,0,0,10557.47,11040.57,0,0,0.9012419360927612,0,,0
2024-10-28,G09,Edinburgh,CH01,Paid Search - Brand,384.85,4792,425,445,29,8,3,9972.4,10055.58,0,0,0.9012419360927612,0,,0
2024-10-28,G09,Edinburgh,CH02,Paid Search - Non-Brand,870.65,13180,609,609,26,4,1,12398.32,11351.58,0,0,0.9012419360927612,0,,0
2024-10-28,G09,Edinburgh,CH03,Paid Social,639.89,64595,803,994,29,8,2,11068.69,11053.48,0,0,0.9012419360927612,0,,0
2024-10-28,G09,Edinburgh,CH04,LinkedIn,566.94,16315,133,156,6,1,0,10897.76,10352.84,0,0,0.9012419360927612,0,,0
2024-10-28,G09,Edinburgh,CH05,YouTube,533.63,46334,281,336,5,1,0,9893.03,10302.24,0,0,0.9012419360927612,0,,0
2024-10-28,G09,Edinburgh,CH06,Display,285.75,56766,172,194,2,0,0,11608.99,11451.48,0,0,0.9012419360927612,0,,0
2024-10-28,G10,Cardiff,CH01,Paid Search - Brand,369.14,4620,390,416,30,8,1,8992.69,9350.02,0,0,0.9012419360927612,0,,0
2024-10-28,G10,Cardiff,CH02,Paid Search - Non-Brand,822.24,12611,569,665,27,5,1,10164.57,9903.18,0,0,0.9012419360927612,0,,0
2024-10-28,G10,Cardiff,CH03,Paid Social,557.92,57585,702,784,19,6,1,10366.88,9779.79,0,0,0.9012419360927612,0,,0
2024-10-28,G10,Cardiff,CH04,LinkedIn,498.62,14373,109,129,5,1,0,9566.51,9463.59,0,0,0.9012419360927612,0,,0
2024-10-28,G10,Cardiff,CH05,YouTube,510.57,42393,246,299,4,0,0,10652.22,10282.61,0,0,0.9012419360927612,0,,0
2024-10-28,G10,Cardiff,CH06,Display,276.92,56396,166,187,2,0,0,9500.84,9548.07,0,0,0.9012419360927612,0,,0
2024-11-04,G01,London,CH01,Paid Search - Brand,927.57,11617,969,1038,71,16,6,26047.41,26385.22,0,0,0.9101787102194678,0,,0
2024-11-04,G01,London,CH02,Paid Search - Non-Brand,1752.59,27349,1109,1367,60,15,3,25987.51,25859.19,0,0,0.9101787102194678,0,,0
2024-11-04,G01,London,CH03,Paid Social,1693.75,168374,2093,2239,73,20,4,23685.67,24917.41,0,0,0.9101787102194678,0,,0
2024-11-04,G01,London,CH04,LinkedIn,1318.96,37516,318,329,14,3,1,25485.93,26119.4,0,0,0.9101787102194678,0,,0
2024-11-04,G01,London,CH05,YouTube,1041.36,86443,525,554,8,2,0,23050.01,24576.94,0,0,0.9101787102194678,0,,0
2024-11-04,G01,London,CH06,Display,692.38,137472,435,475,3,1,0,25657.85,25515.11,0,0,0.9101787102194678,0,,0
2024-11-04,G02,Manchester,CH01,Paid Search - Brand,675.86,8457,709,784,49,11,2,17766.44,18359.47,0,0,0.9101787102194678,0,,0
2024-11-04,G02,Manchester,CH02,Paid Search - Non-Brand,1265.61,19490,926,1118,42,9,4,17161.35,16800.44,0,0,0.9101787102194678,0,,0
2024-11-04,G02,Manchester,CH03,Paid Social,1136.42,115417,1318,1477,41,13,3,20901.66,19656.23,0,0,0.9101787102194678,0,,0
2024-11-04,G02,Manchester,CH04,LinkedIn,927.0,26572,206,229,9,1,0,15507.98,16525.49,0,0,0.9101787102194678,0,,0
2024-11-04,G02,Manchester,CH05,YouTube,742.3,61682,378,416,6,2,0,19060.44,18098.4,0,0,0.9101787102194678,0,,0
2024-11-04,G02,Manchester,CH06,Display,475.55,96650,287,323,3,0,0,16527.35,17713.71,0,0,0.9101787102194678,0,,0
2024-11-04,G03,Birmingham,CH01,Paid Search - Brand,581.65,7291,614,660,44,16,4,17409.85,17909.88,0,0,0.9101787102194678,0,,0
2024-11-04,G03,Birmingham,CH02,Paid Search - Non-Brand,1205.62,18503,836,943,37,8,2,16865.85,17214.4,0,0,0.9101787102194678,0,,0
2024-11-04,G03,Birmingham,CH03,Paid Social,1036.61,102114,1125,1403,39,12,3,18264.58,17778.29,0,0,0.9101787102194678,0,,0
2024-11-04,G03,Birmingham,CH04,LinkedIn,900.02,26475,203,252,11,4,1,18052.01,17455.69,0,0,0.9101787102194678,0,,0
2024-11-04,G03,Birmingham,CH05,YouTube,777.05,64914,388,455,7,1,0,17164.56,17129.89,0,0,0.9101787102194678,0,,0
2024-11-04,G03,Birmingham,CH06,Display,463.56,96420,266,290,2,0,0,18114.98,18730.59,0,0,0.9101787102194678,0,,0
2024-11-04,G04,Leeds,CH01,Paid Search - Brand,491.67,6063,522,638,39,12,2,13918.82,13958.52,0,0,0.9101787102194678,0,,0
2024-11-04,G04,Leeds,CH02,Paid Search - Non-Brand,1282.24,19413,926,1117,38,11,2,14508.66,14757.7,0,0,0.9101787102194678,0,,0
2024-11-04,G04,Leeds,CH03,Paid Social,941.11,92599,1148,1389,43,16,4,16499.29,15478.9,0,0,0.9101787102194678,0,,0
2024-11-04,G04,Leeds,CH04,LinkedIn,749.51,21088,162,195,9,2,0,15577.95,14670.0,0,0,0.9101787102194678,0,,0
2024-11-04,G04,Leeds,CH05,YouTube,682.3,55869,325,361,5,1,0,12403.58,13346.98,0,0,0.9101787102194678,0,,0
2024-11-04,G04,Leeds,CH06,Display,388.96,78628,226,235,2,0,0,16086.27,15661.77,0,0,0.9101787102194678,0,,0
2024-11-04,G05,Bristol,CH01,Paid Search - Brand,486.22,6077,493,495,28,8,2,13110.91,13180.34,0,0,0.9101787102194678,0,,0
2024-11-04,G05,Bristol,CH02,Paid Search - Non-Brand,1011.18,15888,730,815,27,8,1,14387.16,13141.0,0,0,0.9101787102194678,0,,0
2024-11-04,G05,Bristol,CH03,Paid Social,913.39,89354,1117,1141,36,8,3,15232.65,14250.79,0,0,0.9101787102194678,0,,0
2024-11-04,G05,Bristol,CH04,LinkedIn,739.11,21631,164,187,9,2,0,12788.31,13237.32,0,0,0.9101787102194678,0,,0
2024-11-04,G05,Bristol,CH05,YouTube,585.48,47981,286,301,3,0,0,13470.12,13447.04,0,0,0.9101787102194678,0,,0
2024-11-04,G05,Bristol,CH06,Display,364.97,73481,216,250,2,0,0,15470.51,14546.44,0,0,0.9101787102194678,0,,0
2024-11-04,G06,Glasgow,CH01,Paid Search - Brand,438.63,5438,473,546,35,9,3,13325.75,13267.74,0,0,0.9101787102194678,0,,0
2024-11-04,G06,Glasgow,CH02,Paid Search - Non-Brand,920.42,14195,603,690,30,5,1,12922.67,12926.37,0,0,0.9101787102194678,0,,0
2024-11-04,G06,Glasgow,CH03,Paid Social,714.01,72556,910,931,25,8,2,10788.09,11402.05,0,0,0.9101787102194678,0,,0
2024-11-04,G06,Glasgow,CH04,LinkedIn,623.23,17546,147,151,6,1,0,12846.83,12061.02,0,0,0.9101787102194678,0,,0
2024-11-04,G06,Glasgow,CH05,YouTube,636.08,54048,326,369,5,1,0,12361.58,12937.23,0,0,0.9101787102194678,0,,0
2024-11-04,G06,Glasgow,CH06,Display,339.49,67100,196,199,1,0,0,11561.95,11495.61,0,0,0.9101787102194678,0,,0
2024-11-04,G07,Liverpool,CH01,Paid Search - Brand,481.06,5941,506,582,42,8,2,13326.91,13213.97,0,0,0.9101787102194678,0,,0
2024-11-04,G07,Liverpool,CH02,Paid Search - Non-Brand,868.2,13480,633,760,31,7,2,13286.47,12671.38,0,0,0.9101787102194678,0,,0
2024-11-04,G07,Liverpool,CH03,Paid Social,875.75,85284,914,933,28,8,3,15158.28,15798.42,0,0,0.9101787102194678,0,,0
2024-11-04,G07,Liverpool,CH04,LinkedIn,583.44,16827,128,155,8,2,0,14037.38,13246.29,0,0,0.9101787102194678,0,,0
2024-11-04,G07,Liverpool,CH05,YouTube,609.79,51232,308,379,6,1,0,11782.39,11869.94,0,0,0.9101787102194678,0,,0
2024-11-04,G07,Liverpool,CH06,Display,342.17,66171,176,180,1,0,0,12529.61,12665.31,0,0,0.9101787102194678,0,,0
2024-11-04,G08,Sheffield,CH01,Paid Search - Brand,449.35,5625,475,574,44,11,4,11334.23,10829.19,0,0,0.9101787102194678,0,,0
2024-11-04,G08,Sheffield,CH02,Paid Search - Non-Brand,1033.19,15914,773,794,37,7,2,13156.81,12614.66,0,0,0.9101787102194678,0,,0
2024-11-04,G08,Sheffield,CH03,Paid Social,715.69,73761,878,926,27,5,1,12000.02,11723.82,0,0,0.9101787102194678,0,,0
2024-11-04,G08,Sheffield,CH04,LinkedIn,592.68,16990,138,171,8,1,0,11382.09,10797.32,0,0,0.9101787102194678,0,,0
2024-11-04,G08,Sheffield,CH05,YouTube,484.79,40556,237,264,4,1,0,9134.2,10575.09,0,0,0.9101787102194678,1,,0
2024-11-04,G08,Sheffield,CH06,Display,304.74,59470,163,186,1,0,0,11085.71,10760.21,0,0,0.9101787102194678,0,,0
2024-11-04,G09,Edinburgh,CH01,Paid Search - Brand,397.26,5082,456,468,32,11,2,12760.99,13090.61,0,0,0.9101787102194678,0,,0
2024-11-04,G09,Edinburgh,CH02,Paid Search - Non-Brand,809.33,12476,537,596,26,5,1,11647.82,10825.44,0,0,0.9101787102194678,0,,0
2024-11-04,G09,Edinburgh,CH03,Paid Social,624.39,62759,826,854,25,4,1,11480.57,11741.81,0,0,0.9101787102194678,0,,0
2024-11-04,G09,Edinburgh,CH04,LinkedIn,602.78,17311,137,139,7,1,0,10548.15,10298.09,0,0,0.9101787102194678,0,,0
2024-11-04,G09,Edinburgh,CH05,YouTube,459.49,38795,207,214,3,0,0,9985.13,10682.26,0,0,0.9101787102194678,0,,0
2024-11-04,G09,Edinburgh,CH06,Display,278.72,53456,140,154,1,0,0,11866.71,11003.8,0,0,0.9101787102194678,0,,0
2024-11-04,G10,Cardiff,CH01,Paid Search - Brand,390.34,4796,399,494,26,7,2,9931.2,9968.0,0,0,0.9101787102194678,0,,0
2024-11-04,G10,Cardiff,CH02,Paid Search - Non-Brand,811.7,12412,532,596,21,7,2,10404.08,10433.42,0,0,0.9101787102194678,0,,0
2024-11-04,G10,Cardiff,CH03,Paid Social,599.91,59703,761,845,24,5,1,10504.67,10199.52,0,0,0.9101787102194678,0,,0
2024-11-04,G10,Cardiff,CH04,LinkedIn,521.08,14286,110,112,4,0,0,9122.14,9483.24,0,0,0.9101787102194678,0,,0
2024-11-04,G10,Cardiff,CH05,YouTube,472.47,39084,235,275,4,0,0,9585.93,9409.52,0,0,0.9101787102194678,0,,0
2024-11-04,G10,Cardiff,CH06,Display,240.93,47459,134,149,1,0,0,9715.07,9302.83,0,0,0.9101787102194678,0,,0
2024-11-11,G01,London,CH01,Paid Search - Brand,929.91,11762,1016,1035,57,18,6,22577.79,23383.26,0,0,0.9204252810111045,0,,0
2024-11-11,G01,London,CH02,Paid Search - Non-Brand,2012.93,30881,1381,1426,62,19,5,24385.48,24111.23,0,0,0.9204252810111045,0,,0
2024-11-11,G01,London,CH03,Paid Social,1502.61,153141,1851,2252,52,16,3,26249.68,24547.87,0,0,0.9204252810111045,0,,0
2024-11-11,G01,London,CH04,LinkedIn,1191.98,34974,241,279,11,2,0,26504.84,24846.73,0,0,0.9204252810111045,0,,0
2024-11-11,G01,London,CH05,YouTube,1183.63,103234,645,732,9,3,1,24053.91,24008.54,0,0,0.9204252810111045,0,,0
2024-11-11,G01,London,CH06,Display,680.51,132792,419,508,5,1,0,22467.85,24347.0,0,0,0.9204252810111045,1,,0
2024-11-11,G02,Manchester,CH01,Paid Search - Brand,730.07,9276,804,894,47,10,3,16886.25,16567.97,0,0,0.9204252810111045,0,,0
2024-11-11,G02,Manchester,CH02,Paid Search - Non-Brand,1449.77,22429,924,972,32,6,2,19919.79,18725.71,0,0,0.9204252810111045,0,,0
2024-11-11,G02,Manchester,CH03,Paid Social,1274.97,131479,1640,1945,49,16,5,19415.33,18191.7,0,0,0.9204252810111045,0,,0
2024-11-11,G02,Manchester,CH04,LinkedIn,880.14,25738,204,205,7,1,0,18736.53,17678.15,0,0,0.9204252810111045,0,,0
2024-11-11,G02,Manchester,CH05,YouTube,713.08,60847,351,401,6,1,0,20472.41,19280.17,0,0,0.9204252810111045,0,,0
2024-11-11,G02,Manchester,CH06,Display,475.96,94734,271,304,2,0,0,17677.66,17763.76,0,0,0.9204252810111045,0,,0
2024-11-11,G03,Birmingham,CH01,Paid Search - Brand,616.64,7455,631,734,42,7,3,15970.18,16446.71,0,0,0.9204252810111045,0,,0
2024-11-11,G03,Birmingham,CH02,Paid Search - Non-Brand,1109.5,17357,832,868,39,12,3,16971.38,17251.62,0,0,0.9204252810111045,0,,0
2024-11-11,G03,Birmingham,CH03,Paid Social,1042.13,103275,1236,1444,39,11,3,20592.6,19914.65,0,0,0.9204252810111045,0,,0
2024-11-11,G03,Birmingham,CH04,LinkedIn,901.55,25781,194,217,7,1,0,15881.79,16444.83,0,0,0.9204252810111045,0,,0
2024-11-11,G03,Birmingham,CH05,YouTube,814.66,66933,396,492,7,2,0,18765.37,18221.34,0,0,0.9204252810111045,0,,0
2024-11-11,G03,Birmingham,CH06,Display,454.48,91247,264,300,2,0,0,19049.45,18965.61,0,0,0.9204252810111045,0,,0
2024-11-11,G04,Leeds,CH01,Paid Search - Brand,537.68,6649,570,674,49,14,5,12317.49,12533.83,0,0,0.9204252810111045,0,,0
2024-11-11,G04,Leeds,CH02,Paid Search - Non-Brand,1138.66,17387,779,966,37,14,5,16243.31,16990.87,0,0,0.9204252810111045,0,,0
2024-11-11,G04,Leeds,CH03,Paid Social,941.83,96013,1232,1385,45,11,4,14279.55,14404.49,0,0,0.9204252810111045,0,,0
2024-11-11,G04,Leeds,CH04,LinkedIn,709.84,19783,173,208,7,1,0,14651.05,14033.18,0,0,0.9204252810111045,0,,0
2024-11-11,G04,Leeds,CH05,YouTube,588.35,48609,300,308,4,0,0,15098.14,16005.53,0,0,0.9204252810111045,0,,0
2024-11-11,G04,Leeds,CH06,Display,419.91,85515,253,309,3,0,0,14153.61,14147.74,0,0,0.9204252810111045,0,,0
2024-11-11,G05,Bristol,CH01,Paid Search - Brand,477.38,6027,517,523,38,9,3,13835.91,14167.88,0,0,0.9204252810111045,0,,0
2024-11-11,G05,Bristol,CH02,Paid Search - Non-Brand,1004.05,15979,712,795,36,9,2,13675.31,13802.72,0,0,0.9204252810111045,0,,0
2024-11-11,G05,Bristol,CH03,Paid Social,733.88,72765,860,901,28,5,1,13498.4,14171.05,0,0,0.9204252810111045,0,,0
2024-11-11,G05,Bristol,CH04,LinkedIn,639.83,18966,149,163,8,2,0,13574.96,13265.88,0,0,0.9204252810111045,0,,0
2024-11-11,G05,Bristol,CH05,YouTube,564.0,46689,280,324,4,0,0,13774.36,14275.15,0,0,0.9204252810111045,1,,0
2024-11-11,G05,Bristol,CH06,Display,341.46,68215,193,220,2,0,0,12951.43,13172.13,0,0,0.9204252810111045,0,,0
2024-11-11,G06,Glasgow,CH01,Paid Search - Brand,502.42,6284,523,602,39,9,3,11995.16,11734.0,0,0,0.9204252810111045,0,,0
2024-11-11,G06,Glasgow,CH02,Paid Search - Non-Brand,951.74,14888,653,734,27,9,3,15252.27,14055.15,0,0,0.9204252810111045,0,,0
2024-11-11,G06,Glasgow,CH03,Paid Social,684.59,67930,800,824,27,6,1,14867.54,14322.49,0,0,0.9204252810111045,0,,0
2024-11-11,G06,Glasgow,CH04,LinkedIn,561.31,16121,136,160,6,1,0,11177.09,10942.37,0,0,0.9204252810111045,0,,0
2024-11-11,G06,Glasgow,CH05,YouTube,537.12,44244,253,293,5,1,0,11618.3,12002.23,0,0,0.9204252810111045,0,,0
2024-11-11,G06,Glasgow,CH06,Display,354.13,68848,184,184,2,0,0,12525.99,12016.35,0,0,0.9204252810111045,0,,0
2024-11-11,G07,Liverpool,CH01,Paid Search - Brand,506.06,6363,564,673,48,15,5,11954.61,11954.14,0,0,0.9204252810111045,0,,0
2024-11-11,G07,Liverpool,CH02,Paid Search - Non-Brand,1025.37,15205,754,848,33,6,1,12585.71,12261.15,0,0,0.9204252810111045,0,,0
2024-11-11,G07,Liverpool,CH03,Paid Social,881.9,88127,1010,1035,27,8,3,13151.42,12434.03,0,0,0.9204252810111045,0,,0
2024-11-11,G07,Liverpool,CH04,LinkedIn,681.52,20233,156,179,8,1,0,12565.79,11990.59,0,0,0.9204252810111045,0,,0
2024-11-11,G07,Liverpool,CH05,YouTube,565.77,46876,283,315,4,0,0,15110.8,13912.0,0,0,0.9204252810111045,0,,0
2024-11-11,G07,Liverpool,CH06,Display,320.73,63634,193,208,1,0,0,12865.41,12117.01,0,0,0.9204252810111045,0,,0
2024-11-11,G08,Sheffield,CH01,Paid Search - Brand,470.87,5900,477,563,33,8,2,12281.73,11979.01,0,0,0.9204252810111045,0,,0
2024-11-11,G08,Sheffield,CH02,Paid Search - Non-Brand,840.78,13050,628,635,28,6,1,12127.12,11948.2,0,0,0.9204252810111045,0,,0
2024-11-11,G08,Sheffield,CH03,Paid Social,725.54,71749,866,949,21,3,0,12014.21,11620.02,0,0,0.9204252810111045,0,,0
2024-11-11,G08,Sheffield,CH04,LinkedIn,582.76,16676,122,150,5,1,0,14065.96,13018.98,0,0,0.9204252810111045,0,,0
2024-11-11,G08,Sheffield,CH05,YouTube,491.71,41471,249,253,4,1,0,11794.27,11650.23,0,0,0.9204252810111045,0,,0
2024-11-11,G08,Sheffield,CH06,Display,354.79,70644,216,268,2,0,0,9672.68,10339.07,0,0,0.9204252810111045,0,,0
2024-11-11,G09,Edinburgh,CH01,Paid Search - Brand,420.33,5116,452,462,31,9,2,10797.22,10938.4,0,0,0.9204252810111045,0,,0
2024-11-11,G09,Edinburgh,CH02,Paid Search - Non-Brand,786.32,12161,565,676,32,10,3,12166.35,11729.2,0,0,0.9204252810111045,0,,0
2024-11-11,G09,Edinburgh,CH03,Paid Social,819.04,78674,906,1029,33,11,3,12026.95,11348.13,0,0,0.9204252810111045,0,,0
2024-11-11,G09,Edinburgh,CH04,LinkedIn,605.65,17108,127,133,5,1,0,11342.77,10849.5,0,0,0.9204252810111045,0,,0
2024-11-11,G09,Edinburgh,CH05,YouTube,522.42,44479,282,301,4,1,0,9428.14,9877.58,0,0,0.9204252810111045,0,,0
2024-11-11,G09,Edinburgh,CH06,Display,286.33,57043,169,205,2,0,0,11834.12,11526.15,0,0,0.9204252810111045,0,,0
2024-11-11,G10,Cardiff,CH01,Paid Search - Brand,415.76,5254,428,447,23,7,2,9764.74,9769.29,0,0,0.9204252810111045,0,,0
2024-11-11,G10,Cardiff,CH02,Paid Search - Non-Brand,763.85,11286,512,610,23,7,2,9289.12,9064.45,0,0,0.9204252810111045,0,,0
2024-11-11,G10,Cardiff,CH03,Paid Social,655.39,65180,828,1021,24,4,0,10810.29,10925.61,0,0,0.9204252810111045,0,,0
2024-11-11,G10,Cardiff,CH04,LinkedIn,468.99,13220,105,121,4,0,0,12246.97,11448.66,0,0,0.9204252810111045,0,,0
2024-11-11,G10,Cardiff,CH05,YouTube,437.51,35370,201,227,4,0,0,10138.04,10350.32,0,0,0.9204252810111045,0,,0
2024-11-11,G10,Cardiff,CH06,Display,241.0,48791,139,165,1,0,0,9347.62,9029.86,0,0,0.9204252810111045,0,,0
2024-11-18,G01,London,CH01,Paid Search - Brand,970.88,12842,1062,1258,73,26,7,25189.46,24704.16,0,0,0.9318322303922613,0,,0
2024-11-18,G01,London,CH02,Paid Search - Non-Brand,1956.16,30334,1302,1449,49,15,6,30640.09,29465.21,0,0,0.9318322303922613,0,,0
2024-11-18,G01,London,CH03,Paid Social,1614.61,161841,2142,2297,57,20,4,27733.84,27349.93,0,0,0.9318322303922613,0,,0
2024-11-18,G01,London,CH04,LinkedIn,1221.23,35451,287,335,13,4,1,26424.65,24482.72,0,0,0.9318322303922613,0,,0
2024-11-18,G01,London,CH05,YouTube,1155.83,96407,601,610,7,2,0,28177.6,28072.51,0,0,0.9318322303922613,0,,0
2024-11-18,G01,London,CH06,Display,684.03,134534,415,500,5,1,0,26200.59,25120.1,0,0,0.9318322303922613,0,,0
2024-11-18,G02,Manchester,CH01,Paid Search - Brand,740.45,8978,781,928,63,22,4,18640.79,18790.94,0,0,0.9318322303922613,0,,0
2024-11-18,G02,Manchester,CH02,Paid Search - Non-Brand,1427.9,21973,1032,1033,44,16,6,19075.97,18401.65,0,0,0.9318322303922613,0,,0
2024-11-18,G02,Manchester,CH03,Paid Social,1131.51,112448,1383,1423,32,8,2,16628.18,17159.21,0,0,0.9318322303922613,0,,0
2024-11-18,G02,Manchester,CH04,LinkedIn,951.38,28301,229,234,11,2,0,16029.48,15556.22,0,0,0.9318322303922613,0,,0
2024-11-18,G02,Manchester,CH05,YouTube,769.45,63104,400,402,6,1,0,17461.53,17224.37,0,0,0.9318322303922613,0,,0
2024-11-18,G02,Manchester,CH06,Display,524.08,104117,302,318,3,0,0,17122.33,17117.12,0,0,0.9318322303922613,0,,0
2024-11-18,G03,Birmingham,CH01,Paid Search - Brand,647.61,8076,627,773,50,9,3,15976.79,16753.84,0,0,0.9318322303922613,0,,0
2024-11-18,G03,Birmingham,CH02,Paid Search - Non-Brand,1254.5,19422,861,1014,35,10,3,17678.77,17724.79,0,0,0.9318322303922613,0,,0
2024-11-18,G03,Birmingham,CH03,Paid Social,1011.98,99919,1110,1313,34,12,2,16854.1,16089.76,0,0,0.9318322303922613,0,,0
2024-11-18,G03,Birmingham,CH04,LinkedIn,1007.29,29191,228,279,10,3,0,19174.38,18313.84,0,0,0.9318322303922613,0,,0
2024-11-18,G03,Birmingham,CH05,YouTube,905.81,73608,443,484,7,1,0,19344.31,20305.55,0,0,0.9318322303922613,0,,0
2024-11-18,G03,Birmingham,CH06,Display,454.55,89914,239,278,3,0,0,15911.29,16793.64,0,0,0.9318322303922613,0,,0
2024-11-18,G04,Leeds,CH01,Paid Search - Brand,505.67,6046,533,601,43,10,2,16042.85,15459.35,0,0,0.9318322303922613,0,,0
2024-11-18,G04,Leeds,CH02,Paid Search - Non-Brand,1121.93,17326,795,889,30,5,1,14663.4,14159.23,0,0,0.9318322303922613,0,,0
2024-11-18,G04,Leeds,CH03,Paid Social,973.44,97591,1176,1217,39,8,1,13451.48,13483.92,0,0,0.9318322303922613,0,,0
2024-11-18,G04,Leeds,CH04,LinkedIn,626.69,17973,141,157,6,1,0,13445.56,13955.37,0,0,0.9318322303922613,0,,0
2024-11-18,G04,Leeds,CH05,YouTube,723.43,60699,370,451,5,1,0,16284.71,16113.48,0,0,0.9318322303922613,0,,0
2024-11-18,G04,Leeds,CH06,Display,385.49,77792,202,250,2,0,0,13022.74,12071.54,0,0,0.9318322303922613,0,,0
2024-11-18,G05,Bristol,CH01,Paid Search - Brand,524.76,6530,536,569,34,10,2,12047.24,12222.27,0,0,0.9318322303922613,0,,0
2024-11-18,G05,Bristol,CH02,Paid Search - Non-Brand,1113.56,16682,793,941,31,6,1,14811.97,13930.82,0,0,0.9318322303922613,0,,0
2024-11-18,G05,Bristol,CH03,Paid Social,948.13,95347,1165,1215,33,7,2,14681.55,14839.97,0,0,0.9318322303922613,0,,0
2024-11-18,G05,Bristol,CH04,LinkedIn,663.71,18946,145,172,8,1,0,12264.99,12911.97,0,0,0.9318322303922613,0,,0
2024-11-18,G05,Bristol,CH05,YouTube,574.29,48421,263,328,4,0,0,12851.14,13487.6,0,0,0.9318322303922613,0,,0
2024-11-18,G05,Bristol,CH06,Display,343.65,67404,214,218,2,0,0,14174.57,14041.81,0,0,0.9318322303922613,0,,0
2024-11-18,G06,Glasgow,CH01,Paid Search - Brand,496.31,6014,530,621,46,10,4,13725.69,12826.17,0,0,0.9318322303922613,0,,0
2024-11-18,G06,Glasgow,CH02,Paid Search - Non-Brand,945.09,14904,620,654,27,7,2,10717.36,11115.5,0,0,0.9318322303922613,0,,0
2024-11-18,G06,Glasgow,CH03,Paid Social,812.82,80132,950,996,23,7,2,12843.17,13363.19,0,0,0.9318322303922613,0,,0
2024-11-18,G06,Glasgow,CH04,LinkedIn,612.26,17811,145,155,7,2,0,12096.38,12869.07,0,0,0.9318322303922613,0,,0
2024-11-18,G06,Glasgow,CH05,YouTube,571.93,48769,293,360,4,0,0,13820.47,13475.38,0,0,0.9318322303922613,0,,0
2024-11-18,G06,Glasgow,CH06,Display,331.35,66655,211,212,1,0,0,12496.63,13525.63,0,0,0.9318322303922613,0,,0
2024-11-18,G07,Liverpool,CH01,Paid Search - Brand,468.84,5959,535,637,41,14,4,12380.21,13676.07,0,0,0.9318322303922613,1,,0
2024-11-18,G07,Liverpool,CH02,Paid Search - Non-Brand,1073.1,16269,706,865,35,12,2,14780.22,14472.1,0,0,0.9318322303922613,0,,0
2024-11-18,G07,Liverpool,CH03,Paid Social,804.15,80396,975,1110,31,11,4,12376.03,12841.07,0,0,0.9318322303922613,0,,0
2024-11-18,G07,Liverpool,CH04,LinkedIn,658.46,19068,154,187,9,2,0,12797.42,11733.02,0,0,0.9318322303922613,0,,0
2024-11-18,G07,Liverpool,CH05,YouTube,633.37,52781,331,379,5,0,0,11163.08,11002.47,0,0,0.9318322303922613,0,,0
2024-11-18,G07,Liverpool,CH06,Display,347.97,67796,214,234,2,0,0,11628.7,11761.48,0,0,0.9318322303922613,0,,0
2024-11-18,G08,Sheffield,CH01,Paid Search - Brand,447.27,5549,461,520,29,7,2,11992.64,12051.56,0,0,0.9318322303922613,0,,0
2024-11-18,G08,Sheffield,CH02,Paid Search - Non-Brand,909.85,13347,646,725,31,8,1,10097.88,9736.62,0,0,0.9318322303922613,0,,0
2024-11-18,G08,Sheffield,CH03,Paid Social,699.56,71105,871,923,24,7,2,11192.38,10442.64,0,0,0.9318322303922613,0,,0
2024-11-18,G08,Sheffield,CH04,LinkedIn,576.74,16573,122,143,5,1,0,9336.57,10629.98,0,0,0.9318322303922613,1,,0
2024-11-18,G08,Sheffield,CH05,YouTube,554.84,45996,285,342,5,1,0,13591.7,13183.5,0,0,0.9318322303922613,0,,0
2024-11-18,G08,Sheffield,CH06,Display,322.6,63445,195,240,2,0,0,12019.19,12467.71,0,0,0.9318322303922613,0,,0
2024-11-18,G09,Edinburgh,CH01,Paid Search - Brand,416.86,4935,413,418,23,5,1,13361.01,12930.32,0,0,0.9318322303922613,0,,0
2024-11-18,G09,Edinburgh,CH02,Paid Search - Non-Brand,947.43,14564,600,722,29,6,2,11148.72,10764.59,0,0,0.9318322303922613,0,,0
2024-11-18,G09,Edinburgh,CH03,Paid Social,665.03,67423,825,844,24,8,2,11537.53,11286.14,0,0,0.9318322303922613,0,,0
2024-11-18,G09,Edinburgh,CH04,LinkedIn,681.81,19368,142,157,5,1,0,11842.8,11739.25,0,0,0.9318322303922613,0,,0
2024-11-18,G09,Edinburgh,CH05,YouTube,478.39,38027,208,236,3,1,0,9749.73,10253.7,0,0,0.9318322303922613,0,,0
2024-11-18,G09,Edinburgh,CH06,Display,255.36,50645,143,145,1,0,0,10712.14,10266.81,0,0,0.9318322303922613,0,,0
2024-11-18,G10,Cardiff,CH01,Paid Search - Brand,364.81,4517,374,462,25,4,1,10994.83,10197.1,0,0,0.9318322303922613,0,,0
2024-11-18,G10,Cardiff,CH02,Paid Search - Non-Brand,817.67,12948,632,733,27,10,4,10319.3,10405.0,0,0,0.9318322303922613,0,,0
2024-11-18,G10,Cardiff,CH03,Paid Social,615.62,61548,735,825,25,9,2,10544.48,10715.11,0,0,0.9318322303922613,0,,0
2024-11-18,G10,Cardiff,CH04,LinkedIn,500.08,14603,107,133,7,2,0,11078.9,9977.68,0,0,0.9318322303922613,0,,0
2024-11-18,G10,Cardiff,CH05,YouTube,435.52,36086,191,201,2,0,0,11305.31,11387.95,0,0,0.9318322303922613,0,,0
2024-11-18,G10,Cardiff,CH06,Display,269.9,55613,168,209,1,0,0,10349.34,9965.97,0,0,0.9318322303922613,0,,0
2024-11-25,G01,London,CH01,Paid Search - Brand,862.54,10733,863,1023,61,14,3,26253.24,27007.2,0,0,0.9442332193547478,0,,0
2024-11-25,G01,London,CH02,Paid Search - Non-Brand,1920.53,30522,1385,1391,47,13,3,28917.93,27360.24,0,0,0.9442332193547478,0,,0
2024-11-25,G01,London,CH03,Paid Social,1621.63,165217,1858,2295,52,9,2,29232.62,26677.6,0,0,0.9442332193547478,0,,0
2024-11-25,G01,London,CH04,LinkedIn,1322.42,36713,268,318,15,3,1,25818.5,25228.8,0,0,0.9442332193547478,0,,0
2024-11-25,G01,London,CH05,YouTube,1127.25,93216,561,658,11,2,0,27660.0,27170.57,0,0,0.9442332193547478,0,,0
2024-11-25,G01,London,CH06,Display,700.59,141512,436,457,5,1,0,32528.58,29484.24,0,0,0.9442332193547478,0,,0
2024-11-25,G02,Manchester,CH01,Paid Search - Brand,655.31,8027,748,810,46,16,5,17668.87,17230.86,0,0,0.9442332193547478,0,,0
2024-11-25,G02,Manchester,CH02,Paid Search - Non-Brand,1337.28,20932,983,1161,44,10,4,19567.34,20011.62,0,0,0.9442332193547478,0,,0
2024-11-25,G02,Manchester,CH03,Paid Social,1120.83,111501,1226,1367,33,9,2,22586.6,21412.32,0,0,0.9442332193547478,0,,0
2024-11-25,G02,Manchester,CH04,LinkedIn,866.55,24624,192,197,7,1,0,19171.98,19422.82,0,0,0.9442332193547478,0,,0
2024-11-25,G02,Manchester,CH05,YouTube,780.48,64139,334,415,7,1,0,20312.49,20142.94,0,0,0.9442332193547478,0,,0
2024-11-25,G02,Manchester,CH06,Display,532.09,106017,293,362,3,0,0,18146.59,17702.02,0,0,0.9442332193547478,0,,0
2024-11-25,G03,Birmingham,CH01,Paid Search - Brand,641.77,7974,684,690,37,13,5,17839.85,17283.78,0,0,0.9442332193547478,0,,0
2024-11-25,G03,Birmingham,CH02,Paid Search - Non-Brand,1219.44,18790,883,959,35,10,2,19137.99,18638.79,0,0,0.9442332193547478,0,,0
2024-11-25,G03,Birmingham,CH03,Paid Social,1030.46,101743,1256,1503,34,7,2,19965.59,20204.01,0,0,0.9442332193547478,0,,0
2024-11-25,G03,Birmingham,CH04,LinkedIn,918.68,26230,206,239,9,1,0,20125.41,19794.68,0,0,0.9442332193547478,0,,0
2024-11-25,G03,Birmingham,CH05,YouTube,759.97,61682,390,446,5,1,0,18519.9,17528.42,0,0,0.9442332193547478,0,,0
2024-11-25,G03,Birmingham,CH06,Display,440.43,87689,273,307,3,0,0,16613.46,18207.64,0,0,0.9442332193547478,0,,0
2024-11-25,G04,Leeds,CH01,Paid Search - Brand,480.45,5986,514,610,43,11,3,17574.39,17214.72,0,0,0.9442332193547478,0,,0
2024-11-25,G04,Leeds,CH02,Paid Search - Non-Brand,1195.81,18418,755,788,34,6,1,16992.47,15699.71,0,0,0.9442332193547478,0,,0
2024-11-25,G04,Leeds,CH03,Paid Social,924.75,94554,1164,1454,48,15,3,16306.55,16628.14,0,0,0.9442332193547478,0,,0
2024-11-25,G04,Leeds,CH04,LinkedIn,696.16,19911,152,152,6,1,0,16000.59,15972.88,0,0,0.9442332193547478,0,,0
2024-11-25,G04,Leeds,CH05,YouTube,617.99,52073,288,307,3,0,0,13980.92,14301.22,0,0,0.9442332193547478,0,,0
2024-11-25,G04,Leeds,CH06,Display,391.84,78497,211,211,2,0,0,14505.81,13760.9,0,0,0.9442332193547478,0,,0
2024-11-25,G05,Bristol,CH01,Paid Search - Brand,521.53,6430,531,636,44,15,5,13503.35,12888.19,0,0,0.9442332193547478,0,,0
2024-11-25,G05,Bristol,CH02,Paid Search - Non-Brand,1020.99,15870,783,869,40,8,2,13546.76,13980.22,0,0,0.9442332193547478,0,,0
2024-11-25,G05,Bristol,CH03,Paid Social,688.27,69768,908,1111,33,9,3,16526.63,15891.47,0,0,0.9442332193547478,0,,0
2024-11-25,G05,Bristol,CH04,LinkedIn,718.77,20944,165,189,8,2,0,14201.82,12904.7,0,0,0.9442332193547478,0,,0
2024-11-25,G05,Bristol,CH05,YouTube,621.9,50594,307,373,6,1,0,14051.33,13226.6,0,0,0.9442332193547478,0,,0
2024-11-25,G05,Bristol,CH06,Display,381.79,75933,235,273,3,0,0,16955.32,16747.97,0,0,0.9442332193547478,1,,0
2024-11-25,G06,Glasgow,CH01,Paid Search - Brand,448.65,5604,458,566,31,10,3,12690.31,12705.99,0,0,0.9442332193547478,0,,0
2024-11-25,G06,Glasgow,CH02,Paid Search - Non-Brand,919.59,14069,655,670,23,8,3,13844.97,12917.8,0,0,0.9442332193547478,0,,0
2024-11-25,G06,Glasgow,CH03,Paid Social,711.61,71569,880,1075,25,6,1,11060.52,11706.44,0,0,0.9442332193547478,0,,0
2024-11-25,G06,Glasgow,CH04,LinkedIn,693.93,20560,164,191,7,2,0,13147.25,13081.52,0,0,0.9442332193547478,0,,0
2024-11-25,G06,Glasgow,CH05,YouTube,545.32,45278,274,320,4,0,0,10944.26,12662.08,0,0,0.9442332193547478,1,,0
2024-11-25,G06,Glasgow,CH06,Display,311.6,63313,181,209,2,0,0,13451.33,13336.07,0,0,0.9442332193547478,0,,0
2024-11-25,G07,Liverpool,CH01,Paid Search - Brand,426.04,5245,488,536,35,10,3,13156.24,12849.93,0,0,0.9442332193547478,0,,0
2024-11-25,G07,Liverpool,CH02,Paid Search - Non-Brand,1032.13,15318,669,832,40,14,3,12582.73,12100.0,0,0,0.9442332193547478,0,,0
2024-11-25,G07,Liverpool,CH03,Paid Social,849.8,82939,1039,1200,32,11,4,13252.27,13452.72,0,0,0.9442332193547478,0,,0
2024-11-25,G07,Liverpool,CH04,LinkedIn,674.07,19300,160,189,8,1,0,13568.51,14076.29,0,0,0.9442332193547478,0,,0
2024-11-25,G07,Liverpool,CH05,YouTube,603.87,49098,281,310,4,0,0,12340.45,11790.48,0,0,0.9442332193547478,0,,0
2024-11-25,G07,Liverpool,CH06,Display,360.92,72972,220,259,2,0,0,13729.69,13155.04,0,0,0.9442332193547478,0,,0
2024-11-25,G08,Sheffield,CH01,Paid Search - Brand,444.97,5692,490,549,36,9,2,14360.61,14141.54,0,0,0.9442332193547478,0,,0
2024-11-25,G08,Sheffield,CH02,Paid Search - Non-Brand,897.94,13509,587,733,28,8,2,12466.25,11629.09,0,0,0.9442332193547478,0,,0
2024-11-25,G08,Sheffield,CH03,Paid Social,650.74,65023,764,915,25,6,1,13599.79,12800.0,0,0,0.9442332193547478,0,,0
2024-11-25,G08,Sheffield,CH04,LinkedIn,606.94,17385,133,163,8,2,0,10364.76,11327.08,0,0,0.9442332193547478,0,,0
2024-11-25,G08,Sheffield,CH05,YouTube,551.44,47659,273,294,4,1,0,10674.87,10750.84,0,0,0.9442332193547478,0,,0
2024-11-25,G08,Sheffield,CH06,Display,311.22,61381,179,195,1,0,0,12241.35,12859.17,0,0,0.9442332193547478,0,,0
2024-11-25,G09,Edinburgh,CH01,Paid Search - Brand,444.29,5606,449,551,42,14,5,10181.85,10503.76,0,0,0.9442332193547478,0,,0
2024-11-25,G09,Edinburgh,CH02,Paid Search - Non-Brand,771.1,11596,531,554,22,8,3,10942.03,11519.29,0,0,0.9442332193547478,1,,0
2024-11-25,G09,Edinburgh,CH03,Paid Social,662.17,65926,809,956,31,10,2,10834.23,11107.54,0,0,0.9442332193547478,0,,0
2024-11-25,G09,Edinburgh,CH04,LinkedIn,566.2,16041,127,138,6,1,0,11314.58,10996.11,0,0,0.9442332193547478,0,,0
2024-11-25,G09,Edinburgh,CH05,YouTube,487.97,41887,251,301,4,1,0,12490.55,12050.34,0,0,0.9442332193547478,0,,0
2024-11-25,G09,Edinburgh,CH06,Display,285.5,56418,170,195,1,0,0,9730.51,9904.48,0,0,0.9442332193547478,0,,0
2024-11-25,G10,Cardiff,CH01,Paid Search - Brand,362.57,4633,381,389,27,7,2,13463.04,12904.67,0,0,0.9442332193547478,0,,0
2024-11-25,G10,Cardiff,CH02,Paid Search - Non-Brand,729.66,11595,499,552,22,5,2,9973.92,10380.08,0,0,0.9442332193547478,0,,0
2024-11-25,G10,Cardiff,CH03,Paid Social,653.77,65027,796,842,21,5,1,11084.08,10187.16,0,0,0.9442332193547478,0,,0
2024-11-25,G10,Cardiff,CH04,LinkedIn,511.67,15199,120,132,6,2,0,11983.36,11918.56,0,0,0.9442332193547478,0,,0
2024-11-25,G10,Cardiff,CH05,YouTube,444.44,37403,245,288,4,1,0,10754.77,10688.74,0,0,0.9442332193547478,0,,0
2024-11-25,G10,Cardiff,CH06,Display,257.92,49538,140,145,1,0,0,10648.79,10847.73,0,0,0.9442332193547478,0,,0
2024-12-02,G01,London,CH01,Paid Search - Brand,653.54,8208,661,774,48,13,2,25694.57,26354.96,0,0,0.9574474135548957,0,,0
2024-12-02,G01,London,CH02,Paid Search - Non-Brand,1322.78,20338,890,968,36,12,3,25369.03,26052.09,0,0,0.9574474135548957,1,,0
2024-12-02,G01,London,CH03,Paid Social,1230.24,122658,1544,1637,38,8,3,24333.58,24515.82,0,0,0.9574474135548957,0,,0
2024-12-02,G01,London,CH04,LinkedIn,982.01,28946,215,261,9,2,0,27478.44,30731.1,0,0,0.9574474135548957,0,,0
2024-12-02,G01,London,CH05,YouTube,949.17,78042,437,537,7,1,0,29619.88,28896.33,0,0,0.9574474135548957,0,,0
2024-12-02,G01,London,CH06,Display,506.27,98599,278,337,3,1,0,25457.58,24724.52,0,0,0.9574474135548957,0,,0
2024-12-02,G02,Manchester,CH01,Paid Search - Brand,508.13,6341,538,607,35,8,1,19956.45,19748.36,0,0,0.9574474135548957,0,,0
2024-12-02,G02,Manchester,CH02,Paid Search - Non-Brand,966.69,15050,736,840,35,6,2,18407.24,19196.06,0,0,0.9574474135548957,1,,0
2024-12-02,G02,Manchester,CH03,Paid Social,697.63,67573,771,831,21,7,3,20604.88,19277.57,0,0,0.9574474135548957,0,,0
2024-12-02,G02,Manchester,CH04,LinkedIn,646.56,18617,154,155,7,2,0,20376.96,19797.84,0,0,0.9574474135548957,0,,0
2024-12-02,G02,Manchester,CH05,YouTube,586.9,48402,297,349,4,1,0,20163.26,18827.33,0,0,0.9574474135548957,0,,0
2024-12-02,G02,Manchester,CH06,Display,342.27,67896,190,233,2,0,0,21903.33,21344.29,0,0,0.9574474135548957,0,,0
2024-12-02,G03,Birmingham,CH01,Paid Search - Brand,473.51,5939,496,505,26,7,1,17541.13,17712.93,0,0,0.9574474135548957,0,,0
2024-12-02,G03,Birmingham,CH02,Paid Search - Non-Brand,1096.66,17047,789,956,34,11,4,18232.06,17421.61,0,0,0.9574474135548957,0,,0
2024-12-02,G03,Birmingham,CH03,Paid Social,866.65,89783,1075,1267,39,9,3,19649.39,19500.75,0,0,0.9574474135548957,0,,0
2024-12-02,G03,Birmingham,CH04,LinkedIn,694.22,19987,153,185,8,1,0,21725.57,20010.75,0,0,0.9574474135548957,0,,0
2024-12-02,G03,Birmingham,CH05,YouTube,602.07,49888,302,371,5,1,0,17713.17,17530.47,0,0,0.9574474135548957,0,,0
2024-12-02,G03,Birmingham,CH06,Display,314.74,62112,174,193,1,0,0,15375.46,16584.62,0,0,0.9574474135548957,0,,0
2024-12-02,G04,Leeds,CH01,Paid Search - Brand,393.05,4851,427,498,30,6,1,16180.57,15361.15,0,0,0.9574474135548957,0,,0
2024-12-02,G04,Leeds,CH02,Paid Search - Non-Brand,714.62,11527,531,629,28,9,3,14981.61,14538.3,0,0,0.9574474135548957,0,,0
2024-12-02,G04,Leeds,CH03,Paid Social,693.35,68266,812,857,23,5,1,16274.85,15860.54,0,0,0.9574474135548957,0,,0
2024-12-02,G04,Leeds,CH04,LinkedIn,527.49,15416,121,139,7,1,0,16482.44,15831.95,0,0,0.9574474135548957,0,,0
2024-12-02,G04,Leeds,CH05,YouTube,534.77,43531,259,299,4,1,0,16111.4,15758.09,0,0,0.9574474135548957,0,,0
2024-12-02,G04,Leeds,CH06,Display,244.67,48494,148,153,1,0,0,14255.47,13759.99,0,0,0.9574474135548957,0,,0
2024-12-02,G05,Bristol,CH01,Paid Search - Brand,368.84,4641,392,414,22,5,2,14565.36,14517.81,0,0,0.9574474135548957,0,,0
2024-12-02,G05,Bristol,CH02,Paid Search - Non-Brand,687.42,10436,455,549,18,5,1,15383.72,15588.68,0,0,0.9574474135548957,0,,0
2024-12-02,G05,Bristol,CH03,Paid Social,587.94,57594,667,736,18,5,2,13976.99,14392.63,0,0,0.9574474135548957,0,,0
2024-12-02,G05,Bristol,CH04,LinkedIn,480.65,13478,99,120,5,1,0,13752.07,13989.01,0,0,0.9574474135548957,0,,0
2024-12-02,G05,Bristol,CH05,YouTube,449.58,37800,238,272,4,1,0,13889.77,13667.53,0,0,0.9574474135548957,0,,0
2024-12-02,G05,Bristol,CH06,Display,274.87,54334,151,170,1,0,0,15639.8,15355.1,0,0,0.9574474135548957,0,,0
2024-12-02,G06,Glasgow,CH01,Paid Search - Brand,350.34,4339,373,397,23,4,1,12416.82,12500.68,0,0,0.9574474135548957,0,,0
2024-12-02,G06,Glasgow,CH02,Paid Search - Non-Brand,737.66,11215,479,545,25,7,2,14321.47,13623.34,0,0,0.9574474135548957,0,,0
2024-12-02,G06,Glasgow,CH03,Paid Social,543.12,55129,659,769,19,5,1,13753.73,13071.68,0,0,0.9574474135548957,0,,0
2024-12-02,G06,Glasgow,CH04,LinkedIn,422.06,11945,90,110,5,1,0,13809.34,12767.97,0,0,0.9574474135548957,0,,0
2024-12-02,G06,Glasgow,CH05,YouTube,435.44,36551,220,268,3,0,0,14441.9,14126.42,0,0,0.9574474135548957,0,,0
2024-12-02,G06,Glasgow,CH06,Display,206.72,42110,120,130,1,0,0,13798.24,13819.16,0,0,0.9574474135548957,0,,0
2024-12-02,G07,Liverpool,CH01,Paid Search - Brand,316.91,3987,300,374,27,8,3,14041.26,13050.38,0,0,0.9574474135548957,0,,0
2024-12-02,G07,Liverpool,CH02,Paid Search - Non-Brand,643.58,9338,397,458,18,5,2,12410.14,12632.49,0,0,0.9574474135548957,0,,0
2024-12-02,G07,Liverpool,CH03,Paid Social,555.51,54581,602,700,17,4,1,12577.88,13327.66,0,0,0.9574474135548957,0,,0
2024-12-02,G07,Liverpool,CH04,LinkedIn,498.28,14086,110,122,5,1,0,12344.7,13440.85,0,0,0.9574474135548957,1,,0
2024-12-02,G07,Liverpool,CH05,YouTube,380.12,31700,199,245,3,0,0,13805.04,13252.6,0,0,0.9574474135548957,0,,0
2024-12-02,G07,Liverpool,CH06,Display,247.71,49657,124,153,1,0,0,14589.37,14271.6,0,0,0.9574474135548957,0,,0
2024-12-02,G08,Sheffield,CH01,Paid Search - Brand,273.61,3423,290,320,20,4,1,10991.58,11453.65,0,0,0.9574474135548957,0,,0
2024-12-02,G08,Sheffield,CH02,Paid Search - Non-Brand,564.75,8533,400,438,18,5,1,10863.18,10242.72,0,0,0.9574474135548957,0,,0
2024-12-02,G08,Sheffield,CH03,Paid Social,483.29,48518,591,596,19,5,1,11728.74,11752.38,0,0,0.9574474135548957,0,,0
2024-12-02,G08,Sheffield,CH04,LinkedIn,445.95,12799,106,120,4,0,0,12649.79,11888.45,0,0,0.9574474135548957,0,,0
2024-12-02,G08,Sheffield,CH05,YouTube,348.46,28560,175,211,2,0,0,12978.52,12976.35,0,0,0.9574474135548957,0,,0
2024-12-02,G08,Sheffield,CH06,Display,222.69,44659,134,164,1,0,0,10133.81,11153.68,0,0,0.9574474135548957,0,,0
2024-12-02,G09,Edinburgh,CH01,Paid Search - Brand,315.03,3945,306,307,16,4,0,10791.1,10505.31,0,0,0.9574474135548957,0,,0
2024-12-02,G09,Edinburgh,CH02,Paid Search - Non-Brand,611.73,9259,424,453,20,7,2,10855.99,10418.02,0,0,0.9574474135548957,0,,0
2024-12-02,G09,Edinburgh,CH03,Paid Social,494.66,49220,606,646,15,3,1,10757.81,10828.11,0,0,0.9574474135548957,0,,0
2024-12-02,G09,Edinburgh,CH04,LinkedIn,377.6,10662,81,85,3,1,0,12399.7,12461.21,0,0,0.9574474135548957,0,,0
2024-12-02,G09,Edinburgh,CH05,YouTube,369.8,31419,176,195,3,0,0,12742.91,12053.79,0,0,0.9574474135548957,0,,0
2024-12-02,G09,Edinburgh,CH06,Display,207.92,43252,122,129,1,0,0,11946.26,11820.78,0,0,0.9574474135548957,0,,0
2024-12-02,G10,Cardiff,CH01,Paid Search - Brand,294.47,3764,318,345,22,5,1,9743.93,10514.66,0,0,0.9574474135548957,1,,0
2024-12-02,G10,Cardiff,CH02,Paid Search - Non-Brand,538.1,8231,357,362,16,3,0,10585.2,10115.6,0,0,0.9574474135548957,0,,0
2024-12-02,G10,Cardiff,CH03,Paid Social,446.36,44816,560,596,19,4,1,10394.52,10529.56,0,0,0.9574474135548957,0,,0
2024-12-02,G10,Cardiff,CH04,LinkedIn,349.92,9740,73,73,3,0,0,11167.35,10495.0,0,0,0.9574474135548957,0,,0
2024-12-02,G10,Cardiff,CH05,YouTube,307.86,26164,152,153,2,0,0,10183.92,9614.61,0,0,0.9574474135548957,0,,0
2024-12-02,G10,Cardiff,CH06,Display,202.81,40800,111,138,1,0,0,9700.17,9539.9,0,0,0.9574474135548957,0,,0
2024-12-09,G01,London,CH01,Paid Search - Brand,715.28,9161,826,1014,61,21,6,28000.74,26732.77,0,0,0.9712821202854931,0,,0
2024-12-09,G01,London,CH02,Paid Search - Non-Brand,1366.57,21094,944,1020,36,11,3,26675.5,24787.25,0,0,0.9712821202854931,0,,0
2024-12-09,G01,London,CH03,Paid Social,1278.26,123402,1455,1799,55,17,7,27342.01,25901.08,0,0,0.9712821202854931,0,,0
2024-12-09,G01,London,CH04,LinkedIn,921.85,26986,208,212,10,2,0,27957.52,28830.16,0,0,0.9712821202854931,0,,0
2024-12-09,G01,London,CH05,YouTube,906.25,75654,431,463,8,2,0,29389.54,29488.89,0,0,0.9712821202854931,1,,0
2024-12-09,G01,London,CH06,Display,525.77,106238,319,320,3,0,0,30659.78,30416.75,0,0,0.9712821202854931,0,,0
2024-12-09,G02,Manchester,CH01,Paid Search - Brand,454.53,5626,430,492,33,11,2,19803.7,19137.21,0,0,0.9712821202854931,0,,0
2024-12-09,G02,Manchester,CH02,Paid Search - Non-Brand,990.84,15054,649,780,28,7,1,23383.83,21348.69,0,0,0.9712821202854931,0,,0
2024-12-09,G02,Manchester,CH03,Paid Social,816.77,82681,1039,1274,36,13,3,21620.17,19622.94,0,0,0.9712821202854931,0,,0
2024-12-09,G02,Manchester,CH04,LinkedIn,691.59,19876,163,200,9,2,0,19725.92,17840.24,0,0,0.9712821202854931,0,,0
2024-12-09,G02,Manchester,CH05,YouTube,636.87,52790,305,350,6,1,0,18362.68,18987.83,0,0,0.9712821202854931,0,,0
2024-12-09,G02,Manchester,CH06,Display,330.69,65759,174,203,2,0,0,22208.49,20591.38,0,0,0.9712821202854931,0,,0
2024-12-09,G03,Birmingham,CH01,Paid Search - Brand,526.32,6450,573,672,50,14,3,18173.91,17221.52,0,0,0.9712821202854931,0,,0
2024-12-09,G03,Birmingham,CH02,Paid Search - Non-Brand,937.11,14105,625,676,26,5,2,19698.9,18843.03,0,0,0.9712821202854931,0,,0
2024-12-09,G03,Birmingham,CH03,Paid Social,826.64,83798,956,1166,29,10,3,19991.7,18858.77,0,0,0.9712821202854931,0,,0
2024-12-09,G03,Birmingham,CH04,LinkedIn,654.3,18756,142,157,7,2,0,19939.04,19357.02,0,0,0.9712821202854931,0,,0
2024-12-09,G03,Birmingham,CH05,YouTube,569.83,46442,278,328,4,1,0,20991.03,20520.15,0,0,0.9712821202854931,0,,0
2024-12-09,G03,Birmingham,CH06,Display,343.92,66832,183,208,1,0,0,18903.31,19353.28,0,0,0.9712821202854931,0,,0
2024-12-09,G04,Leeds,CH01,Paid Search - Brand,414.32,5166,420,463,30,6,1,14064.69,14368.08,0,0,0.9712821202854931,0,,0
2024-12-09,G04,Leeds,CH02,Paid Search - Non-Brand,830.93,12546,541,673,29,5,1,13436.93,14112.84,0,0,0.9712821202854931,0,,0
2024-12-09,G04,Leeds,CH03,Paid Social,750.33,73038,854,1039,32,7,1,14430.67,13641.24,0,0,0.9712821202854931,0,,0
2024-12-09,G04,Leeds,CH04,LinkedIn,522.45,14964,113,127,5,1,0,18753.17,17237.59,0,0,0.9712821202854931,0,,0
2024-12-09,G04,Leeds,CH05,YouTube,573.3,49041,292,295,4,1,0,14457.44,14515.05,0,0,0.9712821202854931,0,,0
2024-12-09,G04,Leeds,CH06,Display,275.05,55164,169,175,1,0,0,17865.01,15697.54,0,0,0.9712821202854931,0,,0
2024-12-09,G05,Bristol,CH01,Paid Search - Brand,365.81,4511,399,400,25,7,2,12724.44,13386.66,0,0,0.9712821202854931,0,,0
2024-12-09,G05,Bristol,CH02,Paid Search - Non-Brand,754.05,11466,526,576,23,6,1,13889.04,13244.04,0,0,0.9712821202854931,0,,0
2024-12-09,G05,Bristol,CH03,Paid Social,686.92,70215,874,1050,32,9,3,13938.08,14197.1,0,0,0.9712821202854931,0,,0
2024-12-09,G05,Bristol,CH04,LinkedIn,529.62,15825,125,148,6,1,0,15861.14,15499.95,0,0,0.9712821202854931,0,,0
2024-12-09,G05,Bristol,CH05,YouTube,483.97,40158,240,281,4,1,0,17567.41,16357.71,0,0,0.9712821202854931,0,,0
2024-12-09,G05,Bristol,CH06,Display,229.01,45570,128,140,1,0,0,13453.56,13481.98,0,0,0.9712821202854931,0,,0
2024-12-09,G06,Glasgow,CH01,Paid Search - Brand,306.51,3771,339,419,24,8,3,13256.85,13204.3,0,0,0.9712821202854931,0,,0
2024-12-09,G06,Glasgow,CH02,Paid Search - Non-Brand,703.76,10698,490,558,25,5,2,13125.8,12634.77,0,0,0.9712821202854931,0,,0
2024-12-09,G06,Glasgow,CH03,Paid Social,584.28,58579,655,731,22,6,1,11444.9,11402.82,0,0,0.9712821202854931,0,,0
2024-12-09,G06,Glasgow,CH04,LinkedIn,411.94,11713,92,101,4,0,0,13025.28,13525.87,0,0,0.9712821202854931,0,,0
2024-12-09,G06,Glasgow,CH05,YouTube,425.1,35063,207,212,3,1,0,12380.06,12823.63,0,0,0.9712821202854931,0,,0
2024-12-09,G06,Glasgow,CH06,Display,263.97,54071,161,166,1,0,0,12578.25,12857.18,0,0,0.9712821202854931,0,,0
2024-12-09,G07,Liverpool,CH01,Paid Search - Brand,329.86,4146,366,366,25,9,3,14305.76,13622.97,0,0,0.9712821202854931,0,,0
2024-12-09,G07,Liverpool,CH02,Paid Search - Non-Brand,792.71,12244,544,604,20,7,2,15213.9,14114.81,0,0,0.9712821202854931,0,,0
2024-12-09,G07,Liverpool,CH03,Paid Social,547.51,56374,710,751,23,5,2,14415.0,14493.94,0,0,0.9712821202854931,0,,0
2024-12-09,G07,Liverpool,CH04,LinkedIn,458.69,13587,104,118,4,1,0,15145.68,14294.87,0,0,0.9712821202854931,0,,0
2024-12-09,G07,Liverpool,CH05,YouTube,406.13,33151,206,235,4,0,0,13204.55,12202.7,0,0,0.9712821202854931,0,,0
2024-12-09,G07,Liverpool,CH06,Display,227.13,45634,131,135,1,0,0,13950.9,14633.0,0,0,0.9712821202854931,0,,0
2024-12-09,G08,Sheffield,CH01,Paid Search - Brand,294.43,3761,288,323,17,5,2,13747.02,13126.52,0,0,0.9712821202854931,0,,0
2024-12-09,G08,Sheffield,CH02,Paid Search - Non-Brand,646.09,10277,449,558,26,9,2,11071.34,10639.97,0,0,0.9712821202854931,0,,0
2024-12-09,G08,Sheffield,CH03,Paid Social,550.26,54297,614,757,18,5,1,9993.89,10366.34,0,0,0.9712821202854931,0,,0
2024-12-09,G08,Sheffield,CH04,LinkedIn,428.47,12500,94,97,4,0,0,12439.27,12547.08,0,0,0.9712821202854931,0,,0
2024-12-09,G08,Sheffield,CH05,YouTube,369.17,31165,173,192,2,0,0,13374.31,13865.36,0,0,0.9712821202854931,0,,0
2024-12-09,G08,Sheffield,CH06,Display,218.98,43270,121,128,1,0,0,12773.99,12607.95,0,0,0.9712821202854931,0,,0
2024-12-09,G09,Edinburgh,CH01,Paid Search - Brand,287.9,3595,316,364,20,4,1,11326.95,10436.95,0,0,0.9712821202854931,0,,0
2024-12-09,G09,Edinburgh,CH02,Paid Search - Non-Brand,675.22,10253,431,485,22,4,1,13736.28,12864.44,0,0,0.9712821202854931,0,,0
2024-12-09,G09,Edinburgh,CH03,Paid Social,481.66,48245,551,631,14,4,1,13008.9,11956.61,0,0,0.9712821202854931,0,,0
2024-12-09,G09,Edinburgh,CH04,LinkedIn,400.71,11419,88,91,3,0,0,10750.44,11029.36,0,0,0.9712821202854931,0,,0
2024-12-09,G09,Edinburgh,CH05,YouTube,376.85,31910,185,208,3,1,0,10391.63,10502.5,0,0,0.9712821202854931,0,,0
2024-12-09,G09,Edinburgh,CH06,Display,220.2,43838,127,145,1,0,0,11772.61,11847.16,0,0,0.9712821202854931,0,,0
2024-12-09,G10,Cardiff,CH01,Paid Search - Brand,317.11,3861,343,367,24,6,1,10032.6,9743.53,0,0,0.9712821202854931,0,,0
2024-12-09,G10,Cardiff,CH02,Paid Search - Non-Brand,554.69,8351,393,441,17,6,2,11867.98,10624.68,0,0,0.9712821202854931,0,,0
2024-12-09,G10,Cardiff,CH03,Paid Social,505.67,49898,623,654,16,6,1,11988.29,11873.67,0,0,0.9712821202854931,0,,0
2024-12-09,G10,Cardiff,CH04,LinkedIn,370.29,10481,78,80,3,1,0,12390.37,11419.2,0,0,0.9712821202854931,0,,0
2024-12-09,G10,Cardiff,CH05,YouTube,352.74,29840,169,190,2,0,0,11239.4,10609.19,0,0,0.9712821202854931,0,,0
2024-12-09,G10,Cardiff,CH06,Display,169.49,35126,95,97,0,0,0,9759.23,9641.83,0,0,0.9712821202854931,0,,0
2024-12-16,G01,London,CH01,Paid Search - Brand,680.26,8424,717,866,56,17,6,26769.35,27805.36,0,0,0.9855355983693612,0,,0
2024-12-16,G01,London,CH02,Paid Search - Non-Brand,1604.05,23960,1099,1331,59,14,4,26495.65,26470.22,0,0,0.9855355983693612,0,,0
2024-12-16,G01,London,CH03,Paid Social,1139.65,111466,1232,1287,35,9,2,25960.17,25379.97,0,0,0.9855355983693612,0,,0
2024-12-16,G01,London,CH04,LinkedIn,1089.91,31353,231,231,9,3,1,27798.36,28535.32,0,0,0.9855355983693612,0,,0
2024-12-16,G01,London,CH05,YouTube,942.79,78646,455,470,7,1,0,24831.18,26733.71,0,0,0.9855355983693612,0,,0
2024-12-16,G01,London,CH06,Display,552.93,106382,286,327,3,0,0,28571.89,27804.68,0,0,0.9855355983693612,0,,0
2024-12-16,G02,Manchester,CH01,Paid Search - Brand,448.51,5887,459,464,34,7,2,17325.17,16987.33,0,0,0.9855355983693612,0,,0
2024-12-16,G02,Manchester,CH02,Paid Search - Non-Brand,1077.14,16652,785,891,32,9,3,16849.65,17916.59,0,0,0.9855355983693612,0,,0
2024-12-16,G02,Manchester,CH03,Paid Social,894.79,91448,1046,1272,38,11,3,17081.94,16884.63,0,0,0.9855355983693612,0,,0
2024-12-16,G02,Manchester,CH04,LinkedIn,718.81,20675,158,161,8,2,0,22291.35,22632.79,0,0,0.9855355983693612,0,,0
2024-12-16,G02,Manchester,CH05,YouTube,561.61,46352,278,280,4,0,0,19163.28,19066.99,0,0,0.9855355983693612,0,,0
2024-12-16,G02,Manchester,CH06,Display,339.04,67392,195,233,2,0,0,20843.83,18985.26,0,0,0.9855355983693612,0,,0
2024-12-16,G03,Birmingham,CH01,Paid Search - Brand,511.93,6394,540,573,36,13,4,16192.53,16361.26,0,0,0.9855355983693612,0,,0
2024-12-16,G03,Birmingham,CH02,Paid Search - Non-Brand,1017.46,15471,692,759,26,9,3,18130.87,18382.65,0,0,0.9855355983693612,0,,0
2024-12-16,G03,Birmingham,CH03,Paid Social,819.18,80698,1057,1144,37,9,1,21202.24,20644.73,0,0,0.9855355983693612,0,,0
2024-12-16,G03,Birmingham,CH04,LinkedIn,746.71,20545,157,188,8,2,0,21923.08,20451.53,0,0,0.9855355983693612,0,,0
2024-12-16,G03,Birmingham,CH05,YouTube,600.31,49996,295,345,4,0,0,15864.36,16764.43,0,0,0.9855355983693612,0,,0
2024-12-16,G03,Birmingham,CH06,Display,342.75,68203,205,232,2,0,0,18962.52,18592.1,0,0,0.9855355983693612,0,,0
2024-12-16,G04,Leeds,CH01,Paid Search - Brand,438.92,5396,444,532,33,11,3,14791.33,15559.38,0,0,0.9855355983693612,0,,0
2024-12-16,G04,Leeds,CH02,Paid Search - Non-Brand,848.19,12855,586,647,28,9,3,16601.42,16291.74,0,0,0.9855355983693612,0,,0
2024-12-16,G04,Leeds,CH03,Paid Social,717.46,72344,865,1059,31,7,2,14619.12,14053.36,0,0,0.9855355983693612,0,,0
2024-12-16,G04,Leeds,CH04,LinkedIn,543.53,15662,121,149,5,1,0,14264.71,14609.4,0,0,0.9855355983693612,0,,0
2024-12-16,G04,Leeds,CH05,YouTube,444.71,37081,219,256,3,0,0,16722.42,16273.5,0,0,0.9855355983693612,0,,0
2024-12-16,G04,Leeds,CH06,Display,274.72,54044,168,206,2,0,0,15438.32,15234.25,0,0,0.9855355983693612,0,,0
2024-12-16,G05,Bristol,CH01,Paid Search - Brand,379.26,4642,432,483,31,9,3,13327.67,13737.06,0,0,0.9855355983693612,0,,0
2024-12-16,G05,Bristol,CH02,Paid Search - Non-Brand,805.53,12742,589,626,23,5,1,15669.5,15491.21,0,0,0.9855355983693612,0,,0
2024-12-16,G05,Bristol,CH03,Paid Social,773.63,74896,876,975,23,8,2,17718.8,17288.2,0,0,0.9855355983693612,0,,0
2024-12-16,G05,Bristol,CH04,LinkedIn,487.11,13356,109,117,4,1,0,14744.21,15247.9,0,0,0.9855355983693612,0,,0
2024-12-16,G05,Bristol,CH05,YouTube,435.9,35994,203,222,3,0,0,15734.2,16379.38,0,0,0.9855355983693612,0,,0
2024-12-16,G05,Bristol,CH06,Display,287.56,59830,180,210,2,0,0,13882.55,14388.04,0,0,0.9855355983693612,0,,0
2024-12-16,G06,Glasgow,CH01,Paid Search - Brand,345.86,4344,349,359,26,9,3,13875.2,13315.01,0,0,0.9855355983693612,0,,0
2024-12-16,G06,Glasgow,CH02,Paid Search - Non-Brand,655.74,9831,452,506,17,4,1,13441.37,13270.09,0,0,0.9855355983693612,0,,0
2024-12-16,G06,Glasgow,CH03,Paid Social,572.03,58477,646,713,23,7,1,11699.87,12378.53,0,0,0.9855355983693612,0,,0
2024-12-16,G06,Glasgow,CH04,LinkedIn,384.12,10634,80,90,3,1,0,10700.4,10706.38,0,0,0.9855355983693612,0,,0
2024-12-16,G06,Glasgow,CH05,YouTube,402.08,34083,194,225,3,0,0,12283.4,11655.84,0,0,0.9855355983693612,0,,0
2024-12-16,G06,Glasgow,CH06,Display,253.76,49288,138,166,1,0,0,12333.89,12720.2,0,0,0.9855355983693612,0,,0
2024-12-16,G07,Liverpool,CH01,Paid Search - Brand,392.23,4884,405,492,33,7,1,12670.79,12963.66,0,0,0.9855355983693612,0,,0
2024-12-16,G07,Liverpool,CH02,Paid Search - Non-Brand,762.21,11781,524,603,21,4,0,14166.8,14036.58,0,0,0.9855355983693612,0,,0
2024-12-16,G07,Liverpool,CH03,Paid Social,569.4,56929,675,740,16,3,1,15237.41,14643.16,0,0,0.9855355983693612,0,,0
2024-12-16,G07,Liverpool,CH04,LinkedIn,478.5,13744,111,131,5,1,0,16439.21,15553.84,0,0,0.9855355983693612,0,,0
2024-12-16,G07,Liverpool,CH05,YouTube,462.62,38314,221,238,3,1,0,13082.17,13078.09,0,0,0.9855355983693612,0,,0
2024-12-16,G07,Liverpool,CH06,Display,248.07,50677,140,169,1,0,0,14455.64,14163.75,0,0,0.9855355983693612,0,,0
2024-12-16,G08,Sheffield,CH01,Paid Search - Brand,305.92,3844,316,317,24,6,1,14010.37,12997.59,0,0,0.9855355983693612,0,,0
2024-12-16,G08,Sheffield,CH02,Paid Search - Non-Brand,615.42,9306,405,452,20,7,2,12856.47,12212.3,0,0,0.9855355983693612,0,,0
2024-12-16,G08,Sheffield,CH03,Paid Social,555.51,55497,669,798,24,5,1,11834.19,11775.48,0,0,0.9855355983693612,0,,0
2024-12-16,G08,Sheffield,CH04,LinkedIn,482.7,13949,121,138,5,1,0,13913.68,13519.5,0,0,0.9855355983693612,0,,0
2024-12-16,G08,Sheffield,CH05,YouTube,348.76,28754,169,172,2,0,0,11697.56,11350.5,0,0,0.9855355983693612,0,,0
2024-12-16,G08,Sheffield,CH06,Display,204.52,40862,121,134,1,0,0,11446.67,11007.96,0,0,0.9855355983693612,0,,0
2024-12-16,G09,Edinburgh,CH01,Paid Search - Brand,283.47,3705,321,334,24,8,2,11270.88,11411.5,0,0,0.9855355983693612,0,,0
2024-12-16,G09,Edinburgh,CH02,Paid Search - Non-Brand,655.86,10249,434,518,22,5,1,11478.5,12154.34,0,0,0.9855355983693612,1,,0
2024-12-16,G09,Edinburgh,CH03,Paid Social,507.78,49199,569,695,17,4,1,12277.12,12252.72,0,0,0.9855355983693612,0,,0
2024-12-16,G09,Edinburgh,CH04,LinkedIn,441.99,12806,95,115,4,1,0,12137.09,11677.17,0,0,0.9855355983693612,0,,0
2024-12-16,G09,Edinburgh,CH05,YouTube,379.05,31839,214,253,3,0,0,11658.13,11663.71,0,0,0.9855355983693612,0,,0
2024-12-16,G09,Edinburgh,CH06,Display,200.46,41012,119,122,1,0,0,14456.17,13497.4,0,0,0.9855355983693612,0,,0
2024-12-16,G10,Cardiff,CH01,Paid Search - Brand,251.04,3112,256,319,21,7,1,12040.96,11087.86,0,0,0.9855355983693612,0,,0
2024-12-16,G10,Cardiff,CH02,Paid Search - Non-Brand,596.76,9005,384,422,17,6,1,11425.56,10935.16,0,0,0.9855355983693612,0,,0
2024-12-16,G10,Cardiff,CH03,Paid Social,467.53,45549,538,651,17,4,1,9920.38,9934.09,0,0,0.9855355983693612,0,,0
2024-12-16,G10,Cardiff,CH04,LinkedIn,375.22,10394,81,91,4,1,0,10878.12,10759.49,0,0,0.9855355983693612,0,,0
2024-12-16,G10,Cardiff,CH05,YouTube,361.5,30218,183,209,3,1,0,11885.79,11415.71,0,0,0.9855355983693612,0,,0
2024-12-16,G10,Cardiff,CH06,Display,208.13,40731,120,122,1,0,0,10977.73,11257.78,0,0,0.9855355983693612,0,,0
2024-12-23,G01,London,CH01,Paid Search - Brand,738.36,9026,734,759,44,12,4,28562.36,29755.38,0,0,1.0,0,,0
2024-12-23,G01,London,CH02,Paid Search - Non-Brand,1336.06,21178,1052,1098,46,16,4,27035.11,28083.77,0,0,1.0,1,,0
2024-12-23,G01,London,CH03,Paid Social,1250.44,125607,1563,1901,43,9,3,30016.52,29187.83,0,0,1.0,0,,0
2024-12-23,G01,London,CH04,LinkedIn,958.06,27543,209,256,12,3,1,28174.03,27291.11,0,0,1.0,0,,0
2024-12-23,G01,London,CH05,YouTube,922.46,78062,463,522,6,1,0,24908.41,24886.6,0,0,1.0,0,,0
2024-12-23,G01,London,CH06,Display,501.35,99162,289,350,3,0,0,29548.61,28298.35,0,0,1.0,0,,0
2024-12-23,G02,Manchester,CH01,Paid Search - Brand,553.83,7023,595,595,46,14,5,21921.87,21110.24,0,0,1.0,0,,0
2024-12-23,G02,Manchester,CH02,Paid Search - Non-Brand,1110.4,17216,734,801,37,13,4,18539.24,16997.48,0,0,1.0,0,,0
2024-12-23,G02,Manchester,CH03,Paid Social,913.34,88289,1032,1184,30,10,3,18295.97,18156.75,0,0,1.0,0,,0
2024-12-23,G02,Manchester,CH04,LinkedIn,709.62,20097,154,184,9,2,0,19466.56,21666.09,0,0,1.0,0,,0
2024-12-23,G02,Manchester,CH05,YouTube,632.74,52061,285,344,5,1,0,23033.26,21926.23,0,0,1.0,0,,0
2024-12-23,G02,Manchester,CH06,Display,346.2,68410,206,228,2,0,0,20158.67,20736.45,0,0,1.0,0,,0
2024-12-23,G03,Birmingham,CH01,Paid Search - Brand,488.46,6099,520,632,40,8,2,19749.47,19989.1,0,0,1.0,0,,0
2024-12-23,G03,Birmingham,CH02,Paid Search - Non-Brand,972.2,14671,685,808,31,6,2,17597.15,18180.17,0,0,1.0,0,,0
2024-12-23,G03,Birmingham,CH03,Paid Social,996.09,99247,1172,1220,27,7,2,19747.51,18830.67,0,0,1.0,0,,0
2024-12-23,G03,Birmingham,CH04,LinkedIn,686.72,19523,137,169,6,2,0,16695.36,16473.52,0,0,1.0,0,,0
2024-12-23,G03,Birmingham,CH05,YouTube,650.03,53458,289,357,6,1,0,17227.78,17752.32,0,0,1.0,0,,0
2024-12-23,G03,Birmingham,CH06,Display,333.89,69699,206,248,2,0,0,16568.98,18160.21,0,0,1.0,0,,0
2024-12-23,G04,Leeds,CH01,Paid Search - Brand,361.37,4448,390,455,28,5,1,15944.58,16005.72,0,0,1.0,0,,0
2024-12-23,G04,Leeds,CH02,Paid Search - Non-Brand,859.9,13123,645,703,32,11,3,16083.13,16055.24,0,0,1.0,0,,0
2024-12-23,G04,Leeds,CH03,Paid Social,674.4,65888,736,850,20,6,1,15432.91,16047.6,0,0,1.0,0,,0
2024-12-23,G04,Leeds,CH04,LinkedIn,632.97,17302,133,134,6,2,0,17638.98,15877.77,0,0,1.0,0,,0
2024-12-23,G04,Leeds,CH05,YouTube,471.25,38516,215,244,4,0,0,16788.25,15942.65,0,0,1.0,0,,0
2024-12-23,G04,Leeds,CH06,Display,290.33,59477,173,193,1,0,0,15968.4,15390.77,0,0,1.0,0,,0
2024-12-23,G05,Bristol,CH01,Paid Search - Brand,372.74,4539,397,470,25,8,2,14129.97,15140.47,0,0,1.0,0,,0
2024-12-23,G05,Bristol,CH02,Paid Search - Non-Brand,881.3,13583,641,754,33,10,3,13771.92,14641.09,0,0,1.0,0,,0
2024-12-23,G05,Bristol,CH03,Paid Social,656.07,65549,782,787,25,4,1,13654.89,14025.5,0,0,1.0,0,,0
2024-12-23,G05,Bristol,CH04,LinkedIn,514.85,14841,104,123,5,1,0,15398.59,15035.08,0,0,1.0,0,,0
2024-12-23,G05,Bristol,CH05,YouTube,416.46,35270,196,216,3,1,0,14565.6,14565.49,0,0,1.0,0,,0
2024-12-23,G05,Bristol,CH06,Display,292.1,57552,176,218,1,0,0,13628.91,14124.58,0,0,1.0,0,,0
2024-12-23,G06,Glasgow,CH01,Paid Search - Brand,364.19,4579,375,406,26,6,2,14368.72,13431.57,0,0,1.0,0,,0
2024-12-23,G06,Glasgow,CH02,Paid Search - Non-Brand,681.03,10462,459,494,19,3,1,13374.16,13045.53,0,0,1.0,0,,0
2024-12-23,G06,Glasgow,CH03,Paid Social,499.5,48649,563,598,19,6,1,13137.45,13195.9,0,0,1.0,0,,0
2024-12-23,G06,Glasgow,CH04,LinkedIn,483.57,13845,104,126,5,1,0,13058.98,13817.34,0,0,1.0,0,,0
2024-12-23,G06,Glasgow,CH05,YouTube,416.33,34989,209,233,2,0,0,13754.65,14298.9,0,0,1.0,0,,0
2024-12-23,G06,Glasgow,CH06,Display,261.94,53532,165,183,2,0,0,13941.69,14375.16,0,0,1.0,0,,0
2024-12-23,G07,Liverpool,CH01,Paid Search - Brand,341.56,4177,370,371,23,7,2,14237.94,14349.86,0,0,1.0,0,,0
2024-12-23,G07,Liverpool,CH02,Paid Search - Non-Brand,782.81,11962,596,645,22,4,1,12101.19,12320.79,0,0,1.0,0,,0
2024-12-23,G07,Liverpool,CH03,Paid Social,567.23,57652,719,826,27,9,2,15850.22,14415.81,0,0,1.0,0,,0
2024-12-23,G07,Liverpool,CH04,LinkedIn,478.81,13505,101,113,5,1,0,14649.67,13698.6,0,0,1.0,0,,0
2024-12-23,G07,Liverpool,CH05,YouTube,502.24,41863,221,275,3,0,0,15154.43,14902.93,0,0,1.0,0,,0
2024-12-23,G07,Liverpool,CH06,Display,269.83,53433,150,166,1,0,0,13250.04,13206.99,0,0,1.0,0,,0
2024-12-23,G08,Sheffield,CH01,Paid Search - Brand,298.19,3622,308,368,25,9,3,12189.72,11979.54,0,0,1.0,0,,0
2024-12-23,G08,Sheffield,CH02,Paid Search - Non-Brand,678.77,10280,461,522,24,8,2,12735.89,12728.0,0,0,1.0,0,,0
2024-12-23,G08,Sheffield,CH03,Paid Social,588.7,57924,682,779,22,8,2,12058.25,12264.19,0,0,1.0,0,,0
2024-12-23,G08,Sheffield,CH04,LinkedIn,493.33,13929,103,114,4,1,0,13439.84,13267.36,0,0,1.0,0,,0
2024-12-23,G08,Sheffield,CH05,YouTube,433.75,35080,205,228,3,1,0,12338.66,13232.83,0,0,1.0,0,,0
2024-12-23,G08,Sheffield,CH06,Display,222.98,43712,123,128,1,0,0,12178.85,11937.89,0,0,1.0,0,,0
2024-12-23,G09,Edinburgh,CH01,Paid Search - Brand,303.12,3907,333,414,23,6,2,11016.01,11173.24,0,0,1.0,0,,0
2024-12-23,G09,Edinburgh,CH02,Paid Search - Non-Brand,664.86,9778,446,530,22,6,1,12446.17,12368.97,0,0,1.0,0,,0
2024-12-23,G09,Edinburgh,CH03,Paid Social,524.55,51255,565,675,16,4,1,11823.21,11909.5,0,0,1.0,0,,0
2024-12-23,G09,Edinburgh,CH04,LinkedIn,392.04,10945,88,101,3,0,0,11965.47,11602.58,0,0,1.0,0,,0
2024-12-23,G09,Edinburgh,CH05,YouTube,391.99,33051,196,224,3,0,0,10605.84,11516.51,0,0,1.0,1,,0
2024-12-23,G09,Edinburgh,CH06,Display,237.45,48335,143,155,1,0,0,11739.45,11229.69,0,0,1.0,0,,0
2024-12-23,G10,Cardiff,CH01,Paid Search - Brand,293.84,3518,315,373,28,8,2,10905.08,10263.79,0,0,1.0,0,,0
2024-12-23,G10,Cardiff,CH02,Paid Search - Non-Brand,581.55,8961,428,505,24,8,2,11229.03,11472.82,0,0,1.0,0,,0
2024-12-23,G10,Cardiff,CH03,Paid Social,488.74,47832,595,739,16,3,1,12416.45,11898.52,0,0,1.0,0,,0
2024-12-23,G10,Cardiff,CH04,LinkedIn,414.87,11957,96,105,5,1,0,11307.28,11263.6,0,0,1.0,0,,0
2024-12-23,G10,Cardiff,CH05,YouTube,335.29,28028,157,183,2,0,0,11781.26,11669.87,0,0,1.0,0,,0
2024-12-23,G10,Cardiff,CH06,Display,207.78,41129,122,123,1,0,0,11171.41,10777.9,0,0,1.0,0,,0
2024-12-30,G01,London,CH01,Paid Search - Brand,1020.48,12513,1059,1158,88,26,7,32798.55,30573.63,0,0,1.0144644016306388,0,,0
2024-12-30,G01,London,CH02,Paid Search - Non-Brand,1627.43,25642,1140,1288,59,21,9,28374.28,27544.79,0,0,1.0144644016306388,0,,0
2024-12-30,G01,London,CH03,Paid Social,1578.45,157394,1982,2405,74,24,6,28357.06,27020.64,0,0,1.0144644016306388,0,,0
2024-12-30,G01,London,CH04,LinkedIn,1175.43,34407,273,311,13,2,0,27511.35,27012.42,0,0,1.0144644016306388,0,,0
2024-12-30,G01,London,CH05,YouTube,1189.8,100375,636,777,13,3,0,32616.74,33817.4,0,0,1.0144644016306388,0,,0
2024-12-30,G01,London,CH06,Display,659.88,136594,414,463,5,1,0,29980.43,30080.51,0,0,1.0144644016306388,0,,0
2024-12-30,G02,Manchester,CH01,Paid Search - Brand,687.13,8505,719,862,54,11,3,20928.93,20645.47,0,0,1.0144644016306388,0,,0
2024-12-30,G02,Manchester,CH02,Paid Search - Non-Brand,1587.31,24037,1054,1173,51,10,3,20251.73,20047.37,0,0,1.0144644016306388,0,,0
2024-12-30,G02,Manchester,CH03,Paid Social,1246.09,127809,1607,1924,43,15,5,20949.69,20555.36,0,0,1.0144644016306388,0,,0
2024-12-30,G02,Manchester,CH04,LinkedIn,873.07,25221,205,247,9,2,0,19306.36,19465.8,0,0,1.0144644016306388,0,,0
2024-12-30,G02,Manchester,CH05,YouTube,785.87,66647,364,427,7,1,0,19563.21,19067.99,0,0,1.0144644016306388,0,,0
2024-12-30,G02,Manchester,CH06,Display,464.23,92709,282,291,2,0,0,19676.03,20128.88,0,0,1.0144644016306388,0,,0
2024-12-30,G03,Birmingham,CH01,Paid Search - Brand,631.29,8162,725,855,63,13,4,18267.47,19129.43,0,0,1.0144644016306388,0,,0
2024-12-30,G03,Birmingham,CH02,Paid Search - Non-Brand,1330.83,20343,955,955,43,9,3,18944.82,18496.68,0,0,1.0144644016306388,0,,0
2024-12-30,G03,Birmingham,CH03,Paid Social,1032.0,102401,1264,1463,42,8,2,18923.05,17933.22,0,0,1.0144644016306388,0,,0
2024-12-30,G03,Birmingham,CH04,LinkedIn,907.79,27070,205,238,9,2,0,18802.62,18673.99,0,0,1.0144644016306388,0,,0
2024-12-30,G03,Birmingham,CH05,YouTube,703.78,59430,368,377,4,1,0,21287.22,19868.53,0,0,1.0144644016306388,0,,0
2024-12-30,G03,Birmingham,CH06,Display,453.15,91115,258,264,2,0,0,18251.79,17617.15,0,0,1.0144644016306388,0,,0
2024-12-30,G04,Leeds,CH01,Paid Search - Brand,546.48,6824,602,625,36,11,3,15570.85,15516.28,0,0,1.0144644016306388,0,,0
2024-12-30,G04,Leeds,CH02,Paid Search - Non-Brand,1050.11,15962,736,822,30,9,2,14735.97,14291.85,0,0,1.0144644016306388,0,,0
2024-12-30,G04,Leeds,CH03,Paid Social,934.21,95996,1101,1355,44,13,3,18205.62,17181.15,0,0,1.0144644016306388,0,,0
2024-12-30,G04,Leeds,CH04,LinkedIn,765.47,22381,180,194,9,2,0,16908.02,16124.68,0,0,1.0144644016306388,0,,0
2024-12-30,G04,Leeds,CH05,YouTube,620.11,51669,283,318,4,0,0,16346.91,16264.34,0,0,1.0144644016306388,0,,0
2024-12-30,G04,Leeds,CH06,Display,416.6,84833,271,290,2,0,0,15784.67,16486.55,0,0,1.0144644016306388,0,,0
2024-12-30,G05,Bristol,CH01,Paid Search - Brand,429.85,5195,432,478,31,9,3,15264.46,14848.56,0,0,1.0144644016306388,0,,0
2024-12-30,G05,Bristol,CH02,Paid Search - Non-Brand,967.77,14304,641,745,36,10,3,15064.32,15218.24,0,0,1.0144644016306388,0,,0
2024-12-30,G05,Bristol,CH03,Paid Social,794.64,78740,939,1072,30,5,2,16373.48,15596.34,0,0,1.0144644016306388,0,,0
2024-12-30,G05,Bristol,CH04,LinkedIn,653.39,18530,139,165,6,1,0,15274.83,15625.2,0,0,1.0144644016306388,0,,0
2024-12-30,G05,Bristol,CH05,YouTube,595.14,50624,315,326,5,0,0,13534.46,13466.42,0,0,1.0144644016306388,0,,0
2024-12-30,G05,Bristol,CH06,Display,310.57,61001,165,202,2,0,0,14204.57,14885.5,0,0,1.0144644016306388,0,,0
2024-12-30,G06,Glasgow,CH01,Paid Search - Brand,417.43,5262,449,533,29,8,2,15009.66,14398.25,0,0,1.0144644016306388,0,,0
2024-12-30,G06,Glasgow,CH02,Paid Search - Non-Brand,1030.13,16094,781,897,32,10,3,16725.23,15170.72,0,0,1.0144644016306388,0,,0
2024-12-30,G06,Glasgow,CH03,Paid Social,728.82,71907,756,903,21,6,1,15019.6,15486.8,0,0,1.0144644016306388,0,,0
2024-12-30,G06,Glasgow,CH04,LinkedIn,580.62,16251,130,161,5,1,0,12930.8,12445.46,0,0,1.0144644016306388,0,,0
2024-12-30,G06,Glasgow,CH05,YouTube,534.6,43067,248,251,3,1,0,13116.17,12973.65,0,0,1.0144644016306388,0,,0
2024-12-30,G06,Glasgow,CH06,Display,289.37,60297,186,227,2,0,0,13384.56,13181.49,0,0,1.0144644016306388,0,,0
2024-12-30,G07,Liverpool,CH01,Paid Search - Brand,482.07,6036,535,604,34,9,2,13982.88,13236.06,0,0,1.0144644016306388,0,,0
2024-12-30,G07,Liverpool,CH02,Paid Search - Non-Brand,969.21,15331,662,738,27,8,3,12957.22,13065.66,0,0,1.0144644016306388,0,,0
2024-12-30,G07,Liverpool,CH03,Paid Social,759.52,76023,938,1033,25,5,1,14366.14,13745.02,0,0,1.0144644016306388,0,,0
2024-12-30,G07,Liverpool,CH04,LinkedIn,681.2,19135,144,150,5,1,0,14928.07,14171.01,0,0,1.0144644016306388,0,,0
2024-12-30,G07,Liverpool,CH05,YouTube,559.44,45430,267,314,5,1,0,12011.28,11750.26,0,0,1.0144644016306388,0,,0
2024-12-30,G07,Liverpool,CH06,Display,286.02,55826,160,181,1,0,0,15557.76,15547.73,0,0,1.0144644016306388,0,,0
2024-12-30,G08,Sheffield,CH01,Paid Search - Brand,453.22,5727,500,524,28,5,1,13202.64,13653.71,0,0,1.0144644016306388,0,,0
2024-12-30,G08,Sheffield,CH02,Paid Search - Non-Brand,814.26,12381,537,631,30,9,3,13410.7,13732.11,0,0,1.0144644016306388,0,,0
2024-12-30,G08,Sheffield,CH03,Paid Social,673.66,68638,835,926,24,5,1,13064.61,13138.97,0,0,1.0144644016306388,0,,0
2024-12-30,G08,Sheffield,CH04,LinkedIn,535.21,14928,98,112,5,1,0,10687.21,11531.03,0,0,1.0144644016306388,1,,0
2024-12-30,G08,Sheffield,CH05,YouTube,471.79,39965,249,305,5,1,0,10896.63,10860.16,0,0,1.0144644016306388,0,,0
2024-12-30,G08,Sheffield,CH06,Display,287.57,56961,157,165,1,0,0,13904.17,13320.21,0,0,1.0144644016306388,0,,0
2024-12-30,G09,Edinburgh,CH01,Paid Search - Brand,334.54,4208,364,366,27,5,1,13463.02,13709.51,0,0,1.0144644016306388,0,,0
2024-12-30,G09,Edinburgh,CH02,Paid Search - Non-Brand,776.22,12286,592,630,29,6,1,11556.83,12140.18,0,0,1.0144644016306388,0,,0
2024-12-30,G09,Edinburgh,CH03,Paid Social,673.91,65215,758,846,19,6,1,12283.95,12193.94,0,0,1.0144644016306388,0,,0
2024-12-30,G09,Edinburgh,CH04,LinkedIn,516.19,14436,116,137,5,1,0,13841.56,13875.3,0,0,1.0144644016306388,0,,0
2024-12-30,G09,Edinburgh,CH05,YouTube,458.75,37513,228,264,4,0,0,11808.8,12051.15,0,0,1.0144644016306388,0,,0
2024-12-30,G09,Edinburgh,CH06,Display,280.64,54378,160,161,1,0,0,14709.42,13969.21,0,0,1.0144644016306388,0,,0
2024-12-30,G10,Cardiff,CH01,Paid Search - Brand,398.96,4987,462,463,34,7,1,10894.54,11063.41,0,0,1.0144644016306388,0,,0
2024-12-30,G10,Cardiff,CH02,Paid Search - Non-Brand,741.69,11282,494,515,22,5,2,10983.76,11290.36,0,0,1.0144644016306388,0,,0
2024-12-30,G10,Cardiff,CH03,Paid Social,594.62,58913,700,825,19,4,1,11112.88,10156.41,0,0,1.0144644016306388,0,,0
2024-12-30,G10,Cardiff,CH04,LinkedIn,468.14,13542,106,126,5,1,0,13211.23,12678.37,0,0,1.0144644016306388,0,,0
2024-12-30,G10,Cardiff,CH05,YouTube,414.35,34747,207,251,3,1,0,12428.68,11775.43,0,0,1.0144644016306388,0,,0
2024-12-30,G10,Cardiff,CH06,Display,253.23,52191,159,187,2,0,0,12210.21,12113.27,0,0,1.0144644016306388,0,,0
2025-01-06,G01,London,CH01,Paid Search - Brand,1005.44,12537,1011,1067,77,22,7,31766.37,32077.78,0,0,1.028717879714507,0,,0
2025-01-06,G01,London,CH02,Paid Search - Non-Brand,2230.33,35415,1683,2084,88,21,6,29056.22,26560.15,0,0,1.028717879714507,0,,0
2025-01-06,G01,London,CH03,Paid Social,1826.47,190908,2316,2726,73,20,6,28844.26,28683.27,0,0,1.028717879714507,0,,0
2025-01-06,G01,London,CH04,LinkedIn,1553.91,42737,347,395,19,5,1,28666.62,28137.87,0,0,1.028717879714507,0,,0
2025-01-06,G01,London,CH05,YouTube,1330.76,109415,650,708,12,4,1,28059.49,27212.98,0,0,1.028717879714507,0,,0
2025-01-06,G01,London,CH06,Display,747.41,151324,435,480,4,1,0,28254.28,28893.13,0,0,1.028717879714507,0,,0
2025-01-06,G02,Manchester,CH01,Paid Search - Brand,686.7,8483,747,747,39,7,1,20004.21,19555.03,0,0,1.028717879714507,0,,0
2025-01-06,G02,Manchester,CH02,Paid Search - Non-Brand,1519.7,23534,1118,1130,37,6,1,22215.74,22511.79,0,0,1.028717879714507,0,,0
2025-01-06,G02,Manchester,CH03,Paid Social,1226.56,120091,1404,1748,40,8,2,20651.58,22326.45,0,0,1.028717879714507,0,,0
2025-01-06,G02,Manchester,CH04,LinkedIn,937.5,26599,194,222,8,2,0,20816.46,20051.13,0,0,1.028717879714507,0,,0
2025-01-06,G02,Manchester,CH05,YouTube,762.66,64433,391,437,5,1,0,18250.94,19038.65,0,0,1.028717879714507,0,,0
2025-01-06,G02,Manchester,CH06,Display,474.35,99250,290,292,3,0,0,19280.49,19504.9,0,0,1.028717879714507,0,,0
2025-01-06,G03,Birmingham,CH01,Paid Search - Brand,668.38,8129,689,832,49,14,5,20292.75,19531.07,0,0,1.028717879714507,0,,0
2025-01-06,G03,Birmingham,CH02,Paid Search - Non-Brand,1207.31,18579,824,867,39,8,1,22190.57,22345.18,0,0,1.028717879714507,0,,0
2025-01-06,G03,Birmingham,CH03,Paid Social,1065.1,108102,1266,1353,33,10,2,21520.88,20882.37,0,0,1.028717879714507,0,,0
2025-01-06,G03,Birmingham,CH04,LinkedIn,898.76,25945,192,234,10,2,0,21707.78,22104.41,0,0,1.028717879714507,0,,0
2025-01-06,G03,Birmingham,CH05,YouTube,708.99,59227,361,444,6,1,0,17577.89,16810.25,0,0,1.028717879714507,0,,0
2025-01-06,G03,Birmingham,CH06,Display,465.2,91211,240,245,2,0,0,20980.23,19965.6,0,0,1.028717879714507,0,,0
2025-01-06,G04,Leeds,CH01,Paid Search - Brand,565.93,7005,597,685,40,13,5,18131.75,17072.85,0,0,1.028717879714507,0,,0
2025-01-06,G04,Leeds,CH02,Paid Search - Non-Brand,1224.99,18601,836,843,29,10,4,16550.25,16557.8,0,0,1.028717879714507,0,,0
2025-01-06,G04,Leeds,CH03,Paid Social,927.2,93625,1009,1130,27,10,2,16917.88,17062.91,0,0,1.028717879714507,0,,0
2025-01-06,G04,Leeds,CH04,LinkedIn,763.58,21825,196,235,10,2,0,16260.13,15521.45,0,0,1.028717879714507,0,,0
2025-01-06,G04,Leeds,CH05,YouTube,730.97,62413,379,469,7,1,0,15950.46,15970.4,0,0,1.028717879714507,0,,0
2025-01-06,G04,Leeds,CH06,Display,356.42,69796,198,238,2,0,0,14795.84,14956.97,0,0,1.028717879714507,0,,0
2025-01-06,G05,Bristol,CH01,Paid Search - Brand,491.71,6431,545,609,32,9,4,14748.66,15563.14,0,0,1.028717879714507,0,,0
2025-01-06,G05,Bristol,CH02,Paid Search - Non-Brand,1054.2,16396,744,929,33,9,2,16430.52,15340.42,0,0,1.028717879714507,0,,0
2025-01-06,G05,Bristol,CH03,Paid Social,1004.62,100610,1335,1606,49,13,4,14817.6,13846.34,0,0,1.028717879714507,0,,0
2025-01-06,G05,Bristol,CH04,LinkedIn,671.35,19658,152,158,6,1,0,14827.63,16241.08,0,0,1.028717879714507,0,,0
2025-01-06,G05,Bristol,CH05,YouTube,605.78,50671,300,321,4,1,0,15497.28,15025.27,0,0,1.028717879714507,0,,0
2025-01-06,G05,Bristol,CH06,Display,364.62,73443,233,276,3,0,0,15653.77,15626.98,0,0,1.028717879714507,0,,0
2025-01-06,G06,Glasgow,CH01,Paid Search - Brand,418.48,5217,426,472,29,6,1,13321.47,12796.02,0,0,1.028717879714507,0,,0
2025-01-06,G06,Glasgow,CH02,Paid Search - Non-Brand,1044.29,16926,850,927,33,11,2,13876.98,13539.91,0,0,1.028717879714507,0,,0
2025-01-06,G06,Glasgow,CH03,Paid Social,853.66,84861,1065,1219,36,10,2,13595.56,13382.96,0,0,1.028717879714507,0,,0
2025-01-06,G06,Glasgow,CH04,LinkedIn,621.73,17810,138,156,7,1,0,14036.52,14248.65,0,0,1.028717879714507,0,,0
2025-01-06,G06,Glasgow,CH05,YouTube,582.06,48289,266,304,4,1,0,13336.46,13637.64,0,0,1.028717879714507,0,,0
2025-01-06,G06,Glasgow,CH06,Display,353.74,67413,205,209,1,0,0,13707.45,13016.57,0,0,1.028717879714507,0,,0
2025-01-06,G07,Liverpool,CH01,Paid Search - Brand,482.09,5904,537,579,41,7,2,14904.19,14336.75,0,0,1.028717879714507,0,,0
2025-01-06,G07,Liverpool,CH02,Paid Search - Non-Brand,1216.16,18525,837,1027,38,12,4,13693.91,13794.26,0,0,1.028717879714507,0,,0
2025-01-06,G07,Liverpool,CH03,Paid Social,827.6,82741,984,1158,34,9,2,14844.22,13981.68,0,0,1.028717879714507,0,,0
2025-01-06,G07,Liverpool,CH04,LinkedIn,698.23,19370,153,164,6,1,0,13755.23,13855.46,0,0,1.028717879714507,0,,0
2025-01-06,G07,Liverpool,CH05,YouTube,568.81,45726,277,288,4,1,0,12805.51,13808.62,0,0,1.028717879714507,1,,0
2025-01-06,G07,Liverpool,CH06,Display,347.73,67230,201,236,2,0,0,13546.53,13638.63,0,0,1.028717879714507,0,,0
2025-01-06,G08,Sheffield,CH01,Paid Search - Brand,441.6,5761,432,505,31,10,3,12153.49,12349.6,0,0,1.028717879714507,0,,0
2025-01-06,G08,Sheffield,CH02,Paid Search - Non-Brand,940.01,14481,643,688,33,8,1,13401.89,13922.92,0,0,1.028717879714507,0,,0
2025-01-06,G08,Sheffield,CH03,Paid Social,690.57,68222,798,804,22,6,2,12630.39,12399.96,0,0,1.028717879714507,0,,0
2025-01-06,G08,Sheffield,CH04,LinkedIn,715.08,20871,158,191,8,2,0,13252.34,13112.2,0,0,1.028717879714507,0,,0
2025-01-06,G08,Sheffield,CH05,YouTube,595.27,51606,307,375,5,1,0,11911.28,11489.36,0,0,1.028717879714507,0,,0
2025-01-06,G08,Sheffield,CH06,Display,286.22,56799,172,191,2,0,0,13243.43,13408.39,0,0,1.028717879714507,0,,0
2025-01-06,G09,Edinburgh,CH01,Paid Search - Brand,453.71,5588,470,534,32,8,3,11323.85,10988.35,0,0,1.028717879714507,0,,0
2025-01-06,G09,Edinburgh,CH02,Paid Search - Non-Brand,808.59,12509,554,563,20,5,1,12665.27,12640.58,0,0,1.028717879714507,0,,0
2025-01-06,G09,Edinburgh,CH03,Paid Social,781.17,77643,928,1082,31,11,4,12514.35,11910.99,0,0,1.028717879714507,0,,0
2025-01-06,G09,Edinburgh,CH04,LinkedIn,558.34,15958,124,136,5,1,0,12221.97,11840.69,0,0,1.028717879714507,0,,0
2025-01-06,G09,Edinburgh,CH05,YouTube,588.34,48942,294,361,6,1,0,13524.59,12959.83,0,0,1.028717879714507,0,,0
2025-01-06,G09,Edinburgh,CH06,Display,311.6,61011,182,215,1,0,0,13229.07,12425.15,0,0,1.028717879714507,0,,0
2025-01-06,G10,Cardiff,CH01,Paid Search - Brand,383.99,4700,393,457,29,10,4,10381.24,10445.8,0,0,1.028717879714507,0,,0
2025-01-06,G10,Cardiff,CH02,Paid Search - Non-Brand,841.46,12870,635,684,24,4,1,10425.51,10803.86,0,0,1.028717879714507,1,,0
2025-01-06,G10,Cardiff,CH03,Paid Social,664.63,65236,864,1050,25,7,2,10501.71,10674.96,0,0,1.028717879714507,0,,0
2025-01-06,G10,Cardiff,CH04,LinkedIn,561.84,16128,134,167,7,1,0,11217.25,11632.64,0,0,1.028717879714507,0,,0
2025-01-06,G10,Cardiff,CH05,YouTube,497.92,42665,256,283,4,0,0,10244.94,10563.07,0,0,1.028717879714507,0,,0
2025-01-06,G10,Cardiff,CH06,Display,270.34,54535,159,173,1,0,0,11298.14,11816.88,0,0,1.028717879714507,0,,0
2025-01-13,G01,London,CH01,Paid Search - Brand,1126.73,13285,1226,1299,87,15,3,28951.98,29066.94,0,0,1.0425525864451042,0,,0
2025-01-13,G01,London,CH02,Paid Search - Non-Brand,2082.84,31247,1345,1425,47,15,3,30455.01,29063.47,0,0,1.0425525864451042,0,,0
2025-01-13,G01,London,CH03,Paid Social,1820.18,180502,2068,2371,67,22,9,29599.66,28593.11,0,0,1.0425525864451042,0,,0
2025-01-13,G01,London,CH04,LinkedIn,1487.2,41660,345,365,18,5,2,29404.87,28822.3,0,0,1.0425525864451042,0,,0
2025-01-13,G01,London,CH05,YouTube,1188.23,99136,586,658,8,1,0,28603.04,26911.17,0,0,1.0425525864451042,0,,0
2025-01-13,G01,London,CH06,Display,727.12,144336,436,482,3,0,0,30917.22,29232.9,0,0,1.0425525864451042,0,,0
2025-01-13,G02,Manchester,CH01,Paid Search - Brand,726.45,8888,763,797,50,14,5,22627.53,22677.77,0,0,1.0425525864451042,0,,0
2025-01-13,G02,Manchester,CH02,Paid Search - Non-Brand,1543.74,23671,1007,1033,44,10,2,20094.8,19172.73,0,0,1.0425525864451042,0,,0
2025-01-13,G02,Manchester,CH03,Paid Social,1116.25,109018,1379,1517,47,15,3,19589.31,18969.2,0,0,1.0425525864451042,0,,0
2025-01-13,G02,Manchester,CH04,LinkedIn,908.51,25887,197,238,11,2,0,20767.66,19447.81,0,0,1.0425525864451042,0,,0
2025-01-13,G02,Manchester,CH05,YouTube,855.95,72031,420,480,7,1,0,20979.99,20517.78,0,0,1.0425525864451042,0,,0
2025-01-13,G02,Manchester,CH06,Display,547.68,109711,340,347,3,1,0,20633.17,20461.0,0,0,1.0425525864451042,0,,0
2025-01-13,G03,Birmingham,CH01,Paid Search - Brand,672.63,8727,682,684,51,16,3,20128.82,19780.27,0,0,1.0425525864451042,0,,0
2025-01-13,G03,Birmingham,CH02,Paid Search - Non-Brand,1525.6,23655,954,1163,45,10,2,18104.02,17965.01,0,0,1.0425525864451042,0,,0
2025-01-13,G03,Birmingham,CH03,Paid Social,1181.05,117704,1423,1495,34,7,1,18525.35,18978.67,0,0,1.0425525864451042,0,,0
2025-01-13,G03,Birmingham,CH04,LinkedIn,1022.98,28498,228,256,13,2,0,20905.59,21695.23,0,0,1.0425525864451042,0,,0
2025-01-13,G03,Birmingham,CH05,YouTube,736.17,62056,353,407,5,1,0,19423.96,18858.24,0,0,1.0425525864451042,0,,0
2025-01-13,G03,Birmingham,CH06,Display,551.93,109961,344,420,3,0,0,20740.75,20275.87,0,0,1.0425525864451042,0,,0
2025-01-13,G04,Leeds,CH01,Paid Search - Brand,544.71,6858,588,610,35,9,3,18641.73,17799.29,0,0,1.0425525864451042,0,,0
2025-01-13,G04,Leeds,CH02,Paid Search - Non-Brand,1027.02,15762,714,878,42,10,3,19791.24,19284.86,0,0,1.0425525864451042,0,,0
2025-01-13,G04,Leeds,CH03,Paid Social,967.75,96718,1217,1430,39,12,4,16395.72,15471.54,0,0,1.0425525864451042,0,,0
2025-01-13,G04,Leeds,CH04,LinkedIn,754.76,21403,166,184,7,1,0,15692.02,16709.74,0,0,1.0425525864451042,1,,0
2025-01-13,G04,Leeds,CH05,YouTube,700.66,58376,341,346,4,1,0,13384.17,14006.29,0,0,1.0425525864451042,0,,0
2025-01-13,G04,Leeds,CH06,Display,395.34,79396,251,254,2,0,0,16847.84,16576.46,0,0,1.0425525864451042,0,,0
2025-01-13,G05,Bristol,CH01,Paid Search - Brand,479.98,6134,542,564,40,14,2,14820.88,15849.31,0,0,1.0425525864451042,0,,0
2025-01-13,G05,Bristol,CH02,Paid Search - Non-Brand,1079.8,16778,745,799,30,6,1,16554.97,14942.53,0,0,1.0425525864451042,0,,0
2025-01-13,G05,Bristol,CH03,Paid Social,897.19,87867,1013,1181,35,11,2,16151.26,15945.63,0,0,1.0425525864451042,0,,0
2025-01-13,G05,Bristol,CH04,LinkedIn,738.52,21171,176,200,10,2,0,15314.78,15076.64,0,0,1.0425525864451042,0,,0
2025-01-13,G05,Bristol,CH05,YouTube,720.58,59114,326,358,5,1,0,14841.93,14311.76,0,0,1.0425525864451042,0,,0
2025-01-13,G05,Bristol,CH06,Display,361.32,74348,215,241,2,0,0,16538.45,16522.92,0,0,1.0425525864451042,0,,0
2025-01-13,G06,Glasgow,CH01,Paid Search - Brand,435.02,5419,435,467,25,4,1,14303.99,13617.28,0,0,1.0425525864451042,0,,0
2025-01-13,G06,Glasgow,CH02,Paid Search - Non-Brand,1007.17,15276,656,731,26,7,2,15413.0,15510.05,0,0,1.0425525864451042,0,,0
2025-01-13,G06,Glasgow,CH03,Paid Social,893.75,89746,1070,1201,36,10,2,15047.39,14811.18,0,0,1.0425525864451042,0,,0
2025-01-13,G06,Glasgow,CH04,LinkedIn,626.42,18059,132,132,5,1,0,12766.25,12931.58,0,0,1.0425525864451042,0,,0
2025-01-13,G06,Glasgow,CH05,YouTube,564.52,47493,279,287,4,0,0,13001.71,12013.52,0,0,1.0425525864451042,0,,0
2025-01-13,G06,Glasgow,CH06,Display,319.64,62358,190,226,1,0,0,13534.78,12885.25,0,0,1.0425525864451042,0,,0
2025-01-13,G07,Liverpool,CH01,Paid Search - Brand,470.86,6006,507,544,29,8,3,14042.96,13776.54,0,0,1.0425525864451042,0,,0
2025-01-13,G07,Liverpool,CH02,Paid Search - Non-Brand,1029.24,15730,756,922,37,8,3,14541.29,13892.88,0,0,1.0425525864451042,0,,0
2025-01-13,G07,Liverpool,CH03,Paid Social,796.09,80711,1030,1073,31,8,3,14788.96,15263.56,0,0,1.0425525864451042,0,,0
2025-01-13,G07,Liverpool,CH04,LinkedIn,691.5,19397,150,166,7,1,0,15100.14,14454.6,0,0,1.0425525864451042,0,,0
2025-01-13,G07,Liverpool,CH05,YouTube,609.97,50814,312,380,5,1,0,14965.21,15336.15,0,0,1.0425525864451042,0,,0
2025-01-13,G07,Liverpool,CH06,Display,374.88,75410,204,216,1,0,0,14190.9,15601.31,0,0,1.0425525864451042,0,,0
2025-01-13,G08,Sheffield,CH01,Paid Search - Brand,436.97,5422,439,499,35,11,2,14038.19,13580.47,0,0,1.0425525864451042,0,,0
2025-01-13,G08,Sheffield,CH02,Paid Search - Non-Brand,919.26,13917,625,662,32,6,2,12651.44,12415.59,0,0,1.0425525864451042,0,,0
2025-01-13,G08,Sheffield,CH03,Paid Social,816.12,82870,917,969,29,7,1,12854.09,11626.25,0,0,1.0425525864451042,0,,0
2025-01-13,G08,Sheffield,CH04,LinkedIn,593.1,16645,123,146,6,1,0,14133.37,13481.85,0,0,1.0425525864451042,0,,0
2025-01-13,G08,Sheffield,CH05,YouTube,549.19,45081,290,317,4,1,0,10619.41,11233.22,0,0,1.0425525864451042,1,,0
2025-01-13,G08,Sheffield,CH06,Display,348.35,70271,227,239,1,0,0,12635.87,12594.89,0,0,1.0425525864451042,0,,0
2025-01-13,G09,Edinburgh,CH01,Paid Search - Brand,397.0,4966,442,485,28,9,2,12442.55,12147.27,0,0,1.0425525864451042,0,,0
2025-01-13,G09,Edinburgh,CH02,Paid Search - Non-Brand,981.31,15476,721,754,25,8,2,13013.54,12305.92,0,0,1.0425525864451042,0,,0
2025-01-13,G09,Edinburgh,CH03,Paid Social,799.82,80264,978,1165,36,7,2,12963.14,12153.72,0,0,1.0425525864451042,0,,0
2025-01-13,G09,Edinburgh,CH04,LinkedIn,647.25,18260,154,182,6,1,0,14415.91,13859.82,0,0,1.0425525864451042,0,,0
2025-01-13,G09,Edinburgh,CH05,YouTube,549.53,45586,254,284,3,0,0,10742.64,11093.76,0,0,1.0425525864451042,0,,0
2025-01-13,G09,Edinburgh,CH06,Display,345.4,69286,213,262,2,0,0,11199.39,11686.22,0,0,1.0425525864451042,0,,0
2025-01-13,G10,Cardiff,CH01,Paid Search - Brand,422.23,5301,428,488,26,7,2,11161.46,11080.88,0,0,1.0425525864451042,0,,0
2025-01-13,G10,Cardiff,CH02,Paid Search - Non-Brand,864.73,13498,699,850,34,9,2,10544.09,10570.01,0,0,1.0425525864451042,0,,0
2025-01-13,G10,Cardiff,CH03,Paid Social,700.18,70279,848,1056,32,8,2,12947.9,12855.6,0,0,1.0425525864451042,0,,0
2025-01-13,G10,Cardiff,CH04,LinkedIn,543.02,16091,118,130,6,1,0,12209.99,11925.44,0,0,1.0425525864451042,0,,0
2025-01-13,G10,Cardiff,CH05,YouTube,502.72,41433,243,292,4,1,0,11296.55,11706.4,0,0,1.0425525864451042,0,,0
2025-01-13,G10,Cardiff,CH06,Display,312.56,60073,183,199,2,0,0,13164.95,12577.63,0,0,1.0425525864451042,0,,0
2025-01-20,G01,London,CH01,Paid Search - Brand,1042.37,12911,1108,1282,86,22,7,31240.24,32192.32,0,0,1.0557667806452522,0,,0
2025-01-20,G01,London,CH02,Paid Search - Non-Brand,2403.5,36470,1453,1573,63,18,5,30759.68,30458.27,0,0,1.0557667806452522,0,,0
2025-01-20,G01,London,CH03,Paid Social,1605.37,159854,1995,2061,51,10,3,28363.86,28089.43,0,0,1.0557667806452522,0,,0
2025-01-20,G01,London,CH04,LinkedIn,1422.54,41393,336,398,18,4,1,29305.33,28567.28,0,0,1.0557667806452522,0,,0
2025-01-20,G01,London,CH05,YouTube,1153.32,94646,557,692,9,3,1,30191.48,27177.07,0,0,1.0557667806452522,0,,0
2025-01-20,G01,London,CH06,Display,773.37,154169,463,486,4,1,0,26387.07,26988.45,0,0,1.0557667806452522,0,,0
2025-01-20,G02,Manchester,CH01,Paid Search - Brand,706.81,8787,779,850,48,14,4,20924.77,19054.4,0,0,1.0557667806452522,0,,0
2025-01-20,G02,Manchester,CH02,Paid Search - Non-Brand,1802.35,27202,1279,1417,47,11,2,21954.37,22297.31,0,0,1.0557667806452522,0,,0
2025-01-20,G02,Manchester,CH03,Paid Social,1179.71,121862,1372,1615,43,13,3,22148.04,21112.65,0,0,1.0557667806452522,0,,0
2025-01-20,G02,Manchester,CH04,LinkedIn,1024.9,28467,230,246,11,3,0,21455.61,20592.13,0,0,1.0557667806452522,0,,0
2025-01-20,G02,Manchester,CH05,YouTube,895.93,72429,435,473,7,1,0,26338.36,24404.8,0,0,1.0557667806452522,0,,0
2025-01-20,G02,Manchester,CH06,Display,430.03,84903,248,272,2,0,0,21613.11,23175.12,0,0,1.0557667806452522,0,,0
2025-01-20,G03,Birmingham,CH01,Paid Search - Brand,665.11,8090,725,735,53,18,6,21284.52,19847.93,0,0,1.0557667806452522,0,,0
2025-01-20,G03,Birmingham,CH02,Paid Search - Non-Brand,1455.35,23307,1073,1078,45,9,3,19001.39,18497.56,0,0,1.0557667806452522,0,,0
2025-01-20,G03,Birmingham,CH03,Paid Social,1168.93,119604,1377,1664,50,11,2,21400.15,19877.87,0,0,1.0557667806452522,0,,0
2025-01-20,G03,Birmingham,CH04,LinkedIn,1020.61,29863,218,252,12,4,1,21591.87,21876.45,0,0,1.0557667806452522,0,,0
2025-01-20,G03,Birmingham,CH05,YouTube,860.47,71125,399,411,6,1,0,18681.5,18916.41,0,0,1.0557667806452522,1,,0
2025-01-20,G03,Birmingham,CH06,Display,490.31,97543,292,312,2,0,0,19524.16,20728.95,0,0,1.0557667806452522,0,,0
2025-01-20,G04,Leeds,CH01,Paid Search - Brand,589.14,7459,645,700,48,12,3,15907.91,16216.58,0,0,1.0557667806452522,0,,0
2025-01-20,G04,Leeds,CH02,Paid Search - Non-Brand,1113.81,17242,750,823,30,9,3,16998.06,17475.56,0,0,1.0557667806452522,0,,0
2025-01-20,G04,Leeds,CH03,Paid Social,1006.01,100820,1289,1487,44,16,5,16199.56,15554.01,0,0,1.0557667806452522,0,,0
2025-01-20,G04,Leeds,CH04,LinkedIn,885.94,23742,172,178,6,1,0,17163.37,17916.71,0,0,1.0557667806452522,0,,0
2025-01-20,G04,Leeds,CH05,YouTube,618.49,52344,326,392,5,1,0,16849.24,16688.86,0,0,1.0557667806452522,0,,0
2025-01-20,G04,Leeds,CH06,Display,437.73,87234,254,258,2,0,0,15548.53,15812.33,0,0,1.0557667806452522,0,,0
2025-01-20,G05,Bristol,CH01,Paid Search - Brand,550.92,6823,611,653,49,12,2,15488.4,14658.84,0,0,1.0557667806452522,0,,0
2025-01-20,G05,Bristol,CH02,Paid Search - Non-Brand,1225.44,19130,882,1101,36,12,4,15585.98,15379.99,0,0,1.0557667806452522,0,,0
2025-01-20,G05,Bristol,CH03,Paid Social,1009.92,99484,1115,1120,37,9,3,15099.63,16882.8,0,0,1.0557667806452522,1,,0
2025-01-20,G05,Bristol,CH04,LinkedIn,738.46,21957,163,168,8,1,0,14829.81,14372.35,0,0,1.0557667806452522,0,,0
2025-01-20,G05,Bristol,CH05,YouTube,654.03,54823,316,369,4,1,0,15495.11,14732.15,0,0,1.0557667806452522,0,,0
2025-01-20,G05,Bristol,CH06,Display,378.52,78673,223,228,1,0,0,15501.34,15348.32,0,0,1.0557667806452522,0,,0
2025-01-20,G06,Glasgow,CH01,Paid Search - Brand,482.99,6056,518,577,41,7,1,13435.71,14084.16,0,0,1.0557667806452522,0,,0
2025-01-20,G06,Glasgow,CH02,Paid Search - Non-Brand,1032.64,15214,676,817,32,10,3,16723.86,16192.04,0,0,1.0557667806452522,0,,0
2025-01-20,G06,Glasgow,CH03,Paid Social,884.23,89278,1053,1281,28,5,1,15309.12,14153.18,0,0,1.0557667806452522,0,,0
2025-01-20,G06,Glasgow,CH04,LinkedIn,726.0,20281,162,164,7,2,0,14959.59,14193.17,0,0,1.0557667806452522,0,,0
2025-01-20,G06,Glasgow,CH05,YouTube,579.37,49178,293,323,4,1,0,13489.63,13660.28,0,0,1.0557667806452522,0,,0
2025-01-20,G06,Glasgow,CH06,Display,366.76,74616,251,300,2,0,0,12592.96,14071.77,0,0,1.0557667806452522,0,,0
2025-01-20,G07,Liverpool,CH01,Paid Search - Brand,574.7,6996,618,736,42,9,1,13099.94,14414.06,0,0,1.0557667806452522,0,,0
2025-01-20,G07,Liverpool,CH02,Paid Search - Non-Brand,1077.99,16769,743,898,38,8,2,14898.08,14507.25,0,0,1.0557667806452522,0,,0
2025-01-20,G07,Liverpool,CH03,Paid Social,775.97,77175,906,918,22,6,2,15994.62,15898.82,0,0,1.0557667806452522,0,,0
2025-01-20,G07,Liverpool,CH04,LinkedIn,730.22,21108,172,201,10,2,0,13717.69,14341.39,0,0,1.0557667806452522,0,,0
2025-01-20,G07,Liverpool,CH05,YouTube,538.8,45707,252,252,3,1,0,15765.04,16096.56,0,0,1.0557667806452522,0,,0
2025-01-20,G07,Liverpool,CH06,Display,336.5,66903,185,186,1,0,0,17226.39,16361.21,0,0,1.0557667806452522,0,,0
2025-01-20,G08,Sheffield,CH01,Paid Search - Brand,440.37,5441,420,520,32,10,3,12543.77,12406.68,0,0,1.0557667806452522,0,,0
2025-01-20,G08,Sheffield,CH02,Paid Search - Non-Brand,971.35,14763,649,782,26,6,1,12852.13,12753.83,0,0,1.0557667806452522,0,,0
2025-01-20,G08,Sheffield,CH03,Paid Social,907.72,92869,1044,1225,39,12,5,13023.72,12807.92,0,0,1.0557667806452522,0,,0
2025-01-20,G08,Sheffield,CH04,LinkedIn,619.58,17571,131,134,6,1,0,14968.73,14278.97,0,0,1.0557667806452522,0,,0
2025-01-20,G08,Sheffield,CH05,YouTube,574.25,47747,284,332,4,1,0,13489.41,13049.43,0,0,1.0557667806452522,0,,0
2025-01-20,G08,Sheffield,CH06,Display,289.83,58312,171,187,2,0,0,12409.49,12418.29,0,0,1.0557667806452522,0,,0
2025-01-20,G09,Edinburgh,CH01,Paid Search - Brand,437.12,5466,473,574,42,8,3,12342.85,12123.78,0,0,1.0557667806452522,0,,0
2025-01-20,G09,Edinburgh,CH02,Paid Search - Non-Brand,983.51,15391,693,859,40,8,2,12175.08,12096.54,0,0,1.0557667806452522,0,,0
2025-01-20,G09,Edinburgh,CH03,Paid Social,788.52,80446,1013,1116,35,9,3,13532.1,12326.58,0,0,1.0557667806452522,0,,0
2025-01-20,G09,Edinburgh,CH04,LinkedIn,631.31,17766,138,160,7,1,0,14881.56,12649.07,0,0,1.0557667806452522,0,,0
2025-01-20,G09,Edinburgh,CH05,YouTube,559.4,46037,259,262,4,1,0,12780.54,12357.32,0,0,1.0557667806452522,0,,0
2025-01-20,G09,Edinburgh,CH06,Display,343.24,68722,210,260,2,0,0,13263.12,12350.58,0,0,1.0557667806452522,0,,0
2025-01-20,G10,Cardiff,CH01,Paid Search - Brand,413.35,5069,467,577,42,11,3,11433.39,11908.79,0,0,1.0557667806452522,0,,0
2025-01-20,G10,Cardiff,CH02,Paid Search - Non-Brand,849.93,12997,633,677,27,9,2,11474.25,11684.61,0,0,1.0557667806452522,0,,0
2025-01-20,G10,Cardiff,CH03,Paid Social,690.53,69741,823,871,20,5,1,10549.97,10593.08,0,0,1.0557667806452522,0,,0
2025-01-20,G10,Cardiff,CH04,LinkedIn,589.7,16592,139,139,6,1,0,11440.43,11430.91,0,0,1.0557667806452522,0,,0
2025-01-20,G10,Cardiff,CH05,YouTube,504.48,42230,257,266,4,1,0,10563.53,10614.67,0,0,1.0557667806452522,0,,0
2025-01-20,G10,Cardiff,CH06,Display,277.94,54963,169,203,1,0,0,12464.56,12575.54,0,0,1.0557667806452522,0,,0
2025-01-27,G01,London,CH01,Paid Search - Brand,977.92,12613,1119,1246,96,27,7,29093.82,29514.19,0,0,1.0681677696077387,0,,0
2025-01-27,G01,London,CH02,Paid Search - Non-Brand,1958.19,29786,1390,1462,59,14,4,28683.87,28817.11,0,0,1.0681677696077387,0,,0
2025-01-27,G01,London,CH03,Paid Social,1768.61,173531,2072,2360,71,22,7,25551.0,25894.03,0,0,1.0681677696077387,0,,0
2025-01-27,G01,London,CH04,LinkedIn,1367.55,40173,342,353,17,4,1,26665.25,29430.16,0,0,1.0681677696077387,0,,0
2025-01-27,G01,London,CH05,YouTube,1297.37,105964,627,707,10,2,0,31692.77,31442.87,0,0,1.0681677696077387,0,,0
2025-01-27,G01,London,CH06,Display,782.32,159997,453,506,4,1,0,30346.34,31079.79,0,0,1.0681677696077387,0,,0
2025-01-27,G02,Manchester,CH01,Paid Search - Brand,699.42,8560,790,873,62,18,7,21957.13,22471.29,0,0,1.0681677696077387,0,,0
2025-01-27,G02,Manchester,CH02,Paid Search - Non-Brand,1462.73,21841,1009,1073,45,15,5,22628.23,22810.48,0,0,1.0681677696077387,0,,0
2025-01-27,G02,Manchester,CH03,Paid Social,1190.91,116104,1269,1309,31,7,1,20230.24,21128.12,0,0,1.0681677696077387,0,,0
2025-01-27,G02,Manchester,CH04,LinkedIn,1089.83,31705,256,306,15,4,1,19713.65,20623.76,0,0,1.0681677696077387,0,,0
2025-01-27,G02,Manchester,CH05,YouTube,798.62,66782,366,402,5,1,0,20534.08,20507.67,0,0,1.0681677696077387,0,,0
2025-01-27,G02,Manchester,CH06,Display,467.9,97409,291,354,3,0,0,20373.88,20087.76,0,0,1.0681677696077387,0,,0
2025-01-27,G03,Birmingham,CH01,Paid Search - Brand,659.25,8203,690,772,41,12,2,24351.04,23120.42,0,0,1.0681677696077387,0,,0
2025-01-27,G03,Birmingham,CH02,Paid Search - Non-Brand,1476.6,22745,988,1199,40,9,2,20119.74,20840.99,0,0,1.0681677696077387,0,,0
2025-01-27,G03,Birmingham,CH03,Paid Social,1089.42,111066,1274,1460,33,11,2,18347.02,18204.3,0,0,1.0681677696077387,0,,0
2025-01-27,G03,Birmingham,CH04,LinkedIn,971.72,27656,222,257,13,2,0,21233.59,20279.25,0,0,1.0681677696077387,0,,0
2025-01-27,G03,Birmingham,CH05,YouTube,840.45,69392,397,422,5,1,0,18907.35,19841.81,0,0,1.0681677696077387,0,,0
2025-01-27,G03,Birmingham,CH06,Display,550.69,110943,335,406,3,0,0,20232.74,20849.75,0,0,1.0681677696077387,0,,0
2025-01-27,G04,Leeds,CH01,Paid Search - Brand,575.69,7032,633,656,44,11,4,17553.63,17455.81,0,0,1.0681677696077387,0,,0
2025-01-27,G04,Leeds,CH02,Paid Search - Non-Brand,1321.72,20745,911,1057,47,17,3,18886.65,18701.41,0,0,1.0681677696077387,0,,0
2025-01-27,G04,Leeds,CH03,Paid Social,1032.99,106422,1204,1475,38,12,2,15961.1,16293.07,0,0,1.0681677696077387,0,,0
2025-01-27,G04,Leeds,CH04,LinkedIn,674.16,19046,155,162,8,2,0,20676.79,20564.8,0,0,1.0681677696077387,0,,0
2025-01-27,G04,Leeds,CH05,YouTube,651.21,53515,321,346,4,0,0,17154.59,16943.21,0,0,1.0681677696077387,0,,0
2025-01-27,G04,Leeds,CH06,Display,493.57,97770,294,364,3,0,0,16039.39,15637.28,0,0,1.0681677696077387,0,,0
2025-01-27,G05,Bristol,CH01,Paid Search - Brand,605.93,7579,603,626,35,10,3,14210.36,15329.79,0,0,1.0681677696077387,0,,0
2025-01-27,G05,Bristol,CH02,Paid Search - Non-Brand,1123.81,16807,767,771,28,6,1,14364.17,14710.76,0,0,1.0681677696077387,0,,0
2025-01-27,G05,Bristol,CH03,Paid Social,971.78,95678,1224,1497,37,13,2,15786.33,15383.07,0,0,1.0681677696077387,0,,0
2025-01-27,G05,Bristol,CH04,LinkedIn,773.59,21086,173,191,10,1,0,15325.34,16889.54,0,0,1.0681677696077387,0,,0
2025-01-27,G05,Bristol,CH05,YouTube,624.16,50473,314,317,5,1,0,17653.2,17150.9,0,0,1.0681677696077387,0,,0
2025-01-27,G05,Bristol,CH06,Display,392.68,79461,257,311,2,0,0,17393.54,17567.22,0,0,1.0681677696077387,0,,0
2025-01-27,G06,Glasgow,CH01,Paid Search - Brand,468.25,5877,497,567,34,9,2,14690.36,14655.19,0,0,1.0681677696077387,0,,0
2025-01-27,G06,Glasgow,CH02,Paid Search - Non-Brand,997.57,15042,744,882,34,10,2,13181.53,13963.2,0,0,1.0681677696077387,1,,0
2025-01-27,G06,Glasgow,CH03,Paid Social,872.76,84705,996,1000,25,9,2,14437.74,15214.78,0,0,1.0681677696077387,0,,0
2025-01-27,G06,Glasgow,CH04,LinkedIn,710.11,20322,150,179,8,1,0,15193.89,15504.26,0,0,1.0681677696077387,0,,0
2025-01-27,G06,Glasgow,CH05,YouTube,635.91,54714,322,365,4,1,0,16461.15,15882.32,0,0,1.0681677696077387,0,,0
2025-01-27,G06,Glasgow,CH06,Display,344.4,69250,209,249,2,0,0,15048.45,14275.14,0,0,1.0681677696077387,0,,0
2025-01-27,G07,Liverpool,CH01,Paid Search - Brand,486.01,6072,535,541,40,11,3,14334.16,13930.12,0,0,1.0681677696077387,0,,0
2025-01-27,G07,Liverpool,CH02,Paid Search - Non-Brand,1014.58,15757,637,738,28,7,2,14842.38,14374.14,0,0,1.0681677696077387,0,,0
2025-01-27,G07,Liverpool,CH03,Paid Social,877.6,87775,1173,1179,27,8,2,14376.76,14434.03,0,0,1.0681677696077387,0,,0
2025-01-27,G07,Liverpool,CH04,LinkedIn,678.86,19288,139,142,6,1,0,15019.21,14958.96,0,0,1.0681677696077387,0,,0
2025-01-27,G07,Liverpool,CH05,YouTube,649.77,54942,325,402,4,0,0,15966.85,16021.65,0,0,1.0681677696077387,0,,0
2025-01-27,G07,Liverpool,CH06,Display,366.99,75416,212,213,2,0,0,16350.08,15737.91,0,0,1.0681677696077387,0,,0
2025-01-27,G08,Sheffield,CH01,Paid Search - Brand,428.03,5207,424,429,23,7,1,14475.21,13674.88,0,0,1.0681677696077387,0,,0
2025-01-27,G08,Sheffield,CH02,Paid Search - Non-Brand,1043.21,16065,750,785,34,11,2,13073.13,12549.62,0,0,1.0681677696077387,0,,0
2025-01-27,G08,Sheffield,CH03,Paid Social,831.71,81993,991,1147,35,12,4,15009.51,14452.91,0,0,1.0681677696077387,0,,0
2025-01-27,G08,Sheffield,CH04,LinkedIn,672.07,19825,145,151,8,2,0,13136.12,13768.82,0,0,1.0681677696077387,0,,0
2025-01-27,G08,Sheffield,CH05,YouTube,555.47,47336,266,295,4,1,0,12638.55,12370.4,0,0,1.0681677696077387,0,,0
2025-01-27,G08,Sheffield,CH06,Display,333.51,67314,207,242,2,0,0,12356.12,13035.6,0,0,1.0681677696077387,0,,0
2025-01-27,G09,Edinburgh,CH01,Paid Search - Brand,435.24,5442,476,591,42,14,4,11779.25,11401.12,0,0,1.0681677696077387,0,,0
2025-01-27,G09,Edinburgh,CH02,Paid Search - Non-Brand,841.94,13084,590,679,29,9,2,13875.32,13614.37,0,0,1.0681677696077387,0,,0
2025-01-27,G09,Edinburgh,CH03,Paid Social,781.23,77037,929,1150,37,12,3,12573.61,13000.63,0,0,1.0681677696077387,0,,0
2025-01-27,G09,Edinburgh,CH04,LinkedIn,577.31,16500,134,139,5,1,0,13743.44,13347.88,0,0,1.0681677696077387,0,,0
2025-01-27,G09,Edinburgh,CH05,YouTube,574.04,48994,281,333,4,1,0,10927.82,12318.68,0,0,1.0681677696077387,1,,0
2025-01-27,G09,Edinburgh,CH06,Display,347.35,69328,211,221,2,0,0,11211.19,12633.04,0,0,1.0681677696077387,0,,0
2025-01-27,G10,Cardiff,CH01,Paid Search - Brand,402.8,5017,460,518,38,11,2,11272.76,11379.55,0,0,1.0681677696077387,0,,0
2025-01-27,G10,Cardiff,CH02,Paid Search - Non-Brand,843.11,13084,602,706,34,7,2,12146.66,11858.38,0,0,1.0681677696077387,0,,0
2025-01-27,G10,Cardiff,CH03,Paid Social,663.36,67704,815,872,23,7,2,12114.79,11670.73,0,0,1.0681677696077387,0,,0
2025-01-27,G10,Cardiff,CH04,LinkedIn,503.74,14648,117,137,5,1,0,11530.38,11288.48,0,0,1.0681677696077387,0,,0
2025-01-27,G10,Cardiff,CH05,YouTube,499.56,40772,237,266,4,1,0,11461.68,11608.85,0,0,1.0681677696077387,0,,0
2025-01-27,G10,Cardiff,CH06,Display,288.43,57495,179,199,2,0,0,10375.28,10890.98,0,0,1.0681677696077387,0,,0
2025-02-03,G01,London,CH01,Paid Search - Brand,912.38,11410,930,974,54,11,3,28878.52,28285.58,0,0,1.0795747189888953,0,,0
2025-02-03,G01,London,CH02,Paid Search - Non-Brand,1967.42,30398,1384,1689,70,13,5,31531.05,31013.12,0,0,1.0795747189888953,0,,0
2025-02-03,G01,London,CH03,Paid Social,1882.26,191312,2303,2583,83,27,10,28649.94,28499.46,0,0,1.0795747189888953,0,,0
2025-02-03,G01,London,CH04,LinkedIn,1445.14,41257,348,360,18,5,1,30989.26,31318.09,0,0,1.0795747189888953,0,,0
2025-02-03,G01,London,CH05,YouTube,1245.02,105748,633,656,11,2,0,25910.38,25080.02,0,0,1.0795747189888953,0,,0
2025-02-03,G01,London,CH06,Display,758.72,156142,450,453,5,1,0,34394.68,31628.84,0,0,1.0795747189888953,0,,0
2025-02-03,G02,Manchester,CH01,Paid Search - Brand,687.74,8426,719,843,64,17,6,21173.98,22268.2,0,0,1.0795747189888953,0,,0
2025-02-03,G02,Manchester,CH02,Paid Search - Non-Brand,1335.76,20877,956,974,45,8,2,21248.35,21436.21,0,0,1.0795747189888953,0,,0
2025-02-03,G02,Manchester,CH03,Paid Social,1101.69,112216,1405,1646,42,12,4,22675.49,21967.1,0,0,1.0795747189888953,0,,0
2025-02-03,G02,Manchester,CH04,LinkedIn,913.54,26222,210,241,8,2,0,24051.2,23096.19,0,0,1.0795747189888953,0,,0
2025-02-03,G02,Manchester,CH05,YouTube,802.74,64887,423,505,8,2,0,20844.12,21591.23,0,0,1.0795747189888953,0,,0
2025-02-03,G02,Manchester,CH06,Display,486.47,94897,280,323,3,0,0,20323.81,20315.68,0,0,1.0795747189888953,0,,0
2025-02-03,G03,Birmingham,CH01,Paid Search - Brand,656.07,7986,665,668,37,11,3,21310.49,21261.65,0,0,1.0795747189888953,0,,0
2025-02-03,G03,Birmingham,CH02,Paid Search - Non-Brand,1331.02,20519,954,1122,44,10,2,21476.26,21064.77,0,0,1.0795747189888953,0,,0
2025-02-03,G03,Birmingham,CH03,Paid Social,1060.31,101790,1190,1263,36,11,2,20493.01,21124.69,0,0,1.0795747189888953,0,,0
2025-02-03,G03,Birmingham,CH04,LinkedIn,907.06,25230,190,222,11,2,0,20853.36,19330.6,0,0,1.0795747189888953,0,,0
2025-02-03,G03,Birmingham,CH05,YouTube,749.17,61141,348,430,6,1,0,20020.4,20866.53,0,0,1.0795747189888953,0,,0
2025-02-03,G03,Birmingham,CH06,Display,460.06,94809,264,272,2,0,0,21034.54,20762.09,0,0,1.0795747189888953,0,,0
2025-02-03,G04,Leeds,CH01,Paid Search - Brand,595.3,7397,624,727,41,7,1,17463.38,16970.46,0,0,1.0795747189888953,0,,0
2025-02-03,G04,Leeds,CH02,Paid Search - Non-Brand,1191.64,18406,792,969,47,14,2,18212.77,17957.2,0,0,1.0795747189888953,0,,0
2025-02-03,G04,Leeds,CH03,Paid Social,965.65,96930,1122,1134,34,10,2,14987.5,15369.75,0,0,1.0795747189888953,0,,0
2025-02-03,G04,Leeds,CH04,LinkedIn,798.86,22978,180,181,7,2,0,16068.83,16031.44,0,0,1.0795747189888953,0,,0
2025-02-03,G04,Leeds,CH05,YouTube,651.77,55091,321,382,6,1,0,17895.73,17883.75,0,0,1.0795747189888953,0,,0
2025-02-03,G04,Leeds,CH06,Display,393.69,76673,227,231,2,0,0,15975.34,16358.98,0,0,1.0795747189888953,0,,0
2025-02-03,G05,Bristol,CH01,Paid Search - Brand,539.88,6959,596,693,49,9,2,16757.54,15898.59,0,0,1.0795747189888953,0,,0
2025-02-03,G05,Bristol,CH02,Paid Search - Non-Brand,1008.9,15466,659,776,31,7,2,15646.68,15236.7,0,0,1.0795747189888953,0,,0
2025-02-03,G05,Bristol,CH03,Paid Social,747.81,77015,926,993,25,6,2,16236.34,15619.1,0,0,1.0795747189888953,0,,0
2025-02-03,G05,Bristol,CH04,LinkedIn,698.28,20021,155,181,7,1,0,16468.8,17425.93,0,0,1.0795747189888953,0,,0
2025-02-03,G05,Bristol,CH05,YouTube,658.86,53654,353,407,5,1,0,14052.13,14653.91,0,0,1.0795747189888953,0,,0
2025-02-03,G05,Bristol,CH06,Display,347.25,68266,206,213,2,0,0,15009.67,14901.91,0,0,1.0795747189888953,0,,0
2025-02-03,G06,Glasgow,CH01,Paid Search - Brand,501.93,6103,491,495,31,11,2,15261.93,13857.66,0,0,1.0795747189888953,0,,0
2025-02-03,G06,Glasgow,CH02,Paid Search - Non-Brand,1056.32,16174,696,832,34,7,1,13576.55,12974.01,0,0,1.0795747189888953,0,,0
2025-02-03,G06,Glasgow,CH03,Paid Social,715.26,71828,913,1129,29,9,2,13846.46,14039.0,0,0,1.0795747189888953,0,,0
2025-02-03,G06,Glasgow,CH04,LinkedIn,627.6,17749,134,151,6,1,0,13641.69,13448.6,0,0,1.0795747189888953,0,,0
2025-02-03,G06,Glasgow,CH05,YouTube,548.89,44050,262,270,3,0,0,15799.75,16482.61,0,0,1.0795747189888953,0,,0
2025-02-03,G06,Glasgow,CH06,Display,349.45,69512,199,236,2,0,0,15685.43,16379.65,0,0,1.0795747189888953,1,,0
2025-02-03,G07,Liverpool,CH01,Paid Search - Brand,556.21,7011,583,653,47,9,2,12802.1,12994.28,0,0,1.0795747189888953,0,,0
2025-02-03,G07,Liverpool,CH02,Paid Search - Non-Brand,969.09,14972,697,730,29,8,3,13940.88,14470.94,0,0,1.0795747189888953,0,,0
2025-02-03,G07,Liverpool,CH03,Paid Social,774.2,77443,850,853,20,7,3,15575.44,14477.32,0,0,1.0795747189888953,0,,0
2025-02-03,G07,Liverpool,CH04,LinkedIn,738.67,20446,159,190,8,1,0,13183.49,13176.86,0,0,1.0795747189888953,0,,0
2025-02-03,G07,Liverpool,CH05,YouTube,588.94,49251,261,287,3,0,0,14582.33,14326.96,0,0,1.0795747189888953,0,,0
2025-02-03,G07,Liverpool,CH06,Display,348.67,68116,213,247,2,0,0,13989.66,14615.97,0,0,1.0795747189888953,0,,0
2025-02-03,G08,Sheffield,CH01,Paid Search - Brand,394.76,5091,432,512,28,6,2,13367.46,13560.18,0,0,1.0795747189888953,0,,0
2025-02-03,G08,Sheffield,CH02,Paid Search - Non-Brand,1048.67,15883,724,772,37,7,1,13778.41,13226.93,0,0,1.0795747189888953,0,,0
2025-02-03,G08,Sheffield,CH03,Paid Social,764.4,76545,916,1082,24,9,3,15050.36,13826.81,0,0,1.0795747189888953,0,,0
2025-02-03,G08,Sheffield,CH04,LinkedIn,598.47,17590,124,129,6,1,0,15632.28,15489.19,0,0,1.0795747189888953,0,,0
2025-02-03,G08,Sheffield,CH05,YouTube,515.53,42300,274,295,4,1,0,13638.0,13485.51,0,0,1.0795747189888953,0,,0
2025-02-03,G08,Sheffield,CH06,Display,315.96,64371,180,216,1,0,0,13185.98,13273.62,0,0,1.0795747189888953,0,,0
2025-02-03,G09,Edinburgh,CH01,Paid Search - Brand,462.07,5805,505,535,28,7,1,14168.18,13542.63,0,0,1.0795747189888953,0,,0
2025-02-03,G09,Edinburgh,CH02,Paid Search - Non-Brand,936.39,14090,595,620,20,4,1,13355.36,12757.0,0,0,1.0795747189888953,0,,0
2025-02-03,G09,Edinburgh,CH03,Paid Social,678.38,67271,799,913,23,7,2,11968.67,12863.0,0,0,1.0795747189888953,1,,0
2025-02-03,G09,Edinburgh,CH04,LinkedIn,604.55,17623,139,148,7,2,0,12215.49,11641.07,0,0,1.0795747189888953,0,,0
2025-02-03,G09,Edinburgh,CH05,YouTube,557.79,46736,293,359,5,1,0,12230.02,12437.96,0,0,1.0795747189888953,0,,0
2025-02-03,G09,Edinburgh,CH06,Display,283.85,55222,175,188,1,0,0,13908.3,13282.36,0,0,1.0795747189888953,0,,0
2025-02-03,G10,Cardiff,CH01,Paid Search - Brand,366.3,4574,388,430,22,8,2,11205.92,11443.77,0,0,1.0795747189888953,0,,0
2025-02-03,G10,Cardiff,CH02,Paid Search - Non-Brand,867.04,13528,622,673,32,8,3,11724.65,11941.74,0,0,1.0795747189888953,0,,0
2025-02-03,G10,Cardiff,CH03,Paid Social,737.47,74064,923,1146,29,11,2,12097.34,11462.23,0,0,1.0795747189888953,0,,0
2025-02-03,G10,Cardiff,CH04,LinkedIn,634.65,17894,153,155,8,2,0,12862.49,12625.24,0,0,1.0795747189888953,0,,0
2025-02-03,G10,Cardiff,CH05,YouTube,470.07,39123,230,257,4,1,0,11903.35,11620.2,0,0,1.0795747189888953,0,,0
2025-02-03,G10,Cardiff,CH06,Display,268.85,55005,156,181,1,0,0,10703.99,10655.78,0,0,1.0795747189888953,0,,0
2025-02-10,G01,London,CH01,Paid Search - Brand,1093.93,13600,1207,1449,77,27,5,33749.11,31142.53,0,0,1.0898212897805322,0,,0
2025-02-10,G01,London,CH02,Paid Search - Non-Brand,1884.09,27981,1258,1303,46,10,3,35137.6,31989.58,0,0,1.0898212897805322,0,,0
2025-02-10,G01,London,CH03,Paid Social,1519.94,153855,1931,2320,70,15,3,34354.18,35230.33,0,0,1.0898212897805322,0,,0
2025-02-10,G01,London,CH04,LinkedIn,1432.54,41930,346,371,13,4,1,29519.39,27642.16,0,0,1.0898212897805322,0,,0
2025-02-10,G01,London,CH05,YouTube,1269.39,102972,611,673,9,2,0,33775.5,35314.3,0,0,1.0898212897805322,0,,0
2025-02-10,G01,London,CH06,Display,741.44,150370,425,506,5,1,0,32333.26,34996.94,0,0,1.0898212897805322,0,,0
2025-02-10,G02,Manchester,CH01,Paid Search - Brand,797.01,9798,776,892,57,18,5,19894.96,19759.98,0,0,1.0898212897805322,0,,0
2025-02-10,G02,Manchester,CH02,Paid Search - Non-Brand,1560.3,24963,1029,1204,57,16,4,22591.92,22613.01,0,0,1.0898212897805322,0,,0
2025-02-10,G02,Manchester,CH03,Paid Social,1320.51,134038,1638,1928,61,22,9,22336.81,21268.59,0,0,1.0898212897805322,0,,0
2025-02-10,G02,Manchester,CH04,LinkedIn,978.75,27706,220,222,11,3,0,18334.85,18031.95,0,0,1.0898212897805322,0,,0
2025-02-10,G02,Manchester,CH05,YouTube,795.96,63976,362,448,6,1,0,20193.28,19572.06,0,0,1.0898212897805322,0,,0
2025-02-10,G02,Manchester,CH06,Display,499.17,97440,286,323,2,0,0,19139.82,20030.97,0,0,1.0898212897805322,0,,0
2025-02-10,G03,Birmingham,CH01,Paid Search - Brand,685.37,8608,736,771,55,11,2,20443.14,21373.4,0,0,1.0898212897805322,0,,0
2025-02-10,G03,Birmingham,CH02,Paid Search - Non-Brand,1373.31,21605,944,974,34,11,3,23441.02,20958.98,0,0,1.0898212897805322,0,,0
2025-02-10,G03,Birmingham,CH03,Paid Social,1042.59,105788,1359,1446,34,12,2,21298.61,21287.45,0,0,1.0898212897805322,0,,0
2025-02-10,G03,Birmingham,CH04,LinkedIn,975.5,27441,221,272,14,5,1,20806.48,21657.49,0,0,1.0898212897805322,0,,0
2025-02-10,G03,Birmingham,CH05,YouTube,872.93,72452,447,476,7,1,0,21551.9,21797.17,0,0,1.0898212897805322,0,,0
2025-02-10,G03,Birmingham,CH06,Display,496.91,100880,336,408,3,0,0,22261.81,21527.51,0,0,1.0898212897805322,0,,0
2025-02-10,G04,Leeds,CH01,Paid Search - Brand,506.37,6558,533,570,38,13,3,16820.49,15919.59,0,0,1.0898212897805322,0,,0
2025-02-10,G04,Leeds,CH02,Paid Search - Non-Brand,1132.77,17018,707,722,29,7,1,19633.53,18592.36,0,0,1.0898212897805322,0,,0
2025-02-10,G04,Leeds,CH03,Paid Social,995.45,100604,1122,1369,32,6,1,16572.29,16108.67,0,0,1.0898212897805322,0,,0
2025-02-10,G04,Leeds,CH04,LinkedIn,732.22,20666,176,193,9,2,0,15244.87,15434.38,0,0,1.0898212897805322,0,,0
2025-02-10,G04,Leeds,CH05,YouTube,735.72,62795,368,402,7,1,0,15493.21,15599.88,0,0,1.0898212897805322,0,,0
2025-02-10,G04,Leeds,CH06,Display,463.89,92895,284,301,3,0,0,18161.84,18001.12,0,0,1.0898212897805322,0,,0
2025-02-10,G05,Bristol,CH01,Paid Search - Brand,559.99,6779,598,668,47,13,5,17112.82,16531.76,0,0,1.0898212897805322,0,,0
2025-02-10,G05,Bristol,CH02,Paid Search - Non-Brand,1239.58,19144,851,1050,37,12,5,17106.88,16944.99,0,0,1.0898212897805322,0,,0
2025-02-10,G05,Bristol,CH03,Paid Social,984.8,99121,1156,1381,42,9,3,18295.82,18987.12,0,0,1.0898212897805322,0,,0
2025-02-10,G05,Bristol,CH04,LinkedIn,776.08,22214,175,181,9,2,0,16414.16,17525.11,0,0,1.0898212897805322,0,,0
2025-02-10,G05,Bristol,CH05,YouTube,610.23,51613,289,333,4,1,0,16857.1,17515.8,0,0,1.0898212897805322,0,,0
2025-02-10,G05,Bristol,CH06,Display,371.59,73841,222,268,2,0,0,14598.65,15021.12,0,0,1.0898212897805322,0,,0
2025-02-10,G06,Glasgow,CH01,Paid Search - Brand,452.72,5620,507,548,32,12,2,13378.65,13028.58,0,0,1.0898212897805322,0,,0
2025-02-10,G06,Glasgow,CH02,Paid Search - Non-Brand,1070.28,16647,701,853,29,9,3,15320.05,15218.46,0,0,1.0898212897805322,0,,0
2025-02-10,G06,Glasgow,CH03,Paid Social,850.36,86961,1020,1192,33,10,3,13856.36,13993.48,0,0,1.0898212897805322,0,,0
2025-02-10,G06,Glasgow,CH04,LinkedIn,646.1,18460,129,160,7,1,0,16667.39,14945.11,0,0,1.0898212897805322,0,,0
2025-02-10,G06,Glasgow,CH05,YouTube,545.09,44941,255,312,3,0,0,15669.93,15960.55,0,0,1.0898212897805322,0,,0
2025-02-10,G06,Glasgow,CH06,Display,320.81,63832,189,224,2,0,0,15315.34,14285.89,0,0,1.0898212897805322,0,,0
2025-02-10,G07,Liverpool,CH01,Paid Search - Brand,506.56,6274,548,677,42,9,2,16031.55,16152.33,0,0,1.0898212897805322,0,,0
2025-02-10,G07,Liverpool,CH02,Paid Search - Non-Brand,1044.8,15789,754,874,42,14,4,17206.58,16127.5,0,0,1.0898212897805322,0,,0
2025-02-10,G07,Liverpool,CH03,Paid Social,910.89,90058,977,986,31,9,1,16472.12,15593.22,0,0,1.0898212897805322,0,,0
2025-02-10,G07,Liverpool,CH04,LinkedIn,692.62,19673,146,155,6,1,0,14511.99,13704.69,0,0,1.0898212897805322,0,,0
2025-02-10,G07,Liverpool,CH05,YouTube,655.55,54950,311,378,5,1,0,13987.04,14157.64,0,0,1.0898212897805322,0,,0
2025-02-10,G07,Liverpool,CH06,Display,331.06,65784,186,216,1,0,0,16089.68,15001.72,0,0,1.0898212897805322,0,,0
2025-02-10,G08,Sheffield,CH01,Paid Search - Brand,402.4,4844,413,413,24,7,2,13626.67,13023.92,0,0,1.0898212897805322,0,,0
2025-02-10,G08,Sheffield,CH02,Paid Search - Non-Brand,892.78,14358,633,676,27,7,3,13346.83,13294.31,0,0,1.0898212897805322,0,,0
2025-02-10,G08,Sheffield,CH03,Paid Social,684.59,69504,837,853,25,9,2,14873.5,14352.67,0,0,1.0898212897805322,0,,0
2025-02-10,G08,Sheffield,CH04,LinkedIn,542.48,15444,116,129,5,1,0,12641.56,13182.4,0,0,1.0898212897805322,0,,0
2025-02-10,G08,Sheffield,CH05,YouTube,547.58,45317,295,332,5,1,0,13987.93,13518.48,0,0,1.0898212897805322,0,,0
2025-02-10,G08,Sheffield,CH06,Display,319.87,63733,193,196,2,0,0,13607.65,13908.86,0,0,1.0898212897805322,0,,0
2025-02-10,G09,Edinburgh,CH01,Paid Search - Brand,450.29,5737,496,578,38,10,2,10695.75,11606.7,0,0,1.0898212897805322,1,,0
2025-02-10,G09,Edinburgh,CH02,Paid Search - Non-Brand,855.68,12863,593,643,23,7,1,14013.67,13544.79,0,0,1.0898212897805322,0,,0
2025-02-10,G09,Edinburgh,CH03,Paid Social,702.71,70275,828,861,26,7,2,12787.12,12860.6,0,0,1.0898212897805322,0,,0
2025-02-10,G09,Edinburgh,CH04,LinkedIn,547.65,15517,118,136,6,1,0,13625.41,12741.92,0,0,1.0898212897805322,0,,0
2025-02-10,G09,Edinburgh,CH05,YouTube,473.67,39525,228,260,4,1,0,12846.76,13279.03,0,0,1.0898212897805322,0,,0
2025-02-10,G09,Edinburgh,CH06,Display,296.87,59774,184,188,1,0,0,14451.38,14950.5,0,0,1.0898212897805322,0,,0
2025-02-10,G10,Cardiff,CH01,Paid Search - Brand,403.29,5055,426,500,31,11,3,12159.54,11741.63,0,0,1.0898212897805322,0,,0
2025-02-10,G10,Cardiff,CH02,Paid Search - Non-Brand,819.44,12605,516,631,29,9,2,11933.02,11687.66,0,0,1.0898212897805322,0,,0
2025-02-10,G10,Cardiff,CH03,Paid Social,711.63,72210,914,1033,26,9,1,11214.78,11950.23,0,0,1.0898212897805322,0,,0
2025-02-10,G10,Cardiff,CH04,LinkedIn,595.08,16840,135,157,8,2,0,10686.24,12269.91,0,0,1.0898212897805322,1,,0
2025-02-10,G10,Cardiff,CH05,YouTube,432.92,36517,223,274,3,1,0,12901.8,13226.13,0,0,1.0898212897805322,0,,0
2025-02-10,G10,Cardiff,CH06,Display,309.25,63168,190,232,2,0,0,12648.53,11878.95,0,0,1.0898212897805322,0,,0
2025-02-17,G01,London,CH01,Paid Search - Brand,1047.75,12763,1044,1295,71,14,5,29329.13,28592.79,0,0,1.0987580639072387,0,,0
2025-02-17,G01,London,CH02,Paid Search - Non-Brand,1922.5,29418,1332,1513,65,19,5,30622.82,30182.02,0,0,1.0987580639072387,0,,0
2025-02-17,G01,London,CH03,Paid Social,1631.48,166707,2171,2182,52,10,2,28083.29,29516.69,0,0,1.0987580639072387,0,,0
2025-02-17,G01,London,CH04,LinkedIn,1436.08,40504,339,340,17,5,1,32444.89,33589.35,0,0,1.0987580639072387,0,,0
2025-02-17,G01,London,CH05,YouTube,1182.07,96717,549,630,8,2,0,31460.3,31023.43,0,0,1.0987580639072387,0,,0
2025-02-17,G01,London,CH06,Display,690.84,138196,453,471,4,1,0,32302.4,30785.45,0,0,1.0987580639072387,0,,0
2025-02-17,G02,Manchester,CH01,Paid Search - Brand,738.03,9266,855,1065,71,23,6,21415.08,20747.72,0,0,1.0987580639072387,0,,0
2025-02-17,G02,Manchester,CH02,Paid Search - Non-Brand,1283.93,19817,842,862,40,12,3,21389.0,22402.43,0,0,1.0987580639072387,0,,0
2025-02-17,G02,Manchester,CH03,Paid Social,1301.67,127883,1593,1901,48,12,2,23159.13,23530.99,0,0,1.0987580639072387,0,,0
2025-02-17,G02,Manchester,CH04,LinkedIn,978.39,27967,204,252,11,2,0,21916.95,22583.62,0,0,1.0987580639072387,0,,0
2025-02-17,G02,Manchester,CH05,YouTube,849.01,70662,383,449,7,2,0,23743.99,23094.58,0,0,1.0987580639072387,0,,0
2025-02-17,G02,Manchester,CH06,Display,582.63,117377,366,381,3,0,0,19224.99,20580.81,0,0,1.0987580639072387,0,,0
2025-02-17,G03,Birmingham,CH01,Paid Search - Brand,673.2,8427,759,930,68,22,8,22295.38,21598.12,0,0,1.0987580639072387,0,,0
2025-02-17,G03,Birmingham,CH02,Paid Search - Non-Brand,1514.86,22911,1115,1347,63,19,6,18501.29,18430.3,0,0,1.0987580639072387,0,,0
2025-02-17,G03,Birmingham,CH03,Paid Social,1223.85,124430,1527,1727,53,10,3,19056.58,19181.65,0,0,1.0987580639072387,0,,0
2025-02-17,G03,Birmingham,CH04,LinkedIn,920.26,25348,211,253,10,3,1,20240.92,20764.15,0,0,1.0987580639072387,0,,0
2025-02-17,G03,Birmingham,CH05,YouTube,806.31,65014,401,440,5,1,0,20313.72,20276.57,0,0,1.0987580639072387,0,,0
2025-02-17,G03,Birmingham,CH06,Display,541.91,109690,304,309,2,0,0,23386.17,22291.87,0,0,1.0987580639072387,0,,0
2025-02-17,G04,Leeds,CH01,Paid Search - Brand,594.35,7302,624,636,48,13,4,17725.06,17481.01,0,0,1.0987580639072387,0,,0
2025-02-17,G04,Leeds,CH02,Paid Search - Non-Brand,1247.49,19385,872,916,38,12,5,18167.44,18311.78,0,0,1.0987580639072387,0,,0
2025-02-17,G04,Leeds,CH03,Paid Social,855.22,87232,1029,1212,34,12,3,19229.95,18160.47,0,0,1.0987580639072387,0,,0
2025-02-17,G04,Leeds,CH04,LinkedIn,712.63,20402,158,187,7,2,0,16049.8,16212.93,0,0,1.0987580639072387,0,,0
2025-02-17,G04,Leeds,CH05,YouTube,706.58,58653,339,395,4,0,0,18949.91,18405.31,0,0,1.0987580639072387,0,,0
2025-02-17,G04,Leeds,CH06,Display,425.78,84777,222,260,2,0,0,17078.83,17765.71,0,0,1.0987580639072387,0,,0
2025-02-17,G05,Bristol,CH01,Paid Search - Brand,538.31,7045,614,747,45,10,3,14358.88,14931.42,0,0,1.0987580639072387,0,,0
2025-02-17,G05,Bristol,CH02,Paid Search - Non-Brand,1149.39,17846,775,899,33,8,2,17983.75,17001.07,0,0,1.0987580639072387,0,,0
2025-02-17,G05,Bristol,CH03,Paid Social,870.99,87844,1014,1147,35,13,2,16764.52,16796.59,0,0,1.0987580639072387,0,,0
2025-02-17,G05,Bristol,CH04,LinkedIn,736.32,21137,159,195,8,2,0,16734.2,16877.68,0,0,1.0987580639072387,0,,0
2025-02-17,G05,Bristol,CH05,YouTube,671.47,54926,340,395,6,1,0,15055.69,15732.91,0,0,1.0987580639072387,0,,0
2025-02-17,G05,Bristol,CH06,Display,381.28,76191,224,249,2,0,0,15844.62,15534.03,0,0,1.0987580639072387,0,,0
2025-02-17,G06,Glasgow,CH01,Paid Search - Brand,473.97,5883,453,505,26,4,1,15641.72,14681.82,0,0,1.0987580639072387,0,,0
2025-02-17,G06,Glasgow,CH02,Paid Search - Non-Brand,896.12,13882,647,778,37,11,2,17387.13,15889.51,0,0,1.0987580639072387,0,,0
2025-02-17,G06,Glasgow,CH03,Paid Social,833.38,83643,1052,1223,36,10,2,13614.73,13683.33,0,0,1.0987580639072387,0,,0
2025-02-17,G06,Glasgow,CH04,LinkedIn,641.77,18432,138,170,9,3,0,16435.86,15734.72,0,0,1.0987580639072387,0,,0
2025-02-17,G06,Glasgow,CH05,YouTube,631.03,52022,342,367,6,1,0,16796.53,15255.34,0,0,1.0987580639072387,0,,0
2025-02-17,G06,Glasgow,CH06,Display,363.34,73868,220,242,2,0,0,13153.5,13292.16,0,0,1.0987580639072387,0,,0
2025-02-17,G07,Liverpool,CH01,Paid Search - Brand,628.31,7882,641,650,45,12,4,16419.94,16638.16,0,0,1.0987580639072387,0,,0
2025-02-17,G07,Liverpool,CH02,Paid Search - Non-Brand,1114.57,17200,837,991,42,14,4,15870.59,15328.28,0,0,1.0987580639072387,0,,0
2025-02-17,G07,Liverpool,CH03,Paid Social,775.11,78389,995,1089,27,6,2,14041.1,13633.33,0,0,1.0987580639072387,0,,0
2025-02-17,G07,Liverpool,CH04,LinkedIn,724.85,20929,166,200,7,2,0,15730.16,15026.14,0,0,1.0987580639072387,0,,0
2025-02-17,G07,Liverpool,CH05,YouTube,565.71,46519,284,340,5,1,0,14943.2,14703.83,0,0,1.0987580639072387,0,,0
2025-02-17,G07,Liverpool,CH06,Display,381.02,76293,249,294,3,1,0,16286.34,15933.59,0,0,1.0987580639072387,0,,0
2025-02-17,G08,Sheffield,CH01,Paid Search - Brand,385.31,4885,396,492,25,6,2,13128.61,13268.84,0,0,1.0987580639072387,0,,0
2025-02-17,G08,Sheffield,CH02,Paid Search - Non-Brand,886.67,13692,616,641,24,4,0,13207.36,12168.9,0,0,1.0987580639072387,0,,0
2025-02-17,G08,Sheffield,CH03,Paid Social,764.29,72996,927,1149,27,5,1,12785.15,13468.32,0,0,1.0987580639072387,0,,0
2025-02-17,G08,Sheffield,CH04,LinkedIn,624.59,18378,148,164,6,1,0,14627.32,14260.09,0,0,1.0987580639072387,0,,0
2025-02-17,G08,Sheffield,CH05,YouTube,594.04,48340,287,301,5,1,0,13441.27,13262.53,0,0,1.0987580639072387,0,,0
2025-02-17,G08,Sheffield,CH06,Display,341.48,67269,201,219,2,0,0,14819.99,14147.3,0,0,1.0987580639072387,0,,0
2025-02-17,G09,Edinburgh,CH01,Paid Search - Brand,396.84,4954,405,492,30,7,1,12831.29,12983.1,0,0,1.0987580639072387,0,,0
2025-02-17,G09,Edinburgh,CH02,Paid Search - Non-Brand,732.86,11219,519,569,26,5,1,15528.08,14824.5,0,0,1.0987580639072387,0,,0
2025-02-17,G09,Edinburgh,CH03,Paid Social,780.49,80560,936,1001,30,9,3,14268.71,14046.14,0,0,1.0987580639072387,0,,0
2025-02-17,G09,Edinburgh,CH04,LinkedIn,549.48,15634,126,144,6,1,0,12190.04,11960.0,0,0,1.0987580639072387,0,,0
2025-02-17,G09,Edinburgh,CH05,YouTube,523.5,42146,239,257,4,1,0,14462.07,13582.56,0,0,1.0987580639072387,0,,0
2025-02-17,G09,Edinburgh,CH06,Display,330.15,66927,191,236,2,0,0,11027.31,11743.53,0,0,1.0987580639072387,0,,0
2025-02-17,G10,Cardiff,CH01,Paid Search - Brand,387.29,5053,392,396,25,6,1,10229.27,9981.35,0,0,1.0987580639072387,0,,0
2025-02-17,G10,Cardiff,CH02,Paid Search - Non-Brand,804.4,12804,592,692,24,6,2,12155.09,12306.93,0,0,1.0987580639072387,0,,0
2025-02-17,G10,Cardiff,CH03,Paid Social,587.08,60100,743,750,19,3,0,12461.6,13007.75,0,0,1.0987580639072387,0,,0
2025-02-17,G10,Cardiff,CH04,LinkedIn,534.71,15408,113,113,4,1,0,13529.09,13014.45,0,0,1.0987580639072387,0,,0
2025-02-17,G10,Cardiff,CH05,YouTube,492.07,41105,229,264,4,1,0,11391.67,11094.77,0,0,1.0987580639072387,0,,0
2025-02-17,G10,Cardiff,CH06,Display,296.94,60389,166,193,1,0,0,11966.4,11771.02,0,0,1.0987580639072387,0,,0
2025-02-24,G01,London,CH01,Paid Search - Brand,979.4,11930,977,1114,69,15,5,33453.47,34708.87,0,0,1.1062547230783852,0,,0
2025-02-24,G01,London,CH02,Paid Search - Non-Brand,1878.02,28018,1258,1455,57,12,4,31577.2,31294.56,0,0,1.1062547230783852,0,,0
2025-02-24,G01,London,CH03,Paid Social,1820.73,180327,2254,2554,74,19,5,29090.69,30819.84,0,0,1.1062547230783852,0,,0
2025-02-24,G01,London,CH04,LinkedIn,1398.87,40565,341,375,13,2,0,29340.38,28891.43,0,0,1.1062547230783852,0,,0
2025-02-24,G01,London,CH05,YouTube,1304.98,105795,572,637,10,2,0,30844.1,30746.95,0,0,1.1062547230783852,0,,0
2025-02-24,G01,London,CH06,Display,703.84,138767,403,436,4,1,0,30548.23,30608.14,0,0,1.1062547230783852,0,,0
2025-02-24,G02,Manchester,CH01,Paid Search - Brand,739.96,8959,773,923,67,24,7,21122.54,21640.4,0,0,1.1062547230783852,0,,0
2025-02-24,G02,Manchester,CH02,Paid Search - Non-Brand,1677.51,25673,1179,1317,53,18,5,21910.68,21979.26,0,0,1.1062547230783852,0,,0
2025-02-24,G02,Manchester,CH03,Paid Social,1274.65,123143,1396,1513,40,14,5,19759.31,19905.97,0,0,1.1062547230783852,0,,0
2025-02-24,G02,Manchester,CH04,LinkedIn,1024.64,29063,242,280,14,3,0,20507.34,20137.91,0,0,1.1062547230783852,0,,0
2025-02-24,G02,Manchester,CH05,YouTube,930.44,78068,447,538,7,1,0,21490.07,22164.53,0,0,1.1062547230783852,0,,0
2025-02-24,G02,Manchester,CH06,Display,566.17,113831,349,363,4,1,0,20138.27,19454.92,0,0,1.1062547230783852,0,,0
2025-02-24,G03,Birmingham,CH01,Paid Search - Brand,696.33,8583,728,772,60,11,4,22532.19,22492.55,0,0,1.1062547230783852,0,,0
2025-02-24,G03,Birmingham,CH02,Paid Search - Non-Brand,1431.25,22000,890,951,38,10,3,23126.89,23539.4,0,0,1.1062547230783852,0,,0
2025-02-24,G03,Birmingham,CH03,Paid Social,1259.46,127358,1366,1654,52,18,6,20428.7,22182.57,0,0,1.1062547230783852,1,,0
2025-02-24,G03,Birmingham,CH04,LinkedIn,847.36,23406,187,216,10,2,0,19717.46,19457.92,0,0,1.1062547230783852,0,,0
2025-02-24,G03,Birmingham,CH05,YouTube,872.08,73187,430,453,6,1,0,20236.6,20917.09,0,0,1.1062547230783852,0,,0
2025-02-24,G03,Birmingham,CH06,Display,527.45,103699,315,360,3,0,0,21497.87,20435.17,0,0,1.1062547230783852,0,,0
2025-02-24,G04,Leeds,CH01,Paid Search - Brand,567.44,7125,647,781,55,16,5,17154.91,16913.48,0,0,1.1062547230783852,0,,0
2025-02-24,G04,Leeds,CH02,Paid Search - Non-Brand,1122.87,17311,804,988,41,14,5,17739.81,16892.08,0,0,1.1062547230783852,0,,0
2025-02-24,G04,Leeds,CH03,Paid Social,919.07,93681,1172,1241,35,9,2,16766.41,17015.7,0,0,1.1062547230783852,0,,0
2025-02-24,G04,Leeds,CH04,LinkedIn,941.73,26512,198,209,9,2,0,17968.76,17831.92,0,0,1.1062547230783852,0,,0
2025-02-24,G04,Leeds,CH05,YouTube,621.11,51718,313,325,4,1,0,17530.3,16986.44,0,0,1.1062547230783852,0,,0
2025-02-24,G04,Leeds,CH06,Display,452.08,90130,264,285,2,0,0,17325.48,18170.86,0,0,1.1062547230783852,1,,0
2025-02-24,G05,Bristol,CH01,Paid Search - Brand,515.49,6590,554,597,36,12,4,13248.7,13552.89,0,0,1.1062547230783852,0,,0
2025-02-24,G05,Bristol,CH02,Paid Search - Non-Brand,1199.3,18313,807,821,28,10,3,14899.56,14445.99,0,0,1.1062547230783852,0,,0
2025-02-24,G05,Bristol,CH03,Paid Social,996.78,97356,1003,1011,33,8,1,18912.93,16563.6,0,0,1.1062547230783852,0,,0
2025-02-24,G05,Bristol,CH04,LinkedIn,764.75,20766,168,178,8,2,0,19479.78,20015.65,0,0,1.1062547230783852,0,,0
2025-02-24,G05,Bristol,CH05,YouTube,697.63,57304,337,410,5,1,0,15752.27,16528.12,0,0,1.1062547230783852,0,,0
2025-02-24,G05,Bristol,CH06,Display,380.08,78198,237,295,3,0,0,15921.82,16211.25,0,0,1.1062547230783852,0,,0
2025-02-24,G06,Glasgow,CH01,Paid Search - Brand,495.53,6032,463,516,38,9,2,14240.09,13866.48,0,0,1.1062547230783852,0,,0
2025-02-24,G06,Glasgow,CH02,Paid Search - Non-Brand,979.16,15653,761,935,34,6,1,16340.95,15534.81,0,0,1.1062547230783852,0,,0
2025-02-24,G06,Glasgow,CH03,Paid Social,867.98,86490,1036,1136,33,8,1,14912.2,14107.31,0,0,1.1062547230783852,0,,0
2025-02-24,G06,Glasgow,CH04,LinkedIn,704.0,20913,164,192,9,2,0,15533.63,15141.42,0,0,1.1062547230783852,0,,0
2025-02-24,G06,Glasgow,CH05,YouTube,627.91,50825,289,315,5,1,0,14175.58,14179.65,0,0,1.1062547230783852,0,,0
2025-02-24,G06,Glasgow,CH06,Display,334.38,67185,172,176,1,0,0,13167.15,13695.54,0,0,1.1062547230783852,1,,0
2025-02-24,G07,Liverpool,CH01,Paid Search - Brand,590.63,7588,686,765,53,19,7,15293.87,14754.11,0,0,1.1062547230783852,0,,0
2025-02-24,G07,Liverpool,CH02,Paid Search - Non-Brand,1075.31,16398,713,744,27,6,1,14533.52,14104.07,0,0,1.1062547230783852,0,,0
2025-02-24,G07,Liverpool,CH03,Paid Social,736.33,72993,884,923,23,4,0,15015.53,15024.97,0,0,1.1062547230783852,0,,0
2025-02-24,G07,Liverpool,CH04,LinkedIn,702.32,20109,169,178,6,2,0,15872.9,15365.69,0,0,1.1062547230783852,0,,0
2025-02-24,G07,Liverpool,CH05,YouTube,579.67,49327,305,380,4,1,0,15564.72,15990.38,0,0,1.1062547230783852,0,,0
2025-02-24,G07,Liverpool,CH06,Display,338.74,67634,203,240,2,0,0,15052.49,14505.98,0,0,1.1062547230783852,0,,0
2025-02-24,G08,Sheffield,CH01,Paid Search - Brand,442.57,5585,504,533,38,14,5,13544.17,14087.9,0,0,1.1062547230783852,0,,0
2025-02-24,G08,Sheffield,CH02,Paid Search - Non-Brand,1007.28,14763,703,772,33,9,3,14196.59,13577.39,0,0,1.1062547230783852,0,,0
2025-02-24,G08,Sheffield,CH03,Paid Social,799.92,78748,910,1106,29,5,1,14010.1,14601.71,0,0,1.1062547230783852,0,,0
2025-02-24,G08,Sheffield,CH04,LinkedIn,598.0,17128,137,161,6,1,0,14308.98,14341.28,0,0,1.1062547230783852,0,,0
2025-02-24,G08,Sheffield,CH05,YouTube,570.9,48258,283,341,5,1,0,15897.4,14643.07,0,0,1.1062547230783852,0,,0
2025-02-24,G08,Sheffield,CH06,Display,321.62,65994,193,210,2,0,0,13553.27,13717.14,0,0,1.1062547230783852,0,,0
2025-02-24,G09,Edinburgh,CH01,Paid Search - Brand,372.69,4694,419,456,23,7,3,14940.92,13996.21,0,0,1.1062547230783852,0,,0
2025-02-24,G09,Edinburgh,CH02,Paid Search - Non-Brand,877.12,13386,594,727,28,6,2,14809.28,14215.37,0,0,1.1062547230783852,0,,0
2025-02-24,G09,Edinburgh,CH03,Paid Social,678.06,67451,866,925,23,5,2,14498.38,14681.42,0,0,1.1062547230783852,0,,0
2025-02-24,G09,Edinburgh,CH04,LinkedIn,562.9,16090,130,131,5,1,0,12574.56,12523.05,0,0,1.1062547230783852,0,,0
2025-02-24,G09,Edinburgh,CH05,YouTube,564.88,47957,304,305,4,0,0,12462.16,12149.78,0,0,1.1062547230783852,0,,0
2025-02-24,G09,Edinburgh,CH06,Display,339.83,68684,209,250,2,0,0,11101.91,11649.47,0,0,1.1062547230783852,0,,0
2025-02-24,G10,Cardiff,CH01,Paid Search - Brand,422.99,5451,456,526,31,11,4,11287.59,12494.92,0,0,1.1062547230783852,1,,0
2025-02-24,G10,Cardiff,CH02,Paid Search - Non-Brand,843.59,13165,578,581,22,6,1,12652.62,12008.03,0,0,1.1062547230783852,0,,0
2025-02-24,G10,Cardiff,CH03,Paid Social,684.07,66329,823,882,23,7,3,12529.89,12141.73,0,0,1.1062547230783852,0,,0
2025-02-24,G10,Cardiff,CH04,LinkedIn,512.93,14436,116,142,7,2,0,11923.35,11053.21,0,0,1.1062547230783852,0,,0
2025-02-24,G10,Cardiff,CH05,YouTube,493.1,41012,232,259,4,0,0,14491.13,13334.76,0,0,1.1062547230783852,0,,0
2025-02-24,G10,Cardiff,CH06,Display,304.75,60672,182,224,2,0,0,11231.44,11534.65,0,0,1.1062547230783852,0,,0
2025-03-03,G01,London,CH01,Paid Search - Brand,1056.27,12606,1123,1363,101,28,10,30975.3,28555.26,0,1,1.1122019491222497,0,,0
2025-03-03,G01,London,CH02,Paid Search - Non-Brand,2191.25,33401,1547,1681,56,16,4,33582.71,31468.78,0,1,1.1122019491222497,0,,0
2025-03-03,G01,London,CH03,Paid Social,1678.15,166349,1953,2328,62,17,5,32898.84,30953.71,0,1,1.1122019491222497,0,,0
2025-03-03,G01,London,CH04,LinkedIn,1434.96,41113,317,381,17,3,0,30720.39,26592.38,0,1,1.1122019491222497,0,,0
2025-03-03,G01,London,CH05,YouTube,1230.7,102457,582,636,11,2,0,36696.14,32447.73,0,1,1.1122019491222497,0,,0
2025-03-03,G01,London,CH06,Display,719.14,145140,415,462,5,1,0,32274.55,30867.91,0,1,1.1122019491222497,0,,0
2025-03-03,G02,Manchester,CH01,Paid Search - Brand,762.99,9327,832,939,61,12,4,23967.74,20013.83,0,1,1.1122019491222497,0,,0
2025-03-03,G02,Manchester,CH02,Paid Search - Non-Brand,1577.88,23733,1080,1183,43,15,3,27038.94,25151.7,0,1,1.1122019491222497,0,,0
2025-03-03,G02,Manchester,CH03,Paid Social,1226.63,125041,1689,1780,59,12,3,28384.94,25805.02,0,1,1.1122019491222497,0,,0
2025-03-03,G02,Manchester,CH04,LinkedIn,1066.57,30233,253,284,13,4,1,26334.31,22863.49,0,1,1.1122019491222497,0,,0
2025-03-03,G02,Manchester,CH05,YouTube,952.38,80487,483,556,9,2,0,23059.61,20148.98,0,1,1.1122019491222497,0,,0
2025-03-03,G02,Manchester,CH06,Display,525.33,101745,298,306,2,0,0,23107.81,20013.68,0,1,1.1122019491222497,0,,0
2025-03-03,G03,Birmingham,CH01,Paid Search - Brand,751.98,9350,761,934,58,16,6,25807.06,21807.83,0,1,1.1122019491222497,0,,0
2025-03-03,G03,Birmingham,CH02,Paid Search - Non-Brand,1622.7,24962,1064,1307,62,17,4,23260.15,20782.45,0,1,1.1122019491222497,0,,0
2025-03-03,G03,Birmingham,CH03,Paid Social,1328.08,133611,1567,1903,55,11,3,27525.87,25190.11,0,1,1.1122019491222497,0,,0
2025-03-03,G03,Birmingham,CH04,LinkedIn,998.19,27982,229,255,11,2,0,20272.72,19053.08,0,1,1.1122019491222497,0,,0
2025-03-03,G03,Birmingham,CH05,YouTube,893.35,73967,453,520,7,1,0,24513.56,19985.43,0,1,1.1122019491222497,0,,0
2025-03-03,G03,Birmingham,CH06,Display,481.43,94329,276,337,3,1,0,22532.62,20100.06,0,1,1.1122019491222497,0,,0
2025-03-03,G04,Leeds,CH01,Paid Search - Brand,540.51,6768,546,636,49,11,3,19834.31,17186.09,0,1,1.1122019491222497,0,,0
2025-03-03,G04,Leeds,CH02,Paid Search - Non-Brand,1334.35,19741,884,1013,46,9,2,20300.89,17349.47,0,1,1.1122019491222497,0,,0
2025-03-03,G04,Leeds,CH03,Paid Social,1017.54,100301,1178,1250,36,8,3,19155.22,16188.88,0,1,1.1122019491222497,0,,0
2025-03-03,G04,Leeds,CH04,LinkedIn,866.88,24788,195,195,8,2,0,20465.49,18005.11,0,1,1.1122019491222497,0,,0
2025-03-03,G04,Leeds,CH05,YouTube,695.9,58573,340,409,6,1,0,20561.33,17757.54,0,1,1.1122019491222497,0,,0
2025-03-03,G04,Leeds,CH06,Display,447.97,89497,256,268,2,0,0,19866.49,15851.08,0,1,1.1122019491222497,0,,0
2025-03-03,G05,Bristol,CH01,Paid Search - Brand,532.05,6558,535,624,40,12,3,18405.28,15990.98,0,1,1.1122019491222497,0,,0
2025-03-03,G05,Bristol,CH02,Paid Search - Non-Brand,1168.12,17932,798,969,34,9,2,18523.66,16039.22,0,1,1.1122019491222497,0,,0
2025-03-03,G05,Bristol,CH03,Paid Social,1062.12,108219,1318,1586,40,12,4,17845.03,15257.59,0,1,1.1122019491222497,0,,0
2025-03-03,G05,Bristol,CH04,LinkedIn,684.54,19478,159,163,7,1,0,19999.59,16973.52,0,1,1.1122019491222497,0,,0
2025-03-03,G05,Bristol,CH05,YouTube,585.86,49227,258,310,3,0,0,19829.66,17298.4,0,1,1.1122019491222497,0,,0
2025-03-03,G05,Bristol,CH06,Display,340.9,67844,216,262,2,0,0,20093.7,16735.18,0,1,1.1122019491222497,0,,0
2025-03-03,G06,Glasgow,CH01,Paid Search - Brand,482.04,5849,486,510,35,9,2,16557.12,14663.17,0,1,1.1122019491222497,0,,0
2025-03-03,G06,Glasgow,CH02,Paid Search - Non-Brand,990.29,15613,704,762,35,12,2,18342.5,15194.21,0,1,1.1122019491222497,0,,0
2025-03-03,G06,Glasgow,CH03,Paid Social,836.45,81642,1016,1214,40,8,1,19358.82,16892.42,0,1,1.1122019491222497,0,,0
2025-03-03,G06,Glasgow,CH04,LinkedIn,708.23,20222,149,169,6,1,0,16699.13,13967.86,0,1,1.1122019491222497,0,,0
2025-03-03,G06,Glasgow,CH05,YouTube,583.23,49520,266,298,4,1,0,15975.97,14358.88,0,1,1.1122019491222497,0,,0
2025-03-03,G06,Glasgow,CH06,Display,336.59,66939,189,220,2,0,0,17867.27,14379.57,0,1,1.1122019491222497,0,,0
2025-03-03,G07,Liverpool,CH01,Paid Search - Brand,478.5,5943,482,498,30,6,2,19376.92,15897.28,0,1,1.1122019491222497,0,,0
2025-03-03,G07,Liverpool,CH02,Paid Search - Non-Brand,1022.57,15782,664,698,29,10,3,19193.63,15713.65,0,1,1.1122019491222497,0,,0
2025-03-03,G07,Liverpool,CH03,Paid Social,838.35,85376,1046,1155,36,7,2,16583.03,14825.2,0,1,1.1122019491222497,0,,0
2025-03-03,G07,Liverpool,CH04,LinkedIn,706.27,20816,164,203,10,3,1,17453.75,16720.69,0,1,1.1122019491222497,1,,0
2025-03-03,G07,Liverpool,CH05,YouTube,574.03,47752,269,270,4,1,0,19215.96,17753.62,0,1,1.1122019491222497,0,,0
2025-03-03,G07,Liverpool,CH06,Display,309.68,61804,178,194,1,0,0,15917.65,15423.28,0,1,1.1122019491222497,1,,0
2025-03-03,G08,Sheffield,CH01,Paid Search - Brand,508.18,6470,555,622,47,10,4,14530.71,12231.28,0,1,1.1122019491222497,0,,0
2025-03-03,G08,Sheffield,CH02,Paid Search - Non-Brand,920.36,14201,626,669,26,8,2,16756.6,14661.18,0,1,1.1122019491222497,0,,0
2025-03-03,G08,Sheffield,CH03,Paid Social,778.02,78371,1019,1033,27,7,1,15923.93,13838.7,0,1,1.1122019491222497,0,,0
2025-03-03,G08,Sheffield,CH04,LinkedIn,663.05,19131,157,182,9,3,0,15987.55,13686.68,0,1,1.1122019491222497,0,,0
2025-03-03,G08,Sheffield,CH05,YouTube,578.96,47884,286,347,4,1,0,16682.66,14156.42,0,1,1.1122019491222497,0,,0
2025-03-03,G08,Sheffield,CH06,Display,326.97,64815,195,223,2,0,0,14916.28,12558.0,0,1,1.1122019491222497,0,,0
2025-03-03,G09,Edinburgh,CH01,Paid Search - Brand,445.77,5516,470,489,28,6,1,15211.04,13693.33,0,1,1.1122019491222497,0,,0
2025-03-03,G09,Edinburgh,CH02,Paid Search - Non-Brand,953.93,14778,682,709,28,10,4,17569.58,14088.61,0,1,1.1122019491222497,0,,0
2025-03-03,G09,Edinburgh,CH03,Paid Social,755.92,76582,871,1088,34,9,4,15665.64,12640.86,0,1,1.1122019491222497,0,,0
2025-03-03,G09,Edinburgh,CH04,LinkedIn,605.0,16943,128,144,7,2,0,16330.25,13609.12,0,1,1.1122019491222497,0,,0
2025-03-03,G09,Edinburgh,CH05,YouTube,464.71,39271,221,229,3,0,0,15117.82,12362.56,0,1,1.1122019491222497,0,,0
2025-03-03,G09,Edinburgh,CH06,Display,304.18,60577,174,174,1,0,0,16251.51,14534.8,0,1,1.1122019491222497,0,,0
2025-03-03,G10,Cardiff,CH01,Paid Search - Brand,428.91,5390,446,448,29,7,2,15427.56,12633.76,0,1,1.1122019491222497,0,,0
2025-03-03,G10,Cardiff,CH02,Paid Search - Non-Brand,867.49,13513,606,667,29,8,3,14841.44,12417.54,0,1,1.1122019491222497,0,,0
2025-03-03,G10,Cardiff,CH03,Paid Social,775.85,81824,1049,1197,36,6,1,13831.84,11986.94,0,1,1.1122019491222497,0,,0
2025-03-03,G10,Cardiff,CH04,LinkedIn,635.63,18068,138,163,7,2,0,14358.23,11656.29,0,1,1.1122019491222497,0,,0
2025-03-03,G10,Cardiff,CH05,YouTube,595.38,49276,300,302,4,0,0,15494.85,13221.2,0,1,1.1122019491222497,0,,0
2025-03-03,G10,Cardiff,CH06,Display,287.54,55322,145,155,1,0,0,12693.68,10792.13,0,1,1.1122019491222497,0,,0
2025-03-10,G01,London,CH01,Paid Search - Brand,1157.33,14140,1128,1362,86,22,8,34187.17,28729.8,0,1,1.1165130180911262,0,,0
2025-03-10,G01,London,CH02,Paid Search - Non-Brand,1990.88,30637,1382,1497,58,18,4,32009.63,30379.17,0,1,1.1165130180911262,0,,0
2025-03-10,G01,London,CH03,Paid Social,1822.99,182598,2103,2344,54,13,4,37798.24,35737.02,0,1,1.1165130180911262,0,,0
2025-03-10,G01,London,CH04,LinkedIn,1450.07,40413,316,354,12,3,1,34002.43,30714.55,0,1,1.1165130180911262,0,,0
2025-03-10,G01,London,CH05,YouTube,1228.3,105398,613,732,9,2,0,36119.4,34871.55,0,1,1.1165130180911262,0,,0
2025-03-10,G01,London,CH06,Display,685.01,136265,434,491,5,1,0,30252.68,29186.58,0,1,1.1165130180911262,0,,0
2025-03-10,G02,Manchester,CH01,Paid Search - Brand,710.05,9071,737,745,39,13,3,22955.5,21851.93,0,1,1.1165130180911262,0,,0
2025-03-10,G02,Manchester,CH02,Paid Search - Non-Brand,1737.78,25966,1123,1197,43,8,3,25190.73,21939.92,0,1,1.1165130180911262,0,,0
2025-03-10,G02,Manchester,CH03,Paid Social,1248.83,125129,1540,1760,54,17,5,23406.98,21743.33,0,1,1.1165130180911262,0,,0
2025-03-10,G02,Manchester,CH04,LinkedIn,1055.0,30568,262,303,12,3,0,26548.12,24872.17,0,1,1.1165130180911262,0,,0
2025-03-10,G02,Manchester,CH05,YouTube,827.78,67391,386,416,5,0,0,22433.71,19468.72,0,1,1.1165130180911262,0,,0
2025-03-10,G02,Manchester,CH06,Display,521.91,107469,342,418,4,1,0,25237.52,23009.63,0,1,1.1165130180911262,0,,0
2025-03-10,G03,Birmingham,CH01,Paid Search - Brand,657.74,8475,679,784,48,12,3,22666.03,20511.34,0,1,1.1165130180911262,0,,0
2025-03-10,G03,Birmingham,CH02,Paid Search - Non-Brand,1550.89,23717,979,1106,50,12,2,24374.6,22087.42,0,1,1.1165130180911262,0,,0
2025-03-10,G03,Birmingham,CH03,Paid Social,1124.76,112050,1335,1663,43,12,5,23293.46,20604.96,0,1,1.1165130180911262,0,,0
2025-03-10,G03,Birmingham,CH04,LinkedIn,1059.73,30761,238,263,9,2,0,23378.37,21429.98,0,1,1.1165130180911262,0,,0
2025-03-10,G03,Birmingham,CH05,YouTube,732.39,62235,378,436,6,2,0,23364.3,20253.52,0,1,1.1165130180911262,0,,0
2025-03-10,G03,Birmingham,CH06,Display,571.97,113771,310,366,3,0,0,24307.46,20884.44,0,1,1.1165130180911262,0,,0
2025-03-10,G04,Leeds,CH01,Paid Search - Brand,607.31,7551,638,788,55,18,7,20635.63,18082.45,0,1,1.1165130180911262,1,,0
2025-03-10,G04,Leeds,CH02,Paid Search - Non-Brand,1089.47,16560,711,849,41,15,3,19962.69,17921.86,0,1,1.1165130180911262,0,,0
2025-03-10,G04,Leeds,CH03,Paid Social,1105.47,111079,1265,1444,43,13,5,18706.17,17119.44,0,1,1.1165130180911262,0,,0
2025-03-10,G04,Leeds,CH04,LinkedIn,803.87,22544,174,180,7,2,0,22552.3,18952.8,0,1,1.1165130180911262,0,,0
2025-03-10,G04,Leeds,CH05,YouTube,642.66,53861,330,397,5,1,0,22357.95,19289.78,0,1,1.1165130180911262,0,,0
2025-03-10,G04,Leeds,CH06,Display,401.93,79340,228,245,2,0,0,18571.96,16380.33,0,1,1.1165130180911262,0,,0
2025-03-10,G05,Bristol,CH01,Paid Search - Brand,505.43,6245,517,537,33,11,3,20434.08,16988.68,0,1,1.1165130180911262,0,,0
2025-03-10,G05,Bristol,CH02,Paid Search - Non-Brand,1260.15,19352,878,1016,37,12,3,17978.11,16048.94,0,1,1.1165130180911262,0,,0
2025-03-10,G05,Bristol,CH03,Paid Social,903.68,91401,1088,1313,38,7,1,20758.62,16781.92,0,1,1.1165130180911262,0,,0
2025-03-10,G05,Bristol,CH04,LinkedIn,749.63,21253,164,175,8,2,0,18543.48,16290.79,0,1,1.1165130180911262,0,,0
2025-03-10,G05,Bristol,CH05,YouTube,653.64,53296,308,331,5,1,0,17634.5,16196.34,0,1,1.1165130180911262,0,,0
2025-03-10,G05,Bristol,CH06,Display,397.08,78740,214,214,2,0,0,19556.12,16178.9,0,1,1.1165130180911262,0,,0
2025-03-10,G06,Glasgow,CH01,Paid Search - Brand,517.47,6528,569,655,38,12,2,18985.56,15157.16,0,1,1.1165130180911262,0,,0
2025-03-10,G06,Glasgow,CH02,Paid Search - Non-Brand,1113.21,16932,793,812,36,13,4,20447.05,17016.53,0,1,1.1165130180911262,0,,0
2025-03-10,G06,Glasgow,CH03,Paid Social,840.2,83344,1019,1085,32,6,2,16365.81,14720.6,0,1,1.1165130180911262,0,,0
2025-03-10,G06,Glasgow,CH04,LinkedIn,676.98,19398,155,184,7,2,0,16699.38,13707.4,0,1,1.1165130180911262,0,,0
2025-03-10,G06,Glasgow,CH05,YouTube,638.28,52288,294,342,5,1,0,16610.66,14167.97,0,1,1.1165130180911262,0,,0
2025-03-10,G06,Glasgow,CH06,Display,376.09,74699,213,220,2,0,0,17128.18,15356.0,0,1,1.1165130180911262,0,,0
2025-03-10,G07,Liverpool,CH01,Paid Search - Brand,461.71,5677,472,568,39,12,3,16980.43,14817.54,0,1,1.1165130180911262,0,,0
2025-03-10,G07,Liverpool,CH02,Paid Search - Non-Brand,1146.6,17608,729,816,28,6,1,18061.37,15648.48,0,1,1.1165130180911262,0,,0
2025-03-10,G07,Liverpool,CH03,Paid Social,851.85,82929,953,1130,28,7,2,17668.97,16074.97,0,1,1.1165130180911262,1,,0
2025-03-10,G07,Liverpool,CH04,LinkedIn,640.5,18056,138,168,8,2,0,16657.41,13904.52,0,1,1.1165130180911262,0,,0
2025-03-10,G07,Liverpool,CH05,YouTube,593.07,48278,309,324,4,1,0,18996.56,17273.82,0,1,1.1165130180911262,0,,0
2025-03-10,G07,Liverpool,CH06,Display,381.1,75472,226,269,2,0,0,17766.36,15019.81,0,1,1.1165130180911262,0,,0
2025-03-10,G08,Sheffield,CH01,Paid Search - Brand,445.44,5492,438,481,29,10,3,15928.82,13394.36,0,1,1.1165130180911262,0,,0
2025-03-10,G08,Sheffield,CH02,Paid Search - Non-Brand,988.34,15153,726,773,34,12,2,16678.39,15062.65,0,1,1.1165130180911262,0,,0
2025-03-10,G08,Sheffield,CH03,Paid Social,752.99,75405,920,1042,30,10,4,16912.81,14427.25,0,1,1.1165130180911262,0,,0
2025-03-10,G08,Sheffield,CH04,LinkedIn,614.29,17405,136,165,8,2,0,14268.61,11891.8,0,1,1.1165130180911262,0,,0
2025-03-10,G08,Sheffield,CH05,YouTube,535.11,45203,293,306,4,1,0,18681.41,14947.51,0,1,1.1165130180911262,0,,0
2025-03-10,G08,Sheffield,CH06,Display,357.9,72602,202,234,2,0,0,16154.24,13457.86,0,1,1.1165130180911262,0,,0
2025-03-10,G09,Edinburgh,CH01,Paid Search - Brand,424.96,5309,443,525,32,7,2,13240.02,12024.23,0,1,1.1165130180911262,0,,0
2025-03-10,G09,Edinburgh,CH02,Paid Search - Non-Brand,923.31,13794,588,723,27,9,1,18535.65,14765.36,0,1,1.1165130180911262,0,,0
2025-03-10,G09,Edinburgh,CH03,Paid Social,818.55,80368,1025,1149,30,8,1,14399.27,12777.65,0,1,1.1165130180911262,0,,0
2025-03-10,G09,Edinburgh,CH04,LinkedIn,486.26,13504,107,113,4,0,0,15960.05,13438.01,0,1,1.1165130180911262,0,,0
2025-03-10,G09,Edinburgh,CH05,YouTube,484.4,39715,242,285,4,1,0,14622.81,11912.78,0,1,1.1165130180911262,0,,0
2025-03-10,G09,Edinburgh,CH06,Display,305.12,61844,177,185,1,0,0,14348.57,12158.65,0,1,1.1165130180911262,0,,0
2025-03-10,G10,Cardiff,CH01,Paid Search - Brand,409.92,5281,444,449,32,6,2,14727.17,12754.19,0,1,1.1165130180911262,0,,0
2025-03-10,G10,Cardiff,CH02,Paid Search - Non-Brand,881.68,13020,635,750,36,13,5,16307.8,13675.12,0,1,1.1165130180911262,0,,0
2025-03-10,G10,Cardiff,CH03,Paid Social,750.39,77730,976,1168,27,9,1,14321.94,12822.71,0,1,1.1165130180911262,0,,0
2025-03-10,G10,Cardiff,CH04,LinkedIn,593.89,17012,143,162,8,2,0,15503.94,12147.25,0,1,1.1165130180911262,0,,0
2025-03-10,G10,Cardiff,CH05,YouTube,485.83,39947,249,251,4,0,0,13007.85,11299.88,0,1,1.1165130180911262,0,,0
2025-03-10,G10,Cardiff,CH06,Display,269.21,54295,162,173,1,0,0,14047.04,10657.1,0,1,1.1165130180911262,0,,0
2025-03-17,G01,London,CH01,Paid Search - Brand,1034.67,13020,1071,1159,60,16,6,36629.47,31404.95,1,1,1.1191250648917666,0,,0
2025-03-17,G01,London,CH02,Paid Search - Non-Brand,2355.63,36473,1528,1550,75,26,6,36038.33,33046.36,1,1,1.1191250648917666,0,,0
2025-03-17,G01,London,CH03,Paid Social,1817.83,184385,2373,2700,83,28,7,36122.81,35121.82,1,1,1.1191250648917666,1,,0
2025-03-17,G01,London,CH04,LinkedIn,1320.39,38831,332,392,16,4,0,39939.21,33928.93,1,1,1.1191250648917666,0,,0
2025-03-17,G01,London,CH05,YouTube,1444.53,121355,774,918,15,5,1,33474.51,28766.39,1,1,1.1191250648917666,0,,0
2025-03-17,G01,London,CH06,Display,709.08,141267,395,453,5,1,0,35192.51,32365.87,1,1,1.1191250648917666,0,,0
2025-03-17,G02,Manchester,CH01,Paid Search - Brand,756.15,9437,805,904,50,10,2,27072.03,22608.93,1,1,1.1191250648917666,0,,0
2025-03-17,G02,Manchester,CH02,Paid Search - Non-Brand,1543.07,23430,1079,1305,51,16,3,24661.78,20645.89,1,1,1.1191250648917666,0,,0
2025-03-17,G02,Manchester,CH03,Paid Social,1212.25,122498,1425,1551,42,12,4,25071.57,19947.14,1,1,1.1191250648917666,0,,0
2025-03-17,G02,Manchester,CH04,LinkedIn,888.94,25061,207,209,11,2,0,22836.1,18962.62,1,1,1.1191250648917666,0,,0
2025-03-17,G02,Manchester,CH05,YouTube,953.39,78339,473,477,8,2,0,25614.12,20932.4,1,1,1.1191250648917666,0,,0
2025-03-17,G02,Manchester,CH06,Display,602.15,120259,363,387,4,1,0,24557.73,22360.95,1,1,1.1191250648917666,1,,0
2025-03-17,G03,Birmingham,CH01,Paid Search - Brand,710.36,8751,762,792,61,13,5,25089.14,21121.33,1,1,1.1191250648917666,0,,0
2025-03-17,G03,Birmingham,CH02,Paid Search - Non-Brand,1640.42,24916,1181,1181,44,15,5,23338.74,20253.98,1,1,1.1191250648917666,0,,0
2025-03-17,G03,Birmingham,CH03,Paid Social,1362.55,137708,1842,2100,47,11,2,26228.87,22876.93,1,1,1.1191250648917666,0,,0
2025-03-17,G03,Birmingham,CH04,LinkedIn,953.76,27192,231,233,10,1,0,22959.9,21007.98,1,1,1.1191250648917666,0,,0
2025-03-17,G03,Birmingham,CH05,YouTube,769.91,65500,401,492,8,2,0,26893.92,21329.01,1,1,1.1191250648917666,0,,0
2025-03-17,G03,Birmingham,CH06,Display,526.29,105928,334,353,4,0,0,25212.32,21167.77,1,1,1.1191250648917666,0,,0
2025-03-17,G04,Leeds,CH01,Paid Search - Brand,565.48,7007,627,773,40,10,2,21228.17,17509.95,1,1,1.1191250648917666,0,,0
2025-03-17,G04,Leeds,CH02,Paid Search - Non-Brand,1186.69,18140,847,1042,38,7,2,22295.12,17666.16,1,1,1.1191250648917666,0,,0
2025-03-17,G04,Leeds,CH03,Paid Social,985.03,95211,1114,1138,27,5,2,24516.92,20405.3,1,1,1.1191250648917666,0,,0
2025-03-17,G04,Leeds,CH04,LinkedIn,746.17,21722,171,195,8,1,0,20302.38,15980.49,1,1,1.1191250648917666,0,,0
2025-03-17,G04,Leeds,CH05,YouTube,731.17,56960,361,440,5,1,0,20402.91,16963.48,1,1,1.1191250648917666,0,,0
2025-03-17,G04,Leeds,CH06,Display,374.42,73415,212,252,2,0,0,19363.4,15793.54,1,1,1.1191250648917666,0,,0
2025-03-17,G05,Bristol,CH01,Paid Search - Brand,625.95,7982,654,730,47,16,3,20155.55,15825.17,1,1,1.1191250648917666,0,,0
2025-03-17,G05,Bristol,CH02,Paid Search - Non-Brand,1238.74,18322,825,1010,40,10,2,21992.64,16845.71,1,1,1.1191250648917666,0,,0
2025-03-17,G05,Bristol,CH03,Paid Social,934.93,92830,1018,1069,35,6,2,19042.94,15330.54,1,1,1.1191250648917666,0,,0
2025-03-17,G05,Bristol,CH04,LinkedIn,772.16,21936,184,213,9,1,0,21013.5,16140.16,1,1,1.1191250648917666,0,,0
2025-03-17,G05,Bristol,CH05,YouTube,615.05,51391,290,291,4,1,0,21060.53,16279.16,1,1,1.1191250648917666,0,,0
2025-03-17,G05,Bristol,CH06,Display,389.87,75592,221,229,2,0,0,20405.73,15982.39,1,1,1.1191250648917666,0,,0
2025-03-17,G06,Glasgow,CH01,Paid Search - Brand,487.81,6146,513,619,41,15,5,19184.02,15286.58,1,1,1.1191250648917666,0,,0
2025-03-17,G06,Glasgow,CH02,Paid Search - Non-Brand,947.39,14814,629,653,27,9,2,18201.41,13885.59,1,1,1.1191250648917666,0,,0
2025-03-17,G06,Glasgow,CH03,Paid Social,764.96,78518,900,994,30,11,3,22388.1,17476.91,1,1,1.1191250648917666,0,,0
2025-03-17,G06,Glasgow,CH04,LinkedIn,587.14,17040,129,133,6,1,0,21073.11,14956.62,1,1,1.1191250648917666,0,,0
2025-03-17,G06,Glasgow,CH05,YouTube,638.62,53462,313,363,6,1,0,20557.1,16033.6,1,1,1.1191250648917666,0,,0
2025-03-17,G06,Glasgow,CH06,Display,342.73,67411,196,239,2,0,0,20523.4,16553.9,1,1,1.1191250648917666,0,,0
2025-03-17,G07,Liverpool,CH01,Paid Search - Brand,500.18,6169,479,482,37,7,2,20619.23,15396.58,1,1,1.1191250648917666,0,,0
2025-03-17,G07,Liverpool,CH02,Paid Search - Non-Brand,1145.35,17812,781,884,29,8,3,18558.58,14602.05,1,1,1.1191250648917666,0,,0
2025-03-17,G07,Liverpool,CH03,Paid Social,978.17,97323,1203,1441,38,13,4,19659.77,15430.05,1,1,1.1191250648917666,0,,0
2025-03-17,G07,Liverpool,CH04,LinkedIn,748.43,20848,166,192,10,1,0,19232.88,15491.72,1,1,1.1191250648917666,0,,0
2025-03-17,G07,Liverpool,CH05,YouTube,650.41,54367,329,363,6,1,0,19702.19,15689.52,1,1,1.1191250648917666,0,,0
2025-03-17,G07,Liverpool,CH06,Display,392.87,78245,235,289,2,0,0,18266.97,14180.51,1,1,1.1191250648917666,0,,0
2025-03-17,G08,Sheffield,CH01,Paid Search - Brand,494.06,6119,564,627,37,10,2,19467.64,14221.41,1,1,1.1191250648917666,0,,0
2025-03-17,G08,Sheffield,CH02,Paid Search - Non-Brand,925.44,13875,598,624,20,5,1,17079.47,12998.93,1,1,1.1191250648917666,0,,0
2025-03-17,G08,Sheffield,CH03,Paid Social,773.58,81215,914,1104,31,10,3,18164.12,13904.01,1,1,1.1191250648917666,0,,0
2025-03-17,G08,Sheffield,CH04,LinkedIn,616.71,17697,134,162,8,2,0,16476.42,12857.16,1,1,1.1191250648917666,0,,0
2025-03-17,G08,Sheffield,CH05,YouTube,568.93,46625,292,345,5,1,0,17272.21,13599.53,1,1,1.1191250648917666,0,,0
2025-03-17,G08,Sheffield,CH06,Display,321.3,63956,179,223,1,0,0,18453.4,13789.35,1,1,1.1191250648917666,0,,0
2025-03-17,G09,Edinburgh,CH01,Paid Search - Brand,422.83,5348,416,456,33,12,2,19005.17,13402.35,1,1,1.1191250648917666,0,,0
2025-03-17,G09,Edinburgh,CH02,Paid Search - Non-Brand,852.46,13384,597,652,24,5,1,18296.26,14141.11,1,1,1.1191250648917666,0,,0
2025-03-17,G09,Edinburgh,CH03,Paid Social,736.17,74701,827,975,24,4,1,16450.83,13201.0,1,1,1.1191250648917666,0,,0
2025-03-17,G09,Edinburgh,CH04,LinkedIn,675.29,19256,144,158,6,1,0,17046.39,13374.76,1,1,1.1191250648917666,0,,0
2025-03-17,G09,Edinburgh,CH05,YouTube,560.44,46148,265,279,3,0,0,16522.29,12375.92,1,1,1.1191250648917666,0,,0
2025-03-17,G09,Edinburgh,CH06,Display,318.33,65190,186,231,1,0,0,17802.42,13297.53,1,1,1.1191250648917666,0,,0
2025-03-17,G10,Cardiff,CH01,Paid Search - Brand,392.94,4851,392,446,28,5,2,16236.56,11124.44,1,1,1.1191250648917666,0,,0
2025-03-17,G10,Cardiff,CH02,Paid Search - Non-Brand,966.49,14740,636,692,25,8,2,17578.03,13786.6,1,1,1.1191250648917666,0,,0
2025-03-17,G10,Cardiff,CH03,Paid Social,666.73,64776,807,850,20,6,2,16877.51,11885.46,1,1,1.1191250648917666,0,,0
2025-03-17,G10,Cardiff,CH04,LinkedIn,516.41,14319,106,116,4,1,0,15694.23,12400.75,1,1,1.1191250648917666,0,,0
2025-03-17,G10,Cardiff,CH05,YouTube,452.92,39029,241,266,4,1,0,18002.9,13026.19,1,1,1.1191250648917666,0,,0
2025-03-17,G10,Cardiff,CH06,Display,310.86,63345,186,197,1,0,0,15635.94,11378.37,1,1,1.1191250648917666,0,,0
2025-03-24,G01,London,CH01,Paid Search - Brand,1126.55,14012,1182,1213,79,22,5,34602.07,32370.28,0,1,1.12,0,,0
2025-03-24,G01,London,CH02,Paid Search - Non-Brand,2076.24,31236,1456,1564,61,18,6,34988.87,32216.15,0,1,1.12,0,,0
2025-03-24,G01,London,CH03,Paid Social,1861.12,187506,2247,2591,69,19,4,34795.24,32981.67,0,1,1.12,0,,0
2025-03-24,G01,London,CH04,LinkedIn,1427.48,40814,290,357,13,4,1,31911.14,31742.13,0,1,1.12,0,,0
2025-03-24,G01,London,CH05,YouTube,1267.71,108519,655,788,10,2,0,35569.65,33985.5,0,1,1.12,1,,0
2025-03-24,G01,London,CH06,Display,793.84,159969,445,449,3,1,0,43076.42,38639.33,0,1,1.12,0,,0
2025-03-24,G02,Manchester,CH01,Paid Search - Brand,820.8,10351,859,915,54,12,2,24546.06,20939.45,0,1,1.12,0,,0
2025-03-24,G02,Manchester,CH02,Paid Search - Non-Brand,1633.33,25046,1233,1538,64,21,5,24005.21,21072.04,0,1,1.12,0,,0
2025-03-24,G02,Manchester,CH03,Paid Social,1227.54,121574,1462,1616,40,8,3,24110.71,22643.47,0,1,1.12,0,,0
2025-03-24,G02,Manchester,CH04,LinkedIn,993.34,28494,243,285,12,4,0,27192.3,22669.72,0,1,1.12,0,,0
2025-03-24,G02,Manchester,CH05,YouTube,945.09,77342,443,520,7,1,0,27618.27,24754.57,0,1,1.12,0,,0
2025-03-24,G02,Manchester,CH06,Display,561.91,113110,357,387,4,0,0,22707.97,21216.83,0,1,1.12,0,,0
2025-03-24,G03,Birmingham,CH01,Paid Search - Brand,601.36,7413,627,774,51,11,4,24969.07,22255.0,0,1,1.12,0,,0
2025-03-24,G03,Birmingham,CH02,Paid Search - Non-Brand,1391.37,21516,949,1093,46,10,3,24748.54,22583.22,0,1,1.12,0,,0
2025-03-24,G03,Birmingham,CH03,Paid Social,1277.83,127747,1522,1823,48,15,4,22450.42,21917.4,0,1,1.12,0,,0
2025-03-24,G03,Birmingham,CH04,LinkedIn,939.12,28026,212,228,11,3,0,21537.88,20209.67,0,1,1.12,0,,0
2025-03-24,G03,Birmingham,CH05,YouTube,899.29,74441,402,480,7,2,0,22054.65,19288.96,0,1,1.12,0,,0
2025-03-24,G03,Birmingham,CH06,Display,528.24,110141,298,345,3,0,0,25267.41,20787.18,0,1,1.12,0,,0
2025-03-24,G04,Leeds,CH01,Paid Search - Brand,536.54,6390,511,638,40,9,2,20793.91,18088.15,0,1,1.12,0,,0
2025-03-24,G04,Leeds,CH02,Paid Search - Non-Brand,1136.95,17837,780,911,33,8,2,20069.39,18348.93,0,1,1.12,0,,0
2025-03-24,G04,Leeds,CH03,Paid Social,1047.63,106890,1243,1397,41,15,4,20668.43,16981.51,0,1,1.12,0,,0
2025-03-24,G04,Leeds,CH04,LinkedIn,766.97,22497,179,220,10,1,0,19307.03,16699.17,0,1,1.12,0,,0
2025-03-24,G04,Leeds,CH05,YouTube,734.26,60920,388,469,6,1,0,20339.35,17668.12,0,1,1.12,0,,0
2025-03-24,G04,Leeds,CH06,Display,406.88,83142,273,314,2,0,0,18178.34,16493.19,0,1,1.12,0,,0
2025-03-24,G05,Bristol,CH01,Paid Search - Brand,653.12,8309,717,725,48,8,1,18134.85,16626.48,0,1,1.12,0,,0
2025-03-24,G05,Bristol,CH02,Paid Search - Non-Brand,1063.38,15523,664,718,30,11,3,19403.62,16274.3,0,1,1.12,0,,0
2025-03-24,G05,Bristol,CH03,Paid Social,906.59,93009,1117,1173,34,10,2,18998.3,15579.87,0,1,1.12,0,,0
2025-03-24,G05,Bristol,CH04,LinkedIn,835.63,24286,193,203,10,2,0,19598.88,16456.41,0,1,1.12,0,,0
2025-03-24,G05,Bristol,CH05,YouTube,585.98,49871,292,297,4,1,0,20682.04,17689.0,0,1,1.12,0,,0
2025-03-24,G05,Bristol,CH06,Display,345.76,68468,198,230,2,0,0,17653.16,15514.81,0,1,1.12,0,,0
2025-03-24,G06,Glasgow,CH01,Paid Search - Brand,484.1,6002,510,571,34,9,2,15996.8,13952.03,0,1,1.12,0,,0
2025-03-24,G06,Glasgow,CH02,Paid Search - Non-Brand,893.45,13863,610,619,26,4,1,18647.88,15914.06,0,1,1.12,0,,0
2025-03-24,G06,Glasgow,CH03,Paid Social,809.22,83568,1001,1084,25,4,1,17578.32,15630.88,0,1,1.12,0,,0
2025-03-24,G06,Glasgow,CH04,LinkedIn,660.21,19311,161,197,8,2,0,15796.17,13206.44,0,1,1.12,0,,0
2025-03-24,G06,Glasgow,CH05,YouTube,571.5,48390,252,309,3,0,0,18571.4,15273.72,0,1,1.12,0,,0
2025-03-24,G06,Glasgow,CH06,Display,333.73,68131,212,213,2,0,0,15858.86,13756.52,0,1,1.12,0,,0
2025-03-24,G07,Liverpool,CH01,Paid Search - Brand,546.21,6627,583,609,33,10,3,20268.52,16801.12,0,1,1.12,0,,0
2025-03-24,G07,Liverpool,CH02,Paid Search - Non-Brand,1026.6,15605,767,791,29,8,2,19461.93,16522.16,0,1,1.12,0,,0
2025-03-24,G07,Liverpool,CH03,Paid Social,897.02,90065,1124,1179,35,9,2,18356.88,15482.8,0,1,1.12,0,,0
2025-03-24,G07,Liverpool,CH04,LinkedIn,727.49,20114,168,208,8,2,0,19521.91,16696.39,0,1,1.12,0,,0
2025-03-24,G07,Liverpool,CH05,YouTube,656.58,52975,311,385,5,1,0,16590.54,15402.36,0,1,1.12,0,,0
2025-03-24,G07,Liverpool,CH06,Display,401.29,79079,251,290,2,0,0,18047.86,15629.04,0,1,1.12,0,,0
2025-03-24,G08,Sheffield,CH01,Paid Search - Brand,421.36,5175,434,495,33,8,3,17118.32,15183.15,0,1,1.12,0,,0
2025-03-24,G08,Sheffield,CH02,Paid Search - Non-Brand,981.6,14695,652,714,32,7,1,16094.73,13799.28,0,1,1.12,0,,0
2025-03-24,G08,Sheffield,CH03,Paid Social,800.5,79271,976,981,27,7,1,15823.77,13554.22,0,1,1.12,0,,0
2025-03-24,G08,Sheffield,CH04,LinkedIn,612.24,17319,132,138,4,1,0,14957.27,12314.61,0,1,1.12,0,,0
2025-03-24,G08,Sheffield,CH05,YouTube,595.44,50134,304,359,4,1,0,16105.16,13791.64,0,1,1.12,0,,0
2025-03-24,G08,Sheffield,CH06,Display,308.12,61398,170,208,1,0,0,15568.48,13150.14,0,1,1.12,0,,0
2025-03-24,G09,Edinburgh,CH01,Paid Search - Brand,461.57,5865,507,531,35,6,1,15926.86,13062.73,0,1,1.12,0,,0
2025-03-24,G09,Edinburgh,CH02,Paid Search - Non-Brand,987.59,15297,658,776,34,6,1,15061.87,12481.09,0,1,1.12,0,,0
2025-03-24,G09,Edinburgh,CH03,Paid Social,788.84,80486,1002,1226,40,11,4,13502.45,10986.13,0,1,1.12,0,,0
2025-03-24,G09,Edinburgh,CH04,LinkedIn,656.28,18430,150,171,7,1,0,16620.37,14453.54,0,1,1.12,0,,0
2025-03-24,G09,Edinburgh,CH05,YouTube,531.27,43847,264,326,4,1,0,15311.34,13598.91,0,1,1.12,0,,0
2025-03-24,G09,Edinburgh,CH06,Display,297.43,58394,179,203,1,0,0,15671.36,12588.23,0,1,1.12,0,,0
2025-03-24,G10,Cardiff,CH01,Paid Search - Brand,404.07,5230,420,457,26,4,1,15984.74,12999.96,0,1,1.12,0,,0
2025-03-24,G10,Cardiff,CH02,Paid Search - Non-Brand,894.68,13880,601,736,31,10,2,14908.82,11449.44,0,1,1.12,0,,0
2025-03-24,G10,Cardiff,CH03,Paid Social,643.8,63945,723,744,19,5,1,14480.83,11970.13,0,1,1.12,0,,0
2025-03-24,G10,Cardiff,CH04,LinkedIn,602.41,17907,153,177,6,1,0,15872.36,12990.01,0,1,1.12,0,,0
2025-03-24,G10,Cardiff,CH05,YouTube,525.7,43765,257,264,3,0,0,12899.37,10417.32,0,1,1.12,0,,0
2025-03-24,G10,Cardiff,CH06,Display,284.87,58256,171,184,1,0,0,11849.78,10432.44,0,1,1.12,0,,0
2025-03-31,G01,London,CH01,Paid Search - Brand,1146.99,14074,1156,1202,79,18,6,33811.63,31648.67,0,1,1.1191250648917666,0,,0
2025-03-31,G01,London,CH02,Paid Search - Non-Brand,2008.77,31832,1298,1380,48,14,5,38032.85,34417.32,0,1,1.1191250648917666,0,,0
2025-03-31,G01,London,CH03,Paid Social,1899.46,187610,2148,2375,58,11,3,31619.32,27558.61,0,1,1.1191250648917666,0,,0
2025-03-31,G01,London,CH04,LinkedIn,1450.73,42463,347,355,14,4,1,34077.55,30198.18,0,1,1.1191250648917666,0,,0
2025-03-31,G01,London,CH05,YouTube,1380.04,121037,707,855,14,3,0,34883.56,32263.16,0,1,1.1191250648917666,0,,0
2025-03-31,G01,London,CH06,Display,675.74,135928,425,448,5,1,0,29205.6,25587.82,0,1,1.1191250648917666,0,,0
2025-03-31,G02,Manchester,CH01,Paid Search - Brand,765.71,9587,787,965,59,18,4,26060.81,23289.17,0,1,1.1191250648917666,0,,0
2025-03-31,G02,Manchester,CH02,Paid Search - Non-Brand,1527.22,23423,1133,1215,54,17,4,24689.04,23084.4,0,1,1.1191250648917666,0,,0
2025-03-31,G02,Manchester,CH03,Paid Social,1291.42,130198,1509,1554,40,13,5,22422.14,19989.28,0,1,1.1191250648917666,0,,0
2025-03-31,G02,Manchester,CH04,LinkedIn,910.77,25779,213,217,8,2,0,26672.71,23684.24,0,1,1.1191250648917666,0,,0
2025-03-31,G02,Manchester,CH05,YouTube,826.48,68982,421,444,5,1,0,24384.21,20593.96,0,1,1.1191250648917666,0,,0
2025-03-31,G02,Manchester,CH06,Display,548.14,110619,336,384,3,0,0,27191.8,26032.91,0,1,1.1191250648917666,0,,0
2025-03-31,G03,Birmingham,CH01,Paid Search - Brand,739.94,9476,808,856,66,16,3,23842.74,20384.75,0,1,1.1191250648917666,0,,0
2025-03-31,G03,Birmingham,CH02,Paid Search - Non-Brand,1582.36,24202,1033,1119,44,10,3,24118.55,21294.23,0,1,1.1191250648917666,0,,0
2025-03-31,G03,Birmingham,CH03,Paid Social,1292.68,128346,1602,1901,47,14,3,25469.25,21336.45,0,1,1.1191250648917666,0,,0
2025-03-31,G03,Birmingham,CH04,LinkedIn,943.79,28062,238,264,13,2,0,24653.49,22765.36,0,1,1.1191250648917666,0,,0
2025-03-31,G03,Birmingham,CH05,YouTube,907.74,76889,455,544,9,1,0,22303.51,19990.92,0,1,1.1191250648917666,0,,0
2025-03-31,G03,Birmingham,CH06,Display,471.1,90330,264,329,2,0,0,24130.56,20631.47,0,1,1.1191250648917666,0,,0
2025-03-31,G04,Leeds,CH01,Paid Search - Brand,574.14,7170,684,798,60,22,5,19667.31,17717.85,0,1,1.1191250648917666,0,,0
2025-03-31,G04,Leeds,CH02,Paid Search - Non-Brand,1186.85,18248,834,926,37,9,1,20473.72,18015.72,0,1,1.1191250648917666,0,,0
2025-03-31,G04,Leeds,CH03,Paid Social,1013.09,105114,1213,1401,38,8,3,21568.07,19334.42,0,1,1.1191250648917666,0,,0
2025-03-31,G04,Leeds,CH04,LinkedIn,753.05,21808,172,192,10,2,0,20899.9,17741.45,0,1,1.1191250648917666,0,,0
2025-03-31,G04,Leeds,CH05,YouTube,777.79,63980,391,487,6,1,0,18575.3,16711.65,0,1,1.1191250648917666,0,,0
2025-03-31,G04,Leeds,CH06,Display,458.08,94224,253,273,3,0,0,20553.97,16318.7,0,1,1.1191250648917666,0,,0
2025-03-31,G05,Bristol,CH01,Paid Search - Brand,586.32,6803,566,577,40,8,1,19255.21,17458.67,0,1,1.1191250648917666,0,,0
2025-03-31,G05,Bristol,CH02,Paid Search - Non-Brand,1191.4,18568,845,965,40,9,3,21899.82,18000.36,0,1,1.1191250648917666,0,,0
2025-03-31,G05,Bristol,CH03,Paid Social,858.59,88534,959,1087,28,5,1,17066.26,15028.08,0,1,1.1191250648917666,0,,0
2025-03-31,G05,Bristol,CH04,LinkedIn,815.27,23220,175,210,8,3,0,19632.39,16192.84,0,1,1.1191250648917666,0,,0
2025-03-31,G05,Bristol,CH05,YouTube,679.0,56301,319,398,6,1,0,18701.51,16240.31,0,1,1.1191250648917666,0,,0
2025-03-31,G05,Bristol,CH06,Display,397.34,79888,236,290,3,1,0,19316.63,15212.07,0,1,1.1191250648917666,0,,0
2025-03-31,G06,Glasgow,CH01,Paid Search - Brand,503.38,6324,535,655,41,7,1,16024.64,13328.76,0,1,1.1191250648917666,0,,0
2025-03-31,G06,Glasgow,CH02,Paid Search - Non-Brand,1131.17,17029,725,787,29,9,2,20034.44,15561.47,0,1,1.1191250648917666,0,,0
2025-03-31,G06,Glasgow,CH03,Paid Social,963.57,97680,1078,1262,33,9,2,16371.27,14256.65,0,1,1.1191250648917666,0,,0
2025-03-31,G06,Glasgow,CH04,LinkedIn,673.62,19726,138,166,7,2,0,18306.67,15738.35,0,1,1.1191250648917666,0,,0
2025-03-31,G06,Glasgow,CH05,YouTube,630.93,51712,298,372,4,1,0,17244.53,15755.13,0,1,1.1191250648917666,0,,0
2025-03-31,G06,Glasgow,CH06,Display,345.47,69516,196,230,2,0,0,19588.5,17285.57,0,1,1.1191250648917666,0,,0
2025-03-31,G07,Liverpool,CH01,Paid Search - Brand,484.42,6008,454,551,34,7,3,17631.21,15521.44,0,1,1.1191250648917666,0,,0
2025-03-31,G07,Liverpool,CH02,Paid Search - Non-Brand,1054.58,16483,716,875,30,7,3,18306.27,15204.69,0,1,1.1191250648917666,0,,0
2025-03-31,G07,Liverpool,CH03,Paid Social,842.76,83151,1010,1257,40,8,2,16972.52,14787.36,0,1,1.1191250648917666,0,,0
2025-03-31,G07,Liverpool,CH04,LinkedIn,645.82,18798,151,151,5,1,0,19793.65,15707.37,0,1,1.1191250648917666,0,,0
2025-03-31,G07,Liverpool,CH05,YouTube,575.0,48367,278,313,5,1,0,18226.0,15947.94,0,1,1.1191250648917666,0,,0
2025-03-31,G07,Liverpool,CH06,Display,413.67,82079,249,307,2,0,0,16082.99,14276.55,0,1,1.1191250648917666,0,,0
2025-03-31,G08,Sheffield,CH01,Paid Search - Brand,420.95,5416,440,495,34,9,3,14918.35,12306.29,0,1,1.1191250648917666,0,,0
2025-03-31,G08,Sheffield,CH02,Paid Search - Non-Brand,933.47,13936,621,664,27,6,1,15225.75,13203.08,0,1,1.1191250648917666,0,,0
2025-03-31,G08,Sheffield,CH03,Paid Social,723.71,74056,792,969,31,6,1,16526.87,13231.99,0,1,1.1191250648917666,0,,0
2025-03-31,G08,Sheffield,CH04,LinkedIn,589.09,16216,127,129,6,1,0,18196.31,15035.96,0,1,1.1191250648917666,0,,0
2025-03-31,G08,Sheffield,CH05,YouTube,558.19,45649,264,297,4,1,0,16688.39,14759.03,0,1,1.1191250648917666,0,,0
2025-03-31,G08,Sheffield,CH06,Display,327.46,63034,189,203,1,0,0,14684.19,13545.67,0,1,1.1191250648917666,0,,0
2025-03-31,G09,Edinburgh,CH01,Paid Search - Brand,442.35,5610,479,486,34,10,4,16214.06,13942.78,0,1,1.1191250648917666,0,,0
2025-03-31,G09,Edinburgh,CH02,Paid Search - Non-Brand,937.85,14248,714,845,35,7,2,14730.28,11729.19,0,1,1.1191250648917666,0,,0
2025-03-31,G09,Edinburgh,CH03,Paid Social,705.6,71694,828,944,25,7,1,15295.43,12638.92,0,1,1.1191250648917666,0,,0
2025-03-31,G09,Edinburgh,CH04,LinkedIn,572.83,16719,125,142,6,1,0,15871.23,14044.55,0,1,1.1191250648917666,0,,0
2025-03-31,G09,Edinburgh,CH05,YouTube,552.61,47807,280,289,4,1,0,15878.11,12506.43,0,1,1.1191250648917666,0,,0
2025-03-31,G09,Edinburgh,CH06,Display,309.92,61605,184,196,2,0,0,13201.77,11893.01,0,1,1.1191250648917666,1,,0
2025-03-31,G10,Cardiff,CH01,Paid Search - Brand,453.36,5644,513,567,35,7,2,14734.35,12445.06,0,1,1.1191250648917666,0,,0
2025-03-31,G10,Cardiff,CH02,Paid Search - Non-Brand,880.61,13934,575,641,27,8,2,14187.79,12789.81,0,1,1.1191250648917666,0,,0
2025-03-31,G10,Cardiff,CH03,Paid Social,680.09,68900,901,1099,29,5,1,13286.3,11733.39,0,1,1.1191250648917666,1,,0
2025-03-31,G10,Cardiff,CH04,LinkedIn,522.34,14571,108,117,6,1,0,16838.9,12365.58,0,1,1.1191250648917666,0,,0
2025-03-31,G10,Cardiff,CH05,YouTube,542.9,46137,270,336,5,1,0,14499.53,11583.3,0,1,1.1191250648917666,0,,0
2025-03-31,G10,Cardiff,CH06,Display,277.34,54482,155,179,1,0,0,13945.97,11645.73,0,1,1.1191250648917666,0,,0
2025-04-07,G01,London,CH01,Paid Search - Brand,930.73,11519,981,986,73,16,3,32923.83,30739.63,0,0,1.1165130180911262,0,,0
2025-04-07,G01,London,CH02,Paid Search - Non-Brand,2217.54,34213,1484,1808,81,14,6,31320.72,31969.16,0,0,1.1165130180911262,0,,0
2025-04-07,G01,London,CH03,Paid Social,1914.09,193836,2311,2603,68,14,4,33598.53,32401.39,0,0,1.1165130180911262,0,,0
2025-04-07,G01,London,CH04,LinkedIn,1428.71,39858,313,356,13,3,0,32141.95,30075.74,0,0,1.1165130180911262,0,,0
2025-04-07,G01,London,CH05,YouTube,1355.07,111209,703,722,11,2,0,29963.54,31355.05,0,0,1.1165130180911262,0,,0
2025-04-07,G01,London,CH06,Display,797.28,160642,446,504,5,1,0,32994.14,32887.94,0,0,1.1165130180911262,0,,0
2025-04-07,G02,Manchester,CH01,Paid Search - Brand,720.04,9220,804,994,68,16,6,22389.46,22618.7,0,0,1.1165130180911262,0,,0
2025-04-07,G02,Manchester,CH02,Paid Search - Non-Brand,1588.04,24690,1103,1261,58,12,5,23529.85,22060.91,0,0,1.1165130180911262,0,,0
2025-04-07,G02,Manchester,CH03,Paid Social,1272.16,128476,1633,2014,58,16,7,22978.08,24110.15,0,0,1.1165130180911262,0,,0
2025-04-07,G02,Manchester,CH04,LinkedIn,1019.1,29139,229,235,10,2,0,21633.06,22569.25,0,0,1.1165130180911262,0,,0
2025-04-07,G02,Manchester,CH05,YouTube,791.81,68176,396,432,7,2,0,22653.46,24313.63,0,0,1.1165130180911262,1,,0
2025-04-07,G02,Manchester,CH06,Display,522.34,107696,315,364,2,0,0,21093.27,21118.76,0,0,1.1165130180911262,0,,0
2025-04-07,G03,Birmingham,CH01,Paid Search - Brand,747.93,9177,846,846,45,9,2,18118.11,17080.33,0,0,1.1165130180911262,0,,0
2025-04-07,G03,Birmingham,CH02,Paid Search - Non-Brand,1526.47,23440,1045,1137,47,10,3,23308.14,21645.75,0,0,1.1165130180911262,0,,0
2025-04-07,G03,Birmingham,CH03,Paid Social,1233.73,118330,1449,1705,38,9,3,19964.72,20723.27,0,0,1.1165130180911262,0,,0
2025-04-07,G03,Birmingham,CH04,LinkedIn,956.53,28133,210,250,9,2,0,19984.21,20497.04,0,0,1.1165130180911262,0,,0
2025-04-07,G03,Birmingham,CH05,YouTube,925.22,78724,458,528,7,1,0,22472.88,22035.4,0,0,1.1165130180911262,0,,0
2025-04-07,G03,Birmingham,CH06,Display,576.31,116796,325,326,2,0,0,22362.54,21798.69,0,0,1.1165130180911262,0,,0
2025-04-07,G04,Leeds,CH01,Paid Search - Brand,532.66,6669,540,575,30,7,1,16442.7,16827.94,0,0,1.1165130180911262,0,,0
2025-04-07,G04,Leeds,CH02,Paid Search - Non-Brand,1143.97,16620,685,752,36,10,3,17036.55,17662.04,0,0,1.1165130180911262,0,,0
2025-04-07,G04,Leeds,CH03,Paid Social,1012.61,102968,1251,1462,41,12,3,17246.43,17752.2,0,0,1.1165130180911262,0,,0
2025-04-07,G04,Leeds,CH04,LinkedIn,834.59,23895,199,233,12,2,0,19031.45,18748.52,0,0,1.1165130180911262,0,,0
2025-04-07,G04,Leeds,CH05,YouTube,683.72,55635,329,386,5,0,0,20751.44,18805.5,0,0,1.1165130180911262,0,,0
2025-04-07,G04,Leeds,CH06,Display,415.94,84942,251,290,2,0,0,16476.99,16962.54,0,0,1.1165130180911262,0,,0
2025-04-07,G05,Bristol,CH01,Paid Search - Brand,527.13,6583,566,695,44,8,2,16830.24,16970.56,0,0,1.1165130180911262,0,,0
2025-04-07,G05,Bristol,CH02,Paid Search - Non-Brand,1314.94,20582,921,931,31,7,1,20173.74,19101.36,0,0,1.1165130180911262,0,,0
2025-04-07,G05,Bristol,CH03,Paid Social,921.57,94234,1089,1153,34,11,3,18866.84,17749.54,0,0,1.1165130180911262,0,,0
2025-04-07,G05,Bristol,CH04,LinkedIn,780.88,22283,163,184,7,1,0,17933.69,16487.44,0,0,1.1165130180911262,0,,0
2025-04-07,G05,Bristol,CH05,YouTube,593.61,48641,292,354,5,1,0,14339.22,13949.84,0,0,1.1165130180911262,0,,0
2025-04-07,G05,Bristol,CH06,Display,374.08,76374,228,239,2,0,0,14180.15,16101.62,0,0,1.1165130180911262,1,,0
2025-04-07,G06,Glasgow,CH01,Paid Search - Brand,456.74,5471,439,535,41,8,2,13905.5,14136.16,0,0,1.1165130180911262,0,,0
2025-04-07,G06,Glasgow,CH02,Paid Search - Non-Brand,952.22,14725,689,709,26,9,2,14660.3,15216.74,0,0,1.1165130180911262,0,,0
2025-04-07,G06,Glasgow,CH03,Paid Social,911.3,92571,1112,1188,39,8,3,15175.16,14917.78,0,0,1.1165130180911262,0,,0
2025-04-07,G06,Glasgow,CH04,LinkedIn,655.47,19091,152,156,7,1,0,14350.95,14444.37,0,0,1.1165130180911262,0,,0
2025-04-07,G06,Glasgow,CH05,YouTube,586.52,50475,320,382,4,0,0,14815.55,14488.51,0,0,1.1165130180911262,0,,0
2025-04-07,G06,Glasgow,CH06,Display,334.79,66169,204,224,2,0,0,15568.73,14997.69,0,0,1.1165130180911262,0,,0
2025-04-07,G07,Liverpool,CH01,Paid Search - Brand,538.8,6638,554,631,46,12,4,17390.02,18147.4,0,0,1.1165130180911262,0,,0
2025-04-07,G07,Liverpool,CH02,Paid Search - Non-Brand,1131.28,17561,822,967,35,9,3,15654.09,15410.61,0,0,1.1165130180911262,0,,0
2025-04-07,G07,Liverpool,CH03,Paid Social,858.7,89274,1102,1328,30,7,2,15423.52,16248.75,0,0,1.1165130180911262,0,,0
2025-04-07,G07,Liverpool,CH04,LinkedIn,677.22,19162,138,148,7,1,0,14342.96,14892.11,0,0,1.1165130180911262,0,,0
2025-04-07,G07,Liverpool,CH05,YouTube,598.01,50080,290,315,4,1,0,14343.32,15365.66,0,0,1.1165130180911262,1,,0
2025-04-07,G07,Liverpool,CH06,Display,308.56,62045,185,199,2,0,0,15463.49,15511.02,0,0,1.1165130180911262,0,,0
2025-04-07,G08,Sheffield,CH01,Paid Search - Brand,470.86,5972,513,608,39,9,2,13254.59,13694.71,0,0,1.1165130180911262,0,,0
2025-04-07,G08,Sheffield,CH02,Paid Search - Non-Brand,920.5,14014,643,783,32,5,1,18064.39,17495.38,0,0,1.1165130180911262,0,,0
2025-04-07,G08,Sheffield,CH03,Paid Social,856.77,84177,990,1066,31,9,3,14395.02,14315.52,0,0,1.1165130180911262,0,,0
2025-04-07,G08,Sheffield,CH04,LinkedIn,649.44,19065,139,158,7,1,0,13874.14,13995.02,0,0,1.1165130180911262,0,,0
2025-04-07,G08,Sheffield,CH05,YouTube,607.2,50086,298,307,5,1,0,14538.75,15150.72,0,0,1.1165130180911262,0,,0
2025-04-07,G08,Sheffield,CH06,Display,309.02,61850,166,178,1,0,0,13949.05,13475.43,0,0,1.1165130180911262,0,,0
2025-04-07,G09,Edinburgh,CH01,Paid Search - Brand,464.53,5763,496,499,36,10,3,15453.84,14912.3,0,0,1.1165130180911262,0,,0
2025-04-07,G09,Edinburgh,CH02,Paid Search - Non-Brand,977.93,14718,660,793,35,13,5,14265.39,13856.22,0,0,1.1165130180911262,0,,0
2025-04-07,G09,Edinburgh,CH03,Paid Social,797.93,78853,978,1161,32,10,4,13018.42,13152.71,0,0,1.1165130180911262,0,,0
2025-04-07,G09,Edinburgh,CH04,LinkedIn,626.53,17594,143,166,6,2,0,12956.59,12705.17,0,0,1.1165130180911262,0,,0
2025-04-07,G09,Edinburgh,CH05,YouTube,532.82,45209,266,320,4,1,0,12205.53,12188.01,0,0,1.1165130180911262,0,,0
2025-04-07,G09,Edinburgh,CH06,Display,318.24,64702,200,238,2,0,0,10906.01,11245.93,0,0,1.1165130180911262,0,,0
2025-04-07,G10,Cardiff,CH01,Paid Search - Brand,417.63,5117,441,542,30,7,1,12604.6,13282.67,0,0,1.1165130180911262,0,,0
2025-04-07,G10,Cardiff,CH02,Paid Search - Non-Brand,828.63,12557,551,587,22,5,1,11819.31,11543.91,0,0,1.1165130180911262,0,,0
2025-04-07,G10,Cardiff,CH03,Paid Social,626.46,64209,843,1026,31,11,2,11931.73,12110.93,0,0,1.1165130180911262,0,,0
2025-04-07,G10,Cardiff,CH04,LinkedIn,599.06,17832,147,167,8,1,0,11449.1,11223.16,0,0,1.1165130180911262,0,,0
2025-04-07,G10,Cardiff,CH05,YouTube,406.66,34880,218,223,3,1,0,11513.11,11598.81,0,0,1.1165130180911262,0,,0
2025-04-07,G10,Cardiff,CH06,Display,287.58,57465,162,173,1,0,0,13199.91,12215.49,0,0,1.1165130180911262,0,,0
2025-04-14,G01,London,CH01,Paid Search - Brand,1030.67,12819,1040,1054,66,14,4,32100.71,32229.54,0,0,1.1122019491222497,0,,0
2025-04-14,G01,London,CH02,Paid Search - Non-Brand,2127.01,32630,1621,1742,76,21,5,35674.7,32585.18,0,0,1.1122019491222497,0,,0
2025-04-14,G01,London,CH03,Paid Social,1773.4,171586,2022,2123,66,18,7,29761.83,31952.13,0,0,1.1122019491222497,0,,0
2025-04-14,G01,London,CH04,LinkedIn,1493.87,42765,343,396,21,4,1,34645.21,35045.51,0,0,1.1122019491222497,0,,0
2025-04-14,G01,London,CH05,YouTube,1170.45,95650,588,700,11,3,1,30155.82,29135.44,0,0,1.1122019491222497,0,,0
2025-04-14,G01,London,CH06,Display,716.97,140064,418,454,4,1,0,27293.12,27524.52,0,0,1.1122019491222497,0,,0
2025-04-14,G02,Manchester,CH01,Paid Search - Brand,696.58,8664,668,759,54,19,5,21742.64,21031.14,0,0,1.1122019491222497,0,,0
2025-04-14,G02,Manchester,CH02,Paid Search - Non-Brand,1487.32,22508,950,957,33,6,1,20400.82,19483.25,0,0,1.1122019491222497,0,,0
2025-04-14,G02,Manchester,CH03,Paid Social,1163.01,114580,1404,1732,55,15,3,18561.44,20403.77,0,0,1.1122019491222497,1,,0
2025-04-14,G02,Manchester,CH04,LinkedIn,959.84,26205,211,246,13,2,0,22114.15,22101.23,0,0,1.1122019491222497,0,,0
2025-04-14,G02,Manchester,CH05,YouTube,960.52,81465,512,563,9,3,1,25086.55,22905.3,0,0,1.1122019491222497,0,,0
2025-04-14,G02,Manchester,CH06,Display,498.34,99118,328,352,3,0,0,22885.36,23240.02,0,0,1.1122019491222497,0,,0
2025-04-14,G03,Birmingham,CH01,Paid Search - Brand,655.01,7758,690,725,47,16,4,25307.72,24873.61,0,0,1.1122019491222497,0,,0
2025-04-14,G03,Birmingham,CH02,Paid Search - Non-Brand,1421.97,23054,1035,1047,39,7,1,22338.0,21347.49,0,0,1.1122019491222497,0,,0
2025-04-14,G03,Birmingham,CH03,Paid Social,1129.65,110795,1278,1280,31,8,1,21740.63,21287.66,0,0,1.1122019491222497,0,,0
2025-04-14,G03,Birmingham,CH04,LinkedIn,1123.13,31473,231,259,11,3,1,19694.42,19918.35,0,0,1.1122019491222497,0,,0
2025-04-14,G03,Birmingham,CH05,YouTube,791.26,67222,366,416,6,2,0,18747.39,18052.73,0,0,1.1122019491222497,0,,0
2025-04-14,G03,Birmingham,CH06,Display,485.97,97494,261,307,3,1,0,20850.75,21659.68,0,0,1.1122019491222497,0,,0
2025-04-14,G04,Leeds,CH01,Paid Search - Brand,586.38,7107,539,671,47,16,5,16208.84,16423.96,0,0,1.1122019491222497,0,,0
2025-04-14,G04,Leeds,CH02,Paid Search - Non-Brand,1139.8,17373,815,881,43,8,1,16508.75,16678.45,0,0,1.1122019491222497,0,,0
2025-04-14,G04,Leeds,CH03,Paid Social,990.99,98854,1241,1430,45,16,5,19988.72,19977.21,0,0,1.1122019491222497,0,,0
2025-04-14,G04,Leeds,CH04,LinkedIn,818.6,23930,183,198,9,3,0,18874.13,18646.23,0,0,1.1122019491222497,0,,0
2025-04-14,G04,Leeds,CH05,YouTube,736.27,61268,394,412,6,2,0,17103.88,17002.79,0,0,1.1122019491222497,0,,0
2025-04-14,G04,Leeds,CH06,Display,421.79,85898,245,277,3,0,0,18386.08,18544.34,0,0,1.1122019491222497,0,,0
2025-04-14,G05,Bristol,CH01,Paid Search - Brand,511.86,6404,532,622,46,11,2,19296.75,19651.85,0,0,1.1122019491222497,0,,0
2025-04-14,G05,Bristol,CH02,Paid Search - Non-Brand,1173.29,18272,840,1014,49,18,3,16252.66,16850.93,0,0,1.1122019491222497,0,,0
2025-04-14,G05,Bristol,CH03,Paid Social,967.73,97177,1231,1333,34,12,4,17007.06,16348.26,0,0,1.1122019491222497,0,,0
2025-04-14,G05,Bristol,CH04,LinkedIn,848.94,24600,201,223,8,2,0,17870.6,17499.37,0,0,1.1122019491222497,0,,0
2025-04-14,G05,Bristol,CH05,YouTube,701.43,58911,343,362,5,1,0,16484.3,17201.21,0,0,1.1122019491222497,0,,0
2025-04-14,G05,Bristol,CH06,Display,394.63,79279,238,264,2,0,0,15290.06,15044.33,0,0,1.1122019491222497,0,,0
2025-04-14,G06,Glasgow,CH01,Paid Search - Brand,509.13,6553,576,679,37,12,3,14896.77,14655.71,0,0,1.1122019491222497,0,,0
2025-04-14,G06,Glasgow,CH02,Paid Search - Non-Brand,984.5,14853,615,689,23,6,2,14685.04,15508.31,0,0,1.1122019491222497,0,,0
2025-04-14,G06,Glasgow,CH03,Paid Social,871.58,88430,1107,1381,42,12,2,14798.49,14903.46,0,0,1.1122019491222497,0,,0
2025-04-14,G06,Glasgow,CH04,LinkedIn,625.16,17164,122,141,6,2,0,13379.18,13724.25,0,0,1.1122019491222497,0,,0
2025-04-14,G06,Glasgow,CH05,YouTube,631.33,53488,311,379,6,1,0,14709.6,15446.02,0,0,1.1122019491222497,0,,0
2025-04-14,G06,Glasgow,CH06,Display,354.58,68680,193,217,2,0,0,15358.17,15658.57,0,0,1.1122019491222497,0,,0
2025-04-14,G07,Liverpool,CH01,Paid Search - Brand,514.63,6330,510,635,34,6,1,14130.35,13980.4,0,0,1.1122019491222497,0,,0
2025-04-14,G07,Liverpool,CH02,Paid Search - Non-Brand,1123.99,16880,745,757,36,11,4,13770.21,13622.42,0,0,1.1122019491222497,0,,0
2025-04-14,G07,Liverpool,CH03,Paid Social,893.66,89990,1052,1054,26,6,1,15860.93,15141.48,0,0,1.1122019491222497,0,,0
2025-04-14,G07,Liverpool,CH04,LinkedIn,697.59,20408,152,174,7,1,0,15648.9,15380.73,0,0,1.1122019491222497,0,,0
2025-04-14,G07,Liverpool,CH05,YouTube,568.48,49365,274,275,3,0,0,15226.99,14830.54,0,0,1.1122019491222497,0,,0
2025-04-14,G07,Liverpool,CH06,Display,310.05,63239,177,189,1,0,0,14725.46,14028.86,0,0,1.1122019491222497,0,,0
2025-04-14,G08,Sheffield,CH01,Paid Search - Brand,485.91,6146,505,604,45,9,2,12372.56,12984.72,0,0,1.1122019491222497,0,,0
2025-04-14,G08,Sheffield,CH02,Paid Search - Non-Brand,896.88,13683,604,622,28,10,3,13584.9,12793.79,0,0,1.1122019491222497,0,,0
2025-04-14,G08,Sheffield,CH03,Paid Social,834.11,83789,1015,1244,30,10,3,14400.71,13603.74,0,0,1.1122019491222497,0,,0
2025-04-14,G08,Sheffield,CH04,LinkedIn,689.2,18989,136,156,7,1,0,14033.76,13685.25,0,0,1.1122019491222497,0,,0
2025-04-14,G08,Sheffield,CH05,YouTube,611.34,51056,295,351,5,1,0,13649.26,13739.67,0,0,1.1122019491222497,0,,0
2025-04-14,G08,Sheffield,CH06,Display,363.57,75115,226,254,2,0,0,13877.57,12997.21,0,0,1.1122019491222497,0,,0
2025-04-14,G09,Edinburgh,CH01,Paid Search - Brand,431.8,5409,461,473,33,7,2,12617.31,12253.81,0,0,1.1122019491222497,0,,0
2025-04-14,G09,Edinburgh,CH02,Paid Search - Non-Brand,970.03,14952,661,707,25,5,1,13497.99,12679.39,0,0,1.1122019491222497,0,,0
2025-04-14,G09,Edinburgh,CH03,Paid Social,782.71,75196,895,936,29,8,2,11541.11,11481.94,0,0,1.1122019491222497,0,,0
2025-04-14,G09,Edinburgh,CH04,LinkedIn,605.07,17696,134,144,6,1,0,12552.73,12704.62,0,0,1.1122019491222497,0,,0
2025-04-14,G09,Edinburgh,CH05,YouTube,472.92,39175,243,255,3,1,0,15188.39,14268.49,0,0,1.1122019491222497,0,,0
2025-04-14,G09,Edinburgh,CH06,Display,329.83,64972,206,240,2,0,0,13891.68,13903.78,0,0,1.1122019491222497,0,,0
2025-04-14,G10,Cardiff,CH01,Paid Search - Brand,396.53,4998,448,461,33,9,2,11406.42,11240.85,0,0,1.1122019491222497,0,,0
2025-04-14,G10,Cardiff,CH02,Paid Search - Non-Brand,885.98,13865,586,713,28,6,1,12735.49,12236.97,0,0,1.1122019491222497,0,,0
2025-04-14,G10,Cardiff,CH03,Paid Social,769.02,74971,867,1044,28,7,2,13198.94,13395.38,0,0,1.1122019491222497,0,,0
2025-04-14,G10,Cardiff,CH04,LinkedIn,555.62,15700,125,142,6,2,0,11559.67,11723.36,0,0,1.1122019491222497,0,,0
2025-04-14,G10,Cardiff,CH05,YouTube,521.11,43840,284,342,4,1,0,12495.43,12363.95,0,0,1.1122019491222497,0,,0
2025-04-14,G10,Cardiff,CH06,Display,286.4,56839,171,173,1,0,0,11380.09,11747.96,0,0,1.1122019491222497,0,,0
2025-04-21,G01,London,CH01,Paid Search - Brand,1199.34,14884,1318,1367,76,20,7,30948.68,30834.28,0,0,1.1062547230783852,0,,0
2025-04-21,G01,London,CH02,Paid Search - Non-Brand,2175.36,34209,1750,2119,75,17,3,35466.11,35116.02,0,0,1.1062547230783852,0,,0
2025-04-21,G01,London,CH03,Paid Social,1776.01,175403,2024,2477,68,21,4,30723.88,30149.01,0,0,1.1062547230783852,0,,0
2025-04-21,G01,London,CH04,LinkedIn,1345.11,38252,300,320,15,3,1,33492.95,34542.77,0,0,1.1062547230783852,0,,0
2025-04-21,G01,London,CH05,YouTube,1268.63,107867,627,700,11,2,0,25992.61,26677.21,0,0,1.1062547230783852,0,,0
2025-04-21,G01,London,CH06,Display,727.12,146383,441,524,6,1,0,32046.45,33797.89,0,0,1.1062547230783852,0,,0
2025-04-21,G02,Manchester,CH01,Paid Search - Brand,752.48,9171,766,834,63,17,6,21832.07,22465.27,0,0,1.1062547230783852,0,,0
2025-04-21,G02,Manchester,CH02,Paid Search - Non-Brand,1621.78,25048,1101,1254,51,14,4,20232.79,19058.59,0,0,1.1062547230783852,0,,0
2025-04-21,G02,Manchester,CH03,Paid Social,1309.03,131936,1539,1848,61,12,3,26188.75,26044.12,0,0,1.1062547230783852,0,,0
2025-04-21,G02,Manchester,CH04,LinkedIn,980.74,27879,203,227,10,2,0,22074.74,22112.65,0,0,1.1062547230783852,0,,0
2025-04-21,G02,Manchester,CH05,YouTube,996.0,84939,522,625,10,3,1,21084.28,21881.98,0,0,1.1062547230783852,0,,0
2025-04-21,G02,Manchester,CH06,Display,524.13,102474,296,338,3,1,0,23038.2,22381.26,0,0,1.1062547230783852,0,,0
2025-04-21,G03,Birmingham,CH01,Paid Search - Brand,629.32,7988,658,787,55,11,2,22639.37,22220.0,0,0,1.1062547230783852,0,,0
2025-04-21,G03,Birmingham,CH02,Paid Search - Non-Brand,1346.74,20189,876,1023,38,8,3,22086.96,22578.42,0,0,1.1062547230783852,0,,0
2025-04-21,G03,Birmingham,CH03,Paid Social,1076.46,111676,1281,1284,38,11,2,19440.77,18928.78,0,0,1.1062547230783852,0,,0
2025-04-21,G03,Birmingham,CH04,LinkedIn,828.02,23751,172,181,9,2,0,21575.19,21310.21,0,0,1.1062547230783852,0,,0
2025-04-21,G03,Birmingham,CH05,YouTube,794.24,68099,405,415,6,1,0,18929.32,18094.69,0,0,1.1062547230783852,0,,0
2025-04-21,G03,Birmingham,CH06,Display,503.18,99746,306,341,3,0,0,21628.86,21120.03,0,0,1.1062547230783852,0,,0
2025-04-21,G04,Leeds,CH01,Paid Search - Brand,597.31,7380,573,594,41,14,3,17732.57,17015.2,0,0,1.1062547230783852,0,,0
2025-04-21,G04,Leeds,CH02,Paid Search - Non-Brand,1333.91,20596,885,1022,44,11,3,20976.76,18253.71,0,0,1.1062547230783852,0,,0
2025-04-21,G04,Leeds,CH03,Paid Social,963.23,95906,1112,1156,29,9,2,18280.97,17185.52,0,0,1.1062547230783852,0,,0
2025-04-21,G04,Leeds,CH04,LinkedIn,837.42,23706,193,224,8,1,0,17196.21,16554.86,0,0,1.1062547230783852,0,,0
2025-04-21,G04,Leeds,CH05,YouTube,695.45,59847,356,423,5,1,0,17011.41,15625.95,0,0,1.1062547230783852,0,,0
2025-04-21,G04,Leeds,CH06,Display,447.16,86421,262,285,2,0,0,17384.46,16806.04,0,0,1.1062547230783852,0,,0
2025-04-21,G05,Bristol,CH01,Paid Search - Brand,549.71,6877,589,668,35,7,2,16005.58,15746.38,0,0,1.1062547230783852,0,,0
2025-04-21,G05,Bristol,CH02,Paid Search - Non-Brand,1148.77,17981,789,882,38,13,2,15558.06,16353.77,0,0,1.1062547230783852,0,,0
2025-04-21,G05,Bristol,CH03,Paid Social,938.59,93852,1166,1340,38,11,2,18227.04,16980.66,0,0,1.1062547230783852,0,,0
2025-04-21,G05,Bristol,CH04,LinkedIn,777.8,22134,185,217,8,2,0,18622.98,17810.86,0,0,1.1062547230783852,0,,0
2025-04-21,G05,Bristol,CH05,YouTube,601.19,50879,297,368,5,1,0,13623.77,15692.42,0,0,1.1062547230783852,1,,0
2025-04-21,G05,Bristol,CH06,Display,395.38,76789,208,216,2,0,0,16921.21,16230.11,0,0,1.1062547230783852,0,,0
2025-04-21,G06,Glasgow,CH01,Paid Search - Brand,426.86,4997,419,494,35,7,1,12915.12,11850.57,0,0,1.1062547230783852,0,,0
2025-04-21,G06,Glasgow,CH02,Paid Search - Non-Brand,1030.43,16378,745,898,31,10,3,15150.86,14452.38,0,0,1.1062547230783852,0,,0
2025-04-21,G06,Glasgow,CH03,Paid Social,833.41,82561,1023,1222,33,11,3,14741.04,15403.81,0,0,1.1062547230783852,1,,0
2025-04-21,G06,Glasgow,CH04,LinkedIn,648.68,18546,141,164,5,1,0,15715.6,16111.85,0,0,1.1062547230783852,0,,0
2025-04-21,G06,Glasgow,CH05,YouTube,575.26,47908,272,272,4,1,0,16444.29,16415.04,0,0,1.1062547230783852,0,,0
2025-04-21,G06,Glasgow,CH06,Display,342.85,66935,187,208,2,0,0,15318.17,15208.32,0,0,1.1062547230783852,0,,0
2025-04-21,G07,Liverpool,CH01,Paid Search - Brand,483.9,6281,541,609,42,13,5,15556.26,14403.53,0,0,1.1062547230783852,0,,0
2025-04-21,G07,Liverpool,CH02,Paid Search - Non-Brand,1051.99,15721,705,743,35,9,2,17494.14,16571.36,0,0,1.1062547230783852,0,,0
2025-04-21,G07,Liverpool,CH03,Paid Social,899.03,88892,1064,1207,31,9,3,15489.22,15537.38,0,0,1.1062547230783852,0,,0
2025-04-21,G07,Liverpool,CH04,LinkedIn,671.85,19516,166,177,8,1,0,16801.81,17061.85,0,0,1.1062547230783852,0,,0
2025-04-21,G07,Liverpool,CH05,YouTube,624.88,52479,314,356,5,1,0,12988.64,14801.55,0,0,1.1062547230783852,1,,0
2025-04-21,G07,Liverpool,CH06,Display,382.57,77990,208,215,1,0,0,14168.4,14935.25,0,0,1.1062547230783852,1,,0
2025-04-21,G08,Sheffield,CH01,Paid Search - Brand,427.8,5246,401,435,25,7,2,13303.74,13315.47,0,0,1.1062547230783852,0,,0
2025-04-21,G08,Sheffield,CH02,Paid Search - Non-Brand,941.21,13859,635,759,33,6,2,15424.84,14588.17,0,0,1.1062547230783852,0,,0
2025-04-21,G08,Sheffield,CH03,Paid Social,720.37,74164,869,1036,27,9,1,12816.92,13442.81,0,0,1.1062547230783852,0,,0
2025-04-21,G08,Sheffield,CH04,LinkedIn,616.12,17642,131,139,6,2,0,14100.45,13472.29,0,0,1.1062547230783852,0,,0
2025-04-21,G08,Sheffield,CH05,YouTube,623.87,51632,304,376,6,1,0,14082.09,13751.59,0,0,1.1062547230783852,0,,0
2025-04-21,G08,Sheffield,CH06,Display,326.91,64158,185,227,1,0,0,13208.44,13155.04,0,0,1.1062547230783852,0,,0
2025-04-21,G09,Edinburgh,CH01,Paid Search - Brand,461.15,5989,477,513,27,7,2,13215.38,13137.08,0,0,1.1062547230783852,0,,0
2025-04-21,G09,Edinburgh,CH02,Paid Search - Non-Brand,983.78,15602,692,847,34,7,3,12909.33,12265.44,0,0,1.1062547230783852,0,,0
2025-04-21,G09,Edinburgh,CH03,Paid Social,742.45,74804,921,1143,34,11,4,13213.25,13154.16,0,0,1.1062547230783852,0,,0
2025-04-21,G09,Edinburgh,CH04,LinkedIn,598.61,17227,135,152,7,2,0,13908.27,13734.8,0,0,1.1062547230783852,0,,0
2025-04-21,G09,Edinburgh,CH05,YouTube,579.89,49185,312,315,4,0,0,13164.73,11969.08,0,0,1.1062547230783852,0,,0
2025-04-21,G09,Edinburgh,CH06,Display,338.23,68788,179,221,2,0,0,10521.86,10714.3,0,0,1.1062547230783852,0,,0
2025-04-21,G10,Cardiff,CH01,Paid Search - Brand,445.11,5372,421,448,32,9,2,12924.43,12173.68,0,0,1.1062547230783852,0,,0
2025-04-21,G10,Cardiff,CH02,Paid Search - Non-Brand,866.71,13041,588,648,27,7,2,10343.87,10540.71,0,0,1.1062547230783852,0,,0
2025-04-21,G10,Cardiff,CH03,Paid Social,707.99,71000,899,1063,31,5,1,10841.07,10821.58,0,0,1.1062547230783852,0,,0
2025-04-21,G10,Cardiff,CH04,LinkedIn,539.56,15355,121,147,6,1,0,12849.98,13054.86,0,0,1.1062547230783852,0,,0
2025-04-21,G10,Cardiff,CH05,YouTube,478.95,40494,227,247,3,0,0,12947.36,13256.44,0,0,1.1062547230783852,0,,0
2025-04-21,G10,Cardiff,CH06,Display,262.76,51716,152,163,1,0,0,11709.36,11648.26,0,0,1.1062547230783852,0,,0
2025-04-28,G01,London,CH01,Paid Search - Brand,953.66,12341,1104,1297,76,22,5,30334.98,28858.42,0,0,1.0987580639072387,0,,0
2025-04-28,G01,London,CH02,Paid Search - Non-Brand,2293.74,34694,1501,1851,88,27,5,32559.17,30925.81,0,0,1.0987580639072387,0,,0
2025-04-28,G01,London,CH03,Paid Social,1827.59,188401,2213,2382,76,14,3,29137.47,27443.62,0,0,1.0987580639072387,0,,0
2025-04-28,G01,London,CH04,LinkedIn,1479.15,42125,333,339,16,3,0,31044.75,31270.83,0,0,1.0987580639072387,0,,0
2025-04-28,G01,London,CH05,YouTube,1180.18,96370,595,739,11,2,0,27994.98,28812.89,0,0,1.0987580639072387,0,,0
2025-04-28,G01,London,CH06,Display,782.79,154227,500,535,6,2,0,34540.59,33028.27,0,0,1.0987580639072387,0,,0
2025-04-28,G02,Manchester,CH01,Paid Search - Brand,679.48,8544,668,692,48,10,3,26496.75,24312.86,0,0,1.0987580639072387,0,,0
2025-04-28,G02,Manchester,CH02,Paid Search - Non-Brand,1434.22,22294,1038,1181,42,10,3,21294.23,20638.19,0,0,1.0987580639072387,0,,0
2025-04-28,G02,Manchester,CH03,Paid Social,1280.2,126698,1502,1871,58,17,5,20551.77,21919.74,0,0,1.0987580639072387,1,,0
2025-04-28,G02,Manchester,CH04,LinkedIn,1078.67,30876,233,265,11,2,0,22730.91,22757.25,0,0,1.0987580639072387,0,,0
2025-04-28,G02,Manchester,CH05,YouTube,942.37,77420,433,478,8,2,0,22641.18,22813.79,0,0,1.0987580639072387,0,,0
2025-04-28,G02,Manchester,CH06,Display,558.14,112145,354,406,4,1,0,21511.21,21395.81,0,0,1.0987580639072387,0,,0
2025-04-28,G03,Birmingham,CH01,Paid Search - Brand,655.47,8304,698,772,47,10,3,18197.41,18138.33,0,0,1.0987580639072387,0,,0
2025-04-28,G03,Birmingham,CH02,Paid Search - Non-Brand,1483.17,22707,1059,1106,46,15,3,20432.59,19613.26,0,0,1.0987580639072387,0,,0
2025-04-28,G03,Birmingham,CH03,Paid Social,1128.0,112674,1285,1345,34,8,2,20041.92,19194.62,0,0,1.0987580639072387,0,,0
2025-04-28,G03,Birmingham,CH04,LinkedIn,1094.13,30504,253,303,13,2,0,21801.22,20929.34,0,0,1.0987580639072387,0,,0
2025-04-28,G03,Birmingham,CH05,YouTube,868.94,73602,388,413,5,0,0,21143.65,21590.96,0,0,1.0987580639072387,0,,0
2025-04-28,G03,Birmingham,CH06,Display,491.18,92808,267,311,2,0,0,22131.46,21169.35,0,0,1.0987580639072387,0,,0
2025-04-28,G04,Leeds,CH01,Paid Search - Brand,570.55,7280,578,612,40,7,3,18833.77,19306.51,0,0,1.0987580639072387,0,,0
2025-04-28,G04,Leeds,CH02,Paid Search - Non-Brand,1250.85,19365,780,942,43,7,2,19377.09,18093.08,0,0,1.0987580639072387,0,,0
2025-04-28,G04,Leeds,CH03,Paid Social,978.32,100364,1230,1483,47,11,3,17363.19,16329.33,0,0,1.0987580639072387,0,,0
2025-04-28,G04,Leeds,CH04,LinkedIn,796.88,22583,179,207,7,1,0,17252.08,17583.81,0,0,1.0987580639072387,0,,0
2025-04-28,G04,Leeds,CH05,YouTube,816.97,66847,384,479,7,2,0,20039.85,18281.19,0,0,1.0987580639072387,0,,0
2025-04-28,G04,Leeds,CH06,Display,391.76,77869,248,290,3,1,0,17661.69,17015.31,0,0,1.0987580639072387,0,,0
2025-04-28,G05,Bristol,CH01,Paid Search - Brand,590.34,7225,636,761,40,7,1,17856.28,17735.6,0,0,1.0987580639072387,0,,0
2025-04-28,G05,Bristol,CH02,Paid Search - Non-Brand,1052.94,16729,754,940,37,10,3,17827.18,16242.15,0,0,1.0987580639072387,0,,0
2025-04-28,G05,Bristol,CH03,Paid Social,881.21,89624,1066,1252,34,9,2,16668.25,16562.67,0,0,1.0987580639072387,0,,0
2025-04-28,G05,Bristol,CH04,LinkedIn,805.07,23665,180,217,7,1,0,17421.8,17860.38,0,0,1.0987580639072387,0,,0
2025-04-28,G05,Bristol,CH05,YouTube,672.9,55118,322,358,4,1,0,16631.16,16672.78,0,0,1.0987580639072387,0,,0
2025-04-28,G05,Bristol,CH06,Display,347.43,68288,185,223,2,0,0,19746.65,19223.76,0,0,1.0987580639072387,0,,0
2025-04-28,G06,Glasgow,CH01,Paid Search - Brand,486.53,5979,522,583,41,9,2,14539.34,14438.15,0,0,1.0987580639072387,0,,0
2025-04-28,G06,Glasgow,CH02,Paid Search - Non-Brand,1040.23,16093,667,766,29,10,2,17330.97,16102.92,0,0,1.0987580639072387,0,,0
2025-04-28,G06,Glasgow,CH03,Paid Social,865.85,83991,1020,1061,31,11,4,15681.55,14494.9,0,0,1.0987580639072387,0,,0
2025-04-28,G06,Glasgow,CH04,LinkedIn,741.73,21480,173,177,6,1,0,14326.49,14114.43,0,0,1.0987580639072387,0,,0
2025-04-28,G06,Glasgow,CH05,YouTube,537.35,47587,279,316,4,1,0,13428.6,13691.75,0,0,1.0987580639072387,0,,0
2025-04-28,G06,Glasgow,CH06,Display,396.9,78944,223,230,2,0,0,13997.62,13489.21,0,0,1.0987580639072387,0,,0
2025-04-28,G07,Liverpool,CH01,Paid Search - Brand,497.02,6387,478,537,29,8,1,13953.71,14868.43,0,0,1.0987580639072387,0,,0
2025-04-28,G07,Liverpool,CH02,Paid Search - Non-Brand,1075.2,16458,767,841,37,13,2,15788.52,15422.4,0,0,1.0987580639072387,0,,0
2025-04-28,G07,Liverpool,CH03,Paid Social,890.26,90854,948,1089,26,6,1,14151.33,13932.36,0,0,1.0987580639072387,0,,0
2025-04-28,G07,Liverpool,CH04,LinkedIn,582.16,16676,140,145,6,1,0,15743.54,15548.69,0,0,1.0987580639072387,0,,0
2025-04-28,G07,Liverpool,CH05,YouTube,615.1,51594,301,320,4,0,0,16213.49,15606.56,0,0,1.0987580639072387,0,,0
2025-04-28,G07,Liverpool,CH06,Display,359.15,73129,227,258,2,0,0,15396.25,15017.96,0,0,1.0987580639072387,0,,0
2025-04-28,G08,Sheffield,CH01,Paid Search - Brand,406.95,4948,399,414,29,6,2,13907.86,13668.91,0,0,1.0987580639072387,0,,0
2025-04-28,G08,Sheffield,CH02,Paid Search - Non-Brand,1010.79,15366,696,723,25,5,1,13623.49,13813.47,0,0,1.0987580639072387,0,,0
2025-04-28,G08,Sheffield,CH03,Paid Social,745.96,77588,847,888,20,3,0,13687.71,14176.65,0,0,1.0987580639072387,0,,0
2025-04-28,G08,Sheffield,CH04,LinkedIn,634.65,17944,138,156,6,1,0,14849.8,14761.27,0,0,1.0987580639072387,0,,0
2025-04-28,G08,Sheffield,CH05,YouTube,587.18,49051,301,312,4,0,0,13276.31,13022.79,0,0,1.0987580639072387,0,,0
2025-04-28,G08,Sheffield,CH06,Display,305.56,59728,169,170,1,0,0,13233.72,12902.31,0,0,1.0987580639072387,0,,0
2025-04-28,G09,Edinburgh,CH01,Paid Search - Brand,444.7,5457,497,573,38,11,4,16052.59,16099.29,0,0,1.0987580639072387,0,,0
2025-04-28,G09,Edinburgh,CH02,Paid Search - Non-Brand,932.71,14210,676,694,23,6,2,14410.45,13732.4,0,0,1.0987580639072387,0,,0
2025-04-28,G09,Edinburgh,CH03,Paid Social,779.16,77709,915,986,25,6,2,13963.0,13160.38,0,0,1.0987580639072387,0,,0
2025-04-28,G09,Edinburgh,CH04,LinkedIn,641.81,18256,154,163,8,1,0,15574.83,13884.08,0,0,1.0987580639072387,0,,0
2025-04-28,G09,Edinburgh,CH05,YouTube,545.11,44396,287,350,5,1,0,12870.13,13247.11,0,0,1.0987580639072387,0,,0
2025-04-28,G09,Edinburgh,CH06,Display,325.62,63843,183,227,2,0,0,11844.24,12956.57,0,0,1.0987580639072387,0,,0
2025-04-28,G10,Cardiff,CH01,Paid Search - Brand,433.36,5486,456,500,35,12,2,10700.2,11274.59,0,0,1.0987580639072387,1,,0
2025-04-28,G10,Cardiff,CH02,Paid Search - Non-Brand,881.3,13851,600,664,23,5,2,11776.56,11509.6,0,0,1.0987580639072387,0,,0
2025-04-28,G10,Cardiff,CH03,Paid Social,679.36,67320,786,877,21,4,1,12394.3,12386.03,0,0,1.0987580639072387,0,,0
2025-04-28,G10,Cardiff,CH04,LinkedIn,554.38,16061,122,141,6,2,0,12083.32,11760.78,0,0,1.0987580639072387,0,,0
2025-04-28,G10,Cardiff,CH05,YouTube,510.27,41509,245,278,4,0,0,13417.0,12904.38,0,0,1.0987580639072387,0,,0
2025-04-28,G10,Cardiff,CH06,Display,261.53,54192,160,180,1,0,0,10909.4,10555.63,0,0,1.0987580639072387,0,,0
2025-05-05,G01,London,CH01,Paid Search - Brand,1001.16,12700,1073,1101,84,24,7,32383.07,31041.92,0,0,1.0898212897805322,0,,0
2025-05-05,G01,London,CH02,Paid Search - Non-Brand,2057.68,31776,1519,1790,67,20,5,26055.75,27506.32,0,0,1.0898212897805322,0,,0
2025-05-05,G01,London,CH03,Paid Social,1800.91,185605,2283,2423,59,17,5,30658.19,30211.87,0,0,1.0898212897805322,0,,0
2025-05-05,G01,London,CH04,LinkedIn,1505.6,42441,321,359,13,4,1,35623.82,35732.01,0,0,1.0898212897805322,0,,0
2025-05-05,G01,London,CH05,YouTube,1172.14,95108,581,617,9,2,0,29942.06,31591.6,0,0,1.0898212897805322,0,,0
2025-05-05,G01,London,CH06,Display,781.21,156471,454,489,5,1,0,33478.79,32934.83,0,0,1.0898212897805322,0,,0
2025-05-05,G02,Manchester,CH01,Paid Search - Brand,663.87,8333,721,785,51,9,2,22116.33,20975.38,0,0,1.0898212897805322,0,,0
2025-05-05,G02,Manchester,CH02,Paid Search - Non-Brand,1425.35,21222,937,1025,49,17,3,18887.21,17800.06,0,0,1.0898212897805322,0,,0
2025-05-05,G02,Manchester,CH03,Paid Social,1329.26,129777,1443,1696,46,11,4,20782.73,20445.95,0,0,1.0898212897805322,0,,0
2025-05-05,G02,Manchester,CH04,LinkedIn,898.82,25786,207,252,10,2,0,20023.64,20213.1,0,0,1.0898212897805322,0,,0
2025-05-05,G02,Manchester,CH05,YouTube,835.02,69331,427,444,7,2,0,21783.78,21260.58,0,0,1.0898212897805322,0,,0
2025-05-05,G02,Manchester,CH06,Display,553.58,106465,336,406,4,1,0,22900.87,23028.37,0,0,1.0898212897805322,0,,0
2025-05-05,G03,Birmingham,CH01,Paid Search - Brand,688.15,8339,709,784,49,8,1,21122.92,21652.83,0,0,1.0898212897805322,0,,0
2025-05-05,G03,Birmingham,CH02,Paid Search - Non-Brand,1409.14,21884,1021,1166,38,9,3,19365.59,19703.45,0,0,1.0898212897805322,0,,0
2025-05-05,G03,Birmingham,CH03,Paid Social,1071.03,106210,1270,1329,44,9,2,22066.9,20820.34,0,0,1.0898212897805322,0,,0
2025-05-05,G03,Birmingham,CH04,LinkedIn,1046.61,29516,228,269,13,4,1,21881.51,21618.06,0,0,1.0898212897805322,0,,0
2025-05-05,G03,Birmingham,CH05,YouTube,862.66,70630,425,512,7,2,0,25009.85,23946.84,0,0,1.0898212897805322,0,,0
2025-05-05,G03,Birmingham,CH06,Display,465.54,95167,281,346,3,0,0,19457.27,19165.48,0,0,1.0898212897805322,0,,0
2025-05-05,G04,Leeds,CH01,Paid Search - Brand,541.23,6716,563,610,39,9,2,16940.49,16840.1,0,0,1.0898212897805322,0,,0
2025-05-05,G04,Leeds,CH02,Paid Search - Non-Brand,1007.35,15624,631,753,36,13,4,21154.71,19557.7,0,0,1.0898212897805322,0,,0
2025-05-05,G04,Leeds,CH03,Paid Social,966.98,93282,1121,1141,25,7,3,17950.71,17267.4,0,0,1.0898212897805322,0,,0
2025-05-05,G04,Leeds,CH04,LinkedIn,905.85,25768,212,245,12,4,0,17523.53,17239.72,0,0,1.0898212897805322,0,,0
2025-05-05,G04,Leeds,CH05,YouTube,731.58,61037,364,379,5,1,0,18761.37,18365.86,0,0,1.0898212897805322,0,,0
2025-05-05,G04,Leeds,CH06,Display,418.53,84838,255,258,3,1,0,16615.36,16621.98,0,0,1.0898212897805322,0,,0
2025-05-05,G05,Bristol,CH01,Paid Search - Brand,507.79,6405,512,580,35,8,3,13661.06,13853.53,0,0,1.0898212897805322,0,,0
2025-05-05,G05,Bristol,CH02,Paid Search - Non-Brand,1051.83,16328,710,852,34,6,1,16525.55,14944.36,0,0,1.0898212897805322,0,,0
2025-05-05,G05,Bristol,CH03,Paid Social,809.49,81532,958,1029,29,6,2,16598.8,16013.37,0,0,1.0898212897805322,0,,0
2025-05-05,G05,Bristol,CH04,LinkedIn,664.98,19319,153,182,9,2,0,14978.66,15045.07,0,0,1.0898212897805322,0,,0
2025-05-05,G05,Bristol,CH05,YouTube,653.52,53329,323,354,4,1,0,15742.55,15505.71,0,0,1.0898212897805322,0,,0
2025-05-05,G05,Bristol,CH06,Display,382.24,76405,229,251,2,0,0,16998.86,17066.94,0,0,1.0898212897805322,0,,0
2025-05-05,G06,Glasgow,CH01,Paid Search - Brand,512.6,6450,530,594,41,11,3,13284.48,13883.35,0,0,1.0898212897805322,0,,0
2025-05-05,G06,Glasgow,CH02,Paid Search - Non-Brand,1011.66,15882,719,821,28,6,2,15428.32,15212.69,0,0,1.0898212897805322,0,,0
2025-05-05,G06,Glasgow,CH03,Paid Social,794.16,76908,926,1153,27,6,1,14344.76,13600.61,0,0,1.0898212897805322,0,,0
2025-05-05,G06,Glasgow,CH04,LinkedIn,608.57,17565,138,161,8,2,0,13192.29,14029.7,0,0,1.0898212897805322,1,,0
2025-05-05,G06,Glasgow,CH05,YouTube,591.9,50707,324,383,5,1,0,15403.67,15560.89,0,0,1.0898212897805322,0,,0
2025-05-05,G06,Glasgow,CH06,Display,377.99,75122,225,248,2,0,0,14308.27,14570.51,0,0,1.0898212897805322,0,,0
2025-05-05,G07,Liverpool,CH01,Paid Search - Brand,547.32,6798,561,675,45,8,1,16027.42,16355.96,0,0,1.0898212897805322,0,,0
2025-05-05,G07,Liverpool,CH02,Paid Search - Non-Brand,1163.16,17400,841,853,40,10,3,15431.69,14142.37,0,0,1.0898212897805322,0,,0
2025-05-05,G07,Liverpool,CH03,Paid Social,740.16,75250,918,1022,24,7,3,14567.0,14582.73,0,0,1.0898212897805322,0,,0
2025-05-05,G07,Liverpool,CH04,LinkedIn,666.5,19342,154,191,10,1,0,14786.34,14865.54,0,0,1.0898212897805322,0,,0
2025-05-05,G07,Liverpool,CH05,YouTube,636.66,50674,314,387,5,1,0,15124.43,16320.43,0,0,1.0898212897805322,0,,0
2025-05-05,G07,Liverpool,CH06,Display,367.8,75224,229,259,2,0,0,15553.64,14740.45,0,0,1.0898212897805322,0,,0
2025-05-05,G08,Sheffield,CH01,Paid Search - Brand,476.0,5842,494,503,33,6,1,14746.89,13092.09,0,0,1.0898212897805322,0,,0
2025-05-05,G08,Sheffield,CH02,Paid Search - Non-Brand,1074.69,16316,758,851,41,7,2,11845.33,12904.13,0,0,1.0898212897805322,1,,0
2025-05-05,G08,Sheffield,CH03,Paid Social,765.08,79096,938,1093,28,8,3,14153.26,14006.45,0,0,1.0898212897805322,0,,0
2025-05-05,G08,Sheffield,CH04,LinkedIn,563.98,16236,120,134,6,1,0,14117.49,14990.32,0,0,1.0898212897805322,0,,0
2025-05-05,G08,Sheffield,CH05,YouTube,584.54,50351,277,340,4,1,0,14575.91,14533.04,0,0,1.0898212897805322,0,,0
2025-05-05,G08,Sheffield,CH06,Display,364.78,72187,216,260,2,0,0,13880.13,13943.44,0,0,1.0898212897805322,0,,0
2025-05-05,G09,Edinburgh,CH01,Paid Search - Brand,457.29,5571,475,533,36,9,3,13844.06,13565.57,0,0,1.0898212897805322,0,,0
2025-05-05,G09,Edinburgh,CH02,Paid Search - Non-Brand,840.57,13191,600,737,34,11,2,13342.24,13760.64,0,0,1.0898212897805322,0,,0
2025-05-05,G09,Edinburgh,CH03,Paid Social,776.65,75916,890,960,26,4,0,12593.24,11987.21,0,0,1.0898212897805322,0,,0
2025-05-05,G09,Edinburgh,CH04,LinkedIn,625.21,18094,149,169,6,1,0,12877.62,12242.47,0,0,1.0898212897805322,0,,0
2025-05-05,G09,Edinburgh,CH05,YouTube,500.9,41648,251,255,3,0,0,10631.75,10765.9,0,0,1.0898212897805322,0,,0
2025-05-05,G09,Edinburgh,CH06,Display,295.11,58841,166,205,1,0,0,13303.7,13799.96,0,0,1.0898212897805322,0,,0
2025-05-05,G10,Cardiff,CH01,Paid Search - Brand,361.05,4529,396,396,25,4,1,11337.94,10911.86,0,0,1.0898212897805322,0,,0
2025-05-05,G10,Cardiff,CH02,Paid Search - Non-Brand,881.56,13771,580,671,28,8,1,13007.84,12911.34,0,0,1.0898212897805322,0,,0
2025-05-05,G10,Cardiff,CH03,Paid Social,622.0,61056,752,818,22,4,1,11990.35,12274.75,0,0,1.0898212897805322,0,,0
2025-05-05,G10,Cardiff,CH04,LinkedIn,535.6,15039,112,126,4,1,0,13470.08,12923.48,0,0,1.0898212897805322,0,,0
2025-05-05,G10,Cardiff,CH05,YouTube,533.03,42650,254,265,3,0,0,11925.89,11859.13,0,0,1.0898212897805322,0,,0
2025-05-05,G10,Cardiff,CH06,Display,284.32,59112,182,223,2,0,0,12268.01,12497.65,0,0,1.0898212897805322,0,,0
2025-05-12,G01,London,CH01,Paid Search - Brand,1028.52,13159,1102,1151,69,19,4,29381.84,30302.4,0,0,1.0795747189888953,0,,0
2025-05-12,G01,London,CH02,Paid Search - Non-Brand,1985.91,30663,1490,1851,62,23,9,30319.08,30674.14,0,0,1.0795747189888953,0,,0
2025-05-12,G01,London,CH03,Paid Social,1532.71,151808,1851,2293,67,14,3,31861.22,34586.81,0,0,1.0795747189888953,0,,0
2025-05-12,G01,London,CH04,LinkedIn,1485.44,42085,356,392,15,5,1,31555.78,33823.59,0,0,1.0795747189888953,0,,0
2025-05-12,G01,London,CH05,YouTube,1249.56,101689,661,763,13,3,0,29114.06,28590.43,0,0,1.0795747189888953,0,,0
2025-05-12,G01,London,CH06,Display,686.25,137651,416,504,4,1,0,26560.05,25978.18,0,0,1.0795747189888953,0,,0
2025-05-12,G02,Manchester,CH01,Paid Search - Brand,701.43,8916,761,812,61,12,3,20129.89,20822.46,0,0,1.0795747189888953,1,,0
2025-05-12,G02,Manchester,CH02,Paid Search - Non-Brand,1506.11,23728,1055,1115,53,12,4,22313.26,21032.69,0,0,1.0795747189888953,0,,0
2025-05-12,G02,Manchester,CH03,Paid Social,1199.28,120855,1319,1392,38,12,3,23962.73,22558.46,0,0,1.0795747189888953,0,,0
2025-05-12,G02,Manchester,CH04,LinkedIn,917.87,26210,207,216,8,2,0,21422.04,21227.72,0,0,1.0795747189888953,0,,0
2025-05-12,G02,Manchester,CH05,YouTube,816.94,67710,415,490,8,2,0,23002.12,22948.22,0,0,1.0795747189888953,0,,0
2025-05-12,G02,Manchester,CH06,Display,561.19,111495,323,374,4,1,0,23258.83,21991.71,0,0,1.0795747189888953,0,,0
2025-05-12,G03,Birmingham,CH01,Paid Search - Brand,542.94,6709,497,600,39,13,5,19787.21,20258.12,0,0,1.0795747189888953,0,,0
2025-05-12,G03,Birmingham,CH02,Paid Search - Non-Brand,1371.86,21095,993,1174,49,10,2,21005.82,21080.11,0,0,1.0795747189888953,0,,0
2025-05-12,G03,Birmingham,CH03,Paid Social,1263.56,130552,1581,1914,48,9,3,20893.1,19713.23,0,0,1.0795747189888953,0,,0
2025-05-12,G03,Birmingham,CH04,LinkedIn,914.65,27005,224,266,11,4,1,22235.76,21474.94,0,0,1.0795747189888953,0,,0
2025-05-12,G03,Birmingham,CH05,YouTube,885.65,71311,428,498,6,2,0,19904.53,20979.73,0,0,1.0795747189888953,0,,0
2025-05-12,G03,Birmingham,CH06,Display,467.95,91998,271,286,3,0,0,18824.25,19765.3,0,0,1.0795747189888953,0,,0
2025-05-12,G04,Leeds,CH01,Paid Search - Brand,603.12,7505,621,759,42,10,2,18779.26,18585.86,0,0,1.0795747189888953,0,,0
2025-05-12,G04,Leeds,CH02,Paid Search - Non-Brand,1313.69,20065,950,985,38,6,1,20049.31,19411.38,0,0,1.0795747189888953,0,,0
2025-05-12,G04,Leeds,CH03,Paid Social,989.01,99728,1223,1473,46,13,2,18506.48,18077.31,0,0,1.0795747189888953,0,,0
2025-05-12,G04,Leeds,CH04,LinkedIn,856.19,24558,207,233,11,4,1,15914.52,15400.38,0,0,1.0795747189888953,0,,0
2025-05-12,G04,Leeds,CH05,YouTube,746.66,61423,351,405,6,1,0,17871.19,18007.28,0,0,1.0795747189888953,0,,0
2025-05-12,G04,Leeds,CH06,Display,441.96,88271,260,260,2,0,0,19981.83,20554.88,0,0,1.0795747189888953,0,,0
2025-05-12,G05,Bristol,CH01,Paid Search - Brand,530.5,6569,569,616,36,13,5,18189.59,18669.42,0,0,1.0795747189888953,0,,0
2025-05-12,G05,Bristol,CH02,Paid Search - Non-Brand,1076.71,17245,788,944,32,8,3,15340.85,15277.1,0,0,1.0795747189888953,0,,0
2025-05-12,G05,Bristol,CH03,Paid Social,862.47,86017,1050,1260,36,9,3,16276.82,16195.02,0,0,1.0795747189888953,0,,0
2025-05-12,G05,Bristol,CH04,LinkedIn,700.45,19752,152,159,6,2,0,15923.21,16024.23,0,0,1.0795747189888953,0,,0
2025-05-12,G05,Bristol,CH05,YouTube,630.1,51489,304,322,5,1,0,16995.0,17054.1,0,0,1.0795747189888953,0,,0
2025-05-12,G05,Bristol,CH06,Display,404.88,80144,232,269,3,0,0,16004.13,15724.13,0,0,1.0795747189888953,0,,0
2025-05-12,G06,Glasgow,CH01,Paid Search - Brand,499.02,6093,525,613,36,7,2,13091.11,13915.95,0,0,1.0795747189888953,0,,0
2025-05-12,G06,Glasgow,CH02,Paid Search - Non-Brand,1063.58,16402,744,763,30,11,3,14751.17,14510.59,0,0,1.0795747189888953,0,,0
2025-05-12,G06,Glasgow,CH03,Paid Social,758.24,75993,948,1182,26,6,1,14502.06,14401.94,0,0,1.0795747189888953,0,,0
2025-05-12,G06,Glasgow,CH04,LinkedIn,636.84,18182,167,177,7,1,0,14662.06,14026.58,0,0,1.0795747189888953,0,,0
2025-05-12,G06,Glasgow,CH05,YouTube,607.87,50353,300,329,5,1,0,12041.57,12355.48,0,0,1.0795747189888953,0,,0
2025-05-12,G06,Glasgow,CH06,Display,316.03,63751,189,202,1,0,0,12653.37,12499.33,0,0,1.0795747189888953,0,,0
2025-05-12,G07,Liverpool,CH01,Paid Search - Brand,453.7,5695,528,649,34,12,3,13931.82,14400.1,0,0,1.0795747189888953,0,,0
2025-05-12,G07,Liverpool,CH02,Paid Search - Non-Brand,1153.27,17491,788,982,39,8,2,15410.36,15511.63,0,0,1.0795747189888953,0,,0
2025-05-12,G07,Liverpool,CH03,Paid Social,832.63,83455,951,1159,34,9,2,15487.55,14565.52,0,0,1.0795747189888953,0,,0
2025-05-12,G07,Liverpool,CH04,LinkedIn,661.06,18823,143,146,7,2,0,15240.39,15060.9,0,0,1.0795747189888953,0,,0
2025-05-12,G07,Liverpool,CH05,YouTube,587.99,49877,295,340,4,0,0,16168.28,16436.01,0,0,1.0795747189888953,0,,0
2025-05-12,G07,Liverpool,CH06,Display,355.14,71904,207,248,2,0,0,13645.14,14124.76,0,0,1.0795747189888953,0,,0
2025-05-12,G08,Sheffield,CH01,Paid Search - Brand,431.95,5431,433,467,33,7,2,14467.45,13761.91,0,0,1.0795747189888953,0,,0
2025-05-12,G08,Sheffield,CH02,Paid Search - Non-Brand,962.34,14694,712,741,32,6,1,12396.7,12378.29,0,0,1.0795747189888953,0,,0
2025-05-12,G08,Sheffield,CH03,Paid Social,746.58,74904,983,993,33,8,2,13982.62,13515.75,0,0,1.0795747189888953,0,,0
2025-05-12,G08,Sheffield,CH04,LinkedIn,640.08,17422,131,131,6,1,0,13234.21,13886.26,0,0,1.0795747189888953,0,,0
2025-05-12,G08,Sheffield,CH05,YouTube,512.28,42439,228,235,3,1,0,13535.27,13763.42,0,0,1.0795747189888953,0,,0
2025-05-12,G08,Sheffield,CH06,Display,271.24,53439,162,167,1,0,0,14452.3,13330.56,0,0,1.0795747189888953,0,,0
2025-05-12,G09,Edinburgh,CH01,Paid Search - Brand,406.81,4887,432,501,27,8,2,11706.99,11345.79,0,0,1.0795747189888953,0,,0
2025-05-12,G09,Edinburgh,CH02,Paid Search - Non-Brand,833.63,12874,552,681,31,9,1,13822.88,13391.2,0,0,1.0795747189888953,0,,0
2025-05-12,G09,Edinburgh,CH03,Paid Social,677.03,68591,867,1060,34,12,3,14817.74,13765.57,0,0,1.0795747189888953,0,,0
2025-05-12,G09,Edinburgh,CH04,LinkedIn,568.01,16375,129,151,6,1,0,10654.9,11564.51,0,0,1.0795747189888953,1,,0
2025-05-12,G09,Edinburgh,CH05,YouTube,602.28,51389,304,337,4,1,0,11874.39,12174.14,0,0,1.0795747189888953,0,,0
2025-05-12,G09,Edinburgh,CH06,Display,292.23,59000,172,189,1,0,0,12961.15,13047.64,0,0,1.0795747189888953,0,,0
2025-05-12,G10,Cardiff,CH01,Paid Search - Brand,391.4,5117,480,513,30,7,2,11891.51,11251.26,0,0,1.0795747189888953,0,,0
2025-05-12,G10,Cardiff,CH02,Paid Search - Non-Brand,929.81,14744,673,840,30,9,3,11272.0,10830.51,0,0,1.0795747189888953,0,,0
2025-05-12,G10,Cardiff,CH03,Paid Social,599.2,59940,716,779,25,5,1,11619.09,11435.28,0,0,1.0795747189888953,0,,0
2025-05-12,G10,Cardiff,CH04,LinkedIn,526.42,14797,111,121,5,1,0,13956.95,14016.25,0,0,1.0795747189888953,0,,0
2025-05-12,G10,Cardiff,CH05,YouTube,535.73,45524,280,346,6,2,0,11532.58,11161.02,0,0,1.0795747189888953,0,,0
2025-05-12,G10,Cardiff,CH06,Display,295.35,57955,166,177,1,0,0,11859.08,11404.73,0,0,1.0795747189888953,0,,0
2025-05-19,G01,London,CH01,Paid Search - Brand,1007.8,12698,1071,1116,86,26,6,33995.35,31986.95,0,0,1.0681677696077387,0,,0
2025-05-19,G01,London,CH02,Paid Search - Non-Brand,2102.5,32634,1504,1852,61,11,2,27927.07,26696.01,0,0,1.0681677696077387,0,,0
2025-05-19,G01,London,CH03,Paid Social,1839.19,187471,2271,2460,79,17,6,26706.5,26944.44,0,0,1.0681677696077387,0,,0
2025-05-19,G01,London,CH04,LinkedIn,1488.4,41978,310,321,12,2,0,30955.17,31272.21,0,0,1.0681677696077387,0,,0
2025-05-19,G01,London,CH05,YouTube,1232.02,103354,560,582,10,3,1,33457.15,31231.46,0,0,1.0681677696077387,0,,0
2025-05-19,G01,London,CH06,Display,849.42,172625,542,624,7,2,0,30579.17,28962.38,0,0,1.0681677696077387,0,,0
2025-05-19,G02,Manchester,CH01,Paid Search - Brand,741.2,9469,810,983,63,13,4,20242.69,20612.49,0,0,1.0681677696077387,0,,0
2025-05-19,G02,Manchester,CH02,Paid Search - Non-Brand,1434.1,22337,971,977,32,8,1,20616.37,19871.78,0,0,1.0681677696077387,0,,0
2025-05-19,G02,Manchester,CH03,Paid Social,1282.3,128548,1554,1804,56,20,4,20230.62,19349.69,0,0,1.0681677696077387,0,,0
2025-05-19,G02,Manchester,CH04,LinkedIn,1141.7,32508,248,273,11,2,0,20595.46,19781.77,0,0,1.0681677696077387,0,,0
2025-05-19,G02,Manchester,CH05,YouTube,929.81,76539,446,541,8,2,0,20261.46,20701.86,0,0,1.0681677696077387,0,,0
2025-05-19,G02,Manchester,CH06,Display,497.03,98174,300,374,4,0,0,23575.73,23331.07,0,0,1.0681677696077387,0,,0
2025-05-19,G03,Birmingham,CH01,Paid Search - Brand,679.54,8478,685,719,49,12,3,17956.8,18219.54,0,0,1.0681677696077387,0,,0
2025-05-19,G03,Birmingham,CH02,Paid Search - Non-Brand,1258.14,19894,870,949,37,13,2,22507.88,21377.95,0,0,1.0681677696077387,0,,0
2025-05-19,G03,Birmingham,CH03,Paid Social,1151.98,115937,1392,1470,49,8,2,21802.43,21499.13,0,0,1.0681677696077387,0,,0
2025-05-19,G03,Birmingham,CH04,LinkedIn,947.64,26190,189,233,10,3,0,19943.93,19797.75,0,0,1.0681677696077387,0,,0
2025-05-19,G03,Birmingham,CH05,YouTube,926.53,74395,420,512,6,2,0,19999.18,20471.74,0,0,1.0681677696077387,0,,0
2025-05-19,G03,Birmingham,CH06,Display,503.48,100794,317,320,3,1,0,16804.55,16212.11,0,0,1.0681677696077387,0,,0
2025-05-19,G04,Leeds,CH01,Paid Search - Brand,641.93,7927,693,762,54,10,3,17206.26,16238.36,0,0,1.0681677696077387,0,,0
2025-05-19,G04,Leeds,CH02,Paid Search - Non-Brand,1077.46,16538,739,858,41,14,6,20318.82,20149.62,0,0,1.0681677696077387,0,,0
2025-05-19,G04,Leeds,CH03,Paid Social,854.58,83925,1006,1095,28,7,1,16873.13,17820.88,0,0,1.0681677696077387,0,,0
2025-05-19,G04,Leeds,CH04,LinkedIn,830.49,24250,174,205,8,1,0,15456.25,16313.37,0,0,1.0681677696077387,0,,0
2025-05-19,G04,Leeds,CH05,YouTube,765.74,63614,386,412,5,0,0,17811.36,18121.52,0,0,1.0681677696077387,0,,0
2025-05-19,G04,Leeds,CH06,Display,424.11,83062,251,311,2,0,0,17369.35,17419.2,0,0,1.0681677696077387,0,,0
2025-05-19,G05,Bristol,CH01,Paid Search - Brand,515.79,6470,518,522,30,8,3,14848.77,13951.41,0,0,1.0681677696077387,0,,0
2025-05-19,G05,Bristol,CH02,Paid Search - Non-Brand,1056.77,16244,714,779,35,8,3,17419.5,17200.67,0,0,1.0681677696077387,0,,0
2025-05-19,G05,Bristol,CH03,Paid Social,920.94,89028,1027,1060,33,10,2,16246.97,15893.74,0,0,1.0681677696077387,0,,0
2025-05-19,G05,Bristol,CH04,LinkedIn,674.16,19358,143,176,7,1,0,13495.14,13685.25,0,0,1.0681677696077387,0,,0
2025-05-19,G05,Bristol,CH05,YouTube,659.72,54489,338,409,5,1,0,14340.7,15121.2,0,0,1.0681677696077387,0,,0
2025-05-19,G05,Bristol,CH06,Display,384.07,76708,247,251,2,0,0,14859.19,14182.46,0,0,1.0681677696077387,0,,0
2025-05-19,G06,Glasgow,CH01,Paid Search - Brand,455.96,5720,521,620,45,10,2,13956.5,13143.14,0,0,1.0681677696077387,0,,0
2025-05-19,G06,Glasgow,CH02,Paid Search - Non-Brand,934.59,14229,605,681,31,7,2,14214.23,14249.77,0,0,1.0681677696077387,0,,0
2025-05-19,G06,Glasgow,CH03,Paid Social,769.05,78734,951,1005,29,6,2,13649.38,13847.14,0,0,1.0681677696077387,0,,0
2025-05-19,G06,Glasgow,CH04,LinkedIn,701.72,19518,155,162,7,1,0,13599.03,13123.75,0,0,1.0681677696077387,0,,0
2025-05-19,G06,Glasgow,CH05,YouTube,506.01,41298,241,253,3,0,0,14611.6,14991.55,0,0,1.0681677696077387,0,,0
2025-05-19,G06,Glasgow,CH06,Display,343.46,68256,214,265,2,0,0,15227.46,14922.37,0,0,1.0681677696077387,0,,0
2025-05-19,G07,Liverpool,CH01,Paid Search - Brand,583.16,7662,648,809,59,21,7,14183.08,14054.7,0,0,1.0681677696077387,0,,0
2025-05-19,G07,Liverpool,CH02,Paid Search - Non-Brand,990.29,15014,715,743,25,8,2,16438.14,15766.51,0,0,1.0681677696077387,0,,0
2025-05-19,G07,Liverpool,CH03,Paid Social,989.84,99292,1087,1289,36,12,4,13882.68,14659.23,0,0,1.0681677696077387,0,,0
2025-05-19,G07,Liverpool,CH04,LinkedIn,599.77,17056,139,150,5,1,0,15710.81,14471.53,0,0,1.0681677696077387,0,,0
2025-05-19,G07,Liverpool,CH05,YouTube,600.38,50597,303,367,4,0,0,15901.78,15116.7,0,0,1.0681677696077387,0,,0
2025-05-19,G07,Liverpool,CH06,Display,380.47,77295,233,274,2,0,0,15887.97,16151.87,0,0,1.0681677696077387,0,,0
2025-05-19,G08,Sheffield,CH01,Paid Search - Brand,397.59,4804,386,411,27,5,2,13859.58,13396.15,0,0,1.0681677696077387,0,,0
2025-05-19,G08,Sheffield,CH02,Paid Search - Non-Brand,882.57,13741,676,710,31,7,2,13300.18,13043.26,0,0,1.0681677696077387,0,,0
2025-05-19,G08,Sheffield,CH03,Paid Social,723.05,71541,824,834,24,5,1,13382.95,12646.7,0,0,1.0681677696077387,0,,0
2025-05-19,G08,Sheffield,CH04,LinkedIn,585.48,16791,127,156,7,1,0,14293.2,13701.13,0,0,1.0681677696077387,0,,0
2025-05-19,G08,Sheffield,CH05,YouTube,555.67,47025,302,376,5,1,0,13697.55,13204.43,0,0,1.0681677696077387,0,,0
2025-05-19,G08,Sheffield,CH06,Display,339.47,68041,196,240,2,0,0,12913.04,13715.62,0,0,1.0681677696077387,0,,0
2025-05-19,G09,Edinburgh,CH01,Paid Search - Brand,450.72,5804,496,547,37,9,2,13346.76,12649.69,0,0,1.0681677696077387,0,,0
2025-05-19,G09,Edinburgh,CH02,Paid Search - Non-Brand,901.49,13799,613,717,31,7,2,12443.08,11598.01,0,0,1.0681677696077387,0,,0
2025-05-19,G09,Edinburgh,CH03,Paid Social,736.21,71747,902,1010,33,6,2,14258.5,12660.03,0,0,1.0681677696077387,0,,0
2025-05-19,G09,Edinburgh,CH04,LinkedIn,630.51,18195,139,164,8,1,0,11222.03,11547.53,0,0,1.0681677696077387,0,,0
2025-05-19,G09,Edinburgh,CH05,YouTube,474.3,39853,244,279,4,0,0,14563.69,14052.4,0,0,1.0681677696077387,0,,0
2025-05-19,G09,Edinburgh,CH06,Display,307.27,58157,172,198,1,0,0,12634.63,11840.96,0,0,1.0681677696077387,0,,0
2025-05-19,G10,Cardiff,CH01,Paid Search - Brand,354.07,4445,379,382,25,5,1,11705.37,10915.95,0,0,1.0681677696077387,0,,0
2025-05-19,G10,Cardiff,CH02,Paid Search - Non-Brand,731.75,11389,556,578,26,9,2,11828.44,11399.31,0,0,1.0681677696077387,0,,0
2025-05-19,G10,Cardiff,CH03,Paid Social,682.6,69358,852,1047,34,9,3,11893.14,11694.55,0,0,1.0681677696077387,0,,0
2025-05-19,G10,Cardiff,CH04,LinkedIn,539.92,15266,110,136,7,1,0,10716.71,11024.6,0,0,1.0681677696077387,0,,0
2025-05-19,G10,Cardiff,CH05,YouTube,484.98,40376,220,230,3,0,0,11194.49,11523.43,0,0,1.0681677696077387,0,,0
2025-05-19,G10,Cardiff,CH06,Display,275.52,56931,175,212,2,0,0,12796.58,12558.67,0,0,1.0681677696077387,0,,0
2025-05-26,G01,London,CH01,Paid Search - Brand,977.49,12185,1117,1189,70,25,8,30103.94,30231.7,0,0,1.0557667806452522,0,,0
2025-05-26,G01,London,CH02,Paid Search - Non-Brand,2115.26,31513,1367,1396,48,12,3,28964.59,28149.77,0,0,1.0557667806452522,0,,0
2025-05-26,G01,London,CH03,Paid Social,1813.68,179547,2159,2250,61,22,6,28925.7,28081.67,0,0,1.0557667806452522,0,,0
2025-05-26,G01,London,CH04,LinkedIn,1253.53,36009,317,373,14,2,0,31732.84,30281.26,0,0,1.0557667806452522,0,,0
2025-05-26,G01,London,CH05,YouTube,1293.89,109301,621,628,11,2,0,29059.74,29120.62,0,0,1.0557667806452522,0,,0
2025-05-26,G01,London,CH06,Display,736.9,148590,448,503,5,0,0,28046.3,27415.31,0,0,1.0557667806452522,0,,0
2025-05-26,G02,Manchester,CH01,Paid Search - Brand,677.82,8507,709,722,51,18,4,23611.62,22653.77,0,0,1.0557667806452522,0,,0
2025-05-26,G02,Manchester,CH02,Paid Search - Non-Brand,1425.22,22511,1014,1154,46,16,5,24120.98,22213.78,0,0,1.0557667806452522,0,,0
2025-05-26,G02,Manchester,CH03,Paid Social,1230.67,122290,1410,1438,42,14,3,20607.94,20800.97,0,0,1.0557667806452522,0,,0
2025-05-26,G02,Manchester,CH04,LinkedIn,912.02,25979,204,251,12,2,0,19314.44,19669.84,0,0,1.0557667806452522,0,,0
2025-05-26,G02,Manchester,CH05,YouTube,794.84,66031,399,421,5,1,0,22153.82,21651.43,0,0,1.0557667806452522,0,,0
2025-05-26,G02,Manchester,CH06,Display,502.12,97671,279,311,3,0,0,19671.99,18864.44,0,0,1.0557667806452522,0,,0
2025-05-26,G03,Birmingham,CH01,Paid Search - Brand,680.92,8590,747,803,50,16,4,21681.42,20669.32,0,0,1.0557667806452522,0,,0
2025-05-26,G03,Birmingham,CH02,Paid Search - Non-Brand,1332.08,19644,907,916,31,9,2,18902.52,18515.46,0,0,1.0557667806452522,0,,0
2025-05-26,G03,Birmingham,CH03,Paid Social,1153.64,117358,1430,1451,45,11,3,18936.98,18806.29,0,0,1.0557667806452522,0,,0
2025-05-26,G03,Birmingham,CH04,LinkedIn,1000.76,28414,230,263,13,3,0,18994.35,18322.37,0,0,1.0557667806452522,0,,0
2025-05-26,G03,Birmingham,CH05,YouTube,765.43,62320,374,447,6,1,0,22824.11,22304.34,0,0,1.0557667806452522,0,,0
2025-05-26,G03,Birmingham,CH06,Display,455.49,88642,260,284,2,0,0,21293.52,22252.43,0,0,1.0557667806452522,0,,0
2025-05-26,G04,Leeds,CH01,Paid Search - Brand,492.36,5951,487,534,29,5,1,18045.24,16815.0,0,0,1.0557667806452522,0,,0
2025-05-26,G04,Leeds,CH02,Paid Search - Non-Brand,1295.1,20284,900,1054,51,13,3,16241.59,15665.64,0,0,1.0557667806452522,0,,0
2025-05-26,G04,Leeds,CH03,Paid Social,1114.78,117951,1312,1515,46,11,4,16236.09,15271.72,0,0,1.0557667806452522,0,,0
2025-05-26,G04,Leeds,CH04,LinkedIn,644.23,18376,142,157,7,1,0,15950.65,15771.9,0,0,1.0557667806452522,0,,0
2025-05-26,G04,Leeds,CH05,YouTube,638.71,50156,308,335,5,1,0,17640.78,18100.32,0,0,1.0557667806452522,0,,0
2025-05-26,G04,Leeds,CH06,Display,443.25,89441,264,287,3,1,0,15727.03,15856.44,0,0,1.0557667806452522,0,,0
2025-05-26,G05,Bristol,CH01,Paid Search - Brand,476.93,5861,458,477,35,12,2,13188.63,13367.69,0,0,1.0557667806452522,0,,0
2025-05-26,G05,Bristol,CH02,Paid Search - Non-Brand,1092.04,17299,792,931,30,9,2,15433.74,15248.45,0,0,1.0557667806452522,1,,0
2025-05-26,G05,Bristol,CH03,Paid Social,883.26,89393,1129,1356,38,13,3,15431.74,15769.09,0,0,1.0557667806452522,0,,0
2025-05-26,G05,Bristol,CH04,LinkedIn,807.4,23113,182,206,8,1,0,19729.21,19731.09,0,0,1.0557667806452522,0,,0
2025-05-26,G05,Bristol,CH05,YouTube,608.47,51105,311,352,5,1,0,16499.93,16069.2,0,0,1.0557667806452522,0,,0
2025-05-26,G05,Bristol,CH06,Display,339.79,67893,199,244,2,0,0,13062.17,13643.73,0,0,1.0557667806452522,0,,0
2025-05-26,G06,Glasgow,CH01,Paid Search - Brand,459.08,5616,444,478,36,11,4,15504.98,15068.4,0,0,1.0557667806452522,0,,0
2025-05-26,G06,Glasgow,CH02,Paid Search - Non-Brand,918.63,13728,594,659,29,9,3,14258.88,14041.08,0,0,1.0557667806452522,0,,0
2025-05-26,G06,Glasgow,CH03,Paid Social,751.98,74253,841,915,21,6,2,14350.7,13924.7,0,0,1.0557667806452522,0,,0
2025-05-26,G06,Glasgow,CH04,LinkedIn,722.53,20288,161,195,9,2,0,13422.18,13886.52,0,0,1.0557667806452522,0,,0
2025-05-26,G06,Glasgow,CH05,YouTube,688.61,56961,334,403,5,1,0,14829.14,14490.05,0,0,1.0557667806452522,0,,0
2025-05-26,G06,Glasgow,CH06,Display,348.67,69507,218,243,2,0,0,15074.23,15157.37,0,0,1.0557667806452522,0,,0
2025-05-26,G07,Liverpool,CH01,Paid Search - Brand,452.57,5860,493,562,42,10,3,13208.84,13215.52,0,0,1.0557667806452522,0,,0
2025-05-26,G07,Liverpool,CH02,Paid Search - Non-Brand,1082.41,16658,796,987,40,11,3,12906.55,12703.67,0,0,1.0557667806452522,0,,0
2025-05-26,G07,Liverpool,CH03,Paid Social,857.9,86303,972,1125,31,7,2,15834.56,14184.7,0,0,1.0557667806452522,0,,0
2025-05-26,G07,Liverpool,CH04,LinkedIn,652.53,18811,134,162,5,0,0,16346.73,16024.91,0,0,1.0557667806452522,0,,0
2025-05-26,G07,Liverpool,CH05,YouTube,550.45,46889,289,352,6,1,0,15778.49,15704.68,0,0,1.0557667806452522,0,,0
2025-05-26,G07,Liverpool,CH06,Display,366.27,74792,222,249,2,0,0,14833.31,14439.82,0,0,1.0557667806452522,0,,0
2025-05-26,G08,Sheffield,CH01,Paid Search - Brand,481.84,6198,503,539,41,11,2,12275.15,12344.75,0,0,1.0557667806452522,0,,0
2025-05-26,G08,Sheffield,CH02,Paid Search - Non-Brand,796.14,12165,571,582,27,5,1,12492.19,12516.44,0,0,1.0557667806452522,0,,0
2025-05-26,G08,Sheffield,CH03,Paid Social,785.7,78885,940,1114,34,9,3,13322.86,12788.53,0,0,1.0557667806452522,0,,0
2025-05-26,G08,Sheffield,CH04,LinkedIn,704.95,20323,158,195,9,2,0,13100.08,12810.48,0,0,1.0557667806452522,0,,0
2025-05-26,G08,Sheffield,CH05,YouTube,487.0,40759,247,279,4,1,0,12987.1,12698.19,0,0,1.0557667806452522,0,,0
2025-05-26,G08,Sheffield,CH06,Display,298.79,60571,169,189,2,0,0,12624.15,12893.26,0,0,1.0557667806452522,0,,0
2025-05-26,G09,Edinburgh,CH01,Paid Search - Brand,475.73,5939,504,582,34,8,2,12347.8,12926.01,0,0,1.0557667806452522,0,,0
2025-05-26,G09,Edinburgh,CH02,Paid Search - Non-Brand,848.67,12837,566,639,27,7,2,12581.16,11986.55,0,0,1.0557667806452522,0,,0
2025-05-26,G09,Edinburgh,CH03,Paid Social,661.84,66751,874,1068,35,11,4,13436.46,14091.68,0,0,1.0557667806452522,0,,0
2025-05-26,G09,Edinburgh,CH04,LinkedIn,559.82,16186,124,131,6,1,0,13648.9,12970.7,0,0,1.0557667806452522,0,,0
2025-05-26,G09,Edinburgh,CH05,YouTube,469.19,39529,237,240,4,1,0,13262.75,12519.14,0,0,1.0557667806452522,0,,0
2025-05-26,G09,Edinburgh,CH06,Display,296.08,57903,182,199,1,0,0,13570.54,13705.48,0,0,1.0557667806452522,0,,0
2025-05-26,G10,Cardiff,CH01,Paid Search - Brand,420.06,5155,441,511,31,6,1,13067.17,11737.78,0,0,1.0557667806452522,0,,0
2025-05-26,G10,Cardiff,CH02,Paid Search - Non-Brand,862.02,12865,594,735,26,5,1,12119.47,13261.08,0,0,1.0557667806452522,1,,0
2025-05-26,G10,Cardiff,CH03,Paid Social,639.35,65886,782,929,25,6,1,12679.85,12591.67,0,0,1.0557667806452522,0,,0
2025-05-26,G10,Cardiff,CH04,LinkedIn,590.99,16368,126,137,5,1,0,13127.15,11974.6,0,0,1.0557667806452522,0,,0
2025-05-26,G10,Cardiff,CH05,YouTube,445.38,36227,213,226,3,0,0,12889.56,12629.3,0,0,1.0557667806452522,0,,0
2025-05-26,G10,Cardiff,CH06,Display,275.88,54644,161,162,1,0,0,12157.71,11964.53,0,0,1.0557667806452522,0,,0
2025-06-02,G01,London,CH01,Paid Search - Brand,852.87,10479,945,1047,60,20,4,28452.5,28495.18,0,0,1.0425525864451044,0,,0
2025-06-02,G01,London,CH02,Paid Search - Non-Brand,2022.11,31121,1556,1886,92,24,6,27363.77,27090.94,0,0,1.0425525864451044,0,,0
2025-06-02,G01,London,CH03,Paid Social,1681.81,170170,2089,2244,61,16,5,30830.57,31214.41,0,0,1.0425525864451044,0,,0
2025-06-02,G01,London,CH04,LinkedIn,1362.74,39677,310,382,16,4,1,32285.14,31337.81,0,0,1.0425525864451044,0,,0
2025-06-02,G01,London,CH05,YouTube,1223.65,102409,621,633,9,2,0,29365.03,27760.86,0,0,1.0425525864451044,0,,0
2025-06-02,G01,London,CH06,Display,691.4,138814,409,426,4,1,0,25225.9,25455.14,0,0,1.0425525864451044,0,,0
2025-06-02,G02,Manchester,CH01,Paid Search - Brand,633.23,7883,668,677,39,10,4,22232.54,22350.17,0,0,1.0425525864451044,0,,0
2025-06-02,G02,Manchester,CH02,Paid Search - Non-Brand,1450.79,21858,1061,1201,49,16,3,18715.97,19263.2,0,0,1.0425525864451044,0,,0
2025-06-02,G02,Manchester,CH03,Paid Social,1098.59,113173,1331,1498,35,8,1,21774.01,21663.09,0,0,1.0425525864451044,0,,0
2025-06-02,G02,Manchester,CH04,LinkedIn,978.86,27856,210,241,8,2,0,20868.7,21146.42,0,0,1.0425525864451044,0,,0
2025-06-02,G02,Manchester,CH05,YouTube,766.74,63137,390,444,6,1,0,19907.65,21366.29,0,0,1.0425525864451044,0,,0
2025-06-02,G02,Manchester,CH06,Display,531.81,104716,315,368,3,0,0,21788.77,21550.44,0,0,1.0425525864451044,0,,0
2025-06-02,G03,Birmingham,CH01,Paid Search - Brand,703.89,8902,723,902,59,14,4,19629.94,19400.51,0,0,1.0425525864451044,0,,0
2025-06-02,G03,Birmingham,CH02,Paid Search - Non-Brand,1286.57,19875,854,942,32,7,1,24213.39,22886.26,0,0,1.0425525864451044,0,,0
2025-06-02,G03,Birmingham,CH03,Paid Social,1094.63,109065,1303,1325,41,7,1,21940.96,20700.01,0,0,1.0425525864451044,0,,0
2025-06-02,G03,Birmingham,CH04,LinkedIn,884.34,25625,191,211,9,1,0,19764.9,20427.34,0,0,1.0425525864451044,0,,0
2025-06-02,G03,Birmingham,CH05,YouTube,808.37,67412,407,414,6,1,0,17090.89,18233.0,0,0,1.0425525864451044,0,,0
2025-06-02,G03,Birmingham,CH06,Display,516.28,104272,329,368,3,0,0,17610.22,18655.46,0,0,1.0425525864451044,0,,0
2025-06-02,G04,Leeds,CH01,Paid Search - Brand,538.63,6621,538,664,43,12,3,15729.24,15706.61,0,0,1.0425525864451044,0,,0
2025-06-02,G04,Leeds,CH02,Paid Search - Non-Brand,1179.25,18559,814,1005,41,7,1,18314.04,18586.64,0,0,1.0425525864451044,0,,0
2025-06-02,G04,Leeds,CH03,Paid Social,922.99,92621,1149,1398,46,15,5,17769.77,16857.4,0,0,1.0425525864451044,0,,0
2025-06-02,G04,Leeds,CH04,LinkedIn,736.61,21162,161,195,7,1,0,17122.07,17294.15,0,0,1.0425525864451044,0,,0
2025-06-02,G04,Leeds,CH05,YouTube,662.75,57894,334,398,6,1,0,15221.59,15718.9,0,0,1.0425525864451044,0,,0
2025-06-02,G04,Leeds,CH06,Display,374.04,73665,202,226,1,0,0,15478.18,15753.67,0,0,1.0425525864451044,0,,0
2025-06-02,G05,Bristol,CH01,Paid Search - Brand,557.15,6975,577,599,41,12,2,15129.44,14300.62,0,0,1.0425525864451044,0,,0
2025-06-02,G05,Bristol,CH02,Paid Search - Non-Brand,1018.49,15429,681,805,29,9,2,17427.97,17363.92,0,0,1.0425525864451044,0,,0
2025-06-02,G05,Bristol,CH03,Paid Social,958.0,96096,1108,1333,31,5,2,15399.76,14726.32,0,0,1.0425525864451044,0,,0
2025-06-02,G05,Bristol,CH04,LinkedIn,775.84,21488,182,223,8,2,0,14429.02,14499.64,0,0,1.0425525864451044,0,,0
2025-06-02,G05,Bristol,CH05,YouTube,629.72,52778,292,303,4,0,0,16117.79,15972.39,0,0,1.0425525864451044,0,,0
2025-06-02,G05,Bristol,CH06,Display,367.05,74724,212,264,2,0,0,14047.69,14643.52,0,0,1.0425525864451044,0,,0
2025-06-02,G06,Glasgow,CH01,Paid Search - Brand,474.85,6064,489,598,34,12,4,14999.3,14046.1,0,0,1.0425525864451044,0,,0
2025-06-02,G06,Glasgow,CH02,Paid Search - Non-Brand,1126.15,17742,811,825,39,14,4,15431.2,15755.16,0,0,1.0425525864451044,0,,0
2025-06-02,G06,Glasgow,CH03,Paid Social,833.44,83619,1038,1038,29,5,1,14244.7,13307.08,0,0,1.0425525864451044,0,,0
2025-06-02,G06,Glasgow,CH04,LinkedIn,666.6,19490,160,188,9,1,0,14353.53,13787.02,0,0,1.0425525864451044,0,,0
2025-06-02,G06,Glasgow,CH05,YouTube,535.71,44752,258,285,4,1,0,15325.16,14258.25,0,0,1.0425525864451044,0,,0
2025-06-02,G06,Glasgow,CH06,Display,308.78,62997,194,220,1,0,0,13942.62,13299.2,0,0,1.0425525864451044,0,,0
2025-06-02,G07,Liverpool,CH01,Paid Search - Brand,463.38,6031,507,509,39,7,3,14963.3,14331.32,0,0,1.0425525864451044,0,,0
2025-06-02,G07,Liverpool,CH02,Paid Search - Non-Brand,969.22,14699,711,750,36,10,3,13154.73,13141.99,0,0,1.0425525864451044,0,,0
2025-06-02,G07,Liverpool,CH03,Paid Social,807.61,86127,997,1101,26,8,2,14461.68,14152.09,0,0,1.0425525864451044,0,,0
2025-06-02,G07,Liverpool,CH04,LinkedIn,722.13,20925,154,179,7,2,0,13746.93,14294.57,0,0,1.0425525864451044,0,,0
2025-06-02,G07,Liverpool,CH05,YouTube,540.85,44227,252,283,4,1,0,13045.44,12286.07,0,0,1.0425525864451044,0,,0
2025-06-02,G07,Liverpool,CH06,Display,348.13,67788,214,266,3,1,0,14986.37,15106.32,0,0,1.0425525864451044,0,,0
2025-06-02,G08,Sheffield,CH01,Paid Search - Brand,430.14,5437,477,506,30,7,2,10707.08,11721.86,0,0,1.0425525864451044,1,,0
2025-06-02,G08,Sheffield,CH02,Paid Search - Non-Brand,977.59,14581,591,685,23,5,1,13262.55,13269.18,0,0,1.0425525864451044,0,,0
2025-06-02,G08,Sheffield,CH03,Paid Social,671.93,68817,813,988,32,9,1,16663.98,16116.8,0,0,1.0425525864451044,0,,0
2025-06-02,G08,Sheffield,CH04,LinkedIn,583.09,16427,125,151,6,1,0,11778.15,12266.83,0,0,1.0425525864451044,1,,0
2025-06-02,G08,Sheffield,CH05,YouTube,528.25,42704,263,298,4,1,0,13451.24,13541.33,0,0,1.0425525864451044,0,,0
2025-06-02,G08,Sheffield,CH06,Display,320.17,65923,194,221,2,0,0,11161.99,11853.47,0,0,1.0425525864451044,0,,0
2025-06-02,G09,Edinburgh,CH01,Paid Search - Brand,377.35,4614,401,486,33,9,2,12649.33,12473.9,0,0,1.0425525864451044,0,,0
2025-06-02,G09,Edinburgh,CH02,Paid Search - Non-Brand,879.44,13626,609,618,26,4,1,11947.98,11407.85,0,0,1.0425525864451044,0,,0
2025-06-02,G09,Edinburgh,CH03,Paid Social,619.43,62949,767,767,22,5,1,12439.61,12601.14,0,0,1.0425525864451044,0,,0
2025-06-02,G09,Edinburgh,CH04,LinkedIn,590.61,17256,137,169,7,1,0,10158.17,10307.35,0,0,1.0425525864451044,0,,0
2025-06-02,G09,Edinburgh,CH05,YouTube,500.82,41221,246,262,3,1,0,12930.34,12348.19,0,0,1.0425525864451044,0,,0
2025-06-02,G09,Edinburgh,CH06,Display,267.32,52188,158,181,1,0,0,14227.58,13200.41,0,0,1.0425525864451044,0,,0
2025-06-02,G10,Cardiff,CH01,Paid Search - Brand,368.72,4477,406,438,23,8,2,12307.36,11740.36,0,0,1.0425525864451044,0,,0
2025-06-02,G10,Cardiff,CH02,Paid Search - Non-Brand,958.04,14855,673,728,24,8,2,12140.28,11576.4,0,0,1.0425525864451044,0,,0
2025-06-02,G10,Cardiff,CH03,Paid Social,619.78,62297,762,896,27,7,2,12507.84,12261.38,0,0,1.0425525864451044,0,,0
2025-06-02,G10,Cardiff,CH04,LinkedIn,638.84,18280,140,162,6,1,0,11568.9,11103.91,0,0,1.0425525864451044,0,,0
2025-06-02,G10,Cardiff,CH05,YouTube,452.79,37078,219,227,3,0,0,11285.09,11051.71,0,0,1.0425525864451044,0,,0
2025-06-02,G10,Cardiff,CH06,Display,282.33,55348,159,188,2,0,0,10417.82,11326.12,0,0,1.0425525864451044,0,,0
2025-06-09,G01,London,CH01,Paid Search - Brand,899.41,11122,956,1025,55,14,2,32040.18,31627.01,0,0,1.028717879714507,0,,0
2025-06-09,G01,London,CH02,Paid Search - Non-Brand,2029.33,32118,1388,1407,60,17,4,28911.53,29030.51,0,0,1.028717879714507,0,,0
2025-06-09,G01,London,CH03,Paid Social,1553.97,157208,2044,2448,67,22,5,24124.22,23890.03,0,0,1.028717879714507,0,,0
2025-06-09,G01,London,CH04,LinkedIn,1269.62,36143,283,317,13,2,0,29654.66,29833.49,0,0,1.028717879714507,0,,0
2025-06-09,G01,London,CH05,YouTube,1154.53,95612,543,667,8,2,0,31320.5,31465.23,0,0,1.028717879714507,0,,0
2025-06-09,G01,London,CH06,Display,613.65,118063,360,387,3,0,0,27076.12,26101.17,0,0,1.028717879714507,0,,0
2025-06-09,G02,Manchester,CH01,Paid Search - Brand,697.45,8800,748,916,56,12,5,18283.05,19251.5,0,0,1.028717879714507,0,,0
2025-06-09,G02,Manchester,CH02,Paid Search - Non-Brand,1338.81,20850,908,958,46,12,5,21075.55,20987.66,0,0,1.028717879714507,0,,0
2025-06-09,G02,Manchester,CH03,Paid Social,1153.34,114291,1401,1621,48,12,3,23974.72,23520.61,0,0,1.028717879714507,0,,0
2025-06-09,G02,Manchester,CH04,LinkedIn,955.01,26979,213,218,9,3,1,22067.97,21724.31,0,0,1.028717879714507,0,,0
2025-06-09,G02,Manchester,CH05,YouTube,947.92,78925,463,482,6,2,0,20552.77,19392.33,0,0,1.028717879714507,0,,0
2025-06-09,G02,Manchester,CH06,Display,508.99,102631,319,375,3,0,0,20770.46,21710.65,0,0,1.028717879714507,0,,0
2025-06-09,G03,Birmingham,CH01,Paid Search - Brand,670.67,8591,724,896,51,11,4,20162.93,18667.26,0,0,1.028717879714507,0,,0
2025-06-09,G03,Birmingham,CH02,Paid Search - Non-Brand,1335.18,20883,952,1051,44,9,2,21896.43,22699.63,0,0,1.028717879714507,0,,0
2025-06-09,G03,Birmingham,CH03,Paid Social,1171.1,117028,1307,1441,33,6,2,20379.48,20530.5,0,0,1.028717879714507,0,,0
2025-06-09,G03,Birmingham,CH04,LinkedIn,862.74,24069,195,197,7,2,0,17666.75,17774.61,0,0,1.028717879714507,0,,0
2025-06-09,G03,Birmingham,CH05,YouTube,797.46,68135,420,510,8,2,0,20947.36,18913.05,0,0,1.028717879714507,0,,0
2025-06-09,G03,Birmingham,CH06,Display,421.03,82343,251,253,2,0,0,22107.88,22302.79,0,0,1.028717879714507,0,,0
2025-06-09,G04,Leeds,CH01,Paid Search - Brand,494.73,6145,527,638,36,6,2,15426.28,15154.68,0,0,1.028717879714507,0,,0
2025-06-09,G04,Leeds,CH02,Paid Search - Non-Brand,1088.89,16489,707,825,40,11,3,13791.36,14295.51,0,0,1.028717879714507,0,,0
2025-06-09,G04,Leeds,CH03,Paid Social,960.24,96132,1148,1185,36,12,5,15483.04,16650.41,0,0,1.028717879714507,0,,0
2025-06-09,G04,Leeds,CH04,LinkedIn,673.71,19239,157,159,6,1,0,16120.05,17087.06,0,0,1.028717879714507,0,,0
2025-06-09,G04,Leeds,CH05,YouTube,726.37,61737,343,372,5,1,0,16004.39,15723.71,0,0,1.028717879714507,0,,0
2025-06-09,G04,Leeds,CH06,Display,387.48,77418,228,272,2,0,0,15963.06,15927.32,0,0,1.028717879714507,0,,0
2025-06-09,G05,Bristol,CH01,Paid Search - Brand,513.24,6348,510,577,34,7,3,14258.48,14315.59,0,0,1.028717879714507,0,,0
2025-06-09,G05,Bristol,CH02,Paid Search - Non-Brand,1105.46,17248,782,943,42,13,3,15030.68,15600.99,0,0,1.028717879714507,0,,0
2025-06-09,G05,Bristol,CH03,Paid Social,834.6,83037,994,1146,26,7,2,13912.45,14261.18,0,0,1.028717879714507,0,,0
2025-06-09,G05,Bristol,CH04,LinkedIn,624.83,18239,138,162,6,1,0,12206.74,12816.16,0,0,1.028717879714507,0,,0
2025-06-09,G05,Bristol,CH05,YouTube,562.36,45954,266,301,5,1,0,16361.16,15855.58,0,0,1.028717879714507,0,,0
2025-06-09,G05,Bristol,CH06,Display,392.85,78489,223,264,2,0,0,16029.33,15435.12,0,0,1.028717879714507,0,,0
2025-06-09,G06,Glasgow,CH01,Paid Search - Brand,446.83,5577,479,563,39,13,4,13676.96,14003.04,0,0,1.028717879714507,0,,0
2025-06-09,G06,Glasgow,CH02,Paid Search - Non-Brand,1001.1,15464,676,718,27,4,1,15949.65,15107.51,0,0,1.028717879714507,0,,0
2025-06-09,G06,Glasgow,CH03,Paid Social,774.78,75171,935,1089,30,5,1,11849.95,12421.6,0,0,1.028717879714507,1,,0
2025-06-09,G06,Glasgow,CH04,LinkedIn,681.16,19688,153,182,8,2,0,14404.37,13915.52,0,0,1.028717879714507,0,,0
2025-06-09,G06,Glasgow,CH05,YouTube,532.25,43465,267,327,4,0,0,13146.83,12428.19,0,0,1.028717879714507,0,,0
2025-06-09,G06,Glasgow,CH06,Display,338.71,66779,184,190,1,0,0,13042.34,13247.13,0,0,1.028717879714507,0,,0
2025-06-09,G07,Liverpool,CH01,Paid Search - Brand,456.74,5626,465,543,33,9,2,13296.25,13283.33,0,0,1.028717879714507,0,,0
2025-06-09,G07,Liverpool,CH02,Paid Search - Non-Brand,1202.52,18046,806,957,31,8,3,12983.16,13233.5,0,0,1.028717879714507,0,,0
2025-06-09,G07,Liverpool,CH03,Paid Social,859.94,85710,1017,1091,30,11,2,14991.63,15700.85,0,0,1.028717879714507,0,,0
2025-06-09,G07,Liverpool,CH04,LinkedIn,622.28,17619,138,148,7,2,0,14768.29,14767.12,0,0,1.028717879714507,0,,0
2025-06-09,G07,Liverpool,CH05,YouTube,590.89,50417,292,338,4,1,0,15408.02,15107.35,0,0,1.028717879714507,0,,0
2025-06-09,G07,Liverpool,CH06,Display,347.38,71255,212,248,2,0,0,16023.31,15020.12,0,0,1.028717879714507,0,,0
2025-06-09,G08,Sheffield,CH01,Paid Search - Brand,436.63,5464,450,512,35,6,2,12450.17,13083.27,0,0,1.028717879714507,0,,0
2025-06-09,G08,Sheffield,CH02,Paid Search - Non-Brand,928.25,14174,614,621,29,5,1,13785.73,13400.82,0,0,1.028717879714507,0,,0
2025-06-09,G08,Sheffield,CH03,Paid Social,742.83,74551,967,985,32,9,3,11637.49,12162.52,0,0,1.028717879714507,0,,0
2025-06-09,G08,Sheffield,CH04,LinkedIn,559.7,15702,120,142,5,1,0,12360.86,12880.11,0,0,1.028717879714507,0,,0
2025-06-09,G08,Sheffield,CH05,YouTube,503.92,41670,255,311,4,0,0,12200.68,11287.67,0,0,1.028717879714507,0,,0
2025-06-09,G08,Sheffield,CH06,Display,333.5,64964,192,232,1,0,0,12000.23,11937.29,0,0,1.028717879714507,0,,0
2025-06-09,G09,Edinburgh,CH01,Paid Search - Brand,420.2,5218,454,469,30,9,3,13936.67,13538.92,0,0,1.028717879714507,0,,0
2025-06-09,G09,Edinburgh,CH02,Paid Search - Non-Brand,802.68,12177,533,562,25,6,1,13205.74,13105.34,0,0,1.028717879714507,0,,0
2025-06-09,G09,Edinburgh,CH03,Paid Social,746.73,73118,781,813,24,6,2,12602.11,12045.53,0,0,1.028717879714507,0,,0
2025-06-09,G09,Edinburgh,CH04,LinkedIn,568.11,16258,128,153,5,1,0,12514.42,12194.3,0,0,1.028717879714507,0,,0
2025-06-09,G09,Edinburgh,CH05,YouTube,456.89,39510,239,297,5,0,0,12230.32,11764.93,0,0,1.028717879714507,0,,0
2025-06-09,G09,Edinburgh,CH06,Display,324.08,64779,200,235,1,0,0,12306.74,11760.13,0,0,1.028717879714507,0,,0
2025-06-09,G10,Cardiff,CH01,Paid Search - Brand,398.21,5093,448,488,35,8,2,11561.29,11117.42,0,0,1.028717879714507,0,,0
2025-06-09,G10,Cardiff,CH02,Paid Search - Non-Brand,777.57,11768,534,630,23,6,2,12290.83,11856.7,0,0,1.028717879714507,0,,0
2025-06-09,G10,Cardiff,CH03,Paid Social,668.52,67851,854,1024,29,10,2,11885.16,11170.7,0,0,1.028717879714507,0,,0
2025-06-09,G10,Cardiff,CH04,LinkedIn,545.21,15463,124,127,5,0,0,12143.08,11274.36,0,0,1.028717879714507,0,,0
2025-06-09,G10,Cardiff,CH05,YouTube,493.01,41445,243,296,4,1,0,12253.84,11845.3,0,0,1.028717879714507,0,,0
2025-06-09,G10,Cardiff,CH06,Display,305.1,61051,205,208,2,0,0,10539.8,10286.9,0,0,1.028717879714507,0,,0
2025-06-16,G01,London,CH01,Paid Search - Brand,813.49,10286,857,1056,71,24,9,25793.39,25065.83,0,0,1.0144644016306388,0,,0
2025-06-16,G01,London,CH02,Paid Search - Non-Brand,1881.92,29274,1332,1434,55,18,4,23695.03,25318.87,0,0,1.0144644016306388,0,,0
2025-06-16,G01,London,CH03,Paid Social,1967.49,195405,2250,2257,75,23,9,23764.86,23056.12,0,0,1.0144644016306388,0,,0
2025-06-16,G01,London,CH04,LinkedIn,1287.28,36367,286,313,13,4,0,31352.82,30342.95,0,0,1.0144644016306388,0,,0
2025-06-16,G01,London,CH05,YouTube,1126.9,93636,548,653,9,2,0,26255.75,26779.81,0,0,1.0144644016306388,1,,0
2025-06-16,G01,London,CH06,Display,786.51,159789,486,514,5,1,0,32257.91,30534.17,0,0,1.0144644016306388,0,,0
2025-06-16,G02,Manchester,CH01,Paid Search - Brand,563.82,6789,551,676,46,10,2,18736.22,19566.28,0,0,1.0144644016306388,0,,0
2025-06-16,G02,Manchester,CH02,Paid Search - Non-Brand,1413.01,21814,1028,1077,47,13,3,20581.83,20443.93,0,0,1.0144644016306388,0,,0
2025-06-16,G02,Manchester,CH03,Paid Social,1131.29,114253,1386,1405,32,7,1,19960.83,21155.38,0,0,1.0144644016306388,0,,0
2025-06-16,G02,Manchester,CH04,LinkedIn,883.64,25180,182,194,10,2,0,21391.56,21753.19,0,0,1.0144644016306388,0,,0
2025-06-16,G02,Manchester,CH05,YouTube,745.55,59563,334,361,5,1,0,17331.34,17190.6,0,0,1.0144644016306388,0,,0
2025-06-16,G02,Manchester,CH06,Display,430.62,83993,251,252,2,0,0,19272.09,20106.14,0,0,1.0144644016306388,0,,0
2025-06-16,G03,Birmingham,CH01,Paid Search - Brand,654.19,8010,726,759,43,14,3,17774.64,18112.12,0,0,1.0144644016306388,0,,0
2025-06-16,G03,Birmingham,CH02,Paid Search - Non-Brand,1485.75,22691,1051,1213,54,14,6,21071.17,21520.44,0,0,1.0144644016306388,0,,0
2025-06-16,G03,Birmingham,CH03,Paid Social,1213.4,122629,1345,1644,52,14,3,20982.75,20918.89,0,0,1.0144644016306388,0,,0
2025-06-16,G03,Birmingham,CH04,LinkedIn,951.23,27389,221,255,10,2,0,16645.89,17587.49,0,0,1.0144644016306388,0,,0
2025-06-16,G03,Birmingham,CH05,YouTube,758.05,63633,389,455,7,2,0,18653.41,19033.21,0,0,1.0144644016306388,0,,0
2025-06-16,G03,Birmingham,CH06,Display,452.6,90482,243,256,2,0,0,19829.83,19781.21,0,0,1.0144644016306388,0,,0
2025-06-16,G04,Leeds,CH01,Paid Search - Brand,467.24,5907,519,635,40,11,2,18357.1,17544.81,0,0,1.0144644016306388,0,,0
2025-06-16,G04,Leeds,CH02,Paid Search - Non-Brand,1198.4,18468,856,906,30,5,1,16266.2,15869.75,0,0,1.0144644016306388,0,,0
2025-06-16,G04,Leeds,CH03,Paid Social,831.54,82908,882,1056,28,5,1,14376.19,13886.53,0,0,1.0144644016306388,0,,0
2025-06-16,G04,Leeds,CH04,LinkedIn,773.14,22438,175,189,8,1,0,16913.74,16568.76,0,0,1.0144644016306388,0,,0
2025-06-16,G04,Leeds,CH05,YouTube,687.75,58087,345,389,6,1,0,17346.69,16149.98,0,0,1.0144644016306388,0,,0
2025-06-16,G04,Leeds,CH06,Display,359.87,70926,211,261,2,0,0,18201.43,18157.85,0,0,1.0144644016306388,0,,0
2025-06-16,G05,Bristol,CH01,Paid Search - Brand,454.57,5813,488,582,37,9,3,15422.1,15384.47,0,0,1.0144644016306388,0,,0
2025-06-16,G05,Bristol,CH02,Paid Search - Non-Brand,1148.52,17641,786,952,39,9,2,18247.51,17124.29,0,0,1.0144644016306388,0,,0
2025-06-16,G05,Bristol,CH03,Paid Social,911.48,92258,1155,1344,32,6,2,15010.19,15173.64,0,0,1.0144644016306388,0,,0
2025-06-16,G05,Bristol,CH04,LinkedIn,726.73,20658,144,144,5,1,0,13123.25,12448.77,0,0,1.0144644016306388,0,,0
2025-06-16,G05,Bristol,CH05,YouTube,546.09,43849,247,306,4,1,0,15064.1,14972.28,0,0,1.0144644016306388,0,,0
2025-06-16,G05,Bristol,CH06,Display,418.67,80212,246,277,3,0,0,13032.35,13777.97,0,0,1.0144644016306388,0,,0
2025-06-16,G06,Glasgow,CH01,Paid Search - Brand,472.9,5943,523,627,44,15,4,14406.18,14029.62,0,0,1.0144644016306388,0,,0
2025-06-16,G06,Glasgow,CH02,Paid Search - Non-Brand,843.31,13017,539,611,27,9,2,16431.19,15300.38,0,0,1.0144644016306388,0,,0
2025-06-16,G06,Glasgow,CH03,Paid Social,750.23,74939,899,1041,26,9,3,15749.9,15860.91,0,0,1.0144644016306388,0,,0
2025-06-16,G06,Glasgow,CH04,LinkedIn,572.95,16397,129,140,6,1,0,16030.99,14502.62,0,0,1.0144644016306388,0,,0
2025-06-16,G06,Glasgow,CH05,YouTube,540.87,44610,281,317,4,1,0,13864.08,13056.78,0,0,1.0144644016306388,0,,0
2025-06-16,G06,Glasgow,CH06,Display,314.77,60664,162,183,1,0,0,12957.65,13228.14,0,0,1.0144644016306388,0,,0
2025-06-16,G07,Liverpool,CH01,Paid Search - Brand,487.88,6176,520,532,35,11,2,14328.62,13815.12,0,0,1.0144644016306388,0,,0
2025-06-16,G07,Liverpool,CH02,Paid Search - Non-Brand,976.21,14829,632,709,33,9,3,14233.1,12987.14,0,0,1.0144644016306388,0,,0
2025-06-16,G07,Liverpool,CH03,Paid Social,816.56,81984,1014,1107,33,7,2,13713.09,13073.04,0,0,1.0144644016306388,0,,0
2025-06-16,G07,Liverpool,CH04,LinkedIn,582.61,16387,118,127,6,1,0,15855.17,14533.22,0,0,1.0144644016306388,0,,0
2025-06-16,G07,Liverpool,CH05,YouTube,559.14,47459,290,317,5,1,0,13835.06,13671.04,0,0,1.0144644016306388,0,,0
2025-06-16,G07,Liverpool,CH06,Display,325.28,66728,175,209,2,0,0,14522.11,14923.7,0,0,1.0144644016306388,0,,0
2025-06-16,G08,Sheffield,CH01,Paid Search - Brand,438.8,5343,440,455,34,9,2,11398.15,11009.66,0,0,1.0144644016306388,0,,0
2025-06-16,G08,Sheffield,CH02,Paid Search - Non-Brand,800.65,12327,576,606,23,5,1,12452.68,11947.11,0,0,1.0144644016306388,0,,0
2025-06-16,G08,Sheffield,CH03,Paid Social,688.44,70715,863,864,25,7,2,11784.55,11769.09,0,0,1.0144644016306388,0,,0
2025-06-16,G08,Sheffield,CH04,LinkedIn,667.61,19270,148,164,6,1,0,11823.32,12051.45,0,0,1.0144644016306388,0,,0
2025-06-16,G08,Sheffield,CH05,YouTube,491.61,40626,256,301,3,0,0,13771.02,13421.62,0,0,1.0144644016306388,0,,0
2025-06-16,G08,Sheffield,CH06,Display,284.95,57388,161,168,1,0,0,12344.42,12592.14,0,0,1.0144644016306388,0,,0
2025-06-16,G09,Edinburgh,CH01,Paid Search - Brand,386.33,4770,403,415,29,9,2,11722.38,11780.99,0,0,1.0144644016306388,0,,0
2025-06-16,G09,Edinburgh,CH02,Paid Search - Non-Brand,897.21,14008,633,728,30,8,2,12018.97,12353.91,0,0,1.0144644016306388,0,,0
2025-06-16,G09,Edinburgh,CH03,Paid Social,801.93,81411,976,1066,31,7,2,10679.24,10302.38,0,0,1.0144644016306388,0,,0
2025-06-16,G09,Edinburgh,CH04,LinkedIn,545.49,15333,124,150,5,0,0,13513.05,13017.04,0,0,1.0144644016306388,0,,0
2025-06-16,G09,Edinburgh,CH05,YouTube,470.25,40499,232,267,4,1,0,12655.16,12274.12,0,0,1.0144644016306388,0,,0
2025-06-16,G09,Edinburgh,CH06,Display,295.14,57738,180,187,2,0,0,12753.47,12903.57,0,0,1.0144644016306388,0,,0
2025-06-16,G10,Cardiff,CH01,Paid Search - Brand,402.15,4974,419,476,34,6,1,12428.99,12025.84,0,0,1.0144644016306388,0,,0
2025-06-16,G10,Cardiff,CH02,Paid Search - Non-Brand,790.51,12361,548,606,19,4,0,11173.87,10663.81,0,0,1.0144644016306388,0,,0
2025-06-16,G10,Cardiff,CH03,Paid Social,637.43,64236,799,849,27,6,1,11172.48,11395.77,0,0,1.0144644016306388,0,,0
2025-06-16,G10,Cardiff,CH04,LinkedIn,526.47,14989,122,124,5,1,0,11425.72,11714.26,0,0,1.0144644016306388,0,,0
2025-06-16,G10,Cardiff,CH05,YouTube,404.7,33276,196,215,3,0,0,11429.77,11674.7,0,0,1.0144644016306388,0,,0
2025-06-16,G10,Cardiff,CH06,Display,249.8,49765,143,148,1,0,0,11142.53,11571.41,0,0,1.0144644016306388,0,,0
2025-06-23,G01,London,CH01,Paid Search - Brand,952.84,11927,1047,1146,75,16,4,30010.57,29384.33,0,0,1.0,0,,0
2025-06-23,G01,London,CH02,Paid Search - Non-Brand,1897.95,28783,1312,1484,69,20,7,30405.42,28403.6,0,0,1.0,0,,0
2025-06-23,G01,London,CH03,Paid Social,1623.69,161744,2112,2555,58,19,5,25727.88,26746.16,0,0,1.0,0,,0
2025-06-23,G01,London,CH04,LinkedIn,1388.08,39971,322,401,16,5,1,29074.47,28133.84,0,0,1.0,0,,0
2025-06-23,G01,London,CH05,YouTube,1116.13,95761,574,609,8,2,0,26445.64,26497.0,0,0,1.0,0,,0
2025-06-23,G01,London,CH06,Display,769.21,159947,480,582,6,1,0,31315.64,32024.97,0,0,1.0,0,,0
2025-06-23,G02,Manchester,CH01,Paid Search - Brand,722.85,8749,765,793,45,9,2,21142.26,20147.78,0,0,1.0,0,,0
2025-06-23,G02,Manchester,CH02,Paid Search - Non-Brand,1380.01,20937,909,1129,50,15,3,21412.37,20105.73,0,0,1.0,0,,0
2025-06-23,G02,Manchester,CH03,Paid Social,1140.14,116331,1501,1611,50,12,2,19693.14,19009.43,0,0,1.0,0,,0
2025-06-23,G02,Manchester,CH04,LinkedIn,916.02,26173,205,212,9,2,0,21480.51,20409.22,0,0,1.0,0,,0
2025-06-23,G02,Manchester,CH05,YouTube,766.25,65516,384,391,7,2,0,19780.53,19156.37,0,0,1.0,0,,0
2025-06-23,G02,Manchester,CH06,Display,567.03,110128,298,349,3,0,0,19737.91,20424.49,0,0,1.0,0,,0
2025-06-23,G03,Birmingham,CH01,Paid Search - Brand,646.7,8144,718,724,54,12,4,20454.4,21747.35,0,0,1.0,0,,0
2025-06-23,G03,Birmingham,CH02,Paid Search - Non-Brand,1235.08,19886,863,939,33,6,2,18287.59,18348.29,0,0,1.0,0,,0
2025-06-23,G03,Birmingham,CH03,Paid Social,1105.6,114858,1318,1399,39,7,2,18344.84,18363.53,0,0,1.0,0,,0
2025-06-23,G03,Birmingham,CH04,LinkedIn,902.05,24333,185,200,7,1,0,18348.89,17741.01,0,0,1.0,0,,0
2025-06-23,G03,Birmingham,CH05,YouTube,720.58,59287,363,434,5,1,0,18900.5,18971.33,0,0,1.0,0,,0
2025-06-23,G03,Birmingham,CH06,Display,421.45,85890,236,256,3,0,0,17690.2,18257.69,0,0,1.0,0,,0
2025-06-23,G04,Leeds,CH01,Paid Search - Brand,578.26,7212,639,706,49,14,4,14277.59,14186.36,0,0,1.0,0,,0
2025-06-23,G04,Leeds,CH02,Paid Search - Non-Brand,1054.15,16549,706,812,37,8,2,15354.27,15125.47,0,0,1.0,0,,0
2025-06-23,G04,Leeds,CH03,Paid Social,902.65,92228,1066,1168,37,9,3,16725.26,16646.17,0,0,1.0,0,,0
2025-06-23,G04,Leeds,CH04,LinkedIn,696.49,20429,156,183,9,1,0,15398.75,16327.26,0,0,1.0,0,,0
2025-06-23,G04,Leeds,CH05,YouTube,762.43,61947,408,474,8,2,0,15036.44,15763.66,0,0,1.0,1,,0
2025-06-23,G04,Leeds,CH06,Display,346.96,68926,206,217,2,0,0,15385.99,14328.86,0,0,1.0,0,,0
2025-06-23,G05,Bristol,CH01,Paid Search - Brand,555.18,6796,576,716,44,10,3,15122.84,14522.05,0,0,1.0,0,,0
2025-06-23,G05,Bristol,CH02,Paid Search - Non-Brand,1123.32,17494,785,862,31,8,2,14667.68,14596.38,0,0,1.0,0,,0
2025-06-23,G05,Bristol,CH03,Paid Social,825.94,77835,948,1024,23,4,1,14672.89,14762.4,0,0,1.0,0,,0
2025-06-23,G05,Bristol,CH04,LinkedIn,695.52,19751,157,161,8,2,0,14920.96,14527.37,0,0,1.0,0,,0
2025-06-23,G05,Bristol,CH05,YouTube,583.37,49339,301,370,6,1,0,15415.98,14631.6,0,0,1.0,0,,0
2025-06-23,G05,Bristol,CH06,Display,336.75,67741,187,201,2,0,0,16429.08,16069.99,0,0,1.0,0,,0
2025-06-23,G06,Glasgow,CH01,Paid Search - Brand,486.29,5987,508,514,30,7,1,14557.08,14573.18,0,0,1.0,0,,0
2025-06-23,G06,Glasgow,CH02,Paid Search - Non-Brand,998.79,14710,655,766,28,9,1,12413.88,12374.58,0,0,1.0,0,,0
2025-06-23,G06,Glasgow,CH03,Paid Social,751.66,76098,873,1043,34,10,3,12932.21,13235.99,0,0,1.0,0,,0
2025-06-23,G06,Glasgow,CH04,LinkedIn,640.88,17681,129,158,7,1,0,11989.84,12579.16,0,0,1.0,0,,0
2025-06-23,G06,Glasgow,CH05,YouTube,599.53,50167,319,347,4,0,0,13440.85,13578.3,0,0,1.0,0,,0
2025-06-23,G06,Glasgow,CH06,Display,314.68,64948,187,229,2,0,0,14505.22,14050.13,0,0,1.0,0,,0
2025-06-23,G07,Liverpool,CH01,Paid Search - Brand,462.55,5792,499,562,40,8,2,13826.36,13842.0,0,0,1.0,0,,0
2025-06-23,G07,Liverpool,CH02,Paid Search - Non-Brand,955.04,14727,612,685,27,9,3,14883.05,14133.76,0,0,1.0,0,,0
2025-06-23,G07,Liverpool,CH03,Paid Social,697.54,69469,854,1047,27,8,2,13119.16,13358.93,0,0,1.0,0,,0
2025-06-23,G07,Liverpool,CH04,LinkedIn,607.4,17222,152,171,8,2,0,13440.9,13201.66,0,0,1.0,0,,0
2025-06-23,G07,Liverpool,CH05,YouTube,580.89,49900,283,284,3,0,0,13602.06,13856.74,0,0,1.0,0,,0
2025-06-23,G07,Liverpool,CH06,Display,303.42,60482,167,186,2,0,0,14695.33,14658.36,0,0,1.0,0,,0
2025-06-23,G08,Sheffield,CH01,Paid Search - Brand,386.88,4902,393,409,22,5,2,11545.9,11176.76,0,0,1.0,0,,0
2025-06-23,G08,Sheffield,CH02,Paid Search - Non-Brand,806.42,12249,597,660,32,7,2,13010.34,13102.18,0,0,1.0,0,,0
2025-06-23,G08,Sheffield,CH03,Paid Social,678.83,70574,813,871,28,6,1,12606.06,12104.74,0,0,1.0,0,,0
2025-06-23,G08,Sheffield,CH04,LinkedIn,557.97,16191,133,138,5,1,0,14152.73,13517.82,0,0,1.0,0,,0
2025-06-23,G08,Sheffield,CH05,YouTube,492.16,40724,249,250,3,0,0,12525.34,12889.09,0,0,1.0,0,,0
2025-06-23,G08,Sheffield,CH06,Display,326.08,66683,194,241,2,0,0,11648.26,12568.65,0,0,1.0,0,,0
2025-06-23,G09,Edinburgh,CH01,Paid Search - Brand,419.25,5165,424,499,30,7,2,12041.37,12687.29,0,0,1.0,0,,0
2025-06-23,G09,Edinburgh,CH02,Paid Search - Non-Brand,803.61,12523,552,568,24,4,1,11979.9,12478.32,0,0,1.0,0,,0
2025-06-23,G09,Edinburgh,CH03,Paid Social,709.68,69205,876,1033,30,6,1,11912.58,11604.85,0,0,1.0,0,,0
2025-06-23,G09,Edinburgh,CH04,LinkedIn,497.02,14189,118,134,7,1,0,12643.67,12362.59,0,0,1.0,0,,0
2025-06-23,G09,Edinburgh,CH05,YouTube,488.66,40786,211,240,4,1,0,12327.27,12060.13,0,0,1.0,0,,0
2025-06-23,G09,Edinburgh,CH06,Display,302.63,61548,183,201,1,0,0,11734.45,11506.67,0,0,1.0,0,,0
2025-06-23,G10,Cardiff,CH01,Paid Search - Brand,361.93,4571,417,500,31,10,2,10057.01,10730.97,0,0,1.0,0,,0
2025-06-23,G10,Cardiff,CH02,Paid Search - Non-Brand,720.68,11248,493,610,22,4,0,13093.3,12359.75,0,0,1.0,0,,0
2025-06-23,G10,Cardiff,CH03,Paid Social,614.31,61463,784,890,27,9,3,11955.41,11812.89,0,0,1.0,0,,0
2025-06-23,G10,Cardiff,CH04,LinkedIn,515.86,15112,123,150,7,1,0,10769.81,10527.49,0,0,1.0,0,,0
2025-06-23,G10,Cardiff,CH05,YouTube,466.91,37962,234,276,3,0,0,10160.72,9912.82,0,0,1.0,0,,0
2025-06-23,G10,Cardiff,CH06,Display,241.71,49783,138,146,1,0,0,10863.63,11239.02,0,0,1.0,1,,0
2025-06-30,G01,London,CH01,Paid Search - Brand,949.59,12164,964,1114,81,22,4,30644.66,28810.65,0,0,0.9855355983693612,0,,0
2025-06-30,G01,London,CH02,Paid Search - Non-Brand,2045.13,31748,1489,1738,77,21,8,28432.7,26484.4,0,0,0.9855355983693612,0,,0
2025-06-30,G01,London,CH03,Paid Social,1663.92,168118,1911,2191,59,15,3,23426.6,23995.57,0,0,0.9855355983693612,0,,0
2025-06-30,G01,London,CH04,LinkedIn,1262.22,36250,323,347,15,5,1,27565.27,28959.36,0,0,0.9855355983693612,0,,0
2025-06-30,G01,London,CH05,YouTube,1148.91,96265,593,714,10,3,1,26019.74,27363.47,0,0,0.9855355983693612,0,,0
2025-06-30,G01,London,CH06,Display,691.58,136236,416,490,4,1,0,27600.34,27721.93,0,0,0.9855355983693612,0,,0
2025-06-30,G02,Manchester,CH01,Paid Search - Brand,644.44,7937,669,835,54,10,4,16079.91,15649.76,0,0,0.9855355983693612,0,,0
2025-06-30,G02,Manchester,CH02,Paid Search - Non-Brand,1365.8,21388,979,1029,41,13,5,19152.16,19317.75,0,0,0.9855355983693612,0,,0
2025-06-30,G02,Manchester,CH03,Paid Social,1059.75,104658,1204,1383,36,7,2,20567.42,19776.46,0,0,0.9855355983693612,0,,0
2025-06-30,G02,Manchester,CH04,LinkedIn,885.65,25146,188,196,8,2,0,20433.01,19004.19,0,0,0.9855355983693612,0,,0
2025-06-30,G02,Manchester,CH05,YouTube,1862.8,152380,848,978,12,2,0,22237.14,20464.85,0,0,0.9855355983693612,0,GEO_YT_001,1
2025-06-30,G02,Manchester,CH06,Display,478.33,95350,253,301,2,0,0,18260.55,18488.01,0,0,0.9855355983693612,0,,0
2025-06-30,G03,Birmingham,CH01,Paid Search - Brand,658.1,8255,693,718,51,18,7,19274.54,19074.78,0,0,0.9855355983693612,0,,0
2025-06-30,G03,Birmingham,CH02,Paid Search - Non-Brand,1453.8,22670,1021,1070,52,18,6,17630.57,18194.52,0,0,0.9855355983693612,1,,0
2025-06-30,G03,Birmingham,CH03,Paid Social,1128.5,114449,1405,1534,44,10,3,17387.61,17179.91,0,0,0.9855355983693612,0,,0
2025-06-30,G03,Birmingham,CH04,LinkedIn,938.9,26467,211,221,11,4,0,18863.11,17760.61,0,0,0.9855355983693612,0,,0
2025-06-30,G03,Birmingham,CH05,YouTube,777.91,62247,366,454,5,0,0,19499.99,19171.08,0,0,0.9855355983693612,0,,0
2025-06-30,G03,Birmingham,CH06,Display,405.14,83012,243,296,3,0,0,17586.92,18406.53,0,0,0.9855355983693612,0,,0
2025-06-30,G04,Leeds,CH01,Paid Search - Brand,540.53,6755,562,639,44,8,2,14310.47,14747.94,0,0,0.9855355983693612,0,,0
2025-06-30,G04,Leeds,CH02,Paid Search - Non-Brand,1003.74,15505,729,839,33,11,3,17993.51,17055.33,0,0,0.9855355983693612,0,,0
2025-06-30,G04,Leeds,CH03,Paid Social,900.34,89278,1081,1209,35,13,4,19860.43,18089.27,0,0,0.9855355983693612,0,,0
2025-06-30,G04,Leeds,CH04,LinkedIn,764.03,21577,162,176,6,1,0,15377.58,15848.08,0,0,0.9855355983693612,0,,0
2025-06-30,G04,Leeds,CH05,YouTube,1507.74,123814,757,937,14,5,1,16372.46,14670.36,0,0,0.9855355983693612,0,GEO_YT_001,1
2025-06-30,G04,Leeds,CH06,Display,375.68,75210,206,222,1,0,0,16527.23,16548.78,0,0,0.9855355983693612,0,,0
2025-06-30,G05,Bristol,CH01,Paid Search - Brand,499.41,6188,464,521,40,9,3,13995.69,13399.46,0,0,0.9855355983693612,0,,0
2025-06-30,G05,Bristol,CH02,Paid Search - Non-Brand,896.83,14122,644,780,29,6,1,14653.64,13910.32,0,0,0.9855355983693612,0,,0
2025-06-30,G05,Bristol,CH03,Paid Social,905.31,88113,1042,1268,40,9,2,16125.68,15369.02,0,0,0.9855355983693612,0,,0
2025-06-30,G05,Bristol,CH04,LinkedIn,704.84,20416,149,185,9,1,0,15242.01,15087.81,0,0,0.9855355983693612,0,,0
2025-06-30,G05,Bristol,CH05,YouTube,1262.5,104255,636,735,10,3,0,15121.0,13570.75,0,0,0.9855355983693612,0,GEO_YT_001,1
2025-06-30,G05,Bristol,CH06,Display,351.47,71751,208,230,2,0,0,13600.28,14267.8,0,0,0.9855355983693612,0,,0
2025-06-30,G06,Glasgow,CH01,Paid Search - Brand,448.12,5613,471,566,41,9,2,12778.42,12911.17,0,0,0.9855355983693612,0,,0
2025-06-30,G06,Glasgow,CH02,Paid Search - Non-Brand,898.33,13554,603,687,31,8,3,14565.66,13277.28,0,0,0.9855355983693612,0,,0
2025-06-30,G06,Glasgow,CH03,Paid Social,739.95,74101,933,1140,37,8,1,15328.05,13875.4,0,0,0.9855355983693612,0,,0
2025-06-30,G06,Glasgow,CH04,LinkedIn,641.85,17995,137,139,6,1,0,15081.92,14741.6,0,0,0.9855355983693612,0,,0
2025-06-30,G06,Glasgow,CH05,YouTube,556.15,45601,261,312,5,1,0,13525.99,12923.09,0,0,0.9855355983693612,0,,0
2025-06-30,G06,Glasgow,CH06,Display,332.81,66984,210,259,2,0,0,14149.78,13280.3,0,0,0.9855355983693612,0,,0
2025-06-30,G07,Liverpool,CH01,Paid Search - Brand,474.48,5942,494,545,37,12,5,13768.53,13982.69,0,0,0.9855355983693612,0,,0
2025-06-30,G07,Liverpool,CH02,Paid Search - Non-Brand,957.62,14748,600,746,28,7,1,13519.03,13414.91,0,0,0.9855355983693612,0,,0
2025-06-30,G07,Liverpool,CH03,Paid Social,860.01,85536,1021,1231,28,9,3,15158.88,15191.7,0,0,0.9855355983693612,0,,0
2025-06-30,G07,Liverpool,CH04,LinkedIn,613.79,17657,138,149,6,2,0,13833.93,13678.49,0,0,0.9855355983693612,0,,0
2025-06-30,G07,Liverpool,CH05,YouTube,626.48,50261,296,338,5,1,0,13708.59,13155.39,0,0,0.9855355983693612,0,,0
2025-06-30,G07,Liverpool,CH06,Display,319.78,61934,179,204,1,0,0,12768.74,13713.64,0,0,0.9855355983693612,0,,0
2025-06-30,G08,Sheffield,CH01,Paid Search - Brand,387.97,4873,414,448,23,4,1,13493.5,12673.36,0,0,0.9855355983693612,0,,0
2025-06-30,G08,Sheffield,CH02,Paid Search - Non-Brand,803.57,12349,546,550,26,6,1,13568.76,12816.13,0,0,0.9855355983693612,0,,0
2025-06-30,G08,Sheffield,CH03,Paid Social,773.29,75880,954,1159,33,6,2,12359.03,12359.97,0,0,0.9855355983693612,0,,0
2025-06-30,G08,Sheffield,CH04,LinkedIn,498.12,14539,108,108,5,1,0,12967.89,12310.41,0,0,0.9855355983693612,0,,0
2025-06-30,G08,Sheffield,CH05,YouTube,482.92,38440,220,229,3,0,0,12258.95,12004.59,0,0,0.9855355983693612,0,,0
2025-06-30,G08,Sheffield,CH06,Display,310.56,63658,188,229,2,0,0,13559.41,13904.55,0,0,0.9855355983693612,0,,0
2025-06-30,G09,Edinburgh,CH01,Paid Search - Brand,377.71,4759,397,420,29,5,2,12286.07,12834.72,0,0,0.9855355983693612,0,,0
2025-06-30,G09,Edinburgh,CH02,Paid Search - Non-Brand,833.27,13151,580,708,27,6,2,12095.07,11704.67,0,0,0.9855355983693612,0,,0
2025-06-30,G09,Edinburgh,CH03,Paid Social,694.3,72428,839,943,30,5,1,11401.92,11950.86,0,0,0.9855355983693612,0,,0
2025-06-30,G09,Edinburgh,CH04,LinkedIn,540.83,15684,118,146,5,1,0,13479.92,12814.21,0,0,0.9855355983693612,0,,0
2025-06-30,G09,Edinburgh,CH05,YouTube,482.08,41142,244,250,3,0,0,12082.73,12120.75,0,0,0.9855355983693612,0,,0
2025-06-30,G09,Edinburgh,CH06,Display,253.23,51228,145,174,1,0,0,11841.82,11961.26,0,0,0.9855355983693612,0,,0
2025-06-30,G10,Cardiff,CH01,Paid Search - Brand,372.89,4630,405,475,28,7,2,12461.04,12641.83,0,0,0.9855355983693612,0,,0
2025-06-30,G10,Cardiff,CH02,Paid Search - Non-Brand,708.84,10735,459,490,18,6,2,11166.55,10782.33,0,0,0.9855355983693612,0,,0
2025-06-30,G10,Cardiff,CH03,Paid Social,659.58,65757,826,1008,23,5,1,11282.7,11820.03,0,0,0.9855355983693612,0,,0
2025-06-30,G10,Cardiff,CH04,LinkedIn,488.01,13811,110,117,4,0,0,10853.94,11271.73,0,0,0.9855355983693612,0,,0
2025-06-30,G10,Cardiff,CH05,YouTube,466.78,38952,237,257,3,1,0,10946.62,10598.55,0,0,0.9855355983693612,0,,0
2025-06-30,G10,Cardiff,CH06,Display,239.14,47297,132,160,1,0,0,10616.21,10654.67,0,0,0.9855355983693612,0,,0
2025-07-07,G01,London,CH01,Paid Search - Brand,868.83,10801,932,1023,74,16,6,27122.75,27484.7,0,0,0.9712821202854931,0,,0
2025-07-07,G01,London,CH02,Paid Search - Non-Brand,1815.79,27192,1165,1436,62,20,8,24558.4,25814.66,0,0,0.9712821202854931,0,,0
2025-07-07,G01,London,CH03,Paid Social,1367.0,135969,1679,1968,49,14,5,26021.52,25659.88,0,0,0.9712821202854931,0,,0
2025-07-07,G01,London,CH04,LinkedIn,1253.25,36267,293,349,17,5,1,27518.81,25807.56,0,0,0.9712821202854931,0,,0
2025-07-07,G01,London,CH05,YouTube,1091.41,91576,579,624,10,3,1,30382.91,27531.94,0,0,0.9712821202854931,0,,0
2025-07-07,G01,London,CH06,Display,606.84,120908,377,468,3,0,0,27698.58,26953.65,0,0,0.9712821202854931,0,,0
2025-07-07,G02,Manchester,CH01,Paid Search - Brand,704.71,8692,739,739,55,10,2,22174.03,21816.52,0,0,0.9712821202854931,0,,0
2025-07-07,G02,Manchester,CH02,Paid Search - Non-Brand,1225.29,18707,932,1069,43,8,3,20686.87,20866.93,0,0,0.9712821202854931,0,,0
2025-07-07,G02,Manchester,CH03,Paid Social,1145.79,116681,1444,1771,47,17,7,22595.35,21812.98,0,0,0.9712821202854931,0,,0
2025-07-07,G02,Manchester,CH04,LinkedIn,868.2,24851,183,217,11,3,0,17487.14,17674.59,0,0,0.9712821202854931,0,,0
2025-07-07,G02,Manchester,CH05,YouTube,1946.76,161919,1053,1258,20,6,1,22473.9,19437.39,0,0,0.9712821202854931,0,GEO_YT_001,1
2025-07-07,G02,Manchester,CH06,Display,441.13,87827,288,357,3,1,0,19501.3,19182.86,0,0,0.9712821202854931,0,,0
2025-07-07,G03,Birmingham,CH01,Paid Search - Brand,606.15,7729,668,673,48,13,4,17820.2,18990.72,0,0,0.9712821202854931,0,,0
2025-07-07,G03,Birmingham,CH02,Paid Search - Non-Brand,1397.94,21447,1021,1136,37,10,3,19069.63,18521.99,0,0,0.9712821202854931,0,,0
2025-07-07,G03,Birmingham,CH03,Paid Social,1024.86,106955,1278,1385,34,9,3,18240.53,17659.06,0,0,0.9712821202854931,0,,0
2025-07-07,G03,Birmingham,CH04,LinkedIn,718.04,20680,146,150,7,2,0,19040.43,18690.11,0,0,0.9712821202854931,0,,0
2025-07-07,G03,Birmingham,CH05,YouTube,746.94,62890,381,419,6,2,0,18229.82,17317.95,0,0,0.9712821202854931,0,,0
2025-07-07,G03,Birmingham,CH06,Display,476.38,90191,258,270,2,0,0,20432.38,19566.07,0,0,0.9712821202854931,0,,0
2025-07-07,G04,Leeds,CH01,Paid Search - Brand,451.54,5512,465,525,27,5,1,16829.01,16811.24,0,0,0.9712821202854931,0,,0
2025-07-07,G04,Leeds,CH02,Paid Search - Non-Brand,1024.36,15529,686,850,37,13,2,15933.77,15634.26,0,0,0.9712821202854931,0,,0
2025-07-07,G04,Leeds,CH03,Paid Social,892.35,88054,1076,1316,40,7,2,16235.85,16180.77,0,0,0.9712821202854931,0,,0
2025-07-07,G04,Leeds,CH04,LinkedIn,661.59,18814,146,151,7,2,0,17306.19,17408.94,0,0,0.9712821202854931,0,,0
2025-07-07,G04,Leeds,CH05,YouTube,1490.19,125247,782,859,14,2,0,17887.78,14625.28,0,0,0.9712821202854931,0,GEO_YT_001,1
2025-07-07,G04,Leeds,CH06,Display,359.17,72079,234,284,2,0,0,13327.21,13861.77,0,0,0.9712821202854931,0,,0
2025-07-07,G05,Bristol,CH01,Paid Search - Brand,482.01,6164,514,546,35,11,3,14902.8,15227.62,0,0,0.9712821202854931,0,,0
2025-07-07,G05,Bristol,CH02,Paid Search - Non-Brand,962.97,14876,709,846,33,7,2,14629.87,14014.93,0,0,0.9712821202854931,0,,0
2025-07-07,G05,Bristol,CH03,Paid Social,870.84,88857,1094,1319,41,14,4,15074.15,14526.2,0,0,0.9712821202854931,0,,0
2025-07-07,G05,Bristol,CH04,LinkedIn,648.3,18167,133,149,7,1,0,13898.85,14201.03,0,0,0.9712821202854931,0,,0
2025-07-07,G05,Bristol,CH05,YouTube,1592.41,132519,798,917,14,3,0,16363.56,14355.6,0,0,0.9712821202854931,0,GEO_YT_001,1
2025-07-07,G05,Bristol,CH06,Display,348.18,68305,220,230,2,0,0,17362.88,15839.23,0,0,0.9712821202854931,0,,0
2025-07-07,G06,Glasgow,CH01,Paid Search - Brand,421.57,5240,420,451,34,12,4,13759.56,13499.57,0,0,0.9712821202854931,0,,0
2025-07-07,G06,Glasgow,CH02,Paid Search - Non-Brand,969.01,14815,633,775,34,11,4,12101.03,11755.5,0,0,0.9712821202854931,0,,0
2025-07-07,G06,Glasgow,CH03,Paid Social,706.55,71188,837,996,27,6,1,14248.82,13030.95,0,0,0.9712821202854931,0,,0
2025-07-07,G06,Glasgow,CH04,LinkedIn,584.38,16612,134,154,7,1,0,14392.33,13323.8,0,0,0.9712821202854931,0,,0
2025-07-07,G06,Glasgow,CH05,YouTube,556.61,45463,285,328,5,1,0,14714.33,14509.99,0,0,0.9712821202854931,0,,0
2025-07-07,G06,Glasgow,CH06,Display,321.99,64107,174,179,1,0,0,14318.36,13672.47,0,0,0.9712821202854931,0,,0
2025-07-07,G07,Liverpool,CH01,Paid Search - Brand,446.51,5450,496,538,28,8,2,14336.36,14080.92,0,0,0.9712821202854931,0,,0
2025-07-07,G07,Liverpool,CH02,Paid Search - Non-Brand,1000.74,15410,663,734,32,6,2,12602.06,13477.34,0,0,0.9712821202854931,0,,0
2025-07-07,G07,Liverpool,CH03,Paid Social,827.19,83738,1052,1243,32,10,3,13751.41,13738.6,0,0,0.9712821202854931,0,,0
2025-07-07,G07,Liverpool,CH04,LinkedIn,633.73,17815,134,163,6,1,0,14034.75,13399.21,0,0,0.9712821202854931,0,,0
2025-07-07,G07,Liverpool,CH05,YouTube,524.44,42591,247,257,4,1,0,14523.03,13542.0,0,0,0.9712821202854931,0,,0
2025-07-07,G07,Liverpool,CH06,Display,317.55,62711,185,191,2,0,0,12103.83,11872.69,0,0,0.9712821202854931,0,,0
2025-07-07,G08,Sheffield,CH01,Paid Search - Brand,458.83,5862,467,533,40,11,2,13460.01,12829.51,0,0,0.9712821202854931,0,,0
2025-07-07,G08,Sheffield,CH02,Paid Search - Non-Brand,793.5,11971,521,599,22,5,1,11014.21,11758.79,0,0,0.9712821202854931,0,,0
2025-07-07,G08,Sheffield,CH03,Paid Social,643.07,62109,755,790,26,6,1,11937.4,11626.31,0,0,0.9712821202854931,0,,0
2025-07-07,G08,Sheffield,CH04,LinkedIn,536.5,15639,120,136,6,1,0,13343.03,13021.52,0,0,0.9712821202854931,0,,0
2025-07-07,G08,Sheffield,CH05,YouTube,428.28,34048,187,210,3,0,0,14632.66,14236.66,0,0,0.9712821202854931,0,,0
2025-07-07,G08,Sheffield,CH06,Display,272.44,55284,171,178,2,0,0,11679.68,11645.74,0,0,0.9712821202854931,0,,0
2025-07-07,G09,Edinburgh,CH01,Paid Search - Brand,376.52,4719,428,491,34,10,4,12247.13,12394.49,0,0,0.9712821202854931,0,,0
2025-07-07,G09,Edinburgh,CH02,Paid Search - Non-Brand,839.15,13300,585,672,23,4,1,12001.7,11562.7,0,0,0.9712821202854931,0,,0
2025-07-07,G09,Edinburgh,CH03,Paid Social,624.64,61727,782,973,24,5,2,12163.2,11561.19,0,0,0.9712821202854931,0,,0
2025-07-07,G09,Edinburgh,CH04,LinkedIn,508.2,14450,109,133,6,1,0,12015.51,11822.5,0,0,0.9712821202854931,0,,0
2025-07-07,G09,Edinburgh,CH05,YouTube,512.04,42784,245,263,4,1,0,12628.25,12187.56,0,0,0.9712821202854931,0,,0
2025-07-07,G09,Edinburgh,CH06,Display,302.9,58687,174,215,2,0,0,11769.17,11588.63,0,0,0.9712821202854931,0,,0
2025-07-07,G10,Cardiff,CH01,Paid Search - Brand,322.46,3976,322,365,27,5,2,11035.67,11101.27,0,0,0.9712821202854931,0,,0
2025-07-07,G10,Cardiff,CH02,Paid Search - Non-Brand,690.85,10949,485,502,19,4,1,9742.7,9651.78,0,0,0.9712821202854931,0,,0
2025-07-07,G10,Cardiff,CH03,Paid Social,588.23,58761,708,818,25,9,2,11129.17,9954.53,0,0,0.9712821202854931,0,,0
2025-07-07,G10,Cardiff,CH04,LinkedIn,521.96,14601,112,128,4,0,0,11031.77,10829.06,0,0,0.9712821202854931,0,,0
2025-07-07,G10,Cardiff,CH05,YouTube,465.69,37895,234,273,4,1,0,10536.7,10998.55,0,0,0.9712821202854931,0,,0
2025-07-07,G10,Cardiff,CH06,Display,262.46,50722,158,180,1,0,0,10331.31,10402.56,0,0,0.9712821202854931,0,,0
2025-07-14,G01,London,CH01,Paid Search - Brand,906.37,10997,919,1139,75,28,11,25355.64,25350.68,0,0,0.9574474135548957,0,,0
2025-07-14,G01,London,CH02,Paid Search - Non-Brand,1981.82,30997,1331,1334,44,10,3,26329.84,25776.15,0,0,0.9574474135548957,0,,0
2025-07-14,G01,London,CH03,Paid Social,1714.94,167704,2021,2098,52,18,6,22399.12,23592.7,0,0,0.9574474135548957,0,,0
2025-07-14,G01,London,CH04,LinkedIn,1204.55,32237,244,245,9,2,0,32507.57,31546.77,0,0,0.9574474135548957,0,,0
2025-07-14,G01,London,CH05,YouTube,1103.25,93418,534,660,11,3,1,24252.04,24188.69,0,0,0.9574474135548957,0,,0
2025-07-14,G01,London,CH06,Display,656.49,129852,387,474,5,1,0,25877.83,25117.9,0,0,0.9574474135548957,0,,0
2025-07-14,G02,Manchester,CH01,Paid Search - Brand,629.6,7957,684,792,50,15,4,18988.76,19176.78,0,0,0.9574474135548957,0,,0
2025-07-14,G02,Manchester,CH02,Paid Search - Non-Brand,1241.99,19679,916,981,35,10,4,15079.42,15725.54,0,0,0.9574474135548957,0,,0
2025-07-14,G02,Manchester,CH03,Paid Social,947.29,96374,1148,1230,34,9,2,20703.12,20065.97,0,0,0.9574474135548957,0,,0
2025-07-14,G02,Manchester,CH04,LinkedIn,868.07,24920,205,241,9,2,0,19950.64,19302.99,0,0,0.9574474135548957,0,,0
2025-07-14,G02,Manchester,CH05,YouTube,1979.14,166788,974,1079,14,3,0,21184.41,19077.59,0,0,0.9574474135548957,0,GEO_YT_001,1
2025-07-14,G02,Manchester,CH06,Display,477.07,96353,278,287,2,0,0,21243.14,21186.5,0,0,0.9574474135548957,0,,0
2025-07-14,G03,Birmingham,CH01,Paid Search - Brand,583.91,7245,613,639,43,9,3,17191.83,17954.58,0,0,0.9574474135548957,0,,0
2025-07-14,G03,Birmingham,CH02,Paid Search - Non-Brand,1457.46,22527,972,1067,36,11,3,16365.89,16670.73,0,0,0.9574474135548957,0,,0
2025-07-14,G03,Birmingham,CH03,Paid Social,1114.81,110997,1254,1399,41,9,3,17741.89,18384.37,0,0,0.9574474135548957,0,,0
2025-07-14,G03,Birmingham,CH04,LinkedIn,882.32,25425,206,238,11,3,0,20989.28,21111.68,0,0,0.9574474135548957,0,,0
2025-07-14,G03,Birmingham,CH05,YouTube,724.49,59880,362,425,5,0,0,17237.66,16545.4,0,0,0.9574474135548957,0,,0
2025-07-14,G03,Birmingham,CH06,Display,464.15,97726,279,343,3,1,0,18606.33,18200.84,0,0,0.9574474135548957,0,,0
2025-07-14,G04,Leeds,CH01,Paid Search - Brand,530.12,6628,542,674,41,13,4,16106.36,16495.39,0,0,0.9574474135548957,0,,0
2025-07-14,G04,Leeds,CH02,Paid Search - Non-Brand,1239.38,19181,868,914,33,6,2,18766.92,18106.96,0,0,0.9574474135548957,0,,0
2025-07-14,G04,Leeds,CH03,Paid Social,848.97,85140,1043,1232,30,7,2,15075.78,14854.54,0,0,0.9574474135548957,0,,0
2025-07-14,G04,Leeds,CH04,LinkedIn,700.74,19614,163,198,8,2,0,15447.5,15480.01,0,0,0.9574474135548957,0,,0
2025-07-14,G04,Leeds,CH05,YouTube,1388.91,114923,690,710,11,3,1,16352.27,15313.18,0,0,0.9574474135548957,0,GEO_YT_001,1
2025-07-14,G04,Leeds,CH06,Display,392.79,74100,219,224,1,0,0,14452.07,14297.93,0,0,0.9574474135548957,0,,0
2025-07-14,G05,Bristol,CH01,Paid Search - Brand,437.88,5349,420,449,31,8,3,14920.93,15251.68,0,0,0.9574474135548957,0,,0
2025-07-14,G05,Bristol,CH02,Paid Search - Non-Brand,884.2,13965,651,715,30,6,1,13097.28,12975.68,0,0,0.9574474135548957,0,,0
2025-07-14,G05,Bristol,CH03,Paid Social,907.86,91997,1073,1246,30,9,2,12089.97,11903.18,0,0,0.9574474135548957,0,,0
2025-07-14,G05,Bristol,CH04,LinkedIn,659.86,18472,140,147,7,2,0,14480.44,14742.18,0,0,0.9574474135548957,0,,0
2025-07-14,G05,Bristol,CH05,YouTube,1344.55,110349,642,676,10,2,0,16766.87,15175.78,0,0,0.9574474135548957,0,GEO_YT_001,1
2025-07-14,G05,Bristol,CH06,Display,338.11,69597,196,210,1,0,0,15978.66,15689.02,0,0,0.9574474135548957,0,,0
2025-07-14,G06,Glasgow,CH01,Paid Search - Brand,405.1,5019,395,437,30,8,3,12777.46,12238.34,0,0,0.9574474135548957,0,,0
2025-07-14,G06,Glasgow,CH02,Paid Search - Non-Brand,973.68,14879,631,740,27,6,1,13741.67,12893.08,0,0,0.9574474135548957,0,,0
2025-07-14,G06,Glasgow,CH03,Paid Social,833.32,83426,1029,1130,36,9,2,12161.72,13254.25,0,0,0.9574474135548957,0,,0
2025-07-14,G06,Glasgow,CH04,LinkedIn,651.95,18457,137,138,5,1,0,12408.71,11782.79,0,0,0.9574474135548957,0,,0
2025-07-14,G06,Glasgow,CH05,YouTube,492.16,41403,239,242,3,0,0,11096.53,11636.12,0,0,0.9574474135548957,0,,0
2025-07-14,G06,Glasgow,CH06,Display,329.22,67880,189,222,2,0,0,12886.87,13059.39,0,0,0.9574474135548957,0,,0
2025-07-14,G07,Liverpool,CH01,Paid Search - Brand,430.45,5206,460,486,27,8,2,14311.42,14166.18,0,0,0.9574474135548957,0,,0
2025-07-14,G07,Liverpool,CH02,Paid Search - Non-Brand,936.45,14127,620,668,31,9,3,13894.57,13100.04,0,0,0.9574474135548957,0,,0
2025-07-14,G07,Liverpool,CH03,Paid Social,732.22,73698,832,840,20,6,1,13823.23,12956.59,0,0,0.9574474135548957,0,,0
2025-07-14,G07,Liverpool,CH04,LinkedIn,585.91,16851,118,121,5,1,0,13662.17,13479.02,0,0,0.9574474135548957,0,,0
2025-07-14,G07,Liverpool,CH05,YouTube,547.47,47027,287,338,5,1,0,13434.73,13218.58,0,0,0.9574474135548957,0,,0
2025-07-14,G07,Liverpool,CH06,Display,323.52,65865,203,214,1,0,0,12176.16,12108.89,0,0,0.9574474135548957,0,,0
2025-07-14,G08,Sheffield,CH01,Paid Search - Brand,450.92,5706,467,517,38,14,3,11287.61,12116.73,0,0,0.9574474135548957,0,,0
2025-07-14,G08,Sheffield,CH02,Paid Search - Non-Brand,757.91,11500,464,500,18,6,1,11357.25,11362.7,0,0,0.9574474135548957,0,,0
2025-07-14,G08,Sheffield,CH03,Paid Social,585.48,57926,641,719,19,7,2,11434.16,11794.71,0,0,0.9574474135548957,0,,0
2025-07-14,G08,Sheffield,CH04,LinkedIn,556.27,15652,116,140,6,1,0,13671.35,12739.18,0,0,0.9574474135548957,0,,0
2025-07-14,G08,Sheffield,CH05,YouTube,500.38,43070,247,285,4,0,0,11557.97,11719.14,0,0,0.9574474135548957,0,,0
2025-07-14,G08,Sheffield,CH06,Display,287.9,55318,166,201,2,0,0,11524.99,11543.13,0,0,0.9574474135548957,0,,0
2025-07-14,G09,Edinburgh,CH01,Paid Search - Brand,434.51,5491,490,558,33,11,4,11381.61,10419.24,0,0,0.9574474135548957,0,,0
2025-07-14,G09,Edinburgh,CH02,Paid Search - Non-Brand,928.38,14418,628,760,36,7,2,13148.22,12143.48,0,0,0.9574474135548957,0,,0
2025-07-14,G09,Edinburgh,CH03,Paid Social,658.11,67848,738,759,22,6,2,11554.14,11472.83,0,0,0.9574474135548957,0,,0
2025-07-14,G09,Edinburgh,CH04,LinkedIn,512.7,14716,119,139,6,1,0,11988.47,11712.93,0,0,0.9574474135548957,0,,0
2025-07-14,G09,Edinburgh,CH05,YouTube,460.57,37995,224,247,3,1,0,11057.79,11048.45,0,0,0.9574474135548957,0,,0
2025-07-14,G09,Edinburgh,CH06,Display,258.18,52455,154,165,1,0,0,13559.2,13393.55,0,0,0.9574474135548957,0,,0
2025-07-14,G10,Cardiff,CH01,Paid Search - Brand,377.73,4761,402,408,26,5,1,10772.8,10682.67,0,0,0.9574474135548957,0,,0
2025-07-14,G10,Cardiff,CH02,Paid Search - Non-Brand,718.95,10920,505,565,27,5,2,11089.23,10825.96,0,0,0.9574474135548957,0,,0
2025-07-14,G10,Cardiff,CH03,Paid Social,551.24,55091,676,768,20,6,1,11763.4,11874.7,0,0,0.9574474135548957,0,,0
2025-07-14,G10,Cardiff,CH04,LinkedIn,490.41,14192,114,139,7,1,0,11536.64,10684.31,0,0,0.9574474135548957,0,,0
2025-07-14,G10,Cardiff,CH05,YouTube,427.29,35744,218,247,3,0,0,10724.93,10052.56,0,0,0.9574474135548957,0,,0
2025-07-14,G10,Cardiff,CH06,Display,267.01,54050,146,149,1,0,0,11171.5,10854.37,0,0,0.9574474135548957,0,,0
2025-07-21,G01,London,CH01,Paid Search - Brand,840.99,10478,863,1078,70,26,7,23702.22,24242.05,0,0,0.9442332193547478,0,,0
2025-07-21,G01,London,CH02,Paid Search - Non-Brand,1725.08,26620,1160,1353,65,21,4,27129.9,27370.09,0,0,0.9442332193547478,0,,0
2025-07-21,G01,London,CH03,Paid Social,1483.54,149178,1670,1697,52,13,5,32195.28,30608.09,0,0,0.9442332193547478,0,,0
2025-07-21,G01,London,CH04,LinkedIn,1426.49,42015,341,388,20,6,1,24631.43,24810.7,0,0,0.9442332193547478,0,,0
2025-07-21,G01,London,CH05,YouTube,1112.66,93642,550,643,11,2,0,23481.66,24348.57,0,0,0.9442332193547478,0,,0
2025-07-21,G01,London,CH06,Display,595.1,121350,326,334,2,0,0,28401.08,25816.97,0,0,0.9442332193547478,0,,0
2025-07-21,G02,Manchester,CH01,Paid Search - Brand,630.5,7856,683,710,42,10,4,17204.17,18279.26,0,0,0.9442332193547478,0,,0
2025-07-21,G02,Manchester,CH02,Paid Search - Non-Brand,1246.65,19237,924,1008,48,15,3,20224.43,19768.3,0,0,0.9442332193547478,0,,0
2025-07-21,G02,Manchester,CH03,Paid Social,954.48,97457,1162,1313,43,9,2,20402.33,19330.12,0,0,0.9442332193547478,0,,0
2025-07-21,G02,Manchester,CH04,LinkedIn,884.0,26101,212,263,14,2,0,16637.17,16331.88,0,0,0.9442332193547478,0,,0
2025-07-21,G02,Manchester,CH05,YouTube,1915.28,148592,907,951,12,3,1,21254.89,19416.5,0,0,0.9442332193547478,0,GEO_YT_001,1
2025-07-21,G02,Manchester,CH06,Display,482.71,97303,268,308,3,0,0,17562.56,18052.78,0,0,0.9442332193547478,0,,0
2025-07-21,G03,Birmingham,CH01,Paid Search - Brand,610.09,7621,659,710,45,10,2,19673.86,18542.81,0,0,0.9442332193547478,0,,0
2025-07-21,G03,Birmingham,CH02,Paid Search - Non-Brand,1307.73,20301,1003,1082,40,9,3,21236.78,19998.6,0,0,0.9442332193547478,0,,0
2025-07-21,G03,Birmingham,CH03,Paid Social,915.67,92300,1152,1260,40,8,3,16829.22,16359.22,0,0,0.9442332193547478,0,,0
2025-07-21,G03,Birmingham,CH04,LinkedIn,795.94,23065,177,193,9,2,0,18608.6,17814.17,0,0,0.9442332193547478,0,,0
2025-07-21,G03,Birmingham,CH05,YouTube,748.31,64209,381,439,5,1,0,16970.04,18049.43,0,0,0.9442332193547478,0,,0
2025-07-21,G03,Birmingham,CH06,Display,472.89,96052,270,322,3,0,0,16688.73,17429.87,0,0,0.9442332193547478,0,,0
2025-07-21,G04,Leeds,CH01,Paid Search - Brand,540.96,6919,640,730,48,17,3,14629.93,15852.2,0,0,0.9442332193547478,0,,0
2025-07-21,G04,Leeds,CH02,Paid Search - Non-Brand,1035.19,15817,688,725,25,5,1,16146.21,16444.48,0,0,0.9442332193547478,0,,0
2025-07-21,G04,Leeds,CH03,Paid Social,928.51,92174,1095,1117,36,9,3,13017.39,13300.61,0,0,0.9442332193547478,0,,0
2025-07-21,G04,Leeds,CH04,LinkedIn,671.4,19205,146,154,8,2,0,16904.71,15947.46,0,0,0.9442332193547478,0,,0
2025-07-21,G04,Leeds,CH05,YouTube,1491.81,127345,708,745,12,3,1,15703.23,15170.8,0,0,0.9442332193547478,0,GEO_YT_001,1
2025-07-21,G04,Leeds,CH06,Display,392.93,77111,225,261,2,0,0,14624.34,14434.34,0,0,0.9442332193547478,0,,0
2025-07-21,G05,Bristol,CH01,Paid Search - Brand,490.53,6106,553,582,43,9,2,13449.1,12892.33,0,0,0.9442332193547478,0,,0
2025-07-21,G05,Bristol,CH02,Paid Search - Non-Brand,969.18,14771,650,678,22,5,1,15688.59,15086.3,0,0,0.9442332193547478,0,,0
2025-07-21,G05,Bristol,CH03,Paid Social,817.5,78581,952,1063,34,8,1,14107.8,13510.67,0,0,0.9442332193547478,0,,0
2025-07-21,G05,Bristol,CH04,LinkedIn,611.92,17609,153,153,5,1,0,14932.5,15283.21,0,0,0.9442332193547478,0,,0
2025-07-21,G05,Bristol,CH05,YouTube,1452.07,122656,731,844,14,4,1,14138.3,13006.31,0,0,0.9442332193547478,0,GEO_YT_001,1
2025-07-21,G05,Bristol,CH06,Display,323.43,63785,188,194,2,0,0,15755.56,15486.62,0,0,0.9442332193547478,0,,0
2025-07-21,G06,Glasgow,CH01,Paid Search - Brand,417.78,5272,477,478,37,8,2,11923.1,13098.03,0,0,0.9442332193547478,0,,0
2025-07-21,G06,Glasgow,CH02,Paid Search - Non-Brand,805.88,12550,564,650,21,7,2,12683.44,11901.3,0,0,0.9442332193547478,0,,0
2025-07-21,G06,Glasgow,CH03,Paid Social,833.96,83603,942,1108,29,9,3,13240.83,12978.65,0,0,0.9442332193547478,0,,0
2025-07-21,G06,Glasgow,CH04,LinkedIn,579.44,16391,129,137,5,0,0,14073.91,13303.83,0,0,0.9442332193547478,0,,0
2025-07-21,G06,Glasgow,CH05,YouTube,480.22,40050,230,234,3,0,0,11948.26,11225.21,0,0,0.9442332193547478,0,,0
2025-07-21,G06,Glasgow,CH06,Display,297.6,58686,170,206,1,0,0,13354.81,12909.35,0,0,0.9442332193547478,0,,0
2025-07-21,G07,Liverpool,CH01,Paid Search - Brand,417.09,5307,475,498,36,10,2,11905.56,12531.46,0,0,0.9442332193547478,0,,0
2025-07-21,G07,Liverpool,CH02,Paid Search - Non-Brand,967.5,14771,686,820,30,5,1,11779.68,11317.59,0,0,0.9442332193547478,0,,0
2025-07-21,G07,Liverpool,CH03,Paid Social,834.87,82711,928,1037,27,6,1,12982.51,13044.84,0,0,0.9442332193547478,0,,0
2025-07-21,G07,Liverpool,CH04,LinkedIn,674.56,19060,158,169,7,1,0,13615.67,13919.8,0,0,0.9442332193547478,0,,0
2025-07-21,G07,Liverpool,CH05,YouTube,565.26,46854,272,307,4,1,0,16049.96,15563.35,0,0,0.9442332193547478,0,,0
2025-07-21,G07,Liverpool,CH06,Display,286.06,58813,165,199,2,0,0,12508.76,13663.99,0,0,0.9442332193547478,0,,0
2025-07-21,G08,Sheffield,CH01,Paid Search - Brand,362.66,4576,408,491,28,6,2,11993.72,12408.21,0,0,0.9442332193547478,0,,0
2025-07-21,G08,Sheffield,CH02,Paid Search - Non-Brand,796.65,11938,570,696,23,6,2,12076.07,12266.02,0,0,0.9442332193547478,0,,0
2025-07-21,G08,Sheffield,CH03,Paid Social,667.6,66341,782,856,20,4,1,10276.8,11080.22,0,0,0.9442332193547478,0,,0
2025-07-21,G08,Sheffield,CH04,LinkedIn,507.65,14293,116,143,7,1,0,11002.79,10875.06,0,0,0.9442332193547478,0,,0
2025-07-21,G08,Sheffield,CH05,YouTube,451.38,37046,219,233,3,0,0,10914.2,11522.85,0,0,0.9442332193547478,0,,0
2025-07-21,G08,Sheffield,CH06,Display,283.81,57582,176,219,2,0,0,12784.7,12235.79,0,0,0.9442332193547478,0,,0
2025-07-21,G09,Edinburgh,CH01,Paid Search - Brand,412.74,5239,436,500,32,11,2,11802.87,11280.05,0,0,0.9442332193547478,0,,0
2025-07-21,G09,Edinburgh,CH02,Paid Search - Non-Brand,831.05,12954,597,609,25,4,1,11882.08,11601.74,0,0,0.9442332193547478,0,,0
2025-07-21,G09,Edinburgh,CH03,Paid Social,590.46,59421,699,705,16,5,2,12039.79,11630.79,0,0,0.9442332193547478,0,,0
2025-07-21,G09,Edinburgh,CH04,LinkedIn,578.18,16057,126,127,5,1,0,9972.73,10238.24,0,0,0.9442332193547478,0,,0
2025-07-21,G09,Edinburgh,CH05,YouTube,455.06,39011,230,235,3,1,0,10543.13,10361.66,0,0,0.9442332193547478,0,,0
2025-07-21,G09,Edinburgh,CH06,Display,298.24,61372,184,212,2,0,0,10549.22,10149.0,0,0,0.9442332193547478,0,,0
2025-07-21,G10,Cardiff,CH01,Paid Search - Brand,379.81,4680,407,420,31,10,4,10282.46,10457.12,0,0,0.9442332193547478,0,,0
2025-07-21,G10,Cardiff,CH02,Paid Search - Non-Brand,708.83,11049,482,599,20,7,2,10159.0,9804.01,0,0,0.9442332193547478,0,,0
2025-07-21,G10,Cardiff,CH03,Paid Social,529.01,53769,620,698,16,5,1,10733.13,10212.4,0,0,0.9442332193547478,0,,0
2025-07-21,G10,Cardiff,CH04,LinkedIn,485.69,14025,113,114,4,0,0,11199.19,10937.86,0,0,0.9442332193547478,0,,0
2025-07-21,G10,Cardiff,CH05,YouTube,393.08,32586,198,229,4,1,0,11718.4,11136.42,0,0,0.9442332193547478,0,,0
2025-07-21,G10,Cardiff,CH06,Display,284.25,56331,176,216,2,0,0,9148.01,10429.47,0,0,0.9442332193547478,1,,0
2025-07-28,G01,London,CH01,Paid Search - Brand,933.14,11501,922,1027,77,25,5,25932.63,25111.05,0,0,0.9318322303922614,0,,0
2025-07-28,G01,London,CH02,Paid Search - Non-Brand,1931.25,29682,1408,1733,71,24,10,25069.12,24873.28,0,0,0.9318322303922614,0,,0
2025-07-28,G01,London,CH03,Paid Social,1442.97,149012,1983,2137,66,19,6,25643.84,24375.46,0,0,0.9318322303922614,0,,0
2025-07-28,G01,London,CH04,LinkedIn,1212.36,35183,266,331,12,3,0,27963.89,24170.82,0,0,0.9318322303922614,0,,0
2025-07-28,G01,London,CH05,YouTube,933.96,81349,483,592,8,2,0,25941.65,26069.74,0,0,0.9318322303922614,0,,0
2025-07-28,G01,London,CH06,Display,626.51,127405,411,453,4,0,0,29595.67,28345.64,0,0,0.9318322303922614,0,,0
2025-07-28,G02,Manchester,CH01,Paid Search - Brand,509.9,6468,545,587,42,14,4,18190.2,17549.42,0,0,0.9318322303922614,0,,0
2025-07-28,G02,Manchester,CH02,Paid Search - Non-Brand,1330.73,20547,960,1002,40,14,4,20196.59,20710.36,0,0,0.9318322303922614,0,,0
2025-07-28,G02,Manchester,CH03,Paid Social,1087.35,110378,1334,1601,50,11,3,19058.19,18123.24,0,0,0.9318322303922614,0,,0
2025-07-28,G02,Manchester,CH04,LinkedIn,896.87,25494,181,188,6,1,0,20573.72,20609.45,0,0,0.9318322303922614,0,,0
2025-07-28,G02,Manchester,CH05,YouTube,1013.2,85212,482,496,6,1,0,19830.42,18058.46,0,0,0.9318322303922614,0,GEO_YT_001,1
2025-07-28,G02,Manchester,CH06,Display,476.87,92401,268,306,3,1,0,19052.21,19182.17,0,0,0.9318322303922614,0,,0
2025-07-28,G03,Birmingham,CH01,Paid Search - Brand,572.07,7081,589,722,44,12,4,17334.25,17648.23,0,0,0.9318322303922614,1,,0
2025-07-28,G03,Birmingham,CH02,Paid Search - Non-Brand,1411.49,21674,972,1152,41,14,5,18051.77,16889.77,0,0,0.9318322303922614,0,,0
2025-07-28,G03,Birmingham,CH03,Paid Social,1083.1,108585,1286,1379,43,7,2,18480.8,18098.61,0,0,0.9318322303922614,0,,0
2025-07-28,G03,Birmingham,CH04,LinkedIn,867.64,24712,178,195,8,1,0,20913.15,19260.2,0,0,0.9318322303922614,0,,0
2025-07-28,G03,Birmingham,CH05,YouTube,657.92,56283,322,372,5,1,0,15929.16,16034.47,0,0,0.9318322303922614,0,,0
2025-07-28,G03,Birmingham,CH06,Display,408.49,79520,213,218,1,0,0,17272.13,17065.1,0,0,0.9318322303922614,0,,0
2025-07-28,G04,Leeds,CH01,Paid Search - Brand,457.88,5657,465,548,40,10,4,13606.7,13623.62,0,0,0.9318322303922614,0,,0
2025-07-28,G04,Leeds,CH02,Paid Search - Non-Brand,1038.57,16248,749,907,35,13,2,14669.96,15557.04,0,0,0.9318322303922614,0,,0
2025-07-28,G04,Leeds,CH03,Paid Social,788.48,79474,940,1062,28,8,2,12191.89,12960.48,0,0,0.9318322303922614,0,,0
2025-07-28,G04,Leeds,CH04,LinkedIn,665.51,18822,149,173,6,2,0,14170.73,13880.98,0,0,0.9318322303922614,0,,0
2025-07-28,G04,Leeds,CH05,YouTube,670.15,54509,303,309,3,0,0,16028.5,15221.8,0,0,0.9318322303922614,0,GEO_YT_001,1
2025-07-28,G04,Leeds,CH06,Display,397.28,77705,233,259,2,0,0,14594.3,14911.53,0,0,0.9318322303922614,0,,0
2025-07-28,G05,Bristol,CH01,Paid Search - Brand,503.12,6376,511,514,29,7,2,16087.42,15252.8,0,0,0.9318322303922614,0,,0
2025-07-28,G05,Bristol,CH02,Paid Search - Non-Brand,1118.62,16798,724,816,36,9,2,14601.77,14554.91,0,0,0.9318322303922614,0,,0
2025-07-28,G05,Bristol,CH03,Paid Social,696.2,72386,851,1013,26,6,1,14252.2,13489.35,0,0,0.9318322303922614,0,,0
2025-07-28,G05,Bristol,CH04,LinkedIn,573.17,16621,126,146,5,1,0,14436.94,13421.2,0,0,0.9318322303922614,0,,0
2025-07-28,G05,Bristol,CH05,YouTube,719.19,60299,391,438,7,1,0,14905.71,13528.8,0,0,0.9318322303922614,0,GEO_YT_001,1
2025-07-28,G05,Bristol,CH06,Display,312.16,60625,169,204,2,0,0,13045.72,13755.19,0,0,0.9318322303922614,0,,0
2025-07-28,G06,Glasgow,CH01,Paid Search - Brand,434.3,5345,481,514,28,8,1,14233.61,13512.69,0,0,0.9318322303922614,0,,0
2025-07-28,G06,Glasgow,CH02,Paid Search - Non-Brand,839.49,12663,569,576,21,7,1,12856.76,12767.61,0,0,0.9318322303922614,0,,0
2025-07-28,G06,Glasgow,CH03,Paid Social,708.76,69175,825,1002,27,8,2,12070.27,11359.96,0,0,0.9318322303922614,0,,0
2025-07-28,G06,Glasgow,CH04,LinkedIn,563.12,15834,130,137,7,2,0,12006.55,11560.58,0,0,0.9318322303922614,0,,0
2025-07-28,G06,Glasgow,CH05,YouTube,537.49,44733,272,312,4,1,0,14966.43,13530.56,0,0,0.9318322303922614,0,,0
2025-07-28,G06,Glasgow,CH06,Display,335.7,66065,189,190,1,0,0,11770.5,11908.15,0,0,0.9318322303922614,0,,0
2025-07-28,G07,Liverpool,CH01,Paid Search - Brand,419.41,5155,431,453,31,6,1,14235.23,14360.67,0,0,0.9318322303922614,0,,0
2025-07-28,G07,Liverpool,CH02,Paid Search - Non-Brand,1008.71,15940,687,756,29,8,3,11689.25,11715.23,0,0,0.9318322303922614,0,,0
2025-07-28,G07,Liverpool,CH03,Paid Social,752.54,74914,918,953,30,11,3,12468.39,12557.97,0,0,0.9318322303922614,0,,0
2025-07-28,G07,Liverpool,CH04,LinkedIn,555.3,16072,130,133,4,1,0,12689.51,12867.98,0,0,0.9318322303922614,0,,0
2025-07-28,G07,Liverpool,CH05,YouTube,489.42,41085,251,301,4,1,0,13222.23,13473.97,0,0,0.9318322303922614,0,,0
2025-07-28,G07,Liverpool,CH06,Display,323.08,63188,187,217,2,0,0,11868.65,11636.21,0,0,0.9318322303922614,0,,0
2025-07-28,G08,Sheffield,CH01,Paid Search - Brand,345.07,4013,347,362,26,5,1,10658.72,10664.63,0,0,0.9318322303922614,0,,0
2025-07-28,G08,Sheffield,CH02,Paid Search - Non-Brand,899.41,13644,636,783,36,12,2,11828.54,11430.95,0,0,0.9318322303922614,0,,0
2025-07-28,G08,Sheffield,CH03,Paid Social,620.2,61763,711,862,22,7,2,12466.57,11773.41,0,0,0.9318322303922614,0,,0
2025-07-28,G08,Sheffield,CH04,LinkedIn,513.18,14276,117,145,7,2,0,10735.3,12252.33,0,0,0.9318322303922614,1,,0
2025-07-28,G08,Sheffield,CH05,YouTube,440.06,36274,206,254,3,0,0,11568.39,11491.9,0,0,0.9318322303922614,0,,0
2025-07-28,G08,Sheffield,CH06,Display,249.3,51205,156,156,1,0,0,11855.15,11143.72,0,0,0.9318322303922614,0,,0
2025-07-28,G09,Edinburgh,CH01,Paid Search - Brand,372.29,4718,390,449,26,6,2,10502.33,10975.16,0,0,0.9318322303922614,0,,0
2025-07-28,G09,Edinburgh,CH02,Paid Search - Non-Brand,746.77,11299,537,650,30,7,2,10323.02,10496.77,0,0,0.9318322303922614,0,,0
2025-07-28,G09,Edinburgh,CH03,Paid Social,591.49,60775,660,757,17,3,0,12911.09,12285.43,0,0,0.9318322303922614,0,,0
2025-07-28,G09,Edinburgh,CH04,LinkedIn,536.54,14852,118,126,6,1,0,11547.25,11115.94,0,0,0.9318322303922614,0,,0
2025-07-28,G09,Edinburgh,CH05,YouTube,485.17,40775,225,271,4,1,0,11530.4,11847.71,0,0,0.9318322303922614,0,,0
2025-07-28,G09,Edinburgh,CH06,Display,295.59,60193,182,212,1,0,0,11908.88,12000.46,0,0,0.9318322303922614,0,,0
2025-07-28,G10,Cardiff,CH01,Paid Search - Brand,336.0,4244,360,401,23,7,2,9763.52,9371.69,0,0,0.9318322303922614,0,,0
2025-07-28,G10,Cardiff,CH02,Paid Search - Non-Brand,687.61,10635,459,539,22,6,1,10999.53,10156.46,0,0,0.9318322303922614,0,,0
2025-07-28,G10,Cardiff,CH03,Paid Social,570.75,55438,637,705,17,3,0,8855.53,9219.06,0,0,0.9318322303922614,0,,0
2025-07-28,G10,Cardiff,CH04,LinkedIn,472.19,13875,112,138,6,1,0,10510.83,10504.58,0,0,0.9318322303922614,0,,0
2025-07-28,G10,Cardiff,CH05,YouTube,497.06,40884,230,259,3,1,0,9933.9,10136.83,0,0,0.9318322303922614,0,,0
2025-07-28,G10,Cardiff,CH06,Display,253.74,49910,147,150,1,0,0,10766.29,10752.0,0,0,0.9318322303922614,0,,0
2025-08-04,G01,London,CH01,Paid Search - Brand,868.39,10619,919,1093,67,15,6,25149.96,25850.07,0,0,0.9204252810111047,0,,0
2025-08-04,G01,London,CH02,Paid Search - Non-Brand,1827.52,27722,1207,1354,51,13,2,24221.64,24181.28,0,0,0.9204252810111047,0,,0
2025-08-04,G01,London,CH03,Paid Social,1349.03,133234,1514,1636,45,10,3,28509.32,28037.32,0,0,0.9204252810111047,0,,0
2025-08-04,G01,London,CH04,LinkedIn,969.81,28666,225,239,10,3,1,28082.31,24852.11,0,0,0.9204252810111047,0,,0
2025-08-04,G01,London,CH05,YouTube,1174.09,96890,533,635,10,3,0,24333.52,24744.57,0,0,0.9204252810111047,0,,0
2025-08-04,G01,London,CH06,Display,561.3,111774,352,388,4,1,0,24228.18,24878.05,0,0,0.9204252810111047,0,,0
2025-08-04,G02,Manchester,CH01,Paid Search - Brand,585.98,7308,661,732,55,11,4,17054.69,17370.1,0,0,0.9204252810111047,0,,0
2025-08-04,G02,Manchester,CH02,Paid Search - Non-Brand,1292.95,19469,783,936,44,12,4,19108.51,20717.75,0,0,0.9204252810111047,0,,0
2025-08-04,G02,Manchester,CH03,Paid Social,982.12,97308,1114,1212,38,9,2,16521.18,15292.16,0,0,0.9204252810111047,0,,0
2025-08-04,G02,Manchester,CH04,LinkedIn,807.21,22348,168,193,8,2,0,16079.79,17673.27,0,0,0.9204252810111047,0,,0
2025-08-04,G02,Manchester,CH05,YouTube,752.99,62710,391,391,4,1,0,18070.27,18324.2,0,0,0.9204252810111047,0,,0
2025-08-04,G02,Manchester,CH06,Display,403.58,81895,224,254,2,0,0,20677.41,19051.03,0,0,0.9204252810111047,0,,0
2025-08-04,G03,Birmingham,CH01,Paid Search - Brand,556.39,6668,556,688,48,17,5,17678.03,17364.1,0,0,0.9204252810111047,0,,0
2025-08-04,G03,Birmingham,CH02,Paid Search - Non-Brand,1179.73,18505,868,1066,41,7,2,16606.86,17901.27,0,0,0.9204252810111047,1,,0
2025-08-04,G03,Birmingham,CH03,Paid Social,953.13,95233,1091,1261,35,11,4,18071.26,19478.41,0,0,0.9204252810111047,0,,0
2025-08-04,G03,Birmingham,CH04,LinkedIn,893.82,25975,210,238,9,2,0,17509.71,17630.12,0,0,0.9204252810111047,0,,0
2025-08-04,G03,Birmingham,CH05,YouTube,730.01,61940,360,428,6,1,0,19099.77,18674.39,0,0,0.9204252810111047,0,,0
2025-08-04,G03,Birmingham,CH06,Display,469.95,92503,300,326,3,1,0,17801.66,17243.73,0,0,0.9204252810111047,0,,0
2025-08-04,G04,Leeds,CH01,Paid Search - Brand,454.1,5711,464,498,31,8,2,14754.03,14346.32,0,0,0.9204252810111047,0,,0
2025-08-04,G04,Leeds,CH02,Paid Search - Non-Brand,1042.01,15977,663,674,28,6,1,14061.0,13840.65,0,0,0.9204252810111047,0,,0
2025-08-04,G04,Leeds,CH03,Paid Social,818.84,82134,969,969,27,5,1,14453.89,14852.34,0,0,0.9204252810111047,0,,0
2025-08-04,G04,Leeds,CH04,LinkedIn,671.83,19006,146,159,6,1,0,13785.27,13540.82,0,0,0.9204252810111047,0,,0
2025-08-04,G04,Leeds,CH05,YouTube,571.53,48057,291,315,3,0,0,14688.04,14141.7,0,0,0.9204252810111047,0,,0
2025-08-04,G04,Leeds,CH06,Display,333.8,66230,201,206,1,0,0,15523.81,15732.39,0,0,0.9204252810111047,0,,0
2025-08-04,G05,Bristol,CH01,Paid Search - Brand,426.31,5426,487,526,30,9,3,15595.21,14993.6,0,0,0.9204252810111047,0,,0
2025-08-04,G05,Bristol,CH02,Paid Search - Non-Brand,904.4,13842,592,624,22,6,1,13892.0,13356.28,0,0,0.9204252810111047,0,,0
2025-08-04,G05,Bristol,CH03,Paid Social,673.51,67303,821,839,26,5,2,15222.79,15320.3,0,0,0.9204252810111047,0,,0
2025-08-04,G05,Bristol,CH04,LinkedIn,589.3,16799,140,153,7,1,0,11241.31,11722.64,0,0,0.9204252810111047,0,,0
2025-08-04,G05,Bristol,CH05,YouTube,540.14,45388,267,318,5,1,0,13168.57,13367.42,0,0,0.9204252810111047,0,,0
2025-08-04,G05,Bristol,CH06,Display,278.69,57104,179,180,1,0,0,13048.17,13118.03,0,0,0.9204252810111047,0,,0
2025-08-04,G06,Glasgow,CH01,Paid Search - Brand,415.08,5280,447,479,37,10,3,12152.2,12618.44,0,0,0.9204252810111047,0,,0
2025-08-04,G06,Glasgow,CH02,Paid Search - Non-Brand,817.11,12834,586,608,28,9,3,12560.4,12578.34,0,0,0.9204252810111047,0,,0
2025-08-04,G06,Glasgow,CH03,Paid Social,744.09,73798,922,1126,25,9,3,13941.85,13505.04,0,0,0.9204252810111047,0,,0
2025-08-04,G06,Glasgow,CH04,LinkedIn,532.57,15449,121,124,4,1,0,13393.96,12878.1,0,0,0.9204252810111047,0,,0
2025-08-04,G06,Glasgow,CH05,YouTube,500.04,42096,269,270,3,0,0,11858.48,12073.15,0,0,0.9204252810111047,0,,0
2025-08-04,G06,Glasgow,CH06,Display,295.09,59687,170,204,2,0,0,10929.73,11181.66,0,0,0.9204252810111047,0,,0
2025-08-04,G07,Liverpool,CH01,Paid Search - Brand,427.22,5432,449,493,36,12,5,12600.48,11852.93,0,0,0.9204252810111047,0,,0
2025-08-04,G07,Liverpool,CH02,Paid Search - Non-Brand,920.11,13936,646,802,28,9,3,10751.92,11469.01,0,0,0.9204252810111047,1,,0
2025-08-04,G07,Liverpool,CH03,Paid Social,649.26,64514,800,987,22,5,1,12033.37,11697.45,0,0,0.9204252810111047,0,,0
2025-08-04,G07,Liverpool,CH04,LinkedIn,546.53,15557,120,124,5,1,0,12689.91,12174.61,0,0,0.9204252810111047,0,,0
2025-08-04,G07,Liverpool,CH05,YouTube,509.73,41398,236,251,3,0,0,13042.13,13510.47,0,0,0.9204252810111047,0,,0
2025-08-04,G07,Liverpool,CH06,Display,310.76,62671,173,212,1,0,0,13800.29,13567.57,0,0,0.9204252810111047,0,,0
2025-08-04,G08,Sheffield,CH01,Paid Search - Brand,383.05,4763,398,477,28,8,3,10294.87,10289.7,0,0,0.9204252810111047,0,,0
2025-08-04,G08,Sheffield,CH02,Paid Search - Non-Brand,753.15,11617,521,586,22,5,1,11503.62,11211.92,0,0,0.9204252810111047,0,,0
2025-08-04,G08,Sheffield,CH03,Paid Social,628.07,65044,792,792,24,8,2,12524.57,12466.86,0,0,0.9204252810111047,0,,0
2025-08-04,G08,Sheffield,CH04,LinkedIn,511.1,14526,106,117,5,1,0,12933.75,12325.98,0,0,0.9204252810111047,0,,0
2025-08-04,G08,Sheffield,CH05,YouTube,423.1,35911,229,275,3,0,0,11676.49,11607.52,0,0,0.9204252810111047,0,,0
2025-08-04,G08,Sheffield,CH06,Display,277.45,54370,171,183,1,0,0,11730.57,11230.56,0,0,0.9204252810111047,0,,0
2025-08-04,G09,Edinburgh,CH01,Paid Search - Brand,368.02,4705,414,471,26,6,1,11538.5,10652.72,0,0,0.9204252810111047,0,,0
2025-08-04,G09,Edinburgh,CH02,Paid Search - Non-Brand,771.24,11942,531,540,19,3,1,12369.48,12251.41,0,0,0.9204252810111047,0,,0
2025-08-04,G09,Edinburgh,CH03,Paid Social,661.57,64294,728,763,24,6,1,11335.18,10939.75,0,0,0.9204252810111047,0,,0
2025-08-04,G09,Edinburgh,CH04,LinkedIn,464.3,13493,96,97,5,1,0,12199.11,11279.12,0,0,0.9204252810111047,0,,0
2025-08-04,G09,Edinburgh,CH05,YouTube,426.59,34549,211,223,3,0,0,10302.96,10023.23,0,0,0.9204252810111047,0,,0
2025-08-04,G09,Edinburgh,CH06,Display,233.53,47340,149,149,1,0,0,10962.13,10806.83,0,0,0.9204252810111047,0,,0
2025-08-04,G10,Cardiff,CH01,Paid Search - Brand,326.36,3961,329,406,22,6,1,10703.06,10070.0,0,0,0.9204252810111047,0,,0
2025-08-04,G10,Cardiff,CH02,Paid Search - Non-Brand,681.57,10803,473,555,23,4,1,10780.36,10603.51,0,0,0.9204252810111047,0,,0
2025-08-04,G10,Cardiff,CH03,Paid Social,566.12,57593,681,692,17,4,1,9806.26,9773.06,0,0,0.9204252810111047,0,,0
2025-08-04,G10,Cardiff,CH04,LinkedIn,533.27,15336,115,119,4,0,0,10396.18,9997.63,0,0,0.9204252810111047,0,,0
2025-08-04,G10,Cardiff,CH05,YouTube,403.77,33717,204,246,3,0,0,11010.79,11266.34,0,0,0.9204252810111047,0,,0
2025-08-04,G10,Cardiff,CH06,Display,248.39,49674,146,179,2,0,0,10088.07,10221.13,0,0,0.9204252810111047,0,,0
2025-08-11,G01,London,CH01,Paid Search - Brand,797.14,9866,872,952,69,19,7,24552.93,25324.66,0,0,0.9101787102194678,0,,0
2025-08-11,G01,London,CH02,Paid Search - Non-Brand,1799.97,28523,1300,1457,62,14,5,28064.59,27093.24,0,0,0.9101787102194678,0,,0
2025-08-11,G01,London,CH03,Paid Social,1471.71,145803,1811,2145,66,22,9,29390.95,28221.69,0,0,0.9101787102194678,0,,0
2025-08-11,G01,London,CH04,LinkedIn,1292.59,36746,277,293,13,3,0,27092.46,26752.91,0,0,0.9101787102194678,0,,0
2025-08-11,G01,London,CH05,YouTube,1090.45,92242,573,599,9,2,0,22994.36,23089.97,0,0,0.9101787102194678,0,,0
2025-08-11,G01,London,CH06,Display,514.33,101990,302,318,3,0,0,26600.64,26307.53,0,0,0.9101787102194678,0,,0
2025-08-11,G02,Manchester,CH01,Paid Search - Brand,612.34,7610,624,694,44,15,6,19307.13,19262.36,0,0,0.9101787102194678,0,,0
2025-08-11,G02,Manchester,CH02,Paid Search - Non-Brand,1375.1,20734,1004,1178,56,13,3,17272.0,17394.53,0,0,0.9101787102194678,0,,0
2025-08-11,G02,Manchester,CH03,Paid Social,1007.99,100121,1212,1274,37,7,2,19803.07,18498.52,0,0,0.9101787102194678,0,,0
2025-08-11,G02,Manchester,CH04,LinkedIn,789.51,21987,180,208,9,1,0,19024.02,18170.6,0,0,0.9101787102194678,0,,0
2025-08-11,G02,Manchester,CH05,YouTube,702.63,57967,346,355,4,1,0,19172.77,20016.87,0,0,0.9101787102194678,0,,0
2025-08-11,G02,Manchester,CH06,Display,481.81,98148,280,347,3,0,0,18435.79,18814.03,0,0,0.9101787102194678,0,,0
2025-08-11,G03,Birmingham,CH01,Paid Search - Brand,523.33,6510,579,592,45,16,3,15959.69,16104.18,0,0,0.9101787102194678,0,,0
2025-08-11,G03,Birmingham,CH02,Paid Search - Non-Brand,1140.73,17327,802,932,36,7,2,16631.85,16322.36,0,0,0.9101787102194678,0,,0
2025-08-11,G03,Birmingham,CH03,Paid Social,939.14,94018,1018,1204,34,6,2,15393.8,15379.8,0,0,0.9101787102194678,0,,0
2025-08-11,G03,Birmingham,CH04,LinkedIn,835.01,23913,188,197,7,1,0,18025.73,18136.56,0,0,0.9101787102194678,0,,0
2025-08-11,G03,Birmingham,CH05,YouTube,699.01,56624,340,342,4,1,0,14149.6,13587.64,0,0,0.9101787102194678,0,,0
2025-08-11,G03,Birmingham,CH06,Display,389.12,79409,249,264,2,0,0,17801.37,18003.42,0,0,0.9101787102194678,0,,0
2025-08-11,G04,Leeds,CH01,Paid Search - Brand,447.73,5533,461,515,28,5,1,13155.79,13639.98,0,0,0.9101787102194678,0,,0
2025-08-11,G04,Leeds,CH02,Paid Search - Non-Brand,1143.35,18227,797,800,33,11,3,14755.91,14437.69,0,0,0.9101787102194678,0,,0
2025-08-11,G04,Leeds,CH03,Paid Social,775.44,75750,876,958,27,9,3,15265.89,14639.24,0,0,0.9101787102194678,0,,0
2025-08-11,G04,Leeds,CH04,LinkedIn,633.29,17909,151,174,9,2,0,12890.33,13412.37,0,0,0.9101787102194678,0,,0
2025-08-11,G04,Leeds,CH05,YouTube,564.28,46593,277,277,3,0,0,15100.46,15101.32,0,0,0.9101787102194678,0,,0
2025-08-11,G04,Leeds,CH06,Display,352.75,71334,204,251,2,0,0,15255.6,15280.29,0,0,0.9101787102194678,0,,0
2025-08-11,G05,Bristol,CH01,Paid Search - Brand,458.22,5611,477,554,33,7,1,13755.45,12680.04,0,0,0.9101787102194678,0,,0
2025-08-11,G05,Bristol,CH02,Paid Search - Non-Brand,1002.09,15347,721,740,26,9,2,13379.39,13161.27,0,0,0.9101787102194678,0,,0
2025-08-11,G05,Bristol,CH03,Paid Social,790.14,78981,941,1132,34,7,2,13840.39,13408.77,0,0,0.9101787102194678,0,,0
2025-08-11,G05,Bristol,CH04,LinkedIn,606.06,17402,140,153,7,2,0,13605.29,14032.21,0,0,0.9101787102194678,0,,0
2025-08-11,G05,Bristol,CH05,YouTube,522.63,43415,236,264,4,1,0,13791.53,12702.3,0,0,0.9101787102194678,0,,0
2025-08-11,G05,Bristol,CH06,Display,300.97,59431,176,192,1,0,0,14155.35,13985.09,0,0,0.9101787102194678,0,,0
2025-08-11,G06,Glasgow,CH01,Paid Search - Brand,397.08,5031,409,427,29,6,2,12951.61,12097.05,0,0,0.9101787102194678,0,,0
2025-08-11,G06,Glasgow,CH02,Paid Search - Non-Brand,802.44,12415,550,560,23,5,2,12178.68,12035.41,0,0,0.9101787102194678,0,,0
2025-08-11,G06,Glasgow,CH03,Paid Social,641.66,62761,793,961,30,5,1,11226.57,11379.72,0,0,0.9101787102194678,0,,0
2025-08-11,G06,Glasgow,CH04,LinkedIn,595.39,17827,128,152,6,1,0,12521.44,12396.79,0,0,0.9101787102194678,0,,0
2025-08-11,G06,Glasgow,CH05,YouTube,449.45,37915,230,284,4,1,0,12424.01,12895.52,0,0,0.9101787102194678,0,,0
2025-08-11,G06,Glasgow,CH06,Display,314.79,63304,196,231,2,0,0,12859.03,12833.16,0,0,0.9101787102194678,0,,0
2025-08-11,G07,Liverpool,CH01,Paid Search - Brand,382.42,4842,403,461,30,11,3,12214.19,12651.0,0,0,0.9101787102194678,0,,0
2025-08-11,G07,Liverpool,CH02,Paid Search - Non-Brand,889.95,13774,558,593,22,8,3,13186.17,13265.94,0,0,0.9101787102194678,0,,0
2025-08-11,G07,Liverpool,CH03,Paid Social,709.43,71155,884,965,26,9,2,12140.0,12202.22,0,0,0.9101787102194678,0,,0
2025-08-11,G07,Liverpool,CH04,LinkedIn,652.13,18542,142,163,7,2,0,11288.73,11330.52,0,0,0.9101787102194678,0,,0
2025-08-11,G07,Liverpool,CH05,YouTube,536.59,45264,254,260,3,0,0,11358.91,11281.89,0,0,0.9101787102194678,0,,0
2025-08-11,G07,Liverpool,CH06,Display,337.46,67525,198,219,2,0,0,13216.17,12761.42,0,0,0.9101787102194678,0,,0
2025-08-11,G08,Sheffield,CH01,Paid Search - Brand,338.03,4174,352,429,25,8,2,11353.86,11377.61,0,0,0.9101787102194678,0,,0
2025-08-11,G08,Sheffield,CH02,Paid Search - Non-Brand,737.33,11315,494,497,17,3,1,10515.87,10659.75,0,0,0.9101787102194678,0,,0
2025-08-11,G08,Sheffield,CH03,Paid Social,648.56,63906,847,942,28,6,2,11969.75,12100.48,0,0,0.9101787102194678,0,,0
2025-08-11,G08,Sheffield,CH04,LinkedIn,565.85,15776,140,146,5,1,0,11190.01,11274.89,0,0,0.9101787102194678,0,,0
2025-08-11,G08,Sheffield,CH05,YouTube,452.36,36021,203,214,3,0,0,10978.83,10094.71,0,0,0.9101787102194678,0,,0
2025-08-11,G08,Sheffield,CH06,Display,255.83,50950,157,158,1,0,0,9065.48,10476.59,0,0,0.9101787102194678,1,,0
2025-08-11,G09,Edinburgh,CH01,Paid Search - Brand,421.26,5303,457,507,36,8,2,10509.96,10177.51,0,0,0.9101787102194678,0,,0
2025-08-11,G09,Edinburgh,CH02,Paid Search - Non-Brand,830.18,13160,642,723,35,8,2,11870.63,11415.99,0,0,0.9101787102194678,0,,0
2025-08-11,G09,Edinburgh,CH03,Paid Social,609.29,60709,706,741,18,5,1,9020.02,10371.21,0,0,0.9101787102194678,1,,0
2025-08-11,G09,Edinburgh,CH04,LinkedIn,542.49,15132,115,121,6,1,0,10794.13,10434.44,0,0,0.9101787102194678,0,,0
2025-08-11,G09,Edinburgh,CH05,YouTube,400.9,33518,199,242,3,1,0,10129.38,9598.11,0,0,0.9101787102194678,0,,0
2025-08-11,G09,Edinburgh,CH06,Display,243.54,48152,140,167,1,0,0,10316.59,10071.05,0,0,0.9101787102194678,0,,0
2025-08-11,G10,Cardiff,CH01,Paid Search - Brand,356.86,4456,377,440,33,6,2,9311.86,10052.89,0,0,0.9101787102194678,0,,0
2025-08-11,G10,Cardiff,CH02,Paid Search - Non-Brand,729.34,11432,542,674,30,7,2,9569.35,9307.39,0,0,0.9101787102194678,0,,0
2025-08-11,G10,Cardiff,CH03,Paid Social,617.94,61498,742,861,25,5,1,8724.34,8575.96,0,0,0.9101787102194678,0,,0
2025-08-11,G10,Cardiff,CH04,LinkedIn,452.89,12975,95,102,3,1,0,10202.2,9360.99,0,0,0.9101787102194678,0,,0
2025-08-11,G10,Cardiff,CH05,YouTube,406.79,33508,198,200,2,0,0,10565.12,10448.24,0,0,0.9101787102194678,0,,0
2025-08-11,G10,Cardiff,CH06,Display,255.96,53296,165,200,1,0,0,9053.53,9224.58,0,0,0.9101787102194678,0,,0
2025-08-18,G01,London,CH01,Paid Search - Brand,852.72,10899,916,1079,80,23,8,24726.64,24007.31,0,0,0.9012419360927613,0,,0
2025-08-18,G01,London,CH02,Paid Search - Non-Brand,1766.34,27140,1148,1405,49,15,5,25953.64,24053.06,0,0,0.9012419360927613,0,,0
2025-08-18,G01,London,CH03,Paid Social,1420.13,141544,1738,1966,50,13,4,23012.33,23798.43,0,0,0.9012419360927613,0,,0
2025-08-18,G01,London,CH04,LinkedIn,1243.45,35999,306,344,12,2,0,29539.57,28376.36,0,0,0.9012419360927613,0,,0
2025-08-18,G01,London,CH05,YouTube,1165.96,99231,612,655,11,3,1,26432.12,26289.27,0,0,0.9012419360927613,0,,0
2025-08-18,G01,London,CH06,Display,630.66,129150,383,429,4,0,0,28190.83,27779.7,0,0,0.9012419360927613,0,,0
2025-08-18,G02,Manchester,CH01,Paid Search - Brand,642.71,7958,702,846,50,14,3,18386.21,17315.1,0,0,0.9012419360927613,0,,0
2025-08-18,G02,Manchester,CH02,Paid Search - Non-Brand,1228.1,19064,875,1069,40,9,2,16918.24,16971.1,0,0,0.9012419360927613,0,,0
2025-08-18,G02,Manchester,CH03,Paid Social,1053.65,107280,1356,1627,47,12,2,16657.69,17093.37,0,0,0.9012419360927613,0,,0
2025-08-18,G02,Manchester,CH04,LinkedIn,777.94,21730,167,206,7,1,0,15808.59,15972.14,0,0,0.9012419360927613,0,,0
2025-08-18,G02,Manchester,CH05,YouTube,708.13,58686,340,355,6,1,0,19806.22,19071.58,0,0,0.9012419360927613,0,,0
2025-08-18,G02,Manchester,CH06,Display,435.21,86505,229,266,2,0,0,16350.58,16155.79,0,0,0.9012419360927613,0,,0
2025-08-18,G03,Birmingham,CH01,Paid Search - Brand,594.75,7481,682,699,46,15,4,18217.69,17249.19,0,0,0.9012419360927613,0,,0
2025-08-18,G03,Birmingham,CH02,Paid Search - Non-Brand,1168.78,17997,835,908,29,5,1,18608.44,18923.43,0,0,0.9012419360927613,0,,0
2025-08-18,G03,Birmingham,CH03,Paid Social,1040.61,107343,1297,1434,40,13,2,16963.25,17312.69,0,0,0.9012419360927613,0,,0
2025-08-18,G03,Birmingham,CH04,LinkedIn,847.48,25549,192,221,9,2,0,17312.86,15984.79,0,0,0.9012419360927613,0,,0
2025-08-18,G03,Birmingham,CH05,YouTube,683.07,56787,322,367,5,1,0,14717.66,15504.33,0,0,0.9012419360927613,0,,0
2025-08-18,G03,Birmingham,CH06,Display,384.87,75836,226,261,2,0,0,16959.84,17996.91,0,0,0.9012419360927613,0,,0
2025-08-18,G04,Leeds,CH01,Paid Search - Brand,473.07,6025,489,547,41,8,2,15013.57,13228.6,0,0,0.9012419360927613,0,,0
2025-08-18,G04,Leeds,CH02,Paid Search - Non-Brand,1018.73,15471,659,692,27,5,1,15347.71,14392.37,0,0,0.9012419360927613,0,,0
2025-08-18,G04,Leeds,CH03,Paid Social,797.5,78736,973,1018,29,10,4,12898.67,13583.21,0,0,0.9012419360927613,0,,0
2025-08-18,G04,Leeds,CH04,LinkedIn,663.13,18383,148,155,7,1,0,16147.45,16288.89,0,0,0.9012419360927613,0,,0
2025-08-18,G04,Leeds,CH05,YouTube,563.49,45342,285,298,3,0,0,14147.45,13713.61,0,0,0.9012419360927613,0,,0
2025-08-18,G04,Leeds,CH06,Display,350.78,69198,203,225,1,0,0,14418.21,14211.56,0,0,0.9012419360927613,0,,0
2025-08-18,G05,Bristol,CH01,Paid Search - Brand,469.9,5826,464,530,31,10,4,12743.26,12264.24,0,0,0.9012419360927613,0,,0
2025-08-18,G05,Bristol,CH02,Paid Search - Non-Brand,799.08,12111,552,579,23,6,2,12611.53,12291.35,0,0,0.9012419360927613,0,,0
2025-08-18,G05,Bristol,CH03,Paid Social,731.11,73721,863,951,28,10,2,13578.51,12920.21,0,0,0.9012419360927613,0,,0
2025-08-18,G05,Bristol,CH04,LinkedIn,655.3,18240,156,169,7,1,0,12422.53,12114.1,0,0,0.9012419360927613,0,,0
2025-08-18,G05,Bristol,CH05,YouTube,453.73,39272,233,234,3,0,0,13302.48,12797.52,0,0,0.9012419360927613,0,,0
2025-08-18,G05,Bristol,CH06,Display,330.45,64996,194,199,2,0,0,12663.51,12209.07,0,0,0.9012419360927613,0,,0
2025-08-18,G06,Glasgow,CH01,Paid Search - Brand,356.2,4569,395,397,25,8,2,12903.17,12856.75,0,0,0.9012419360927613,0,,0
2025-08-18,G06,Glasgow,CH02,Paid Search - Non-Brand,890.55,13801,592,603,24,5,1,12006.77,11735.96,0,0,0.9012419360927613,0,,0
2025-08-18,G06,Glasgow,CH03,Paid Social,690.01,66898,736,879,24,6,1,12698.41,12365.08,0,0,0.9012419360927613,0,,0
2025-08-18,G06,Glasgow,CH04,LinkedIn,526.94,15306,118,147,6,1,0,12734.82,11737.94,0,0,0.9012419360927613,0,,0
2025-08-18,G06,Glasgow,CH05,YouTube,517.22,42153,242,288,3,1,0,12937.32,13134.3,0,0,0.9012419360927613,0,,0
2025-08-18,G06,Glasgow,CH06,Display,249.53,49578,145,146,1,0,0,10752.11,11318.91,0,0,0.9012419360927613,0,,0
2025-08-18,G07,Liverpool,CH01,Paid Search - Brand,440.58,5391,453,511,33,9,3,12124.09,11902.82,0,0,0.9012419360927613,0,,0
2025-08-18,G07,Liverpool,CH02,Paid Search - Non-Brand,821.21,12372,602,618,30,7,3,14953.39,14286.93,0,0,0.9012419360927613,0,,0
2025-08-18,G07,Liverpool,CH03,Paid Social,697.07,70632,827,1012,27,9,3,12116.88,11106.72,0,0,0.9012419360927613,0,,0
2025-08-18,G07,Liverpool,CH04,LinkedIn,572.61,16928,129,135,7,1,0,12736.12,11871.11,0,0,0.9012419360927613,0,,0
2025-08-18,G07,Liverpool,CH05,YouTube,497.0,41761,249,272,3,0,0,14285.41,12926.76,0,0,0.9012419360927613,0,,0
2025-08-18,G07,Liverpool,CH06,Display,314.73,62632,174,185,1,0,0,11649.22,12701.47,0,0,0.9012419360927613,0,,0
2025-08-18,G08,Sheffield,CH01,Paid Search - Brand,369.38,4691,377,382,22,7,2,11516.11,10967.74,0,0,0.9012419360927613,0,,0
2025-08-18,G08,Sheffield,CH02,Paid Search - Non-Brand,703.68,10377,492,589,22,6,2,10942.81,10807.93,0,0,0.9012419360927613,0,,0
2025-08-18,G08,Sheffield,CH03,Paid Social,650.33,64465,792,901,24,7,2,11418.0,10187.37,0,0,0.9012419360927613,0,,0
2025-08-18,G08,Sheffield,CH04,LinkedIn,595.91,17546,128,142,6,1,0,9418.05,10439.94,0,0,0.9012419360927613,1,,0
2025-08-18,G08,Sheffield,CH05,YouTube,444.09,37201,220,249,3,1,0,11155.02,10949.8,0,0,0.9012419360927613,0,,0
2025-08-18,G08,Sheffield,CH06,Display,275.76,54532,168,186,2,0,0,10948.58,11088.66,0,0,0.9012419360927613,0,,0
2025-08-18,G09,Edinburgh,CH01,Paid Search - Brand,414.06,5183,435,533,38,8,2,10157.86,10109.96,0,0,0.9012419360927613,0,,0
2025-08-18,G09,Edinburgh,CH02,Paid Search - Non-Brand,832.42,13078,551,623,25,8,2,10267.16,10445.31,0,0,0.9012419360927613,0,,0
2025-08-18,G09,Edinburgh,CH03,Paid Social,622.27,60384,782,823,21,5,1,11039.04,10216.12,0,0,0.9012419360927613,0,,0
2025-08-18,G09,Edinburgh,CH04,LinkedIn,466.56,13183,100,121,5,1,0,11852.32,10968.28,0,0,0.9012419360927613,0,,0
2025-08-18,G09,Edinburgh,CH05,YouTube,471.73,39695,247,306,4,1,0,11934.99,11647.38,0,0,0.9012419360927613,0,,0
2025-08-18,G09,Edinburgh,CH06,Display,253.49,51953,164,179,1,0,0,10108.03,10096.8,0,0,0.9012419360927613,0,,0
2025-08-18,G10,Cardiff,CH01,Paid Search - Brand,331.77,4145,360,360,21,7,2,9537.54,10015.01,0,0,0.9012419360927613,0,,0
2025-08-18,G10,Cardiff,CH02,Paid Search - Non-Brand,798.73,12225,584,602,28,5,1,10473.11,9914.07,0,0,0.9012419360927613,0,,0
2025-08-18,G10,Cardiff,CH03,Paid Social,562.72,54411,658,821,23,6,2,10773.29,10532.7,0,0,0.9012419360927613,0,,0
2025-08-18,G10,Cardiff,CH04,LinkedIn,440.85,12700,95,106,5,1,0,9294.21,8968.57,0,0,0.9012419360927613,0,,0
2025-08-18,G10,Cardiff,CH05,YouTube,400.39,34221,196,196,2,0,0,10264.59,9853.02,0,0,0.9012419360927613,0,,0
2025-08-18,G10,Cardiff,CH06,Display,254.37,51082,154,168,1,0,0,9243.77,9559.88,0,0,0.9012419360927613,0,,0
2025-08-25,G01,London,CH01,Paid Search - Brand,854.05,10566,885,1095,76,14,5,27246.79,25465.69,0,0,0.8937452769216149,0,,0
2025-08-25,G01,London,CH02,Paid Search - Non-Brand,1671.49,25719,1104,1324,53,15,6,27566.08,27106.93,0,0,0.8937452769216149,0,,0
2025-08-25,G01,London,CH03,Paid Social,1526.75,150906,1948,2384,63,18,5,22349.38,22534.03,0,0,0.8937452769216149,0,,0
2025-08-25,G01,London,CH04,LinkedIn,1100.26,31489,237,284,14,3,0,25181.23,25657.15,0,0,0.8937452769216149,0,,0
2025-08-25,G01,London,CH05,YouTube,1057.44,86657,517,600,9,2,0,28070.85,25640.3,0,0,0.8937452769216149,0,,0
2025-08-25,G01,London,CH06,Display,522.32,107032,328,345,2,0,0,22053.55,22162.61,0,0,0.8937452769216149,0,,0
2025-08-25,G02,Manchester,CH01,Paid Search - Brand,598.49,7497,644,679,36,12,5,16880.65,16482.78,0,0,0.8937452769216149,0,,0
2025-08-25,G02,Manchester,CH02,Paid Search - Non-Brand,1217.59,18423,872,1071,38,8,3,18355.88,18424.3,0,0,0.8937452769216149,0,,0
2025-08-25,G02,Manchester,CH03,Paid Social,920.38,93641,1069,1275,29,8,3,16366.47,17705.43,0,0,0.8937452769216149,1,,0
2025-08-25,G02,Manchester,CH04,LinkedIn,747.31,21731,166,178,8,1,0,16822.78,16654.15,0,0,0.8937452769216149,0,,0
2025-08-25,G02,Manchester,CH05,YouTube,754.98,62431,365,453,7,2,0,18949.38,18290.78,0,0,0.8937452769216149,0,,0
2025-08-25,G02,Manchester,CH06,Display,423.38,86927,262,312,3,1,0,19688.05,20233.65,0,0,0.8937452769216149,0,,0
2025-08-25,G03,Birmingham,CH01,Paid Search - Brand,521.9,6564,582,697,48,9,2,19125.1,18268.8,0,0,0.8937452769216149,0,,0
2025-08-25,G03,Birmingham,CH02,Paid Search - Non-Brand,1188.35,18249,825,864,28,7,3,14896.0,15969.29,0,0,0.8937452769216149,1,,0
2025-08-25,G03,Birmingham,CH03,Paid Social,932.98,91936,1033,1279,36,12,3,15697.1,15647.66,0,0,0.8937452769216149,0,,0
2025-08-25,G03,Birmingham,CH04,LinkedIn,841.03,23884,190,226,11,1,0,18726.57,18011.13,0,0,0.8937452769216149,0,,0
2025-08-25,G03,Birmingham,CH05,YouTube,666.06,57336,318,376,5,1,0,17163.14,17102.59,0,0,0.8937452769216149,0,,0
2025-08-25,G03,Birmingham,CH06,Display,414.89,83476,255,296,3,0,0,17322.75,16781.38,0,0,0.8937452769216149,0,,0
2025-08-25,G04,Leeds,CH01,Paid Search - Brand,454.71,5580,478,533,39,9,1,14571.59,13639.57,0,0,0.8937452769216149,0,,0
2025-08-25,G04,Leeds,CH02,Paid Search - Non-Brand,907.47,13879,648,719,34,12,4,14031.4,13612.33,0,0,0.8937452769216149,0,,0
2025-08-25,G04,Leeds,CH03,Paid Social,911.81,94653,1153,1250,40,8,2,15330.56,14479.43,0,0,0.8937452769216149,0,,0
2025-08-25,G04,Leeds,CH04,LinkedIn,519.83,14563,118,119,6,1,0,15738.73,16286.14,0,0,0.8937452769216149,0,,0
2025-08-25,G04,Leeds,CH05,YouTube,512.15,42240,244,297,3,0,0,13826.02,14556.66,0,0,0.8937452769216149,0,,0
2025-08-25,G04,Leeds,CH06,Display,336.97,67298,185,231,2,0,0,14546.4,14319.63,0,0,0.8937452769216149,0,,0
2025-08-25,G05,Bristol,CH01,Paid Search - Brand,409.57,5247,450,488,33,11,4,14304.76,14153.72,0,0,0.8937452769216149,0,,0
2025-08-25,G05,Bristol,CH02,Paid Search - Non-Brand,964.22,15225,703,823,37,7,1,13683.33,13854.73,0,0,0.8937452769216149,0,,0
2025-08-25,G05,Bristol,CH03,Paid Social,724.57,72187,856,963,26,6,1,11587.63,12841.56,0,0,0.8937452769216149,1,,0
2025-08-25,G05,Bristol,CH04,LinkedIn,652.4,18388,143,161,5,1,0,13405.04,14026.95,0,0,0.8937452769216149,0,,0
2025-08-25,G05,Bristol,CH05,YouTube,518.57,41711,264,302,5,0,0,13706.44,14675.92,0,0,0.8937452769216149,0,,0
2025-08-25,G05,Bristol,CH06,Display,329.84,65039,191,196,2,0,0,12191.31,12129.35,0,0,0.8937452769216149,0,,0
2025-08-25,G06,Glasgow,CH01,Paid Search - Brand,465.52,5635,487,532,30,5,2,12100.33,11541.84,0,0,0.8937452769216149,0,,0
2025-08-25,G06,Glasgow,CH02,Paid Search - Non-Brand,802.86,12433,563,688,32,11,3,12371.37,12334.35,0,0,0.8937452769216149,0,,0
2025-08-25,G06,Glasgow,CH03,Paid Social,679.03,68816,832,952,26,8,2,12626.16,12827.41,0,0,0.8937452769216149,0,,0
2025-08-25,G06,Glasgow,CH04,LinkedIn,543.51,15643,112,120,4,0,0,12428.14,12193.97,0,0,0.8937452769216149,0,,0
2025-08-25,G06,Glasgow,CH05,YouTube,501.97,42481,254,313,5,1,0,11808.55,11747.62,0,0,0.8937452769216149,1,,0
2025-08-25,G06,Glasgow,CH06,Display,267.41,54249,160,180,2,0,0,11621.94,11366.55,0,0,0.8937452769216149,0,,0
2025-08-25,G07,Liverpool,CH01,Paid Search - Brand,495.38,6443,534,617,47,11,3,13483.39,13353.87,0,0,0.8937452769216149,0,,0
2025-08-25,G07,Liverpool,CH02,Paid Search - Non-Brand,901.99,13790,615,646,28,10,4,11732.28,10962.81,0,0,0.8937452769216149,0,,0
2025-08-25,G07,Liverpool,CH03,Paid Social,712.26,71007,840,951,28,9,3,13212.3,13273.68,0,0,0.8937452769216149,0,,0
2025-08-25,G07,Liverpool,CH04,LinkedIn,618.76,17623,144,173,8,1,0,12133.25,11153.98,0,0,0.8937452769216149,0,,0
2025-08-25,G07,Liverpool,CH05,YouTube,489.68,40230,237,250,3,0,0,12798.77,12112.83,0,0,0.8937452769216149,0,,0
2025-08-25,G07,Liverpool,CH06,Display,284.18,57339,176,202,2,0,0,13395.01,12061.64,0,0,0.8937452769216149,0,,0
2025-08-25,G08,Sheffield,CH01,Paid Search - Brand,350.53,4358,367,447,31,7,2,12585.92,11684.39,0,0,0.8937452769216149,0,,0
2025-08-25,G08,Sheffield,CH02,Paid Search - Non-Brand,654.79,9828,410,478,22,7,2,12047.02,11621.12,0,0,0.8937452769216149,0,,0
2025-08-25,G08,Sheffield,CH03,Paid Social,594.66,58800,643,668,19,6,2,9824.19,10488.71,0,0,0.8937452769216149,0,,0
2025-08-25,G08,Sheffield,CH04,LinkedIn,542.37,15031,115,136,5,1,0,10703.78,10908.98,0,0,0.8937452769216149,0,,0
2025-08-25,G08,Sheffield,CH05,YouTube,470.43,39081,224,224,3,0,0,12139.08,11242.34,0,0,0.8937452769216149,0,,0
2025-08-25,G08,Sheffield,CH06,Display,272.63,54010,157,176,1,0,0,11249.41,11287.04,0,0,0.8937452769216149,0,,0
2025-08-25,G09,Edinburgh,CH01,Paid Search - Brand,382.85,4636,395,463,31,5,1,12461.6,11345.92,0,0,0.8937452769216149,0,,0
2025-08-25,G09,Edinburgh,CH02,Paid Search - Non-Brand,817.74,12584,589,677,26,6,1,11684.76,11176.07,0,0,0.8937452769216149,0,,0
2025-08-25,G09,Edinburgh,CH03,Paid Social,572.43,58082,699,799,21,5,1,11200.47,11309.08,0,0,0.8937452769216149,0,,0
2025-08-25,G09,Edinburgh,CH04,LinkedIn,459.36,12963,104,125,5,1,0,10843.65,10910.92,0,0,0.8937452769216149,0,,0
2025-08-25,G09,Edinburgh,CH05,YouTube,420.43,34294,208,227,3,0,0,11614.99,11353.05,0,0,0.8937452769216149,0,,0
2025-08-25,G09,Edinburgh,CH06,Display,268.36,52644,169,210,2,0,0,11346.36,11305.84,0,0,0.8937452769216149,0,,0
2025-08-25,G10,Cardiff,CH01,Paid Search - Brand,302.0,3853,317,336,19,4,1,9250.74,9232.21,0,0,0.8937452769216149,0,,0
2025-08-25,G10,Cardiff,CH02,Paid Search - Non-Brand,725.44,11122,524,611,27,9,3,8466.85,8489.76,0,0,0.8937452769216149,0,,0
2025-08-25,G10,Cardiff,CH03,Paid Social,533.87,54275,636,761,24,7,1,10859.72,10811.06,0,0,0.8937452769216149,0,,0
2025-08-25,G10,Cardiff,CH04,LinkedIn,492.85,14362,108,108,4,1,0,10180.38,9900.85,0,0,0.8937452769216149,0,,0
2025-08-25,G10,Cardiff,CH05,YouTube,372.36,31392,186,199,2,0,0,11634.33,11123.4,0,0,0.8937452769216149,0,,0
2025-08-25,G10,Cardiff,CH06,Display,218.61,42988,124,126,1,0,0,8965.48,9110.78,0,0,0.8937452769216149,0,,0
2025-09-01,G01,London,CH01,Paid Search - Brand,1005.07,12216,1042,1254,85,32,8,26079.04,23393.73,1,0,0.8877980508777502,0,,0
2025-09-01,G01,London,CH02,Paid Search - Non-Brand,2085.78,31949,1423,1650,61,14,5,25376.37,22779.82,1,0,0.8877980508777502,0,,0
2025-09-01,G01,London,CH03,Paid Social,1628.64,164046,2086,2317,65,12,3,28652.42,26396.26,1,0,0.8877980508777502,0,,0
2025-09-01,G01,London,CH04,LinkedIn,1426.01,40765,320,354,18,5,1,27491.14,24602.98,1,0,0.8877980508777502,0,,0
2025-09-01,G01,London,CH05,YouTube,1086.24,90055,517,637,9,1,0,26359.15,24424.16,1,0,0.8877980508777502,0,,0
2025-09-01,G01,London,CH06,Display,651.83,133767,424,469,5,1,0,27067.94,25651.31,1,0,0.8877980508777502,0,,0
2025-09-01,G02,Manchester,CH01,Paid Search - Brand,684.27,8672,740,837,57,15,5,20359.17,18489.35,1,0,0.8877980508777502,0,,0
2025-09-01,G02,Manchester,CH02,Paid Search - Non-Brand,1366.39,20558,932,973,33,10,2,18705.26,16632.1,1,0,0.8877980508777502,0,,0
2025-09-01,G02,Manchester,CH03,Paid Social,1130.54,114832,1284,1312,42,8,1,20926.67,18919.41,1,0,0.8877980508777502,0,,0
2025-09-01,G02,Manchester,CH04,LinkedIn,906.96,25357,196,218,9,2,0,19564.46,17354.66,1,0,0.8877980508777502,0,,0
2025-09-01,G02,Manchester,CH05,YouTube,805.74,65972,419,469,7,1,0,16521.51,15816.93,1,0,0.8877980508777502,0,,0
2025-09-01,G02,Manchester,CH06,Display,484.8,95615,279,341,3,0,0,23305.92,20911.38,1,0,0.8877980508777502,0,,0
2025-09-01,G03,Birmingham,CH01,Paid Search - Brand,637.52,7991,692,818,55,19,4,16347.61,13897.53,1,0,0.8877980508777502,0,,0
2025-09-01,G03,Birmingham,CH02,Paid Search - Non-Brand,1273.99,20330,912,1042,46,10,2,17605.14,16703.47,1,0,0.8877980508777502,0,,0
2025-09-01,G03,Birmingham,CH03,Paid Social,1049.61,109459,1308,1323,44,11,3,18036.78,16670.82,1,0,0.8877980508777502,0,,0
2025-09-01,G03,Birmingham,CH04,LinkedIn,886.61,25187,205,241,10,3,0,19027.88,16566.39,1,0,0.8877980508777502,0,,0
2025-09-01,G03,Birmingham,CH05,YouTube,741.74,63264,365,370,6,2,0,17536.97,15976.98,1,0,0.8877980508777502,0,,0
2025-09-01,G03,Birmingham,CH06,Display,437.71,86513,247,301,3,1,0,16601.03,16095.67,1,0,0.8877980508777502,0,,0
2025-09-01,G04,Leeds,CH01,Paid Search - Brand,478.0,5856,489,496,31,5,1,18263.08,14908.24,1,0,0.8877980508777502,0,,0
2025-09-01,G04,Leeds,CH02,Paid Search - Non-Brand,1064.41,16268,719,766,30,5,1,19919.48,16027.9,1,0,0.8877980508777502,0,,0
2025-09-01,G04,Leeds,CH03,Paid Social,959.6,95201,1242,1284,29,6,2,14607.94,13148.86,1,0,0.8877980508777502,0,,0
2025-09-01,G04,Leeds,CH04,LinkedIn,723.95,21032,175,185,9,1,0,17750.65,14232.93,1,0,0.8877980508777502,0,,0
2025-09-01,G04,Leeds,CH05,YouTube,696.32,58330,368,439,7,1,0,16766.42,13438.13,1,0,0.8877980508777502,0,,0
2025-09-01,G04,Leeds,CH06,Display,387.8,77157,241,245,2,0,0,15372.5,12757.11,1,0,0.8877980508777502,0,,0
2025-09-01,G05,Bristol,CH01,Paid Search - Brand,511.29,6301,525,532,29,7,2,14951.79,13816.37,1,0,0.8877980508777502,1,,0
2025-09-01,G05,Bristol,CH02,Paid Search - Non-Brand,1130.97,18077,744,834,32,8,2,14050.07,12252.64,1,0,0.8877980508777502,0,,0
2025-09-01,G05,Bristol,CH03,Paid Social,824.84,82575,968,990,27,5,1,16872.45,14895.78,1,0,0.8877980508777502,0,,0
2025-09-01,G05,Bristol,CH04,LinkedIn,729.25,21251,178,208,9,2,0,13619.24,12020.48,1,0,0.8877980508777502,0,,0
2025-09-01,G05,Bristol,CH05,YouTube,593.79,46413,295,314,4,1,0,12679.58,11303.39,1,0,0.8877980508777502,0,,0
2025-09-01,G05,Bristol,CH06,Display,334.55,66292,200,225,2,0,0,15047.19,13313.66,1,0,0.8877980508777502,0,,0
2025-09-01,G06,Glasgow,CH01,Paid Search - Brand,417.31,5062,402,442,32,9,2,14141.44,11974.01,1,0,0.8877980508777502,0,,0
2025-09-01,G06,Glasgow,CH02,Paid Search - Non-Brand,956.31,14502,677,684,29,7,1,15372.28,13373.82,1,0,0.8877980508777502,0,,0
2025-09-01,G06,Glasgow,CH03,Paid Social,756.52,76167,976,1135,32,5,1,15068.03,12409.36,1,0,0.8877980508777502,0,,0
2025-09-01,G06,Glasgow,CH04,LinkedIn,591.92,17302,143,175,6,1,0,13365.68,11421.18,1,0,0.8877980508777502,0,,0
2025-09-01,G06,Glasgow,CH05,YouTube,550.75,45644,272,288,4,0,0,15932.92,12566.29,1,0,0.8877980508777502,0,,0
2025-09-01,G06,Glasgow,CH06,Display,333.17,67495,187,210,2,0,0,13139.03,11598.3,1,0,0.8877980508777502,0,,0
2025-09-01,G07,Liverpool,CH01,Paid Search - Brand,504.4,6380,551,650,34,7,2,14094.05,11532.61,1,0,0.8877980508777502,0,,0
2025-09-01,G07,Liverpool,CH02,Paid Search - Non-Brand,871.49,13132,561,627,25,9,2,14205.75,12559.13,1,0,0.8877980508777502,0,,0
2025-09-01,G07,Liverpool,CH03,Paid Social,761.05,77308,855,1025,27,4,1,14383.38,13282.18,1,0,0.8877980508777502,0,,0
2025-09-01,G07,Liverpool,CH04,LinkedIn,646.91,18333,142,174,9,1,0,14428.38,12595.03,1,0,0.8877980508777502,0,,0
2025-09-01,G07,Liverpool,CH05,YouTube,523.27,42251,252,307,4,1,0,14453.21,12643.07,1,0,0.8877980508777502,0,,0
2025-09-01,G07,Liverpool,CH06,Display,317.77,61263,160,184,1,0,0,13339.39,11727.99,1,0,0.8877980508777502,0,,0
2025-09-01,G08,Sheffield,CH01,Paid Search - Brand,395.58,4985,433,459,27,7,1,11238.98,10027.18,1,0,0.8877980508777502,0,,0
2025-09-01,G08,Sheffield,CH02,Paid Search - Non-Brand,918.88,14125,664,739,35,10,2,11996.86,9832.54,1,0,0.8877980508777502,0,,0
2025-09-01,G08,Sheffield,CH03,Paid Social,634.57,63327,702,728,21,7,2,12831.46,10724.69,1,0,0.8877980508777502,0,,0
2025-09-01,G08,Sheffield,CH04,LinkedIn,583.85,16339,131,133,6,1,0,12731.31,10736.35,1,0,0.8877980508777502,0,,0
2025-09-01,G08,Sheffield,CH05,YouTube,457.5,38937,227,230,3,1,0,12491.88,10804.44,1,0,0.8877980508777502,0,,0
2025-09-01,G08,Sheffield,CH06,Display,297.41,60841,159,188,1,0,0,14267.52,11780.77,1,0,0.8877980508777502,0,,0
2025-09-01,G09,Edinburgh,CH01,Paid Search - Brand,412.6,5073,437,523,30,5,1,12183.0,10301.76,1,0,0.8877980508777502,0,,0
2025-09-01,G09,Edinburgh,CH02,Paid Search - Non-Brand,792.26,12291,545,592,28,7,2,11934.82,9978.96,1,0,0.8877980508777502,0,,0
2025-09-01,G09,Edinburgh,CH03,Paid Social,707.82,72253,926,993,30,7,1,12475.96,10900.33,1,0,0.8877980508777502,0,,0
2025-09-01,G09,Edinburgh,CH04,LinkedIn,469.47,13367,106,122,4,1,0,11584.13,10025.62,1,0,0.8877980508777502,0,,0
2025-09-01,G09,Edinburgh,CH05,YouTube,471.53,39491,224,231,3,0,0,11933.67,9886.68,1,0,0.8877980508777502,0,,0
2025-09-01,G09,Edinburgh,CH06,Display,287.99,57431,167,170,1,0,0,12553.14,10190.61,1,0,0.8877980508777502,0,,0
2025-09-01,G10,Cardiff,CH01,Paid Search - Brand,368.03,4536,409,439,31,7,2,11341.09,9141.37,1,0,0.8877980508777502,0,,0
2025-09-01,G10,Cardiff,CH02,Paid Search - Non-Brand,788.22,12353,556,571,25,5,1,12461.33,10233.93,1,0,0.8877980508777502,0,,0
2025-09-01,G10,Cardiff,CH03,Paid Social,588.17,59298,654,800,26,5,1,12565.91,10308.51,1,0,0.8877980508777502,0,,0
2025-09-01,G10,Cardiff,CH04,LinkedIn,538.49,15347,120,141,7,1,0,12259.12,9522.85,1,0,0.8877980508777502,0,,0
2025-09-01,G10,Cardiff,CH05,YouTube,444.47,36237,209,241,3,0,0,13193.56,10646.79,1,0,0.8877980508777502,0,,0
2025-09-01,G10,Cardiff,CH06,Display,265.01,52411,162,176,1,0,0,10355.73,8820.29,1,0,0.8877980508777502,0,,0
2025-09-08,G01,London,CH01,Paid Search - Brand,816.84,10287,867,897,56,15,6,25584.77,25893.13,0,0,0.8834869819088738,0,,0
2025-09-08,G01,London,CH02,Paid Search - Non-Brand,2016.03,31995,1542,1766,68,12,3,25935.0,25442.69,0,0,0.8834869819088738,0,,0
2025-09-08,G01,London,CH03,Paid Social,1715.51,172419,2163,2347,77,25,10,25374.09,26101.07,0,0,0.8834869819088738,0,,0
2025-09-08,G01,London,CH04,LinkedIn,1313.55,37254,299,361,14,3,0,25068.48,24925.08,0,0,0.8834869819088738,0,,0
2025-09-08,G01,London,CH05,YouTube,1187.41,95028,603,746,9,1,0,23022.0,24267.42,0,0,0.8834869819088738,1,,0
2025-09-08,G01,London,CH06,Display,615.95,123943,361,427,4,1,0,22648.65,24502.13,0,0,0.8834869819088738,0,,0
2025-09-08,G02,Manchester,CH01,Paid Search - Brand,633.36,8275,733,846,53,18,4,18997.27,18010.7,0,0,0.8834869819088738,0,,0
2025-09-08,G02,Manchester,CH02,Paid Search - Non-Brand,1307.79,19948,881,889,30,9,3,17595.94,17493.98,0,0,0.8834869819088738,0,,0
2025-09-08,G02,Manchester,CH03,Paid Social,1088.63,107423,1286,1436,33,12,4,18130.03,17921.38,0,0,0.8834869819088738,0,,0
2025-09-08,G02,Manchester,CH04,LinkedIn,1097.97,31364,237,238,11,2,0,18357.03,18585.35,0,0,0.8834869819088738,0,,0
2025-09-08,G02,Manchester,CH05,YouTube,703.12,57136,327,331,4,0,0,17483.14,17996.02,0,0,0.8834869819088738,0,,0
2025-09-08,G02,Manchester,CH06,Display,476.21,94349,280,306,3,0,0,16414.99,15619.32,0,0,0.8834869819088738,0,,0
2025-09-08,G03,Birmingham,CH01,Paid Search - Brand,623.37,7797,653,700,42,9,3,19712.7,19649.16,0,0,0.8834869819088738,0,,0
2025-09-08,G03,Birmingham,CH02,Paid Search - Non-Brand,1171.95,18087,820,833,29,10,3,16151.77,15966.74,0,0,0.8834869819088738,0,,0
2025-09-08,G03,Birmingham,CH03,Paid Social,1109.14,108523,1183,1431,35,9,3,15475.57,15474.96,0,0,0.8834869819088738,0,,0
2025-09-08,G03,Birmingham,CH04,LinkedIn,947.75,26966,230,265,10,3,0,16971.33,16145.38,0,0,0.8834869819088738,0,,0
2025-09-08,G03,Birmingham,CH05,YouTube,812.71,69040,420,474,6,1,0,16396.49,16030.95,0,0,0.8834869819088738,0,,0
2025-09-08,G03,Birmingham,CH06,Display,456.51,90155,249,253,2,0,0,18184.27,17058.74,0,0,0.8834869819088738,0,,0
2025-09-08,G04,Leeds,CH01,Paid Search - Brand,526.63,6355,577,701,49,15,3,15710.34,14531.15,0,0,0.8834869819088738,0,,0
2025-09-08,G04,Leeds,CH02,Paid Search - Non-Brand,1242.07,18422,808,954,42,8,1,13875.86,13769.29,0,0,0.8834869819088738,0,,0
2025-09-08,G04,Leeds,CH03,Paid Social,899.71,91486,1142,1143,35,8,2,14558.85,14997.24,0,0,0.8834869819088738,0,,0
2025-09-08,G04,Leeds,CH04,LinkedIn,692.53,19486,153,177,7,2,0,16085.19,15374.14,0,0,0.8834869819088738,0,,0
2025-09-08,G04,Leeds,CH05,YouTube,681.84,58176,359,420,7,2,0,13914.15,14313.3,0,0,0.8834869819088738,0,,0
2025-09-08,G04,Leeds,CH06,Display,337.45,68978,206,233,1,0,0,13333.2,14443.64,0,0,0.8834869819088738,1,,0
2025-09-08,G05,Bristol,CH01,Paid Search - Brand,450.69,5602,450,498,28,7,2,13010.45,13812.89,0,0,0.8834869819088738,1,,0
2025-09-08,G05,Bristol,CH02,Paid Search - Non-Brand,920.34,14330,655,709,24,5,1,13476.2,13207.81,0,0,0.8834869819088738,0,,0
2025-09-08,G05,Bristol,CH03,Paid Social,780.24,77608,925,975,21,3,0,14259.28,14026.75,0,0,0.8834869819088738,0,,0
2025-09-08,G05,Bristol,CH04,LinkedIn,653.22,18173,156,174,8,2,0,13007.13,12903.37,0,0,0.8834869819088738,0,,0
2025-09-08,G05,Bristol,CH05,YouTube,575.92,47095,280,309,4,1,0,13040.23,13103.76,0,0,0.8834869819088738,0,,0
2025-09-08,G05,Bristol,CH06,Display,356.35,74583,222,224,1,0,0,14217.0,13487.96,0,0,0.8834869819088738,0,,0
2025-09-08,G06,Glasgow,CH01,Paid Search - Brand,474.41,5885,481,581,31,11,4,11945.7,11241.85,0,0,0.8834869819088738,0,,0
2025-09-08,G06,Glasgow,CH02,Paid Search - Non-Brand,957.14,14956,628,671,28,6,2,11176.38,10526.54,0,0,0.8834869819088738,0,,0
2025-09-08,G06,Glasgow,CH03,Paid Social,704.45,69958,879,903,21,7,1,12644.89,11406.81,0,0,0.8834869819088738,0,,0
2025-09-08,G06,Glasgow,CH04,LinkedIn,614.28,17033,130,147,6,1,0,11816.32,10904.54,0,0,0.8834869819088738,0,,0
2025-09-08,G06,Glasgow,CH05,YouTube,607.66,50315,299,366,5,1,0,10865.31,10840.05,0,0,0.8834869819088738,0,,0
2025-09-08,G06,Glasgow,CH06,Display,306.8,60044,160,179,1,0,0,14005.56,13024.54,0,0,0.8834869819088738,0,,0
2025-09-08,G07,Liverpool,CH01,Paid Search - Brand,485.4,5939,501,561,40,12,4,12291.35,11677.11,0,0,0.8834869819088738,0,,0
2025-09-08,G07,Liverpool,CH02,Paid Search - Non-Brand,1040.84,15809,742,774,36,9,3,11746.81,11031.36,0,0,0.8834869819088738,0,,0
2025-09-08,G07,Liverpool,CH03,Paid Social,754.05,75484,904,1104,30,10,2,13137.0,13129.9,0,0,0.8834869819088738,0,,0
2025-09-08,G07,Liverpool,CH04,LinkedIn,639.94,18234,142,159,6,1,0,13981.19,12818.21,0,0,0.8834869819088738,0,,0
2025-09-08,G07,Liverpool,CH05,YouTube,561.64,47392,274,286,4,1,0,12037.29,11501.15,0,0,0.8834869819088738,0,,0
2025-09-08,G07,Liverpool,CH06,Display,336.72,67798,193,194,2,0,0,13122.09,13075.33,0,0,0.8834869819088738,0,,0
2025-09-08,G08,Sheffield,CH01,Paid Search - Brand,409.94,5289,465,561,39,13,2,10429.96,10242.82,0,0,0.8834869819088738,0,,0
2025-09-08,G08,Sheffield,CH02,Paid Search - Non-Brand,801.96,12286,570,607,23,6,1,10929.94,10687.69,0,0,0.8834869819088738,0,,0
2025-09-08,G08,Sheffield,CH03,Paid Social,682.98,67464,765,892,20,6,1,11655.14,11143.23,0,0,0.8834869819088738,0,,0
2025-09-08,G08,Sheffield,CH04,LinkedIn,511.74,14283,109,134,5,1,0,11330.13,11424.59,0,0,0.8834869819088738,0,,0
2025-09-08,G08,Sheffield,CH05,YouTube,534.01,44841,244,265,3,0,0,11789.02,12087.38,0,0,0.8834869819088738,0,,0
2025-09-08,G08,Sheffield,CH06,Display,293.44,58227,173,190,1,0,0,10719.2,10394.76,0,0,0.8834869819088738,0,,0
2025-09-08,G09,Edinburgh,CH01,Paid Search - Brand,421.22,5127,425,471,29,8,3,12534.11,12091.7,0,0,0.8834869819088738,0,,0
2025-09-08,G09,Edinburgh,CH02,Paid Search - Non-Brand,904.84,14083,648,650,23,4,0,10557.54,10208.11,0,0,0.8834869819088738,0,,0
2025-09-08,G09,Edinburgh,CH03,Paid Social,636.3,64014,742,762,23,6,2,10934.02,10899.59,0,0,0.8834869819088738,0,,0
2025-09-08,G09,Edinburgh,CH04,LinkedIn,474.54,13060,104,114,5,1,0,11351.47,11260.85,0,0,0.8834869819088738,0,,0
2025-09-08,G09,Edinburgh,CH05,YouTube,511.17,41829,240,297,4,0,0,9991.09,10309.6,0,0,0.8834869819088738,0,,0
2025-09-08,G09,Edinburgh,CH06,Display,272.03,54798,162,183,1,0,0,11314.64,11306.48,0,0,0.8834869819088738,0,,0
2025-09-08,G10,Cardiff,CH01,Paid Search - Brand,362.03,4458,396,492,31,10,3,10525.05,10074.4,0,0,0.8834869819088738,0,,0
2025-09-08,G10,Cardiff,CH02,Paid Search - Non-Brand,841.38,13141,626,663,22,4,1,11111.26,10329.72,0,0,0.8834869819088738,0,,0
2025-09-08,G10,Cardiff,CH03,Paid Social,680.79,69613,824,923,30,10,3,10017.47,10777.86,0,0,0.8834869819088738,0,,0
2025-09-08,G10,Cardiff,CH04,LinkedIn,539.26,15358,117,118,4,1,0,10303.78,9894.66,0,0,0.8834869819088738,0,,0
2025-09-08,G10,Cardiff,CH05,YouTube,466.96,40032,252,296,4,0,0,9037.66,8918.49,0,0,0.8834869819088738,0,,0
2025-09-08,G10,Cardiff,CH06,Display,274.11,55191,155,177,1,0,0,11169.14,10258.6,0,0,0.8834869819088738,0,,0
2025-09-15,G01,London,CH01,Paid Search - Brand,885.81,10907,885,920,68,21,6,22286.9,22160.17,0,0,0.8808749351082336,0,,0
2025-09-15,G01,London,CH02,Paid Search - Non-Brand,1956.68,30115,1275,1358,47,8,3,24875.9,23192.12,0,0,0.8808749351082336,0,,0
2025-09-15,G01,London,CH03,Paid Social,1632.1,157830,1883,2085,65,19,4,24502.11,23920.09,0,0,0.8808749351082336,0,,0
2025-09-15,G01,London,CH04,LinkedIn,1238.26,36239,275,336,15,3,0,21428.54,20935.17,0,0,0.8808749351082336,0,,0
2025-09-15,G01,London,CH05,YouTube,1056.27,85808,501,509,6,2,0,29013.28,27739.06,0,0,0.8808749351082336,0,,0
2025-09-15,G01,London,CH06,Display,721.4,139902,434,448,4,0,0,22959.08,23081.64,0,0,0.8808749351082336,0,,0
2025-09-15,G02,Manchester,CH01,Paid Search - Brand,713.57,9072,758,884,46,16,6,18589.14,18122.78,0,0,0.8808749351082336,0,,0
2025-09-15,G02,Manchester,CH02,Paid Search - Non-Brand,1392.09,21593,1000,1089,42,8,3,20150.0,18074.08,0,0,0.8808749351082336,0,,0
2025-09-15,G02,Manchester,CH03,Paid Social,1196.03,124211,1429,1461,42,10,3,18133.05,16884.56,0,0,0.8808749351082336,0,,0
2025-09-15,G02,Manchester,CH04,LinkedIn,921.01,26519,215,219,9,2,0,15742.74,15230.42,0,0,0.8808749351082336,0,,0
2025-09-15,G02,Manchester,CH05,YouTube,821.38,69172,408,471,5,1,0,17097.47,16891.69,0,0,0.8808749351082336,0,,0
2025-09-15,G02,Manchester,CH06,Display,499.11,96474,283,341,3,0,0,19513.52,18886.97,0,0,0.8808749351082336,0,,0
2025-09-15,G03,Birmingham,CH01,Paid Search - Brand,586.31,7386,618,714,55,12,3,18256.88,17511.92,0,0,0.8808749351082336,0,,0
2025-09-15,G03,Birmingham,CH02,Paid Search - Non-Brand,1303.13,19662,881,1011,46,12,4,16650.4,16980.04,0,0,0.8808749351082336,0,,0
2025-09-15,G03,Birmingham,CH03,Paid Social,1130.65,109879,1353,1658,41,13,4,16607.23,15123.91,0,0,0.8808749351082336,0,,0
2025-09-15,G03,Birmingham,CH04,LinkedIn,831.67,23933,185,215,9,1,0,14850.05,14851.08,0,0,0.8808749351082336,0,,0
2025-09-15,G03,Birmingham,CH05,YouTube,825.05,66643,369,409,5,1,0,17385.82,16604.78,0,0,0.8808749351082336,0,,0
2025-09-15,G03,Birmingham,CH06,Display,400.76,80624,242,255,2,0,0,16424.35,16351.03,0,0,0.8808749351082336,0,,0
2025-09-15,G04,Leeds,CH01,Paid Search - Brand,575.91,7173,651,656,43,9,2,14093.11,13700.52,0,0,0.8808749351082336,0,,0
2025-09-15,G04,Leeds,CH02,Paid Search - Non-Brand,1190.59,18947,892,1072,37,11,4,14601.75,14188.15,0,0,0.8808749351082336,0,,0
2025-09-15,G04,Leeds,CH03,Paid Social,948.35,96192,1165,1354,30,8,2,14668.12,14116.62,0,0,0.8808749351082336,0,,0
2025-09-15,G04,Leeds,CH04,LinkedIn,667.06,19058,148,163,6,1,0,13696.78,13611.7,0,0,0.8808749351082336,0,,0
2025-09-15,G04,Leeds,CH05,YouTube,675.41,56096,328,403,5,1,0,15229.7,15341.7,0,0,0.8808749351082336,0,,0
2025-09-15,G04,Leeds,CH06,Display,400.12,77907,229,271,3,0,0,14026.56,14720.46,0,0,0.8808749351082336,0,,0
2025-09-15,G05,Bristol,CH01,Paid Search - Brand,464.09,5809,474,512,36,7,2,13428.17,13349.08,0,0,0.8808749351082336,0,,0
2025-09-15,G05,Bristol,CH02,Paid Search - Non-Brand,922.75,14410,613,661,22,6,1,13844.94,13901.59,0,0,0.8808749351082336,0,,0
2025-09-15,G05,Bristol,CH03,Paid Social,806.19,80736,872,876,29,6,2,13873.55,13034.78,0,0,0.8808749351082336,0,,0
2025-09-15,G05,Bristol,CH04,LinkedIn,649.27,18535,146,148,6,1,0,12894.58,12136.61,0,0,0.8808749351082336,0,,0
2025-09-15,G05,Bristol,CH05,YouTube,569.21,46659,284,305,4,0,0,13433.75,13549.76,0,0,0.8808749351082336,0,,0
2025-09-15,G05,Bristol,CH06,Display,363.21,73353,201,238,2,0,0,11709.39,11557.81,0,0,0.8808749351082336,0,,0
2025-09-15,G06,Glasgow,CH01,Paid Search - Brand,478.92,5966,497,566,34,8,2,12440.65,11968.64,0,0,0.8808749351082336,0,,0
2025-09-15,G06,Glasgow,CH02,Paid Search - Non-Brand,892.06,13747,567,611,23,8,3,12329.91,11794.26,0,0,0.8808749351082336,0,,0
2025-09-15,G06,Glasgow,CH03,Paid Social,779.71,76721,939,1124,35,8,3,12701.29,12400.72,0,0,0.8808749351082336,0,,0
2025-09-15,G06,Glasgow,CH04,LinkedIn,666.29,19285,158,163,7,2,0,13280.4,12343.51,0,0,0.8808749351082336,0,,0
2025-09-15,G06,Glasgow,CH05,YouTube,529.44,43958,256,299,4,0,0,11557.83,12729.38,0,0,0.8808749351082336,1,,0
2025-09-15,G06,Glasgow,CH06,Display,323.72,65236,192,214,2,0,0,10535.23,11336.87,0,0,0.8808749351082336,0,,0
2025-09-15,G07,Liverpool,CH01,Paid Search - Brand,428.78,5297,469,557,40,7,1,13679.64,12923.28,0,0,0.8808749351082336,0,,0
2025-09-15,G07,Liverpool,CH02,Paid Search - Non-Brand,1001.08,15742,695,787,32,6,2,12128.1,11995.78,0,0,0.8808749351082336,0,,0
2025-09-15,G07,Liverpool,CH03,Paid Social,666.21,65728,787,788,24,7,2,12644.84,12108.69,0,0,0.8808749351082336,0,,0
2025-09-15,G07,Liverpool,CH04,LinkedIn,724.98,20913,166,175,7,2,0,13766.29,13505.93,0,0,0.8808749351082336,0,,0
2025-09-15,G07,Liverpool,CH05,YouTube,501.41,40964,239,257,3,0,0,13009.97,13001.43,0,0,0.8808749351082336,0,,0
2025-09-15,G07,Liverpool,CH06,Display,343.96,68677,197,242,2,0,0,13656.4,13151.44,0,0,0.8808749351082336,0,,0
2025-09-15,G08,Sheffield,CH01,Paid Search - Brand,389.64,4905,394,436,26,6,2,11674.5,10752.76,0,0,0.8808749351082336,0,,0
2025-09-15,G08,Sheffield,CH02,Paid Search - Non-Brand,861.42,13159,559,695,32,9,2,12222.89,12830.05,0,0,0.8808749351082336,0,,0
2025-09-15,G08,Sheffield,CH03,Paid Social,740.3,75123,951,963,31,6,1,9946.72,9199.18,0,0,0.8808749351082336,0,,0
2025-09-15,G08,Sheffield,CH04,LinkedIn,530.38,15157,102,125,5,0,0,12641.59,11671.45,0,0,0.8808749351082336,0,,0
2025-09-15,G08,Sheffield,CH05,YouTube,538.11,45374,261,278,4,1,0,11163.42,11381.58,0,0,0.8808749351082336,0,,0
2025-09-15,G08,Sheffield,CH06,Display,305.17,61773,169,171,1,0,0,11297.51,11020.16,0,0,0.8808749351082336,0,,0
2025-09-15,G09,Edinburgh,CH01,Paid Search - Brand,392.18,4716,404,471,32,6,1,11547.63,11102.8,0,0,0.8808749351082336,0,,0
2025-09-15,G09,Edinburgh,CH02,Paid Search - Non-Brand,824.84,12573,553,583,27,8,1,11983.21,11413.06,0,0,0.8808749351082336,0,,0
2025-09-15,G09,Edinburgh,CH03,Paid Social,741.9,72474,872,896,21,7,2,10161.93,10559.33,0,0,0.8808749351082336,0,,0
2025-09-15,G09,Edinburgh,CH04,LinkedIn,551.13,15897,121,121,5,1,0,11770.37,11195.75,0,0,0.8808749351082336,0,,0
2025-09-15,G09,Edinburgh,CH05,YouTube,445.65,36643,211,245,3,0,0,11789.52,11283.75,0,0,0.8808749351082336,0,,0
2025-09-15,G09,Edinburgh,CH06,Display,249.94,50086,149,173,1,0,0,11126.45,11461.88,0,0,0.8808749351082336,0,,0
2025-09-15,G10,Cardiff,CH01,Paid Search - Brand,419.28,5171,452,527,36,9,2,10983.79,10016.32,0,0,0.8808749351082336,0,,0
2025-09-15,G10,Cardiff,CH02,Paid Search - Non-Brand,693.54,10689,494,569,22,5,2,10701.79,10748.92,0,0,0.8808749351082336,0,,0
2025-09-15,G10,Cardiff,CH03,Paid Social,628.82,61884,694,721,21,6,2,10059.95,10424.58,0,0,0.8808749351082336,1,,0
2025-09-15,G10,Cardiff,CH04,LinkedIn,500.19,14316,109,131,5,1,0,9406.52,9023.6,0,0,0.8808749351082336,0,,0
2025-09-15,G10,Cardiff,CH05,YouTube,458.93,38144,224,266,3,0,0,8369.78,8550.51,0,0,0.8808749351082336,0,,0
2025-09-15,G10,Cardiff,CH06,Display,274.03,56882,157,188,1,0,0,7931.03,8928.87,0,0,0.8808749351082336,1,,0
2025-09-22,G01,London,CH01,Paid Search - Brand,984.38,12123,1020,1084,80,30,9,25654.81,24653.68,0,0,0.88,0,,0
2025-09-22,G01,London,CH02,Paid Search - Non-Brand,2061.28,32343,1508,1734,79,28,12,23452.7,23111.42,0,0,0.88,0,,0
2025-09-22,G01,London,CH03,Paid Social,1505.63,153202,1847,1926,47,10,2,26830.13,26758.41,0,0,0.88,0,,0
2025-09-22,G01,London,CH04,LinkedIn,1342.1,38096,284,318,13,2,0,24830.15,23347.41,0,0,0.88,0,,0
2025-09-22,G01,London,CH05,YouTube,1221.26,98901,586,591,8,1,0,24459.81,22043.85,0,0,0.88,0,,0
2025-09-22,G01,London,CH06,Display,691.32,139628,404,473,4,1,0,21702.02,22304.0,0,0,0.88,0,,0
2025-09-22,G02,Manchester,CH01,Paid Search - Brand,666.49,8280,704,773,47,10,2,20355.65,18394.91,0,0,0.88,0,,0
2025-09-22,G02,Manchester,CH02,Paid Search - Non-Brand,1391.5,21677,1014,1179,49,8,1,19431.85,19281.82,0,0,0.88,0,,0
2025-09-22,G02,Manchester,CH03,Paid Social,1118.06,116371,1484,1840,42,13,5,19661.51,18354.39,0,0,0.88,0,,0
2025-09-22,G02,Manchester,CH04,LinkedIn,1024.94,28644,234,252,9,3,0,17918.34,18231.0,0,0,0.88,0,,0
2025-09-22,G02,Manchester,CH05,YouTube,775.99,64105,390,483,6,1,0,15479.73,15620.65,0,0,0.88,0,,0
2025-09-22,G02,Manchester,CH06,Display,512.87,107828,311,341,3,0,0,17837.64,18414.68,0,0,0.88,0,,0
2025-09-22,G03,Birmingham,CH01,Paid Search - Brand,583.19,7430,640,725,42,11,3,18142.36,18019.13,0,0,0.88,0,,0
2025-09-22,G03,Birmingham,CH02,Paid Search - Non-Brand,1305.38,19562,860,1035,38,11,2,17194.06,15896.64,0,0,0.88,0,,0
2025-09-22,G03,Birmingham,CH03,Paid Social,929.89,94094,1116,1272,41,9,2,19160.87,17065.12,0,0,0.88,0,,0
2025-09-22,G03,Birmingham,CH04,LinkedIn,787.39,22303,181,181,9,1,0,18486.02,18304.65,0,0,0.88,0,,0
2025-09-22,G03,Birmingham,CH05,YouTube,783.17,65787,400,402,5,1,0,18901.59,18575.02,0,0,0.88,0,,0
2025-09-22,G03,Birmingham,CH06,Display,425.29,85683,267,276,2,0,0,15753.14,16446.95,0,0,0.88,0,,0
2025-09-22,G04,Leeds,CH01,Paid Search - Brand,530.03,6530,569,583,31,11,2,15142.82,14637.96,0,0,0.88,0,,0
2025-09-22,G04,Leeds,CH02,Paid Search - Non-Brand,1118.15,17799,847,912,40,8,3,12986.81,13736.29,0,0,0.88,0,,0
2025-09-22,G04,Leeds,CH03,Paid Social,909.05,87021,1072,1324,40,7,3,12509.25,13644.45,0,0,0.88,0,,0
2025-09-22,G04,Leeds,CH04,LinkedIn,697.38,19860,156,164,7,1,0,13332.05,13641.25,0,0,0.88,0,,0
2025-09-22,G04,Leeds,CH05,YouTube,626.4,53741,335,412,6,1,0,14055.0,14393.39,0,0,0.88,0,,0
2025-09-22,G04,Leeds,CH06,Display,356.66,70292,223,244,2,0,0,13501.86,13415.79,0,0,0.88,0,,0
2025-09-22,G05,Bristol,CH01,Paid Search - Brand,484.53,5912,535,640,49,11,2,13594.19,13346.84,0,0,0.88,0,,0
2025-09-22,G05,Bristol,CH02,Paid Search - Non-Brand,990.54,15167,705,835,32,9,3,14203.65,13026.48,0,0,0.88,0,,0
2025-09-22,G05,Bristol,CH03,Paid Social,914.63,92859,1203,1297,39,10,2,12846.58,12178.63,0,0,0.88,0,,0
2025-09-22,G05,Bristol,CH04,LinkedIn,709.24,19718,158,165,6,1,0,13709.26,13372.45,0,0,0.88,0,,0
2025-09-22,G05,Bristol,CH05,YouTube,596.56,49225,275,306,4,0,0,14025.84,13136.89,0,0,0.88,0,,0
2025-09-22,G05,Bristol,CH06,Display,318.49,62162,177,205,1,0,0,12698.64,13215.53,0,0,0.88,0,,0
2025-09-22,G06,Glasgow,CH01,Paid Search - Brand,426.19,5248,450,542,35,7,2,11675.38,11267.17,0,0,0.88,0,,0
2025-09-22,G06,Glasgow,CH02,Paid Search - Non-Brand,995.44,15614,710,737,27,9,2,12921.69,11885.07,0,0,0.88,0,,0
2025-09-22,G06,Glasgow,CH03,Paid Social,761.14,75191,901,1019,23,8,2,12865.23,13136.36,0,0,0.88,0,,0
2025-09-22,G06,Glasgow,CH04,LinkedIn,668.34,18921,160,173,7,2,0,11930.64,11061.36,0,0,0.88,0,,0
2025-09-22,G06,Glasgow,CH05,YouTube,552.6,44498,275,325,5,1,0,12159.2,12289.79,0,0,0.88,0,,0
2025-09-22,G06,Glasgow,CH06,Display,297.89,59638,182,189,2,0,0,12257.35,11972.45,0,0,0.88,0,,0
2025-09-22,G07,Liverpool,CH01,Paid Search - Brand,518.58,6482,580,709,46,12,3,11408.24,11553.14,0,0,0.88,0,,0
2025-09-22,G07,Liverpool,CH02,Paid Search - Non-Brand,910.35,14263,643,670,28,9,2,13437.78,12556.07,0,0,0.88,0,,0
2025-09-22,G07,Liverpool,CH03,Paid Social,874.46,87840,1024,1254,40,14,4,13181.37,13323.18,0,0,0.88,0,,0
2025-09-22,G07,Liverpool,CH04,LinkedIn,620.4,17848,135,166,5,1,0,12920.2,12760.6,0,0,0.88,0,,0
2025-09-22,G07,Liverpool,CH05,YouTube,596.9,51285,306,312,4,0,0,11246.16,11437.25,0,0,0.88,0,,0
2025-09-22,G07,Liverpool,CH06,Display,324.67,65457,184,190,1,0,0,12593.51,12410.93,0,0,0.88,0,,0
2025-09-22,G08,Sheffield,CH01,Paid Search - Brand,455.78,5652,510,617,40,12,3,11193.37,10823.87,0,0,0.88,0,,0
2025-09-22,G08,Sheffield,CH02,Paid Search - Non-Brand,732.12,11484,506,632,27,7,2,11025.73,11344.08,0,0,0.88,0,,0
2025-09-22,G08,Sheffield,CH03,Paid Social,767.75,77439,925,939,30,6,1,8716.44,9025.71,0,0,0.88,0,,0
2025-09-22,G08,Sheffield,CH04,LinkedIn,632.48,17346,153,179,8,1,0,12289.36,11560.42,0,0,0.88,0,,0
2025-09-22,G08,Sheffield,CH05,YouTube,508.05,42504,264,296,4,0,0,9941.19,10058.43,0,0,0.88,0,,0
2025-09-22,G08,Sheffield,CH06,Display,299.49,59959,172,194,1,0,0,9228.09,9812.29,0,0,0.88,0,,0
2025-09-22,G09,Edinburgh,CH01,Paid Search - Brand,392.62,4985,376,387,21,5,2,11366.76,10792.94,0,0,0.88,0,,0
2025-09-22,G09,Edinburgh,CH02,Paid Search - Non-Brand,779.38,11973,562,589,25,8,1,10565.06,10393.98,0,0,0.88,0,,0
2025-09-22,G09,Edinburgh,CH03,Paid Social,663.04,67252,813,831,23,5,1,11889.54,11379.24,0,0,0.88,0,,0
2025-09-22,G09,Edinburgh,CH04,LinkedIn,578.88,16129,118,143,5,1,0,11341.77,10471.02,0,0,0.88,0,,0
2025-09-22,G09,Edinburgh,CH05,YouTube,472.78,38958,217,229,3,0,0,10876.81,10071.03,0,0,0.88,0,,0
2025-09-22,G09,Edinburgh,CH06,Display,329.0,65818,198,246,2,0,0,9898.06,9580.14,0,0,0.88,0,,0
2025-09-22,G10,Cardiff,CH01,Paid Search - Brand,399.22,5035,445,532,36,6,2,9456.23,9485.92,0,0,0.88,0,,0
2025-09-22,G10,Cardiff,CH02,Paid Search - Non-Brand,749.58,11872,550,567,24,8,1,9582.46,9324.7,0,0,0.88,0,,0
2025-09-22,G10,Cardiff,CH03,Paid Social,670.53,65860,817,1004,28,6,1,8433.65,9314.83,0,0,0.88,0,,0
2025-09-22,G10,Cardiff,CH04,LinkedIn,454.82,12873,92,99,4,1,0,10000.67,9962.43,0,0,0.88,0,,0
2025-09-22,G10,Cardiff,CH05,YouTube,446.41,37610,201,219,2,0,0,10423.72,9665.09,0,0,0.88,0,,0
2025-09-22,G10,Cardiff,CH06,Display,270.34,55126,167,174,1,0,0,9005.27,9433.82,0,0,0.88,0,,0
2025-09-29,G01,London,CH01,Paid Search - Brand,924.86,11927,927,928,62,20,8,28382.44,26283.56,1,0,0.8808749351082336,0,,0
2025-09-29,G01,London,CH02,Paid Search - Non-Brand,2104.91,32644,1486,1675,72,22,9,24107.15,22926.62,1,0,0.8808749351082336,0,,0
2025-09-29,G01,London,CH03,Paid Social,1736.56,177750,2263,2635,59,11,2,28788.6,24985.21,1,0,0.8808749351082336,0,,0
2025-09-29,G01,London,CH04,LinkedIn,1255.69,35216,260,278,11,3,1,28384.97,26155.41,1,0,0.8808749351082336,0,,0
2025-09-29,G01,London,CH05,YouTube,1055.45,84539,531,643,8,2,0,31228.85,27604.73,1,0,0.8808749351082336,0,,0
2025-09-29,G01,London,CH06,Display,733.16,149781,414,516,4,1,0,27334.78,24082.54,1,0,0.8808749351082336,0,,0
2025-09-29,G02,Manchester,CH01,Paid Search - Brand,702.75,8700,730,789,56,20,4,17618.8,16114.16,1,0,0.8808749351082336,0,,0
2025-09-29,G02,Manchester,CH02,Paid Search - Non-Brand,1271.98,19323,843,1045,39,14,4,20395.83,18126.82,1,0,0.8808749351082336,0,,0
2025-09-29,G02,Manchester,CH03,Paid Social,1115.45,112268,1307,1498,45,11,3,19442.39,16155.09,1,0,0.8808749351082336,0,,0
2025-09-29,G02,Manchester,CH04,LinkedIn,859.63,23847,189,214,9,2,0,20328.24,18292.48,1,0,0.8808749351082336,0,,0
2025-09-29,G02,Manchester,CH05,YouTube,824.26,67155,385,415,7,2,0,19109.9,17405.67,1,0,0.8808749351082336,0,,0
2025-09-29,G02,Manchester,CH06,Display,468.36,94470,290,336,3,1,0,20863.4,18392.85,1,0,0.8808749351082336,0,,0
2025-09-29,G03,Birmingham,CH01,Paid Search - Brand,747.69,9477,856,1036,76,15,6,18353.94,15392.39,1,0,0.8808749351082336,0,,0
2025-09-29,G03,Birmingham,CH02,Paid Search - Non-Brand,1278.42,19844,854,1012,38,12,3,16709.12,14938.46,1,0,0.8808749351082336,0,,0
2025-09-29,G03,Birmingham,CH03,Paid Social,1046.13,107057,1352,1402,47,13,2,18631.99,16449.51,1,0,0.8808749351082336,0,,0
2025-09-29,G03,Birmingham,CH04,LinkedIn,893.25,25842,196,197,7,2,0,21455.49,17932.69,1,0,0.8808749351082336,0,,0
2025-09-29,G03,Birmingham,CH05,YouTube,761.19,64973,368,420,5,1,0,17394.55,15680.34,1,0,0.8808749351082336,0,,0
2025-09-29,G03,Birmingham,CH06,Display,498.2,98460,286,305,2,0,0,17517.27,16891.04,1,0,0.8808749351082336,0,,0
2025-09-29,G04,Leeds,CH01,Paid Search - Brand,514.25,6330,529,629,38,11,2,15932.14,13155.68,1,0,0.8808749351082336,0,,0
2025-09-29,G04,Leeds,CH02,Paid Search - Non-Brand,1180.94,18603,869,982,38,9,3,14382.67,12675.08,1,0,0.8808749351082336,0,,0
2025-09-29,G04,Leeds,CH03,Paid Social,817.04,84654,979,1060,33,6,1,15919.23,13193.19,1,0,0.8808749351082336,0,,0
2025-09-29,G04,Leeds,CH04,LinkedIn,697.1,19930,154,184,7,1,0,16092.98,14282.45,1,0,0.8808749351082336,0,,0
2025-09-29,G04,Leeds,CH05,YouTube,657.11,55053,321,370,5,1,0,14585.63,12972.97,1,0,0.8808749351082336,0,,0
2025-09-29,G04,Leeds,CH06,Display,348.17,68742,205,231,2,0,0,14260.3,11970.34,1,0,0.8808749351082336,0,,0
2025-09-29,G05,Bristol,CH01,Paid Search - Brand,457.02,5717,515,622,33,8,2,14951.22,12585.26,1,0,0.8808749351082336,0,,0
2025-09-29,G05,Bristol,CH02,Paid Search - Non-Brand,1068.84,16156,796,928,40,7,2,15922.92,13442.85,1,0,0.8808749351082336,0,,0
2025-09-29,G05,Bristol,CH03,Paid Social,790.24,75651,966,1165,31,9,3,15146.45,13188.01,1,0,0.8808749351082336,0,,0
2025-09-29,G05,Bristol,CH04,LinkedIn,634.22,18467,155,164,7,1,0,16229.97,13847.78,1,0,0.8808749351082336,0,,0
2025-09-29,G05,Bristol,CH05,YouTube,582.78,49130,291,349,4,1,0,14195.38,12191.08,1,0,0.8808749351082336,0,,0
2025-09-29,G05,Bristol,CH06,Display,323.86,63398,199,215,2,0,0,15534.92,13379.66,1,0,0.8808749351082336,0,,0
2025-09-29,G06,Glasgow,CH01,Paid Search - Brand,476.5,5789,461,560,31,9,3,13558.77,11538.56,1,0,0.8808749351082336,0,,0
2025-09-29,G06,Glasgow,CH02,Paid Search - Non-Brand,958.11,14661,664,683,25,6,1,14684.64,11797.87,1,0,0.8808749351082336,0,,0
2025-09-29,G06,Glasgow,CH03,Paid Social,784.0,76109,890,980,29,5,2,13612.08,11973.67,1,0,0.8808749351082336,0,,0
2025-09-29,G06,Glasgow,CH04,LinkedIn,608.29,17136,138,171,8,2,0,11631.07,10742.02,1,0,0.8808749351082336,0,,0
2025-09-29,G06,Glasgow,CH05,YouTube,510.36,40835,239,265,4,1,0,12838.77,11362.71,1,0,0.8808749351082336,0,,0
2025-09-29,G06,Glasgow,CH06,Display,311.11,64426,197,232,2,0,0,13151.73,11274.92,1,0,0.8808749351082336,0,,0
2025-09-29,G07,Liverpool,CH01,Paid Search - Brand,492.98,6019,479,487,37,7,1,13963.43,11566.25,1,0,0.8808749351082336,0,,0
2025-09-29,G07,Liverpool,CH02,Paid Search - Non-Brand,927.49,13834,627,633,23,8,3,13799.41,11448.15,1,0,0.8808749351082336,0,,0
2025-09-29,G07,Liverpool,CH03,Paid Social,802.6,79119,899,999,29,5,1,13684.24,12572.56,1,0,0.8808749351082336,0,,0
2025-09-29,G07,Liverpool,CH04,LinkedIn,561.11,16252,129,132,4,0,0,13759.98,11322.0,1,0,0.8808749351082336,0,,0
2025-09-29,G07,Liverpool,CH05,YouTube,547.83,46249,282,315,4,1,0,14104.76,12191.05,1,0,0.8808749351082336,0,,0
2025-09-29,G07,Liverpool,CH06,Display,302.95,61368,174,201,1,0,0,12848.16,11159.04,1,0,0.8808749351082336,0,,0
2025-09-29,G08,Sheffield,CH01,Paid Search - Brand,422.08,5264,434,526,33,10,4,12621.06,10827.15,1,0,0.8808749351082336,0,,0
2025-09-29,G08,Sheffield,CH02,Paid Search - Non-Brand,865.76,13183,605,730,32,8,1,11742.76,10825.7,1,0,0.8808749351082336,0,,0
2025-09-29,G08,Sheffield,CH03,Paid Social,660.47,66659,803,843,24,4,0,12064.72,9752.43,1,0,0.8808749351082336,0,,0
2025-09-29,G08,Sheffield,CH04,LinkedIn,595.38,17323,142,163,7,1,0,12389.54,10062.11,1,0,0.8808749351082336,0,,0
2025-09-29,G08,Sheffield,CH05,YouTube,529.52,43069,269,280,4,1,0,11592.48,9617.17,1,0,0.8808749351082336,0,,0
2025-09-29,G08,Sheffield,CH06,Display,291.23,57475,154,191,1,0,0,13773.85,10918.75,1,0,0.8808749351082336,0,,0
2025-09-29,G09,Edinburgh,CH01,Paid Search - Brand,384.96,4628,381,395,28,10,2,12923.51,10973.24,1,0,0.8808749351082336,0,,0
2025-09-29,G09,Edinburgh,CH02,Paid Search - Non-Brand,876.17,13213,558,670,25,7,1,12030.38,10460.16,1,0,0.8808749351082336,0,,0
2025-09-29,G09,Edinburgh,CH03,Paid Social,700.67,69695,858,1032,23,6,1,12991.75,11437.47,1,0,0.8808749351082336,0,,0
2025-09-29,G09,Edinburgh,CH04,LinkedIn,560.92,16334,128,148,7,2,0,11654.48,9780.56,1,0,0.8808749351082336,0,,0
2025-09-29,G09,Edinburgh,CH05,YouTube,480.44,41086,259,299,3,0,0,12712.85,10259.17,1,0,0.8808749351082336,0,,0
2025-09-29,G09,Edinburgh,CH06,Display,269.34,52833,158,193,2,0,0,11133.89,9281.78,1,0,0.8808749351082336,0,,0
2025-09-29,G10,Cardiff,CH01,Paid Search - Brand,401.2,4950,422,519,35,12,4,12062.81,10044.17,1,0,0.8808749351082336,0,,0
2025-09-29,G10,Cardiff,CH02,Paid Search - Non-Brand,808.75,12637,577,609,27,6,1,11509.38,9423.0,1,0,0.8808749351082336,0,,0
2025-09-29,G10,Cardiff,CH03,Paid Social,618.04,62179,803,943,29,9,2,11689.78,9477.88,1,0,0.8808749351082336,0,,0
2025-09-29,G10,Cardiff,CH04,LinkedIn,430.35,12543,98,105,4,0,0,10983.94,9707.2,1,0,0.8808749351082336,0,,0
2025-09-29,G10,Cardiff,CH05,YouTube,441.76,36778,202,234,3,0,0,11744.8,9808.57,1,0,0.8808749351082336,0,,0
2025-09-29,G10,Cardiff,CH06,Display,259.99,51296,150,162,1,0,0,11390.88,10009.25,1,0,0.8808749351082336,0,,0
2025-10-06,G01,London,CH01,Paid Search - Brand,1021.81,12609,1035,1128,63,18,4,24093.4,24225.37,0,0,0.8834869819088738,0,,0
2025-10-06,G01,London,CH02,Paid Search - Non-Brand,1967.15,29575,1225,1227,54,14,3,24022.57,22546.34,0,0,0.8834869819088738,0,,0
2025-10-06,G01,London,CH03,Paid Social,1554.64,152584,1907,2350,54,16,4,25119.28,25598.98,0,0,0.8834869819088738,0,,0
2025-10-06,G01,London,CH04,LinkedIn,1378.15,38660,321,342,15,2,0,23465.78,23942.3,0,0,0.8834869819088738,0,,0
2025-10-06,G01,London,CH05,YouTube,1236.34,101103,592,595,8,2,0,25309.23,25751.63,0,0,0.8834869819088738,0,,0
2025-10-06,G01,London,CH06,Display,696.63,142038,431,497,4,1,0,22571.17,24155.72,0,0,0.8834869819088738,0,,0
2025-10-06,G02,Manchester,CH01,Paid Search - Brand,631.79,7867,622,638,42,15,6,18718.52,20180.36,0,0,0.8834869819088738,0,,0
2025-10-06,G02,Manchester,CH02,Paid Search - Non-Brand,1470.22,22712,991,1023,43,7,2,15379.94,16379.32,0,0,0.8834869819088738,0,,0
2025-10-06,G02,Manchester,CH03,Paid Social,1013.99,101342,1181,1330,31,7,1,18456.61,18354.38,0,0,0.8834869819088738,0,,0
2025-10-06,G02,Manchester,CH04,LinkedIn,866.48,24588,202,235,12,3,0,16346.77,16572.77,0,0,0.8834869819088738,0,,0
2025-10-06,G02,Manchester,CH05,YouTube,723.4,60072,370,422,6,1,0,16805.42,17007.06,0,0,0.8834869819088738,0,,0
2025-10-06,G02,Manchester,CH06,Display,476.47,92863,275,283,2,0,0,20518.46,20201.56,0,0,0.8834869819088738,0,,0
2025-10-06,G03,Birmingham,CH01,Paid Search - Brand,665.57,8386,721,769,57,21,5,17756.99,16885.58,0,0,0.8834869819088738,0,,0
2025-10-06,G03,Birmingham,CH02,Paid Search - Non-Brand,1240.84,19577,881,993,42,11,3,18211.32,18387.87,0,0,0.8834869819088738,0,,0
2025-10-06,G03,Birmingham,CH03,Paid Social,944.78,97021,1117,1132,25,8,3,16022.84,16277.29,0,0,0.8834869819088738,0,,0
2025-10-06,G03,Birmingham,CH04,LinkedIn,933.48,26543,198,241,9,1,0,18269.93,16923.11,0,0,0.8834869819088738,0,,0
2025-10-06,G03,Birmingham,CH05,YouTube,785.65,64711,389,439,7,2,0,17233.89,16046.07,0,0,0.8834869819088738,0,,0
2025-10-06,G03,Birmingham,CH06,Display,411.87,85097,265,307,2,0,0,17529.61,17692.38,0,0,0.8834869819088738,0,,0
2025-10-06,G04,Leeds,CH01,Paid Search - Brand,488.5,5975,530,599,40,8,2,15303.23,14431.9,0,0,0.8834869819088738,0,,0
2025-10-06,G04,Leeds,CH02,Paid Search - Non-Brand,1104.1,16854,733,884,42,15,5,13886.84,14130.06,0,0,0.8834869819088738,0,,0
2025-10-06,G04,Leeds,CH03,Paid Social,922.2,90341,1163,1425,37,11,2,15863.39,15747.47,0,0,0.8834869819088738,0,,0
2025-10-06,G04,Leeds,CH04,LinkedIn,818.97,23798,181,219,11,3,1,13750.7,12883.54,0,0,0.8834869819088738,0,,0
2025-10-06,G04,Leeds,CH05,YouTube,673.41,55420,329,338,4,1,0,14196.62,13134.79,0,0,0.8834869819088738,0,,0
2025-10-06,G04,Leeds,CH06,Display,353.86,70919,207,214,2,0,0,13237.32,13530.05,0,0,0.8834869819088738,0,,0
2025-10-06,G05,Bristol,CH01,Paid Search - Brand,521.69,6531,538,665,41,15,4,12135.4,12173.14,0,0,0.8834869819088738,0,,0
2025-10-06,G05,Bristol,CH02,Paid Search - Non-Brand,948.15,14786,598,743,33,9,2,13647.66,13053.68,0,0,0.8834869819088738,0,,0
2025-10-06,G05,Bristol,CH03,Paid Social,838.44,83262,969,1046,33,11,2,13092.55,12818.87,0,0,0.8834869819088738,0,,0
2025-10-06,G05,Bristol,CH04,LinkedIn,687.8,19746,147,156,7,2,0,13508.19,13064.16,0,0,0.8834869819088738,0,,0
2025-10-06,G05,Bristol,CH05,YouTube,709.44,61249,393,465,7,1,0,13205.53,13489.22,0,0,0.8834869819088738,0,,0
2025-10-06,G05,Bristol,CH06,Display,345.89,71819,218,232,1,0,0,12583.61,12285.78,0,0,0.8834869819088738,0,,0
2025-10-06,G06,Glasgow,CH01,Paid Search - Brand,483.11,5977,496,538,37,11,3,12427.1,12681.77,0,0,0.8834869819088738,0,,0
2025-10-06,G06,Glasgow,CH02,Paid Search - Non-Brand,900.43,14053,622,710,25,7,2,11467.21,10158.52,0,0,0.8834869819088738,0,,0
2025-10-06,G06,Glasgow,CH03,Paid Social,730.43,74081,868,1084,35,12,4,12465.66,12555.44,0,0,0.8834869819088738,0,,0
2025-10-06,G06,Glasgow,CH04,LinkedIn,586.91,17150,125,131,5,1,0,11519.13,11699.26,0,0,0.8834869819088738,0,,0
2025-10-06,G06,Glasgow,CH05,YouTube,490.55,40392,241,272,4,1,0,13076.86,13106.9,0,0,0.8834869819088738,0,,0
2025-10-06,G06,Glasgow,CH06,Display,304.68,59870,170,184,1,0,0,11752.46,11876.34,0,0,0.8834869819088738,0,,0
2025-10-06,G07,Liverpool,CH01,Paid Search - Brand,466.31,5851,547,633,34,8,3,12732.44,12877.2,0,0,0.8834869819088738,0,,0
2025-10-06,G07,Liverpool,CH02,Paid Search - Non-Brand,940.41,14733,646,658,25,7,1,12758.13,12323.39,0,0,0.8834869819088738,0,,0
2025-10-06,G07,Liverpool,CH03,Paid Social,764.56,75695,942,1054,32,8,2,11623.46,12202.21,0,0,0.8834869819088738,0,,0
2025-10-06,G07,Liverpool,CH04,LinkedIn,644.06,18270,148,183,8,1,0,11687.38,11886.39,0,0,0.8834869819088738,0,,0
2025-10-06,G07,Liverpool,CH05,YouTube,607.92,50644,294,319,5,1,0,14084.1,13093.45,0,0,0.8834869819088738,0,,0
2025-10-06,G07,Liverpool,CH06,Display,310.98,61557,192,237,2,0,0,13150.25,12837.25,0,0,0.8834869819088738,0,,0
2025-10-06,G08,Sheffield,CH01,Paid Search - Brand,413.28,4958,416,482,35,7,2,13701.87,13247.14,0,0,0.8834869819088738,0,,0
2025-10-06,G08,Sheffield,CH02,Paid Search - Non-Brand,795.71,12585,576,593,26,6,1,10902.22,10616.74,0,0,0.8834869819088738,0,,0
2025-10-06,G08,Sheffield,CH03,Paid Social,725.88,70788,748,835,27,7,2,10421.56,10090.14,0,0,0.8834869819088738,0,,0
2025-10-06,G08,Sheffield,CH04,LinkedIn,585.86,16775,136,142,5,1,0,12677.6,11919.53,0,0,0.8834869819088738,0,,0
2025-10-06,G08,Sheffield,CH05,YouTube,476.87,40435,230,249,3,0,0,11897.86,11399.02,0,0,0.8834869819088738,0,,0
2025-10-06,G08,Sheffield,CH06,Display,292.7,57412,176,193,2,0,0,12615.11,12702.58,0,0,0.8834869819088738,0,,0
2025-10-06,G09,Edinburgh,CH01,Paid Search - Brand,358.89,4483,353,356,19,4,1,10527.24,10016.11,0,0,0.8834869819088738,0,,0
2025-10-06,G09,Edinburgh,CH02,Paid Search - Non-Brand,873.05,13054,588,724,27,6,1,10550.12,10788.13,0,0,0.8834869819088738,0,,0
2025-10-06,G09,Edinburgh,CH03,Paid Social,690.3,69280,836,905,25,7,1,9321.58,9734.87,0,0,0.8834869819088738,0,,0
2025-10-06,G09,Edinburgh,CH04,LinkedIn,525.01,15470,124,131,5,1,0,9121.8,9401.82,0,0,0.8834869819088738,0,,0
2025-10-06,G09,Edinburgh,CH05,YouTube,480.3,40146,236,252,3,1,0,10836.74,10831.11,0,0,0.8834869819088738,0,,0
2025-10-06,G09,Edinburgh,CH06,Display,310.17,62581,171,186,1,0,0,10069.32,10081.59,0,0,0.8834869819088738,0,,0
2025-10-06,G10,Cardiff,CH01,Paid Search - Brand,363.52,4600,416,518,27,9,2,9825.75,9202.66,0,0,0.8834869819088738,0,,0
2025-10-06,G10,Cardiff,CH02,Paid Search - Non-Brand,794.94,12259,574,686,32,9,1,11211.6,10773.39,0,0,0.8834869819088738,0,,0
2025-10-06,G10,Cardiff,CH03,Paid Social,592.38,60072,754,815,20,5,1,9804.39,9600.42,0,0,0.8834869819088738,0,,0
2025-10-06,G10,Cardiff,CH04,LinkedIn,499.22,14168,118,118,6,1,0,8850.65,8486.33,0,0,0.8834869819088738,0,,0
2025-10-06,G10,Cardiff,CH05,YouTube,470.64,39337,249,274,3,0,0,11035.67,10160.94,0,0,0.8834869819088738,0,,0
2025-10-06,G10,Cardiff,CH06,Display,269.23,53932,153,165,1,0,0,9073.94,9163.39,0,0,0.8834869819088738,0,,0
2025-10-13,G01,London,CH01,Paid Search - Brand,874.96,11020,934,956,68,17,5,24407.59,24498.09,0,0,0.8877980508777502,0,,0
2025-10-13,G01,London,CH02,Paid Search - Non-Brand,1822.39,28743,1280,1315,51,9,2,25504.62,25287.48,0,0,0.8877980508777502,0,,0
2025-10-13,G01,London,CH03,Paid Social,1620.07,163828,2042,2259,71,18,5,22583.57,22591.52,0,0,0.8877980508777502,0,,0
2025-10-13,G01,London,CH04,LinkedIn,1288.39,36775,301,330,12,2,0,21712.0,22597.92,0,0,0.8877980508777502,0,,0
2025-10-13,G01,London,CH05,YouTube,1103.38,92017,529,530,7,1,0,25006.41,25743.32,0,0,0.8877980508777502,0,,0
2025-10-13,G01,London,CH06,Display,674.53,135527,381,425,3,1,0,24267.7,24116.0,0,0,0.8877980508777502,0,,0
2025-10-13,G02,Manchester,CH01,Paid Search - Brand,673.09,8174,713,849,61,14,3,16634.58,17314.48,0,0,0.8877980508777502,0,,0
2025-10-13,G02,Manchester,CH02,Paid Search - Non-Brand,1436.45,21509,958,1117,52,14,2,16510.21,16050.12,0,0,0.8877980508777502,0,,0
2025-10-13,G02,Manchester,CH03,Paid Social,1229.5,126195,1569,1829,47,9,3,16954.71,16707.01,0,0,0.8877980508777502,0,,0
2025-10-13,G02,Manchester,CH04,LinkedIn,916.03,26364,209,234,10,1,0,19338.31,18465.15,0,0,0.8877980508777502,0,,0
2025-10-13,G02,Manchester,CH05,YouTube,821.25,68107,392,480,6,1,0,17644.85,17097.74,0,0,0.8877980508777502,0,,0
2025-10-13,G02,Manchester,CH06,Display,523.17,103400,302,363,3,1,0,18213.84,17828.05,0,0,0.8877980508777502,0,,0
2025-10-13,G03,Birmingham,CH01,Paid Search - Brand,634.82,8065,694,706,41,15,4,18037.09,17542.7,0,0,0.8877980508777502,0,,0
2025-10-13,G03,Birmingham,CH02,Paid Search - Non-Brand,1213.06,18459,808,912,43,11,3,17998.69,17589.26,0,0,0.8877980508777502,0,,0
2025-10-13,G03,Birmingham,CH03,Paid Social,1044.55,106203,1295,1585,45,15,4,17355.22,16951.66,0,0,0.8877980508777502,0,,0
2025-10-13,G03,Birmingham,CH04,LinkedIn,873.16,24183,184,186,9,2,0,15930.34,16548.99,0,0,0.8877980508777502,0,,0
2025-10-13,G03,Birmingham,CH05,YouTube,740.58,62592,407,408,7,1,0,16011.49,16629.13,0,0,0.8877980508777502,0,,0
2025-10-13,G03,Birmingham,CH06,Display,442.3,88273,258,261,2,0,0,17150.13,17419.87,0,0,0.8877980508777502,0,,0
2025-10-13,G04,Leeds,CH01,Paid Search - Brand,514.9,6479,540,558,30,9,2,12764.17,12508.71,0,0,0.8877980508777502,0,,0
2025-10-13,G04,Leeds,CH02,Paid Search - Non-Brand,1191.29,18334,778,946,40,14,4,16915.08,15694.06,0,0,0.8877980508777502,0,,0
2025-10-13,G04,Leeds,CH03,Paid Social,957.62,94167,1166,1427,41,11,3,11651.28,12669.22,0,0,0.8877980508777502,1,,0
2025-10-13,G04,Leeds,CH04,LinkedIn,911.91,26323,188,197,10,3,0,13145.47,12882.94,0,0,0.8877980508777502,0,,0
2025-10-13,G04,Leeds,CH05,YouTube,651.8,55788,358,394,6,1,0,13545.47,14217.04,0,0,0.8877980508777502,0,,0
2025-10-13,G04,Leeds,CH06,Display,367.69,74388,216,258,2,0,0,16148.74,15315.9,0,0,0.8877980508777502,0,,0
2025-10-13,G05,Bristol,CH01,Paid Search - Brand,467.86,5799,481,555,39,12,2,13728.3,12939.69,0,0,0.8877980508777502,0,,0
2025-10-13,G05,Bristol,CH02,Paid Search - Non-Brand,1104.28,17043,714,725,26,5,2,13185.86,12817.46,0,0,0.8877980508777502,0,,0
2025-10-13,G05,Bristol,CH03,Paid Social,792.75,80784,1009,1177,30,6,1,12624.45,13121.53,0,0,0.8877980508777502,0,,0
2025-10-13,G05,Bristol,CH04,LinkedIn,663.94,18508,145,157,7,1,0,12562.52,12710.41,0,0,0.8877980508777502,0,,0
2025-10-13,G05,Bristol,CH05,YouTube,579.1,48881,271,336,5,1,0,13931.87,14335.03,0,0,0.8877980508777502,0,,0
2025-10-13,G05,Bristol,CH06,Display,366.51,71818,204,251,2,0,0,14678.2,13916.72,0,0,0.8877980508777502,0,,0
2025-10-13,G06,Glasgow,CH01,Paid Search - Brand,415.51,5058,423,440,25,4,1,9986.26,10096.98,0,0,0.8877980508777502,0,,0
2025-10-13,G06,Glasgow,CH02,Paid Search - Non-Brand,943.07,14267,653,717,27,7,2,12336.71,12605.31,0,0,0.8877980508777502,0,,0
2025-10-13,G06,Glasgow,CH03,Paid Social,804.52,78599,870,1067,34,7,1,11461.22,11908.18,0,0,0.8877980508777502,0,,0
2025-10-13,G06,Glasgow,CH04,LinkedIn,638.99,17843,136,138,6,2,0,12331.56,12159.26,0,0,0.8877980508777502,0,,0
2025-10-13,G06,Glasgow,CH05,YouTube,522.46,42556,273,282,3,0,0,11155.53,10839.77,0,0,0.8877980508777502,0,,0
2025-10-13,G06,Glasgow,CH06,Display,298.0,59885,191,200,1,0,0,11690.86,11719.08,0,0,0.8877980508777502,0,,0
2025-10-13,G07,Liverpool,CH01,Paid Search - Brand,399.27,5070,435,458,25,5,1,11606.92,11866.62,0,0,0.8877980508777502,0,,0
2025-10-13,G07,Liverpool,CH02,Paid Search - Non-Brand,855.92,13356,643,699,30,7,2,13554.72,13423.3,0,0,0.8877980508777502,0,,0
2025-10-13,G07,Liverpool,CH03,Paid Social,801.11,80770,937,1119,35,7,2,12633.28,12022.46,0,0,0.8877980508777502,0,,0
2025-10-13,G07,Liverpool,CH04,LinkedIn,652.31,18871,139,163,8,1,0,13510.48,12074.72,0,0,0.8877980508777502,0,,0
2025-10-13,G07,Liverpool,CH05,YouTube,567.73,46317,276,302,4,1,0,12353.46,12705.14,0,0,0.8877980508777502,0,,0
2025-10-13,G07,Liverpool,CH06,Display,318.95,64415,191,238,2,0,0,12691.66,13250.09,0,0,0.8877980508777502,0,,0
2025-10-13,G08,Sheffield,CH01,Paid Search - Brand,396.55,4987,418,464,26,6,1,10022.74,9914.94,0,0,0.8877980508777502,0,,0
2025-10-13,G08,Sheffield,CH02,Paid Search - Non-Brand,930.43,14631,691,846,33,11,3,11360.58,11193.73,0,0,0.8877980508777502,0,,0
2025-10-13,G08,Sheffield,CH03,Paid Social,668.34,68298,822,1010,30,6,2,10825.49,10483.85,0,0,0.8877980508777502,0,,0
2025-10-13,G08,Sheffield,CH04,LinkedIn,550.56,15827,130,155,6,2,0,10113.32,11402.43,0,0,0.8877980508777502,1,,0
2025-10-13,G08,Sheffield,CH05,YouTube,529.41,45173,241,271,3,1,0,10421.84,10414.17,0,0,0.8877980508777502,0,,0
2025-10-13,G08,Sheffield,CH06,Display,310.08,62516,180,192,1,0,0,11066.52,10582.14,0,0,0.8877980508777502,0,,0
2025-10-13,G09,Edinburgh,CH01,Paid Search - Brand,386.81,4930,450,554,34,8,2,10760.39,11414.18,0,0,0.8877980508777502,0,,0
2025-10-13,G09,Edinburgh,CH02,Paid Search - Non-Brand,855.06,12942,609,712,27,10,3,12633.83,11968.15,0,0,0.8877980508777502,0,,0
2025-10-13,G09,Edinburgh,CH03,Paid Social,630.16,64167,731,754,18,4,0,10662.43,10691.57,0,0,0.8877980508777502,0,,0
2025-10-13,G09,Edinburgh,CH04,LinkedIn,579.63,16870,131,159,5,1,0,11120.1,10729.21,0,0,0.8877980508777502,0,,0
2025-10-13,G09,Edinburgh,CH05,YouTube,469.95,39437,231,245,3,0,0,11318.64,11078.51,0,0,0.8877980508777502,0,,0
2025-10-13,G09,Edinburgh,CH06,Display,264.82,52817,157,178,1,0,0,10519.62,10306.9,0,0,0.8877980508777502,0,,0
2025-10-13,G10,Cardiff,CH01,Paid Search - Brand,386.68,4663,380,467,30,5,1,9542.72,9450.92,0,0,0.8877980508777502,0,,0
2025-10-13,G10,Cardiff,CH02,Paid Search - Non-Brand,757.72,11440,516,640,27,9,3,9554.91,9421.76,0,0,0.8877980508777502,0,,0
2025-10-13,G10,Cardiff,CH03,Paid Social,640.77,65362,822,892,27,8,3,10222.38,9248.32,0,0,0.8877980508777502,0,,0
2025-10-13,G10,Cardiff,CH04,LinkedIn,568.4,16364,125,135,5,0,0,8661.06,8435.85,0,0,0.8877980508777502,0,,0
2025-10-13,G10,Cardiff,CH05,YouTube,442.53,36562,207,242,2,0,0,10398.16,10546.32,0,0,0.8877980508777502,0,,0
2025-10-13,G10,Cardiff,CH06,Display,238.15,48385,141,150,1,0,0,9457.71,9200.84,0,0,0.8877980508777502,0,,0
2025-10-20,G01,London,CH01,Paid Search - Brand,888.71,11000,925,981,68,14,5,24412.9,23357.53,0,0,0.8937452769216148,0,,0
2025-10-20,G01,London,CH02,Paid Search - Non-Brand,1998.27,31802,1526,1658,56,17,5,21192.1,22114.48,0,0,0.8937452769216148,1,,0
2025-10-20,G01,London,CH03,Paid Social,1647.97,170473,2021,2080,58,14,2,25553.23,24339.98,0,0,0.8937452769216148,0,,0
2025-10-20,G01,London,CH04,LinkedIn,1355.45,38784,322,351,16,3,1,25404.33,24165.35,0,0,0.8937452769216148,0,,0
2025-10-20,G01,London,CH05,YouTube,1114.9,95649,579,638,8,2,0,22340.24,23078.76,0,0,0.8937452769216148,0,,0
2025-10-20,G01,London,CH06,Display,673.22,130727,390,472,5,1,0,24456.7,25939.59,0,0,0.8937452769216148,0,,0
2025-10-20,G02,Manchester,CH01,Paid Search - Brand,625.67,8025,671,723,52,18,4,16524.48,16508.05,0,0,0.8937452769216148,0,,0
2025-10-20,G02,Manchester,CH02,Paid Search - Non-Brand,1387.5,20960,950,1173,42,12,5,16619.85,16411.0,0,0,0.8937452769216148,0,,0
2025-10-20,G02,Manchester,CH03,Paid Social,1154.98,113974,1350,1390,40,14,3,18417.1,17688.02,0,0,0.8937452769216148,0,,0
2025-10-20,G02,Manchester,CH04,LinkedIn,857.82,24917,195,207,8,1,0,18869.46,17982.36,0,0,0.8937452769216148,0,,0
2025-10-20,G02,Manchester,CH05,YouTube,702.91,59864,359,389,5,1,0,16954.16,17802.8,0,0,0.8937452769216148,0,,0
2025-10-20,G02,Manchester,CH06,Display,462.03,90655,295,335,2,0,0,16470.17,16324.93,0,0,0.8937452769216148,0,,0
2025-10-20,G03,Birmingham,CH01,Paid Search - Brand,640.25,8455,744,867,47,13,3,16759.95,15876.49,0,0,0.8937452769216148,0,,0
2025-10-20,G03,Birmingham,CH02,Paid Search - Non-Brand,1503.27,23246,1085,1200,49,16,6,14971.25,14440.76,0,0,0.8937452769216148,0,,0
2025-10-20,G03,Birmingham,CH03,Paid Social,1152.81,117968,1368,1599,48,8,2,18692.1,17680.95,0,0,0.8937452769216148,0,,0
2025-10-20,G03,Birmingham,CH04,LinkedIn,831.01,24137,183,212,10,2,0,17936.3,17439.06,0,0,0.8937452769216148,0,,0
2025-10-20,G03,Birmingham,CH05,YouTube,727.57,59309,335,417,6,2,0,16752.74,15915.76,0,0,0.8937452769216148,0,,0
2025-10-20,G03,Birmingham,CH06,Display,457.44,89696,282,351,3,0,0,18072.39,16895.15,0,0,0.8937452769216148,0,,0
2025-10-20,G04,Leeds,CH01,Paid Search - Brand,557.68,6940,606,668,42,8,3,16100.37,15800.45,0,0,0.8937452769216148,0,,0
2025-10-20,G04,Leeds,CH02,Paid Search - Non-Brand,1141.0,17222,742,788,36,13,5,15146.76,14994.85,0,0,0.8937452769216148,0,,0
2025-10-20,G04,Leeds,CH03,Paid Social,920.84,91184,1117,1290,31,11,4,14762.46,14654.25,0,0,0.8937452769216148,0,,0
2025-10-20,G04,Leeds,CH04,LinkedIn,870.95,25189,210,236,11,3,0,13760.05,13024.84,0,0,0.8937452769216148,0,,0
2025-10-20,G04,Leeds,CH05,YouTube,603.8,49249,272,282,3,1,0,13557.77,14037.84,0,0,0.8937452769216148,0,,0
2025-10-20,G04,Leeds,CH06,Display,370.38,73774,215,248,2,0,0,14310.73,13266.76,0,0,0.8937452769216148,0,,0
2025-10-20,G05,Bristol,CH01,Paid Search - Brand,510.26,6273,519,520,39,10,4,11482.85,11373.38,0,0,0.8937452769216148,0,,0
2025-10-20,G05,Bristol,CH02,Paid Search - Non-Brand,1245.74,18981,898,1079,52,12,4,15469.24,13675.05,0,0,0.8937452769216148,0,,0
2025-10-20,G05,Bristol,CH03,Paid Social,843.38,83874,1065,1279,33,10,3,13454.09,13449.95,0,0,0.8937452769216148,0,,0
2025-10-20,G05,Bristol,CH04,LinkedIn,703.27,20070,142,175,9,2,0,15052.59,13929.78,0,0,0.8937452769216148,0,,0
2025-10-20,G05,Bristol,CH05,YouTube,606.81,50284,296,312,4,1,0,12318.11,13622.71,0,0,0.8937452769216148,1,,0
2025-10-20,G05,Bristol,CH06,Display,368.71,73344,220,224,1,0,0,14834.38,14059.83,0,0,0.8937452769216148,0,,0
2025-10-20,G06,Glasgow,CH01,Paid Search - Brand,436.13,5270,446,485,36,12,5,11164.64,10885.91,0,0,0.8937452769216148,0,,0
2025-10-20,G06,Glasgow,CH02,Paid Search - Non-Brand,991.57,15180,684,826,38,8,3,13510.02,13162.58,0,0,0.8937452769216148,0,,0
2025-10-20,G06,Glasgow,CH03,Paid Social,769.95,75373,865,1054,29,6,1,11168.31,11187.89,0,0,0.8937452769216148,0,,0
2025-10-20,G06,Glasgow,CH04,LinkedIn,668.48,19111,140,165,7,2,0,10847.3,10782.84,0,0,0.8937452769216148,0,,0
2025-10-20,G06,Glasgow,CH05,YouTube,567.24,46464,277,319,4,0,0,11578.03,11362.07,0,0,0.8937452769216148,0,,0
2025-10-20,G06,Glasgow,CH06,Display,351.53,68285,211,263,2,0,0,13093.7,12897.23,0,0,0.8937452769216148,0,,0
2025-10-20,G07,Liverpool,CH01,Paid Search - Brand,497.63,6206,532,538,38,13,3,11721.07,11841.35,0,0,0.8937452769216148,0,,0
2025-10-20,G07,Liverpool,CH02,Paid Search - Non-Brand,976.4,14927,722,762,33,11,2,15955.94,14949.26,0,0,0.8937452769216148,0,,0
2025-10-20,G07,Liverpool,CH03,Paid Social,708.13,69832,878,965,27,6,1,13369.27,13732.84,0,0,0.8937452769216148,0,,0
2025-10-20,G07,Liverpool,CH04,LinkedIn,685.18,20089,164,187,7,2,0,13374.07,13371.08,0,0,0.8937452769216148,0,,0
2025-10-20,G07,Liverpool,CH05,YouTube,569.15,48879,303,320,5,1,0,12721.34,12628.26,0,0,0.8937452769216148,0,,0
2025-10-20,G07,Liverpool,CH06,Display,347.84,70279,224,241,2,0,0,12827.67,13058.43,0,0,0.8937452769216148,0,,0
2025-10-20,G08,Sheffield,CH01,Paid Search - Brand,370.49,4642,395,471,34,11,4,12119.09,11380.27,0,0,0.8937452769216148,0,,0
2025-10-20,G08,Sheffield,CH02,Paid Search - Non-Brand,823.42,12708,580,648,25,6,2,11692.24,12087.18,0,0,0.8937452769216148,0,,0
2025-10-20,G08,Sheffield,CH03,Paid Social,715.74,72784,882,1012,31,9,3,11150.93,11045.08,0,0,0.8937452769216148,0,,0
2025-10-20,G08,Sheffield,CH04,LinkedIn,528.14,15383,121,131,5,1,0,10077.3,10143.04,0,0,0.8937452769216148,0,,0
2025-10-20,G08,Sheffield,CH05,YouTube,574.74,49334,290,361,6,1,0,11921.07,11527.39,0,0,0.8937452769216148,0,,0
2025-10-20,G08,Sheffield,CH06,Display,324.35,64066,198,219,2,0,0,12348.25,12607.33,0,0,0.8937452769216148,0,,0
2025-10-20,G09,Edinburgh,CH01,Paid Search - Brand,408.66,4944,409,495,35,12,3,10559.7,10845.83,0,0,0.8937452769216148,0,,0
2025-10-20,G09,Edinburgh,CH02,Paid Search - Non-Brand,763.08,11889,474,527,23,8,2,12154.12,11953.17,0,0,0.8937452769216148,0,,0
2025-10-20,G09,Edinburgh,CH03,Paid Social,696.21,68531,765,915,23,5,1,10268.76,9977.52,0,0,0.8937452769216148,0,,0
2025-10-20,G09,Edinburgh,CH04,LinkedIn,611.28,17859,138,149,6,1,0,10019.22,10005.85,0,0,0.8937452769216148,0,,0
2025-10-20,G09,Edinburgh,CH05,YouTube,437.15,36671,221,249,3,0,0,11441.64,11336.42,0,0,0.8937452769216148,0,,0
2025-10-20,G09,Edinburgh,CH06,Display,283.67,59415,187,204,1,0,0,11247.22,11155.18,0,0,0.8937452769216148,0,,0
2025-10-20,G10,Cardiff,CH01,Paid Search - Brand,350.08,4227,371,382,22,4,0,10050.04,10006.96,0,0,0.8937452769216148,0,,0
2025-10-20,G10,Cardiff,CH02,Paid Search - Non-Brand,731.02,10935,481,500,21,5,1,9593.66,9201.49,0,0,0.8937452769216148,0,,0
2025-10-20,G10,Cardiff,CH03,Paid Social,682.26,66397,795,796,24,4,1,10450.91,10383.17,0,0,0.8937452769216148,0,,0
2025-10-20,G10,Cardiff,CH04,LinkedIn,502.33,14015,111,130,5,1,0,9561.17,9551.89,0,0,0.8937452769216148,0,,0
2025-10-20,G10,Cardiff,CH05,YouTube,530.63,44066,262,308,4,0,0,9483.02,9468.57,0,0,0.8937452769216148,0,,0
2025-10-20,G10,Cardiff,CH06,Display,254.74,52434,134,154,1,0,0,11081.58,11170.97,0,0,0.8937452769216148,0,,0
2025-10-27,G01,London,CH01,Paid Search - Brand,954.23,11699,985,1082,83,22,7,25110.56,25003.95,0,0,0.9012419360927612,0,,0
2025-10-27,G01,London,CH02,Paid Search - Non-Brand,2108.36,32782,1435,1630,71,19,4,23498.0,23276.63,0,0,0.9012419360927612,0,,0
2025-10-27,G01,London,CH03,Paid Social,1661.98,170846,1974,2197,55,18,6,22681.74,22092.32,0,0,0.9012419360927612,0,,0
2025-10-27,G01,London,CH04,LinkedIn,1338.81,37600,302,350,15,3,1,24155.76,24966.3,0,0,0.9012419360927612,1,,0
2025-10-27,G01,London,CH05,YouTube,1101.65,89572,581,600,9,2,0,23767.42,24203.22,0,0,0.9012419360927612,0,,0
2025-10-27,G01,London,CH06,Display,614.58,125006,388,457,4,1,0,26667.1,26436.01,0,0,0.9012419360927612,0,,0
2025-10-27,G02,Manchester,CH01,Paid Search - Brand,670.77,8198,734,809,60,19,4,17340.43,18255.52,0,0,0.9012419360927612,1,,0
2025-10-27,G02,Manchester,CH02,Paid Search - Non-Brand,1588.07,24629,1087,1246,47,15,4,17904.67,17819.84,0,0,0.9012419360927612,0,,0
2025-10-27,G02,Manchester,CH03,Paid Social,1261.19,121360,1389,1650,42,10,3,18607.8,17661.72,0,0,0.9012419360927612,0,,0
2025-10-27,G02,Manchester,CH04,LinkedIn,1052.92,30914,252,262,10,2,0,18080.2,17961.91,0,0,0.9012419360927612,0,,0
2025-10-27,G02,Manchester,CH05,YouTube,906.88,77022,457,548,7,1,0,19901.59,19265.66,0,0,0.9012419360927612,0,,0
2025-10-27,G02,Manchester,CH06,Display,511.6,102865,307,315,3,0,0,16178.77,16848.24,0,0,0.9012419360927612,0,,0
2025-10-27,G03,Birmingham,CH01,Paid Search - Brand,604.61,7270,631,707,37,12,4,18469.7,18182.9,0,0,0.9012419360927612,0,,0
2025-10-27,G03,Birmingham,CH02,Paid Search - Non-Brand,1379.48,21318,993,1017,40,12,2,16666.22,16162.16,0,0,0.9012419360927612,0,,0
2025-10-27,G03,Birmingham,CH03,Paid Social,1128.42,111100,1453,1597,49,16,3,16101.03,15780.59,0,0,0.9012419360927612,0,,0
2025-10-27,G03,Birmingham,CH04,LinkedIn,878.59,25182,186,229,8,2,0,17399.4,17993.19,0,0,0.9012419360927612,0,,0
2025-10-27,G03,Birmingham,CH05,YouTube,809.21,67421,394,456,6,1,0,16248.28,16911.84,0,0,0.9012419360927612,0,,0
2025-10-27,G03,Birmingham,CH06,Display,414.78,85990,283,346,3,0,0,16640.56,16321.25,0,0,0.9012419360927612,0,,0
2025-10-27,G04,Leeds,CH01,Paid Search - Brand,526.27,6552,575,699,50,16,4,13635.78,13513.98,0,0,0.9012419360927612,0,,0
2025-10-27,G04,Leeds,CH02,Paid Search - Non-Brand,1154.79,17531,782,856,32,10,3,14662.4,14910.67,0,0,0.9012419360927612,0,,0
2025-10-27,G04,Leeds,CH03,Paid Social,1027.47,104570,1119,1322,36,7,1,14065.94,14496.76,0,0,0.9012419360927612,0,,0
2025-10-27,G04,Leeds,CH04,LinkedIn,768.26,22336,186,190,8,2,0,15123.27,15647.99,0,0,0.9012419360927612,0,,0
2025-10-27,G04,Leeds,CH05,YouTube,596.08,50825,316,360,4,1,0,14145.55,14179.28,0,0,0.9012419360927612,0,,0
2025-10-27,G04,Leeds,CH06,Display,388.92,76532,224,253,2,0,0,13369.91,12946.88,0,0,0.9012419360927612,0,,0
2025-10-27,G05,Bristol,CH01,Paid Search - Brand,518.98,6391,547,617,44,10,3,14515.76,13953.9,0,0,0.9012419360927612,0,,0
2025-10-27,G05,Bristol,CH02,Paid Search - Non-Brand,1075.48,16525,781,809,29,7,2,16823.13,16867.34,0,0,0.9012419360927612,0,,0
2025-10-27,G05,Bristol,CH03,Paid Social,851.47,84556,971,1166,28,5,1,15762.39,14107.25,0,0,0.9012419360927612,0,,0
2025-10-27,G05,Bristol,CH04,LinkedIn,699.35,19920,165,201,10,2,0,12254.49,12929.25,0,0,0.9012419360927612,0,,0
2025-10-27,G05,Bristol,CH05,YouTube,618.67,49842,313,364,5,1,0,12756.13,12815.27,0,0,0.9012419360927612,0,,0
2025-10-27,G05,Bristol,CH06,Display,354.5,73212,218,245,2,0,0,13647.81,13017.43,0,0,0.9012419360927612,0,,0
2025-10-27,G06,Glasgow,CH01,Paid Search - Brand,498.03,6217,521,564,37,8,2,14629.27,14152.09,0,0,0.9012419360927612,0,,0
2025-10-27,G06,Glasgow,CH02,Paid Search - Non-Brand,831.77,12955,576,624,25,6,1,12432.11,11494.95,0,0,0.9012419360927612,0,,0
2025-10-27,G06,Glasgow,CH03,Paid Social,806.66,81799,971,1146,33,8,2,11991.79,12135.19,0,0,0.9012419360927612,0,,0
2025-10-27,G06,Glasgow,CH04,LinkedIn,624.42,17864,138,161,7,1,0,13302.43,13134.73,0,0,0.9012419360927612,0,,0
2025-10-27,G06,Glasgow,CH05,YouTube,500.34,39757,252,296,4,0,0,13172.45,13321.82,0,0,0.9012419360927612,0,,0
2025-10-27,G06,Glasgow,CH06,Display,302.07,59383,184,191,1,0,0,11817.72,11653.19,0,0,0.9012419360927612,0,,0
2025-10-27,G07,Liverpool,CH01,Paid Search - Brand,466.46,5707,441,541,36,12,5,12925.56,12569.93,0,0,0.9012419360927612,0,,0
2025-10-27,G07,Liverpool,CH02,Paid Search - Non-Brand,1014.49,15550,738,916,33,8,2,14026.54,13842.83,0,0,0.9012419360927612,0,,0
2025-10-27,G07,Liverpool,CH03,Paid Social,860.96,86364,1052,1251,35,8,2,14916.2,14475.64,0,0,0.9012419360927612,0,,0
2025-10-27,G07,Liverpool,CH04,LinkedIn,591.83,17258,137,141,6,1,0,12883.62,12715.0,0,0,0.9012419360927612,0,,0
2025-10-27,G07,Liverpool,CH05,YouTube,580.41,48274,290,305,4,0,0,13194.24,12396.04,0,0,0.9012419360927612,0,,0
2025-10-27,G07,Liverpool,CH06,Display,318.22,62991,184,211,2,0,0,13529.96,13118.91,0,0,0.9012419360927612,0,,0
2025-10-27,G08,Sheffield,CH01,Paid Search - Brand,446.71,5657,463,514,38,10,2,11256.22,11140.37,0,0,0.9012419360927612,0,,0
2025-10-27,G08,Sheffield,CH02,Paid Search - Non-Brand,895.47,13838,597,715,27,8,3,9602.61,9756.58,0,0,0.9012419360927612,0,,0
2025-10-27,G08,Sheffield,CH03,Paid Social,680.95,68579,858,1004,22,7,2,10810.95,10513.27,0,0,0.9012419360927612,0,,0
2025-10-27,G08,Sheffield,CH04,LinkedIn,621.78,18092,140,174,9,2,0,11476.41,11937.07,0,0,0.9012419360927612,0,,0
2025-10-27,G08,Sheffield,CH05,YouTube,524.77,43106,261,264,3,0,0,12273.08,11428.68,0,0,0.9012419360927612,0,,0
2025-10-27,G08,Sheffield,CH06,Display,280.29,56635,179,222,2,0,0,11757.26,12291.16,0,0,0.9012419360927612,0,,0
2025-10-27,G09,Edinburgh,CH01,Paid Search - Brand,409.73,5090,397,427,24,8,1,9924.61,10174.81,0,0,0.9012419360927612,0,,0
2025-10-27,G09,Edinburgh,CH02,Paid Search - Non-Brand,827.77,13273,630,763,26,6,1,12182.79,11852.47,0,0,0.9012419360927612,0,,0
2025-10-27,G09,Edinburgh,CH03,Paid Social,641.82,64624,776,781,23,6,2,10392.73,10248.97,0,0,0.9012419360927612,0,,0
2025-10-27,G09,Edinburgh,CH04,LinkedIn,520.36,14962,113,122,6,1,0,9715.84,10395.17,0,0,0.9012419360927612,0,,0
2025-10-27,G09,Edinburgh,CH05,YouTube,514.39,42006,248,294,4,1,0,11458.14,10899.77,0,0,0.9012419360927612,0,,0
2025-10-27,G09,Edinburgh,CH06,Display,291.65,59333,173,193,2,0,0,9311.95,8893.94,0,0,0.9012419360927612,0,,0
2025-10-27,G10,Cardiff,CH01,Paid Search - Brand,312.15,3914,329,357,21,4,1,8526.32,9808.69,0,0,0.9012419360927612,1,,0
2025-10-27,G10,Cardiff,CH02,Paid Search - Non-Brand,732.43,11131,493,531,25,8,2,10530.0,10171.47,0,0,0.9012419360927612,0,,0
2025-10-27,G10,Cardiff,CH03,Paid Social,660.78,66035,793,987,29,10,2,10332.28,9817.59,0,0,0.9012419360927612,0,,0
2025-10-27,G10,Cardiff,CH04,LinkedIn,461.8,13537,103,103,4,0,0,11188.74,10960.13,0,0,0.9012419360927612,0,,0
2025-10-27,G10,Cardiff,CH05,YouTube,487.55,42217,240,290,4,1,0,9939.16,9565.26,0,0,0.9012419360927612,0,,0
2025-10-27,G10,Cardiff,CH06,Display,282.89,57198,171,183,1,0,0,10431.87,10590.07,0,0,0.9012419360927612,0,,0
2025-11-03,G01,London,CH01,Paid Search - Brand,933.98,11999,1014,1210,79,22,6,27208.43,26407.23,0,0,0.9101787102194678,0,,0
2025-11-03,G01,London,CH02,Paid Search - Non-Brand,2159.97,33062,1526,1705,62,12,3,25054.91,24459.8,0,0,0.9101787102194678,0,,0
2025-11-03,G01,London,CH03,Paid Social,1607.28,160842,1965,1999,46,10,3,27661.28,26261.55,0,0,0.9101787102194678,0,,0
2025-11-03,G01,London,CH04,LinkedIn,1441.74,42186,353,396,18,5,1,26096.28,24675.94,0,0,0.9101787102194678,0,,0
2025-11-03,G01,London,CH05,YouTube,1231.22,101580,576,714,9,3,1,26177.48,25464.73,0,0,0.9101787102194678,0,,0
2025-11-03,G01,London,CH06,Display,644.38,129610,394,404,3,1,0,25727.25,26207.5,0,0,0.9101787102194678,0,,0
2025-11-03,G02,Manchester,CH01,Paid Search - Brand,681.2,8573,701,815,57,15,4,17229.8,16994.36,0,0,0.9101787102194678,0,,0
2025-11-03,G02,Manchester,CH02,Paid Search - Non-Brand,1238.38,19074,850,933,40,10,3,20423.95,18461.65,0,0,0.9101787102194678,0,,0
2025-11-03,G02,Manchester,CH03,Paid Social,1117.87,110696,1344,1653,45,9,3,16628.77,18616.36,0,0,0.9101787102194678,1,,0
2025-11-03,G02,Manchester,CH04,LinkedIn,924.38,25629,202,237,9,2,0,19004.39,19559.22,0,0,0.9101787102194678,0,,0
2025-11-03,G02,Manchester,CH05,YouTube,790.91,64895,381,393,5,1,0,18385.91,17972.41,0,0,0.9101787102194678,0,,0
2025-11-03,G02,Manchester,CH06,Display,509.66,103419,310,328,2,0,0,19748.58,20667.21,0,0,0.9101787102194678,0,,0
2025-11-03,G03,Birmingham,CH01,Paid Search - Brand,623.85,7898,624,752,43,8,2,16575.02,16953.41,0,0,0.9101787102194678,0,,0
2025-11-03,G03,Birmingham,CH02,Paid Search - Non-Brand,1279.53,20302,850,1045,43,11,3,17878.05,17490.32,0,0,0.9101787102194678,0,,0
2025-11-03,G03,Birmingham,CH03,Paid Social,986.83,99503,1141,1414,39,13,4,15767.07,15594.75,0,0,0.9101787102194678,0,,0
2025-11-03,G03,Birmingham,CH04,LinkedIn,959.85,26459,221,222,10,2,0,19424.55,19051.98,0,0,0.9101787102194678,0,,0
2025-11-03,G03,Birmingham,CH05,YouTube,730.24,60702,365,417,7,1,0,14208.68,14729.59,0,0,0.9101787102194678,1,,0
2025-11-03,G03,Birmingham,CH06,Display,498.08,101266,301,316,2,0,0,17947.85,18254.26,0,0,0.9101787102194678,0,,0
2025-11-03,G04,Leeds,CH01,Paid Search - Brand,521.08,6530,526,546,40,14,3,15849.95,14964.04,0,0,0.9101787102194678,0,,0
2025-11-03,G04,Leeds,CH02,Paid Search - Non-Brand,1126.65,17515,741,908,35,12,4,14587.24,14001.91,0,0,0.9101787102194678,0,,0
2025-11-03,G04,Leeds,CH03,Paid Social,909.34,89310,1007,1120,25,5,1,16227.44,15451.75,0,0,0.9101787102194678,0,,0
2025-11-03,G04,Leeds,CH04,LinkedIn,735.06,21387,168,177,9,3,0,13970.35,14420.21,0,0,0.9101787102194678,0,,0
2025-11-03,G04,Leeds,CH05,YouTube,681.49,58489,369,384,5,1,0,14261.9,13653.22,0,0,0.9101787102194678,0,,0
2025-11-03,G04,Leeds,CH06,Display,428.02,85055,244,291,2,0,0,13513.75,13301.47,0,0,0.9101787102194678,0,,0
2025-11-03,G05,Bristol,CH01,Paid Search - Brand,510.72,6360,535,649,36,11,4,14534.34,14977.29,0,0,0.9101787102194678,0,,0
2025-11-03,G05,Bristol,CH02,Paid Search - Non-Brand,1024.9,15858,727,742,32,11,3,14196.41,14401.39,0,0,0.9101787102194678,0,,0
2025-11-03,G05,Bristol,CH03,Paid Social,784.83,80063,974,1107,34,12,3,12774.72,13860.51,0,0,0.9101787102194678,0,,0
2025-11-03,G05,Bristol,CH04,LinkedIn,667.45,19126,153,168,8,1,0,14726.24,14196.6,0,0,0.9101787102194678,0,,0
2025-11-03,G05,Bristol,CH05,YouTube,545.84,45650,268,314,4,1,0,12763.25,12499.07,0,0,0.9101787102194678,0,,0
2025-11-03,G05,Bristol,CH06,Display,372.91,73583,209,243,2,0,0,12344.54,13116.02,0,0,0.9101787102194678,0,,0
2025-11-03,G06,Glasgow,CH01,Paid Search - Brand,391.61,4915,421,524,33,6,1,12120.8,11922.65,0,0,0.9101787102194678,0,,0
2025-11-03,G06,Glasgow,CH02,Paid Search - Non-Brand,1106.78,17390,801,831,40,10,2,13588.9,13298.81,0,0,0.9101787102194678,0,,0
2025-11-03,G06,Glasgow,CH03,Paid Social,673.51,67170,864,1058,26,8,3,12147.9,10923.26,0,0,0.9101787102194678,0,,0
2025-11-03,G06,Glasgow,CH04,LinkedIn,625.63,17505,131,136,6,1,0,13021.91,12230.8,0,0,0.9101787102194678,0,,0
2025-11-03,G06,Glasgow,CH05,YouTube,510.02,43259,267,287,5,1,0,16140.42,14250.82,0,0,0.9101787102194678,0,,0
2025-11-03,G06,Glasgow,CH06,Display,323.91,64706,185,198,1,0,0,14077.07,13461.65,0,0,0.9101787102194678,0,,0
2025-11-03,G07,Liverpool,CH01,Paid Search - Brand,412.95,5233,469,580,43,9,1,12246.47,12291.1,0,0,0.9101787102194678,0,,0
2025-11-03,G07,Liverpool,CH02,Paid Search - Non-Brand,1016.29,15777,683,707,25,5,1,14106.65,13506.47,0,0,0.9101787102194678,0,,0
2025-11-03,G07,Liverpool,CH03,Paid Social,877.06,90310,1041,1183,34,7,1,12601.82,11961.6,0,0,0.9101787102194678,0,,0
2025-11-03,G07,Liverpool,CH04,LinkedIn,629.5,18816,155,167,7,2,0,12839.78,13291.89,0,0,0.9101787102194678,0,,0
2025-11-03,G07,Liverpool,CH05,YouTube,583.91,51012,283,351,6,1,0,12311.72,12102.04,0,0,0.9101787102194678,0,,0
2025-11-03,G07,Liverpool,CH06,Display,348.83,67972,197,236,2,0,0,12038.7,11716.54,0,0,0.9101787102194678,0,,0
2025-11-03,G08,Sheffield,CH01,Paid Search - Brand,379.69,4817,381,444,23,7,3,12041.76,12059.92,0,0,0.9101787102194678,0,,0
2025-11-03,G08,Sheffield,CH02,Paid Search - Non-Brand,864.68,13518,625,694,33,7,2,12001.28,11532.75,0,0,0.9101787102194678,0,,0
2025-11-03,G08,Sheffield,CH03,Paid Social,698.26,70508,883,913,25,6,2,11822.15,11416.98,0,0,0.9101787102194678,0,,0
2025-11-03,G08,Sheffield,CH04,LinkedIn,620.24,17187,129,147,6,2,0,10834.79,9793.6,0,0,0.9101787102194678,0,,0
2025-11-03,G08,Sheffield,CH05,YouTube,495.91,42236,239,287,4,1,0,10042.95,9679.12,0,0,0.9101787102194678,0,,0
2025-11-03,G08,Sheffield,CH06,Display,310.3,60758,185,212,2,0,0,10004.77,9980.27,0,0,0.9101787102194678,0,,0
2025-11-03,G09,Edinburgh,CH01,Paid Search - Brand,428.24,5340,449,501,33,10,2,10225.08,10485.68,0,0,0.9101787102194678,0,,0
2025-11-03,G09,Edinburgh,CH02,Paid Search - Non-Brand,1008.4,15321,754,792,36,7,2,10662.92,10004.35,0,0,0.9101787102194678,0,,0
2025-11-03,G09,Edinburgh,CH03,Paid Social,731.3,75447,894,1085,26,5,1,11253.27,11290.68,0,0,0.9101787102194678,0,,0
2025-11-03,G09,Edinburgh,CH04,LinkedIn,545.75,15766,120,134,5,1,0,10910.83,10787.89,0,0,0.9101787102194678,0,,0
2025-11-03,G09,Edinburgh,CH05,YouTube,469.24,38554,212,226,3,0,0,9978.94,9678.27,0,0,0.9101787102194678,0,,0
2025-11-03,G09,Edinburgh,CH06,Display,277.64,53412,162,200,2,0,0,11682.1,11972.62,0,0,0.9101787102194678,0,,0
2025-11-03,G10,Cardiff,CH01,Paid Search - Brand,383.33,4627,387,424,25,8,3,10929.39,10556.17,0,0,0.9101787102194678,0,,0
2025-11-03,G10,Cardiff,CH02,Paid Search - Non-Brand,715.99,11086,503,573,27,7,2,10131.85,9219.61,0,0,0.9101787102194678,0,,0
2025-11-03,G10,Cardiff,CH03,Paid Social,726.73,71566,828,932,27,8,1,9917.94,9628.7,0,0,0.9101787102194678,0,,0
2025-11-03,G10,Cardiff,CH04,LinkedIn,539.56,15190,126,136,5,1,0,11715.51,10842.13,0,0,0.9101787102194678,0,,0
2025-11-03,G10,Cardiff,CH05,YouTube,456.27,38611,222,224,3,0,0,8299.79,8506.62,0,0,0.9101787102194678,0,,0
2025-11-03,G10,Cardiff,CH06,Display,312.94,63437,196,197,2,0,0,9093.23,9257.03,0,0,0.9101787102194678,0,,0
2025-11-10,G01,London,CH01,Paid Search - Brand,1015.31,12715,1082,1172,68,17,6,27783.89,25219.73,0,0,0.9204252810111045,0,,0
2025-11-10,G01,London,CH02,Paid Search - Non-Brand,2111.14,31735,1387,1494,63,23,9,27377.41,25730.48,0,0,0.9204252810111045,0,,0
2025-11-10,G01,London,CH03,Paid Social,1676.63,167721,1977,2261,68,17,7,25891.15,25047.54,0,0,0.9204252810111045,0,,0
2025-11-10,G01,London,CH04,LinkedIn,1053.59,30778,236,259,10,3,1,29141.04,28131.04,0,0,0.9204252810111045,0,,0
2025-11-10,G01,London,CH05,YouTube,1156.06,93226,557,564,8,2,0,22795.57,22319.37,0,0,0.9204252810111045,0,,0
2025-11-10,G01,London,CH06,Display,752.59,155940,444,458,4,1,0,23356.77,24996.46,0,0,0.9204252810111045,0,,0
2025-11-10,G02,Manchester,CH01,Paid Search - Brand,597.59,7590,690,701,53,12,5,16286.77,16534.0,0,0,0.9204252810111045,0,,0
2025-11-10,G02,Manchester,CH02,Paid Search - Non-Brand,1207.69,18462,836,929,44,9,2,18151.73,17139.8,0,0,0.9204252810111045,0,,0
2025-11-10,G02,Manchester,CH03,Paid Social,1046.27,103057,1292,1599,49,10,4,18943.63,17839.61,0,0,0.9204252810111045,0,,0
2025-11-10,G02,Manchester,CH04,LinkedIn,941.93,26659,205,217,9,1,0,18943.81,19108.51,0,0,0.9204252810111045,0,,0
2025-11-10,G02,Manchester,CH05,YouTube,827.42,70755,453,461,6,1,0,16606.52,16594.31,0,0,0.9204252810111045,0,,0
2025-11-10,G02,Manchester,CH06,Display,495.92,99461,305,354,3,1,0,18575.42,18546.3,0,0,0.9204252810111045,0,,0
2025-11-10,G03,Birmingham,CH01,Paid Search - Brand,586.69,7290,605,658,38,8,2,20098.15,19716.65,0,0,0.9204252810111045,0,,0
2025-11-10,G03,Birmingham,CH02,Paid Search - Non-Brand,1313.31,20127,947,1131,50,11,4,20863.55,20661.21,0,0,0.9204252810111045,0,,0
2025-11-10,G03,Birmingham,CH03,Paid Social,1164.79,115660,1270,1470,35,8,2,17858.15,16437.31,0,0,0.9204252810111045,0,,0
2025-11-10,G03,Birmingham,CH04,LinkedIn,889.37,24415,200,210,7,1,0,20321.45,18392.14,0,0,0.9204252810111045,0,,0
2025-11-10,G03,Birmingham,CH05,YouTube,779.86,64027,396,444,6,1,0,17456.19,17763.51,0,0,0.9204252810111045,0,,0
2025-11-10,G03,Birmingham,CH06,Display,457.02,91944,277,277,3,0,0,17433.36,17039.11,0,0,0.9204252810111045,0,,0
2025-11-10,G04,Leeds,CH01,Paid Search - Brand,515.05,6275,495,553,28,7,3,13622.02,14282.6,0,0,0.9204252810111045,0,,0
2025-11-10,G04,Leeds,CH02,Paid Search - Non-Brand,1096.43,16529,740,903,38,8,1,14262.35,14089.54,0,0,0.9204252810111045,0,,0
2025-11-10,G04,Leeds,CH03,Paid Social,919.55,94694,1100,1277,40,7,1,15320.4,15674.41,0,0,0.9204252810111045,0,,0
2025-11-10,G04,Leeds,CH04,LinkedIn,731.55,21198,178,214,8,2,0,14405.21,14315.68,0,0,0.9204252810111045,0,,0
2025-11-10,G04,Leeds,CH05,YouTube,724.97,58683,364,419,7,2,0,12622.13,13129.35,0,0,0.9204252810111045,0,,0
2025-11-10,G04,Leeds,CH06,Display,399.9,81086,223,268,2,0,0,14055.64,13959.67,0,0,0.9204252810111045,0,,0
2025-11-10,G05,Bristol,CH01,Paid Search - Brand,506.97,6181,546,579,36,11,3,14176.6,13934.03,0,0,0.9204252810111045,0,,0
2025-11-10,G05,Bristol,CH02,Paid Search - Non-Brand,1125.11,17623,799,988,36,7,3,12730.28,13714.28,0,0,0.9204252810111045,0,,0
2025-11-10,G05,Bristol,CH03,Paid Social,850.28,85735,1028,1118,30,5,1,14202.45,14124.75,0,0,0.9204252810111045,0,,0
2025-11-10,G05,Bristol,CH04,LinkedIn,650.11,19606,149,183,7,1,0,14376.18,14268.26,0,0,0.9204252810111045,0,,0
2025-11-10,G05,Bristol,CH05,YouTube,568.53,45579,278,331,4,0,0,14771.89,14206.28,0,0,0.9204252810111045,0,,0
2025-11-10,G05,Bristol,CH06,Display,403.14,79541,240,244,2,0,0,13356.57,13031.43,0,0,0.9204252810111045,0,,0
2025-11-10,G06,Glasgow,CH01,Paid Search - Brand,377.17,4933,400,494,31,8,2,13200.28,12153.33,0,0,0.9204252810111045,0,,0
2025-11-10,G06,Glasgow,CH02,Paid Search - Non-Brand,921.87,14427,636,646,28,6,2,11501.73,11142.59,0,0,0.9204252810111045,0,,0
2025-11-10,G06,Glasgow,CH03,Paid Social,746.92,72254,830,993,27,8,2,12115.78,12105.99,0,0,0.9204252810111045,0,,0
2025-11-10,G06,Glasgow,CH04,LinkedIn,551.16,16120,134,152,6,2,0,12110.57,12258.26,0,0,0.9204252810111045,0,,0
2025-11-10,G06,Glasgow,CH05,YouTube,531.98,44270,272,332,4,0,0,12514.99,12686.51,0,0,0.9204252810111045,0,,0
2025-11-10,G06,Glasgow,CH06,Display,373.32,73836,215,245,2,0,0,11948.69,11921.09,0,0,0.9204252810111045,0,,0
2025-11-10,G07,Liverpool,CH01,Paid Search - Brand,463.17,5776,486,542,39,10,3,12113.12,12012.94,0,0,0.9204252810111045,0,,0
2025-11-10,G07,Liverpool,CH02,Paid Search - Non-Brand,1077.01,16673,772,889,39,8,1,13336.31,13548.08,0,0,0.9204252810111045,0,,0
2025-11-10,G07,Liverpool,CH03,Paid Social,824.05,81748,995,1156,36,12,4,13879.34,13747.86,0,0,0.9204252810111045,0,,0
2025-11-10,G07,Liverpool,CH04,LinkedIn,664.92,19427,148,152,7,2,0,14109.71,12900.49,0,0,0.9204252810111045,0,,0
2025-11-10,G07,Liverpool,CH05,YouTube,543.15,43535,251,251,3,0,0,12973.41,12778.91,0,0,0.9204252810111045,0,,0
2025-11-10,G07,Liverpool,CH06,Display,324.74,65843,199,241,2,0,0,12232.56,13091.17,0,0,0.9204252810111045,0,,0
2025-11-10,G08,Sheffield,CH01,Paid Search - Brand,376.65,4700,400,424,23,6,2,11506.48,10944.05,0,0,0.9204252810111045,0,,0
2025-11-10,G08,Sheffield,CH02,Paid Search - Non-Brand,870.46,13139,511,573,25,8,3,10984.28,11082.71,0,0,0.9204252810111045,0,,0
2025-11-10,G08,Sheffield,CH03,Paid Social,723.5,72785,892,1097,36,7,3,11039.91,10694.47,0,0,0.9204252810111045,0,,0
2025-11-10,G08,Sheffield,CH04,LinkedIn,596.75,17108,139,144,7,1,0,12924.9,12306.96,0,0,0.9204252810111045,0,,0
2025-11-10,G08,Sheffield,CH05,YouTube,522.34,45339,275,280,4,1,0,10834.7,10837.17,0,0,0.9204252810111045,0,,0
2025-11-10,G08,Sheffield,CH06,Display,326.34,68982,198,243,2,0,0,10873.92,11031.5,0,0,0.9204252810111045,0,,0
2025-11-10,G09,Edinburgh,CH01,Paid Search - Brand,429.24,5456,451,468,29,7,2,12433.79,11559.08,0,0,0.9204252810111045,0,,0
2025-11-10,G09,Edinburgh,CH02,Paid Search - Non-Brand,860.27,13054,597,687,27,7,2,10049.97,10087.29,0,0,0.9204252810111045,0,,0
2025-11-10,G09,Edinburgh,CH03,Paid Social,751.84,73654,868,982,22,5,2,9141.36,9668.79,0,0,0.9204252810111045,0,,0
2025-11-10,G09,Edinburgh,CH04,LinkedIn,483.13,13915,107,120,5,1,0,12501.44,12435.42,0,0,0.9204252810111045,0,,0
2025-11-10,G09,Edinburgh,CH05,YouTube,498.97,40937,251,264,4,0,0,9855.28,9120.73,0,0,0.9204252810111045,0,,0
2025-11-10,G09,Edinburgh,CH06,Display,279.59,55761,160,185,1,0,0,10864.91,10902.47,0,0,0.9204252810111045,0,,0
2025-11-10,G10,Cardiff,CH01,Paid Search - Brand,351.01,4349,367,419,29,7,2,10312.88,9980.46,0,0,0.9204252810111045,0,,0
2025-11-10,G10,Cardiff,CH02,Paid Search - Non-Brand,786.94,12223,635,762,28,7,2,10981.76,10326.81,0,0,0.9204252810111045,0,,0
2025-11-10,G10,Cardiff,CH03,Paid Social,604.28,59567,657,677,21,3,1,10716.04,10553.39,0,0,0.9204252810111045,0,,0
2025-11-10,G10,Cardiff,CH04,LinkedIn,451.96,12369,89,106,4,1,0,11004.77,11203.48,0,0,0.9204252810111045,0,,0
2025-11-10,G10,Cardiff,CH05,YouTube,451.85,37794,236,246,3,1,0,10788.98,10998.03,0,0,0.9204252810111045,0,,0
2025-11-10,G10,Cardiff,CH06,Display,257.14,50475,142,177,1,0,0,11363.37,11228.4,0,0,0.9204252810111045,0,,0
2025-11-17,G01,London,CH01,Paid Search - Brand,963.84,11881,998,1024,68,13,4,24991.21,25630.36,0,0,0.9318322303922613,0,,0
2025-11-17,G01,London,CH02,Paid Search - Non-Brand,1942.67,29441,1371,1696,68,20,6,27834.04,26862.51,0,0,0.9318322303922613,0,,0
2025-11-17,G01,London,CH03,Paid Social,1611.41,161877,1952,2412,70,17,3,27318.62,26035.31,0,0,0.9318322303922613,0,,0
2025-11-17,G01,London,CH04,LinkedIn,1342.9,38128,298,350,15,5,1,25041.71,25953.79,0,0,0.9318322303922613,0,,0
2025-11-17,G01,London,CH05,YouTube,1127.94,97599,521,625,7,1,0,26192.47,24359.75,0,0,0.9318322303922613,0,,0
2025-11-17,G01,London,CH06,Display,663.95,133207,385,434,4,1,0,26469.86,26478.78,0,0,0.9318322303922613,0,,0
2025-11-17,G02,Manchester,CH01,Paid Search - Brand,664.11,8480,673,746,49,17,6,19298.23,19140.19,0,0,0.9318322303922613,0,,0
2025-11-17,G02,Manchester,CH02,Paid Search - Non-Brand,1489.42,23796,1035,1142,53,10,2,17702.02,18215.43,0,0,0.9318322303922613,0,,0
2025-11-17,G02,Manchester,CH03,Paid Social,1140.84,111938,1431,1623,41,10,2,17820.96,17832.23,0,0,0.9318322303922613,0,,0
2025-11-17,G02,Manchester,CH04,LinkedIn,852.7,24711,178,180,7,1,0,17884.9,18303.07,0,0,0.9318322303922613,0,,0
2025-11-17,G02,Manchester,CH05,YouTube,780.08,62824,401,432,7,1,0,20957.62,20706.48,0,0,0.9318322303922613,0,,0
2025-11-17,G02,Manchester,CH06,Display,570.2,114957,336,390,3,0,0,17988.25,16896.39,0,0,0.9318322303922613,0,,0
2025-11-17,G03,Birmingham,CH01,Paid Search - Brand,652.29,8146,656,801,43,12,3,17605.87,17904.72,0,0,0.9318322303922613,0,,0
2025-11-17,G03,Birmingham,CH02,Paid Search - Non-Brand,1260.75,18910,888,895,40,11,3,17368.49,16953.04,0,0,0.9318322303922613,0,,0
2025-11-17,G03,Birmingham,CH03,Paid Social,1250.07,123314,1567,1596,42,8,1,16958.06,17434.17,0,0,0.9318322303922613,0,,0
2025-11-17,G03,Birmingham,CH04,LinkedIn,827.33,23681,164,189,7,1,0,17084.02,16849.46,0,0,0.9318322303922613,0,,0
2025-11-17,G03,Birmingham,CH05,YouTube,711.44,56434,342,356,4,1,0,18691.65,19563.37,0,0,0.9318322303922613,0,,0
2025-11-17,G03,Birmingham,CH06,Display,472.9,91817,276,286,3,0,0,18122.74,17470.7,0,0,0.9318322303922613,0,,0
2025-11-17,G04,Leeds,CH01,Paid Search - Brand,533.85,6788,584,679,35,8,3,14498.28,14027.8,0,0,0.9318322303922613,0,,0
2025-11-17,G04,Leeds,CH02,Paid Search - Non-Brand,1121.52,17355,765,914,41,9,3,16397.17,15643.2,0,0,0.9318322303922613,0,,0
2025-11-17,G04,Leeds,CH03,Paid Social,910.61,92449,1041,1119,37,10,2,15618.12,16343.83,0,0,0.9318322303922613,0,,0
2025-11-17,G04,Leeds,CH04,LinkedIn,783.88,22216,167,190,9,3,0,14265.96,14404.95,0,0,0.9318322303922613,0,,0
2025-11-17,G04,Leeds,CH05,YouTube,753.73,61482,378,400,5,1,0,18083.9,17731.62,0,0,0.9318322303922613,0,,0
2025-11-17,G04,Leeds,CH06,Display,385.62,77483,217,231,2,0,0,16881.71,16300.39,0,0,0.9318322303922613,0,,0
2025-11-17,G05,Bristol,CH01,Paid Search - Brand,504.25,6113,508,627,44,9,2,15528.23,15122.89,0,0,0.9318322303922613,0,,0
2025-11-17,G05,Bristol,CH02,Paid Search - Non-Brand,1178.43,17709,782,869,37,8,3,14333.08,14252.8,0,0,0.9318322303922613,0,,0
2025-11-17,G05,Bristol,CH03,Paid Social,801.02,79253,960,1061,30,6,2,14470.89,14423.75,0,0,0.9318322303922613,0,,0
2025-11-17,G05,Bristol,CH04,LinkedIn,700.34,20475,160,198,8,2,0,16584.44,16245.37,0,0,0.9318322303922613,0,,0
2025-11-17,G05,Bristol,CH05,YouTube,630.23,53868,332,352,5,1,0,13847.87,13287.46,0,0,0.9318322303922613,0,,0
2025-11-17,G05,Bristol,CH06,Display,340.89,69491,199,238,2,0,0,14843.84,14576.25,0,0,0.9318322303922613,0,,0
2025-11-17,G06,Glasgow,CH01,Paid Search - Brand,486.6,6225,552,630,42,15,3,13000.69,13111.97,0,0,0.9318322303922613,0,,0
2025-11-17,G06,Glasgow,CH02,Paid Search - Non-Brand,1041.1,16887,734,739,35,12,4,14178.92,13397.34,0,0,0.9318322303922613,0,,0
2025-11-17,G06,Glasgow,CH03,Paid Social,798.42,78108,1014,1034,32,11,2,12871.78,12026.83,0,0,0.9318322303922613,0,,0
2025-11-17,G06,Glasgow,CH04,LinkedIn,576.81,16381,120,128,5,1,0,13808.24,13356.86,0,0,0.9318322303922613,0,,0
2025-11-17,G06,Glasgow,CH05,YouTube,593.78,48815,296,331,5,1,0,12515.9,11529.46,0,0,0.9318322303922613,0,,0
2025-11-17,G06,Glasgow,CH06,Display,322.66,63226,185,193,1,0,0,10901.32,11383.84,0,0,0.9318322303922613,0,,0
2025-11-17,G07,Liverpool,CH01,Paid Search - Brand,469.19,5926,516,548,32,6,2,12824.87,13092.82,0,0,0.9318322303922613,0,,0
2025-11-17,G07,Liverpool,CH02,Paid Search - Non-Brand,942.01,14588,654,810,31,6,2,13199.65,13143.16,0,0,0.9318322303922613,0,,0
2025-11-17,G07,Liverpool,CH03,Paid Social,789.58,77728,902,930,24,6,2,12865.44,12453.66,0,0,0.9318322303922613,0,,0
2025-11-17,G07,Liverpool,CH04,LinkedIn,720.62,21010,148,184,8,2,0,12495.75,12421.01,0,0,0.9318322303922613,0,,0
2025-11-17,G07,Liverpool,CH05,YouTube,536.93,45622,262,289,3,0,0,12227.85,12758.73,0,0,0.9318322303922613,0,,0
2025-11-17,G07,Liverpool,CH06,Display,383.47,78741,235,267,3,1,0,14738.96,14956.19,0,0,0.9318322303922613,0,,0
2025-11-17,G08,Sheffield,CH01,Paid Search - Brand,427.88,5271,437,531,34,6,1,12082.23,11480.67,0,0,0.9318322303922613,0,,0
2025-11-17,G08,Sheffield,CH02,Paid Search - Non-Brand,892.55,13860,609,726,30,5,1,12750.71,12126.49,0,0,0.9318322303922613,0,,0
2025-11-17,G08,Sheffield,CH03,Paid Social,760.63,72521,862,944,29,9,2,11319.35,11776.59,0,0,0.9318322303922613,0,,0
2025-11-17,G08,Sheffield,CH04,LinkedIn,609.39,17351,139,166,8,2,0,11675.61,11455.13,0,0,0.9318322303922613,0,,0
2025-11-17,G08,Sheffield,CH05,YouTube,500.79,41986,235,261,3,0,0,11620.96,11623.06,0,0,0.9318322303922613,0,,0
2025-11-17,G08,Sheffield,CH06,Display,295.05,59728,181,188,1,0,0,13200.08,12836.95,0,0,0.9318322303922613,0,,0
2025-11-17,G09,Edinburgh,CH01,Paid Search - Brand,443.8,5540,455,462,33,11,2,13129.44,12699.0,0,0,0.9318322303922613,0,,0
2025-11-17,G09,Edinburgh,CH02,Paid Search - Non-Brand,828.97,12211,571,594,23,7,2,10691.49,10691.62,0,0,0.9318322303922613,0,,0
2025-11-17,G09,Edinburgh,CH03,Paid Social,672.86,67992,837,1041,31,10,3,11807.77,11513.95,0,0,0.9318322303922613,0,,0
2025-11-17,G09,Edinburgh,CH04,LinkedIn,548.03,15881,117,135,6,1,0,10307.77,10663.6,0,0,0.9318322303922613,0,,0
2025-11-17,G09,Edinburgh,CH05,YouTube,583.39,47365,258,289,4,0,0,12369.1,12321.58,0,0,0.9318322303922613,0,,0
2025-11-17,G09,Edinburgh,CH06,Display,274.3,55499,168,200,2,0,0,11987.49,11990.72,0,0,0.9318322303922613,0,,0
2025-11-17,G10,Cardiff,CH01,Paid Search - Brand,363.92,4539,389,467,27,9,2,11709.21,11927.9,0,0,0.9318322303922613,0,,0
2025-11-17,G10,Cardiff,CH02,Paid Search - Non-Brand,786.18,12002,555,626,20,6,1,10203.92,9889.44,0,0,0.9318322303922613,0,,0
2025-11-17,G10,Cardiff,CH03,Paid Social,706.76,70860,866,989,25,7,2,12017.09,11313.03,0,0,0.9318322303922613,0,,0
2025-11-17,G10,Cardiff,CH04,LinkedIn,509.63,14565,115,115,5,1,0,11474.77,11626.24,0,0,0.9318322303922613,0,,0
2025-11-17,G10,Cardiff,CH05,YouTube,442.12,36514,221,234,3,0,0,10467.64,10701.05,0,0,0.9318322303922613,0,,0
2025-11-17,G10,Cardiff,CH06,Display,262.69,50933,158,173,1,0,0,7723.21,9458.82,0,0,0.9318322303922613,1,,0
2025-11-24,G01,London,CH01,Paid Search - Brand,962.41,12020,1008,1010,59,14,4,30360.9,30356.96,0,0,0.9442332193547478,0,,0
2025-11-24,G01,London,CH02,Paid Search - Non-Brand,2403.04,36723,1528,1700,79,22,7,27074.97,26375.41,0,0,0.9442332193547478,0,,0
2025-11-24,G01,London,CH03,Paid Social,1716.51,174645,2210,2213,73,24,7,24977.29,24091.8,0,0,0.9442332193547478,0,,0
2025-11-24,G01,London,CH04,LinkedIn,1196.85,35299,306,343,15,4,1,26087.61,24809.75,0,0,0.9442332193547478,0,,0
2025-11-24,G01,London,CH05,YouTube,1172.06,95475,576,612,7,1,0,25405.27,25354.96,0,0,0.9442332193547478,0,,0
2025-11-24,G01,London,CH06,Display,628.29,126485,407,489,5,1,0,23861.78,24068.08,0,0,0.9442332193547478,0,,0
2025-11-24,G02,Manchester,CH01,Paid Search - Brand,632.63,7861,651,796,52,17,6,20700.56,19241.95,0,0,0.9442332193547478,0,,0
2025-11-24,G02,Manchester,CH02,Paid Search - Non-Brand,1603.13,24978,1138,1237,49,15,5,22001.35,20003.44,0,0,0.9442332193547478,0,,0
2025-11-24,G02,Manchester,CH03,Paid Social,1021.59,101619,1160,1414,37,8,2,20007.91,19560.76,0,0,0.9442332193547478,0,,0
2025-11-24,G02,Manchester,CH04,LinkedIn,1019.92,28568,223,235,12,4,1,17043.99,17613.84,0,0,0.9442332193547478,0,,0
2025-11-24,G02,Manchester,CH05,YouTube,889.72,72030,428,489,6,1,0,17618.77,16927.69,0,0,0.9442332193547478,0,,0
2025-11-24,G02,Manchester,CH06,Display,461.16,90237,227,261,2,0,0,17178.43,17110.53,0,0,0.9442332193547478,0,,0
2025-11-24,G03,Birmingham,CH01,Paid Search - Brand,665.47,8253,672,830,55,13,4,19932.1,19706.71,0,0,0.9442332193547478,0,,0
2025-11-24,G03,Birmingham,CH02,Paid Search - Non-Brand,1451.84,22837,1008,1115,44,10,4,17290.54,17651.98,0,0,0.9442332193547478,0,,0
2025-11-24,G03,Birmingham,CH03,Paid Social,1150.85,113510,1341,1455,38,7,2,18276.2,17212.94,0,0,0.9442332193547478,0,,0
2025-11-24,G03,Birmingham,CH04,LinkedIn,931.98,27242,215,246,12,2,0,18018.51,18315.7,0,0,0.9442332193547478,0,,0
2025-11-24,G03,Birmingham,CH05,YouTube,888.95,75037,406,481,8,1,0,17639.93,18097.17,0,0,0.9442332193547478,0,,0
2025-11-24,G03,Birmingham,CH06,Display,446.29,87749,271,328,2,0,0,15982.42,17202.51,0,0,0.9442332193547478,0,,0
2025-11-24,G04,Leeds,CH01,Paid Search - Brand,561.2,7044,602,712,38,11,2,14645.31,14300.52,0,0,0.9442332193547478,0,,0
2025-11-24,G04,Leeds,CH02,Paid Search - Non-Brand,1243.34,19171,885,1011,48,13,4,13739.59,12740.4,0,0,0.9442332193547478,0,,0
2025-11-24,G04,Leeds,CH03,Paid Social,954.97,99831,1287,1517,39,13,4,15937.87,15815.65,0,0,0.9442332193547478,0,,0
2025-11-24,G04,Leeds,CH04,LinkedIn,845.69,24687,197,222,11,2,0,15302.36,16295.58,0,0,0.9442332193547478,0,,0
2025-11-24,G04,Leeds,CH05,YouTube,602.93,48594,282,352,6,1,0,14971.12,15305.33,0,0,0.9442332193547478,0,,0
2025-11-24,G04,Leeds,CH06,Display,424.87,84822,246,298,2,0,0,17327.91,16152.91,0,0,0.9442332193547478,0,,0
2025-11-24,G05,Bristol,CH01,Paid Search - Brand,529.11,6948,634,783,41,13,3,15908.18,14985.82,0,0,0.9442332193547478,0,,0
2025-11-24,G05,Bristol,CH02,Paid Search - Non-Brand,1213.55,19461,817,911,39,9,1,13435.67,12662.87,0,0,0.9442332193547478,0,,0
2025-11-24,G05,Bristol,CH03,Paid Social,781.67,78869,909,961,30,6,2,13041.93,12684.27,0,0,0.9442332193547478,0,,0
2025-11-24,G05,Bristol,CH04,LinkedIn,778.46,22236,172,172,8,2,0,13882.7,13456.62,0,0,0.9442332193547478,0,,0
2025-11-24,G05,Bristol,CH05,YouTube,586.09,48136,276,308,4,1,0,15230.19,14981.22,0,0,0.9442332193547478,0,,0
2025-11-24,G05,Bristol,CH06,Display,341.54,69536,211,250,2,0,0,12777.11,12575.2,0,0,0.9442332193547478,0,,0
2025-11-24,G06,Glasgow,CH01,Paid Search - Brand,522.18,6600,591,710,50,14,3,13876.74,12821.12,0,0,0.9442332193547478,0,,0
2025-11-24,G06,Glasgow,CH02,Paid Search - Non-Brand,1000.44,15482,688,855,34,12,2,12400.34,11858.67,0,0,0.9442332193547478,0,,0
2025-11-24,G06,Glasgow,CH03,Paid Social,810.01,83540,978,998,31,10,2,11008.09,11153.21,0,0,0.9442332193547478,0,,0
2025-11-24,G06,Glasgow,CH04,LinkedIn,695.09,20499,162,164,8,1,0,14409.04,13507.12,0,0,0.9442332193547478,0,,0
2025-11-24,G06,Glasgow,CH05,YouTube,578.0,47282,302,306,4,1,0,13939.34,13275.53,0,0,0.9442332193547478,0,,0
2025-11-24,G06,Glasgow,CH06,Display,334.0,65807,198,236,2,0,0,12891.4,11924.02,0,0,0.9442332193547478,0,,0
2025-11-24,G07,Liverpool,CH01,Paid Search - Brand,419.0,5340,470,582,40,9,2,12492.3,12445.88,0,0,0.9442332193547478,0,,0
2025-11-24,G07,Liverpool,CH02,Paid Search - Non-Brand,947.77,14422,610,613,29,9,2,13788.53,12909.21,0,0,0.9442332193547478,0,,0
2025-11-24,G07,Liverpool,CH03,Paid Social,920.53,90357,1022,1047,23,5,2,13588.2,13209.14,0,0,0.9442332193547478,0,,0
2025-11-24,G07,Liverpool,CH04,LinkedIn,655.97,18753,143,174,6,1,0,13382.69,12257.1,0,0,0.9442332193547478,0,,0
2025-11-24,G07,Liverpool,CH05,YouTube,617.67,50697,316,337,5,1,0,12338.54,12219.57,0,0,0.9442332193547478,0,,0
2025-11-24,G07,Liverpool,CH06,Display,367.12,74146,227,240,2,0,0,14915.3,14805.7,0,0,0.9442332193547478,0,,0
2025-11-24,G08,Sheffield,CH01,Paid Search - Brand,397.46,4747,388,454,24,8,2,11891.22,11985.67,0,0,0.9442332193547478,0,,0
2025-11-24,G08,Sheffield,CH02,Paid Search - Non-Brand,877.47,13779,618,710,34,7,1,12232.75,11870.13,0,0,0.9442332193547478,0,,0
2025-11-24,G08,Sheffield,CH03,Paid Social,696.51,66733,803,925,30,10,3,9954.11,10352.97,0,0,0.9442332193547478,0,,0
2025-11-24,G08,Sheffield,CH04,LinkedIn,582.35,16367,119,130,5,1,0,12509.7,12462.72,0,0,0.9442332193547478,0,,0
2025-11-24,G08,Sheffield,CH05,YouTube,590.68,48387,249,275,4,1,0,14306.38,14412.53,0,0,0.9442332193547478,0,,0
2025-11-24,G08,Sheffield,CH06,Display,328.39,66666,200,202,1,0,0,11005.31,11480.54,0,0,0.9442332193547478,0,,0
2025-11-24,G09,Edinburgh,CH01,Paid Search - Brand,449.43,5703,483,567,37,7,1,10963.75,10697.45,0,0,0.9442332193547478,0,,0
2025-11-24,G09,Edinburgh,CH02,Paid Search - Non-Brand,776.24,12094,524,564,27,7,1,11629.52,11658.62,0,0,0.9442332193547478,0,,0
2025-11-24,G09,Edinburgh,CH03,Paid Social,687.47,68145,865,1064,28,9,3,10878.51,10998.96,0,0,0.9442332193547478,0,,0
2025-11-24,G09,Edinburgh,CH04,LinkedIn,545.21,14994,116,122,5,0,0,12085.61,10546.93,0,0,0.9442332193547478,0,,0
2025-11-24,G09,Edinburgh,CH05,YouTube,479.45,40210,262,315,5,1,0,11396.07,11759.07,0,0,0.9442332193547478,0,,0
2025-11-24,G09,Edinburgh,CH06,Display,315.62,65109,193,236,2,0,0,11723.47,11392.06,0,0,0.9442332193547478,0,,0
2025-11-24,G10,Cardiff,CH01,Paid Search - Brand,361.76,4472,384,406,25,7,2,10639.27,10649.06,0,0,0.9442332193547478,0,,0
2025-11-24,G10,Cardiff,CH02,Paid Search - Non-Brand,790.69,12313,554,594,20,5,1,12941.66,11637.18,0,0,0.9442332193547478,0,,0
2025-11-24,G10,Cardiff,CH03,Paid Social,658.99,66430,821,1025,27,9,1,10898.09,10160.22,0,0,0.9442332193547478,0,,0
2025-11-24,G10,Cardiff,CH04,LinkedIn,496.51,14293,104,129,6,1,0,9821.15,9750.87,0,0,0.9442332193547478,0,,0
2025-11-24,G10,Cardiff,CH05,YouTube,480.72,40460,231,251,4,0,0,9419.68,9430.66,0,0,0.9442332193547478,0,,0
2025-11-24,G10,Cardiff,CH06,Display,260.66,50724,163,191,1,0,0,10505.93,10806.17,0,0,0.9442332193547478,0,,0
2025-12-01,G01,London,CH01,Paid Search - Brand,758.62,9987,823,986,75,16,4,23920.5,23702.9,0,0,0.9574474135548957,0,,0
2025-12-01,G01,London,CH02,Paid Search - Non-Brand,1527.17,23524,962,963,47,12,2,21300.28,22646.57,0,0,0.9574474135548957,0,,0
2025-12-01,G01,London,CH03,Paid Social,1229.08,115349,1476,1822,45,14,3,26212.53,25815.43,0,0,0.9574474135548957,0,,0
2025-12-01,G01,London,CH04,LinkedIn,936.14,26430,207,252,11,2,0,26222.06,26429.17,0,0,0.9574474135548957,0,,0
2025-12-01,G01,London,CH05,YouTube,774.13,64923,383,397,5,1,0,25489.84,25806.83,0,0,0.9574474135548957,0,,0
2025-12-01,G01,London,CH06,Display,432.18,88110,278,328,3,1,0,24743.04,25071.36,0,0,0.9574474135548957,0,,0
2025-12-01,G02,Manchester,CH01,Paid Search - Brand,524.79,6525,492,527,28,6,1,19931.07,18835.27,0,0,0.9574474135548957,0,,0
2025-12-01,G02,Manchester,CH02,Paid Search - Non-Brand,969.56,15024,677,677,27,8,2,19988.6,19393.2,0,0,0.9574474135548957,0,,0
2025-12-01,G02,Manchester,CH03,Paid Social,862.86,84159,962,1080,28,10,4,20635.92,20365.63,0,0,0.9574474135548957,0,,0
2025-12-01,G02,Manchester,CH04,LinkedIn,598.61,17131,135,160,6,1,0,21327.36,21108.39,0,0,0.9574474135548957,0,,0
2025-12-01,G02,Manchester,CH05,YouTube,572.24,48580,319,360,5,1,0,16875.86,17076.26,0,0,0.9574474135548957,0,,0
2025-12-01,G02,Manchester,CH06,Display,384.78,77798,247,254,2,0,0,21766.43,20715.03,0,0,0.9574474135548957,0,,0
2025-12-01,G03,Birmingham,CH01,Paid Search - Brand,454.39,5656,494,526,36,8,1,20870.83,20135.8,0,0,0.9574474135548957,0,,0
2025-12-01,G03,Birmingham,CH02,Paid Search - Non-Brand,1148.6,17972,807,910,37,11,2,18314.73,18616.17,0,0,0.9574474135548957,0,,0
2025-12-01,G03,Birmingham,CH03,Paid Social,851.65,87067,1056,1258,32,10,3,18497.45,18646.18,0,0,0.9574474135548957,0,,0
2025-12-01,G03,Birmingham,CH04,LinkedIn,620.75,17828,142,147,6,1,0,16244.02,16654.07,0,0,0.9574474135548957,0,,0
2025-12-01,G03,Birmingham,CH05,YouTube,569.15,46556,267,298,4,0,0,17296.61,17986.96,0,0,0.9574474135548957,0,,0
2025-12-01,G03,Birmingham,CH06,Display,322.76,63490,184,227,2,0,0,18664.42,17721.0,0,0,0.9574474135548957,0,,0
2025-12-01,G04,Leeds,CH01,Paid Search - Brand,346.01,4438,367,404,23,4,1,16075.05,16398.57,0,0,0.9574474135548957,0,,0
2025-12-01,G04,Leeds,CH02,Paid Search - Non-Brand,763.15,11914,542,574,24,4,1,14019.11,14675.59,0,0,0.9574474135548957,0,,0
2025-12-01,G04,Leeds,CH03,Paid Social,710.59,69544,903,1112,27,7,2,16303.83,16562.94,0,0,0.9574474135548957,0,,0
2025-12-01,G04,Leeds,CH04,LinkedIn,568.2,16082,122,138,5,1,0,12971.22,13814.41,0,0,0.9574474135548957,0,,0
2025-12-01,G04,Leeds,CH05,YouTube,437.1,36394,211,246,4,0,0,16489.38,15709.34,0,0,0.9574474135548957,0,,0
2025-12-01,G04,Leeds,CH06,Display,291.69,56312,160,197,2,0,0,16870.36,15689.91,0,0,0.9574474135548957,0,,0
2025-12-01,G05,Bristol,CH01,Paid Search - Brand,384.21,4707,376,383,22,8,2,14501.45,14621.53,0,0,0.9574474135548957,0,,0
2025-12-01,G05,Bristol,CH02,Paid Search - Non-Brand,743.56,11618,538,592,24,8,3,13846.69,13698.23,0,0,0.9574474135548957,0,,0
2025-12-01,G05,Bristol,CH03,Paid Social,559.8,56441,652,689,22,7,3,13744.6,14409.1,0,0,0.9574474135548957,0,,0
2025-12-01,G05,Bristol,CH04,LinkedIn,560.65,15910,123,134,6,2,0,14303.72,14128.98,0,0,0.9574474135548957,0,,0
2025-12-01,G05,Bristol,CH05,YouTube,388.68,31325,190,195,2,0,0,15975.66,15378.63,0,0,0.9574474135548957,0,,0
2025-12-01,G05,Bristol,CH06,Display,254.71,50290,144,166,1,0,0,16223.73,14938.07,0,0,0.9574474135548957,0,,0
2025-12-01,G06,Glasgow,CH01,Paid Search - Brand,326.69,3958,343,367,19,4,1,12997.6,13100.96,0,0,0.9574474135548957,0,,0
2025-12-01,G06,Glasgow,CH02,Paid Search - Non-Brand,773.49,12474,533,650,25,8,1,12945.25,12210.53,0,0,0.9574474135548957,0,,0
2025-12-01,G06,Glasgow,CH03,Paid Social,560.06,57245,686,699,23,6,1,13061.28,12250.57,0,0,0.9574474135548957,0,,0
2025-12-01,G06,Glasgow,CH04,LinkedIn,426.79,12306,92,100,4,1,0,13199.51,13341.48,0,0,0.9574474135548957,0,,0
2025-12-01,G06,Glasgow,CH05,YouTube,414.32,34714,205,217,2,0,0,13313.04,11572.82,0,0,0.9574474135548957,0,,0
2025-12-01,G06,Glasgow,CH06,Display,223.85,44479,127,156,1,0,0,14215.32,14905.11,0,0,0.9574474135548957,0,,0
2025-12-01,G07,Liverpool,CH01,Paid Search - Brand,327.43,4073,361,438,26,5,1,12340.62,12529.83,0,0,0.9574474135548957,0,,0
2025-12-01,G07,Liverpool,CH02,Paid Search - Non-Brand,747.33,11456,572,637,23,6,1,12519.88,12329.65,0,0,0.9574474135548957,0,,0
2025-12-01,G07,Liverpool,CH03,Paid Social,606.05,61533,769,850,24,8,3,14535.8,13230.52,0,0,0.9574474135548957,0,,0
2025-12-01,G07,Liverpool,CH04,LinkedIn,491.17,13937,105,113,4,0,0,11191.4,11411.57,0,0,0.9574474135548957,0,,0
2025-12-01,G07,Liverpool,CH05,YouTube,375.73,31215,190,215,2,0,0,11378.44,12287.25,0,0,0.9574474135548957,0,,0
2025-12-01,G07,Liverpool,CH06,Display,283.0,56815,164,180,2,0,0,13973.57,13348.19,0,0,0.9574474135548957,0,,0
2025-12-01,G08,Sheffield,CH01,Paid Search - Brand,313.87,3877,339,341,19,4,1,10842.13,11254.22,0,0,0.9574474135548957,0,,0
2025-12-01,G08,Sheffield,CH02,Paid Search - Non-Brand,565.98,8655,352,405,18,6,2,12192.98,11913.23,0,0,0.9574474135548957,0,,0
2025-12-01,G08,Sheffield,CH03,Paid Social,573.7,55803,687,806,22,4,1,11841.12,12544.5,0,0,0.9574474135548957,0,,0
2025-12-01,G08,Sheffield,CH04,LinkedIn,409.97,11988,91,92,3,0,0,12443.82,11369.83,0,0,0.9574474135548957,0,,0
2025-12-01,G08,Sheffield,CH05,YouTube,360.1,30516,171,171,2,0,0,14197.31,13110.89,0,0,0.9574474135548957,0,,0
2025-12-01,G08,Sheffield,CH06,Display,205.23,40338,121,142,1,0,0,13005.31,12071.04,0,0,0.9574474135548957,0,,0
2025-12-01,G09,Edinburgh,CH01,Paid Search - Brand,311.85,3978,336,380,29,5,1,14077.66,14107.07,0,0,0.9574474135548957,0,,0
2025-12-01,G09,Edinburgh,CH02,Paid Search - Non-Brand,641.43,9536,439,514,23,5,2,12479.65,11962.3,0,0,0.9574474135548957,0,,0
2025-12-01,G09,Edinburgh,CH03,Paid Social,528.6,52690,671,678,19,7,2,12277.88,11802.69,0,0,0.9574474135548957,0,,0
2025-12-01,G09,Edinburgh,CH04,LinkedIn,437.86,13249,102,111,4,1,0,12240.56,11193.51,0,0,0.9574474135548957,0,,0
2025-12-01,G09,Edinburgh,CH05,YouTube,415.59,34135,175,207,3,0,0,11693.6,11446.96,0,0,0.9574474135548957,0,,0
2025-12-01,G09,Edinburgh,CH06,Display,219.02,45013,128,151,1,0,0,12821.04,12351.97,0,0,0.9574474135548957,0,,0
2025-12-01,G10,Cardiff,CH01,Paid Search - Brand,264.43,3270,259,298,15,3,1,9640.74,10457.33,0,0,0.9574474135548957,0,,0
2025-12-01,G10,Cardiff,CH02,Paid Search - Non-Brand,545.26,8397,388,466,19,3,1,10545.95,10268.01,0,0,0.9574474135548957,0,,0
2025-12-01,G10,Cardiff,CH03,Paid Social,495.98,50099,607,647,15,3,1,9283.73,9569.07,0,0,0.9574474135548957,0,,0
2025-12-01,G10,Cardiff,CH04,LinkedIn,389.2,11133,87,89,3,0,0,11819.89,11759.32,0,0,0.9574474135548957,0,,0
2025-12-01,G10,Cardiff,CH05,YouTube,295.72,24808,130,154,2,0,0,10276.34,10329.79,0,0,0.9574474135548957,0,,0
2025-12-01,G10,Cardiff,CH06,Display,180.31,36553,100,103,0,0,0,9667.23,10679.33,0,0,0.9574474135548957,1,,0
2025-12-08,G01,London,CH01,Paid Search - Brand,740.73,8829,771,908,54,17,3,27421.38,27231.13,0,0,0.9712821202854931,0,,0
2025-12-08,G01,London,CH02,Paid Search - Non-Brand,1548.21,23839,1117,1358,65,17,4,23034.62,23139.08,0,0,0.9712821202854931,1,,0
2025-12-08,G01,London,CH03,Paid Social,1186.29,117880,1442,1544,41,14,3,26571.5,26178.61,0,0,0.9712821202854931,0,,0
2025-12-08,G01,London,CH04,LinkedIn,980.99,27740,225,260,9,3,1,28403.32,27250.28,0,0,0.9712821202854931,0,,0
2025-12-08,G01,London,CH05,YouTube,924.01,77539,495,499,7,1,0,27419.62,27833.83,0,0,0.9712821202854931,0,,0
2025-12-08,G01,London,CH06,Display,488.7,96159,285,327,3,1,0,29248.78,29164.73,0,0,0.9712821202854931,0,,0
2025-12-08,G02,Manchester,CH01,Paid Search - Brand,513.5,6385,538,556,30,10,4,20916.89,20738.56,0,0,0.9712821202854931,0,,0
2025-12-08,G02,Manchester,CH02,Paid Search - Non-Brand,1083.76,16827,752,848,40,12,4,17409.27,17361.08,0,0,0.9712821202854931,0,,0
2025-12-08,G02,Manchester,CH03,Paid Social,877.91,86102,1095,1329,32,10,2,19687.82,19671.33,0,0,0.9712821202854931,0,,0
2025-12-08,G02,Manchester,CH04,LinkedIn,656.04,19163,144,174,6,2,0,21835.72,20909.05,0,0,0.9712821202854931,0,,0
2025-12-08,G02,Manchester,CH05,YouTube,592.62,49625,292,329,4,0,0,17795.67,17361.84,0,0,0.9712821202854931,0,,0
2025-12-08,G02,Manchester,CH06,Display,369.0,74514,200,203,2,0,0,19352.92,19518.44,0,0,0.9712821202854931,0,,0
2025-12-08,G03,Birmingham,CH01,Paid Search - Brand,497.55,6207,507,542,36,10,2,17327.97,16953.37,0,0,0.9712821202854931,0,,0
2025-12-08,G03,Birmingham,CH02,Paid Search - Non-Brand,1023.24,15442,703,865,31,7,3,19716.78,19160.47,0,0,0.9712821202854931,0,,0
2025-12-08,G03,Birmingham,CH03,Paid Social,803.96,79773,857,904,26,6,2,21602.47,20259.47,0,0,0.9712821202854931,0,,0
2025-12-08,G03,Birmingham,CH04,LinkedIn,602.15,17192,133,144,6,1,0,20919.5,19052.47,0,0,0.9712821202854931,0,,0
2025-12-08,G03,Birmingham,CH05,YouTube,565.14,46805,275,306,4,0,0,21531.98,21226.79,0,0,0.9712821202854931,0,,0
2025-12-08,G03,Birmingham,CH06,Display,348.16,73597,234,271,2,0,0,19670.85,19982.76,0,0,0.9712821202854931,0,,0
2025-12-08,G04,Leeds,CH01,Paid Search - Brand,386.98,4823,386,467,31,6,1,14427.65,14825.18,0,0,0.9712821202854931,0,,0
2025-12-08,G04,Leeds,CH02,Paid Search - Non-Brand,785.44,11993,556,571,26,8,2,16915.6,16907.92,0,0,0.9712821202854931,0,,0
2025-12-08,G04,Leeds,CH03,Paid Social,633.44,64040,820,872,26,7,2,13713.06,13693.97,0,0,0.9712821202854931,0,,0
2025-12-08,G04,Leeds,CH04,LinkedIn,543.03,14982,117,136,6,1,0,14418.68,13913.59,0,0,0.9712821202854931,0,,0
2025-12-08,G04,Leeds,CH05,YouTube,447.47,36265,217,231,3,0,0,13796.13,13276.79,0,0,0.9712821202854931,0,,0
2025-12-08,G04,Leeds,CH06,Display,284.65,57572,175,194,2,0,0,16471.42,15603.81,0,0,0.9712821202854931,0,,0
2025-12-08,G05,Bristol,CH01,Paid Search - Brand,335.66,4099,350,408,30,8,2,15172.62,15555.92,0,0,0.9712821202854931,1,,0
2025-12-08,G05,Bristol,CH02,Paid Search - Non-Brand,761.9,11398,476,518,18,6,1,15336.46,14477.71,0,0,0.9712821202854931,0,,0
2025-12-08,G05,Bristol,CH03,Paid Social,658.28,65918,760,930,22,7,3,13596.46,14283.89,0,0,0.9712821202854931,0,,0
2025-12-08,G05,Bristol,CH04,LinkedIn,512.87,14354,105,110,5,1,0,13521.08,12996.03,0,0,0.9712821202854931,0,,0
2025-12-08,G05,Bristol,CH05,YouTube,489.9,39928,228,271,4,1,0,15025.28,15834.31,0,0,0.9712821202854931,0,,0
2025-12-08,G05,Bristol,CH06,Display,271.76,54302,165,202,2,0,0,14733.37,14286.95,0,0,0.9712821202854931,0,,0
2025-12-08,G06,Glasgow,CH01,Paid Search - Brand,325.59,4054,334,343,20,7,1,11405.03,11675.16,0,0,0.9712821202854931,0,,0
2025-12-08,G06,Glasgow,CH02,Paid Search - Non-Brand,756.46,11775,500,502,18,5,1,13721.34,14194.32,0,0,0.9712821202854931,0,,0
2025-12-08,G06,Glasgow,CH03,Paid Social,506.59,50570,635,783,19,6,1,11636.16,11539.12,0,0,0.9712821202854931,0,,0
2025-12-08,G06,Glasgow,CH04,LinkedIn,456.29,12804,100,105,4,0,0,14917.35,13971.81,0,0,0.9712821202854931,0,,0
2025-12-08,G06,Glasgow,CH05,YouTube,406.68,34464,218,223,2,0,0,12536.14,12455.75,0,0,0.9712821202854931,0,,0
2025-12-08,G06,Glasgow,CH06,Display,259.29,50483,152,157,1,0,0,10814.94,11129.46,0,0,0.9712821202854931,0,,0
2025-12-08,G07,Liverpool,CH01,Paid Search - Brand,294.24,3738,346,383,26,8,2,11387.72,11816.63,0,0,0.9712821202854931,0,,0
2025-12-08,G07,Liverpool,CH02,Paid Search - Non-Brand,641.79,9884,407,474,19,4,1,13692.28,13454.25,0,0,0.9712821202854931,0,,0
2025-12-08,G07,Liverpool,CH03,Paid Social,624.79,61092,730,831,24,7,2,13899.18,13849.87,0,0,0.9712821202854931,0,,0
2025-12-08,G07,Liverpool,CH04,LinkedIn,517.93,14915,115,126,4,0,0,14344.16,13147.16,0,0,0.9712821202854931,0,,0
2025-12-08,G07,Liverpool,CH05,YouTube,398.84,32678,187,220,3,1,0,13990.75,13739.97,0,0,0.9712821202854931,0,,0
2025-12-08,G07,Liverpool,CH06,Display,239.83,50543,154,169,1,0,0,12879.49,12314.66,0,0,0.9712821202854931,0,,0
2025-12-08,G08,Sheffield,CH01,Paid Search - Brand,301.61,3858,302,302,18,4,1,14278.09,12696.45,0,0,0.9712821202854931,0,,0
2025-12-08,G08,Sheffield,CH02,Paid Search - Non-Brand,679.09,10219,448,525,23,5,1,12402.2,11442.48,0,0,0.9712821202854931,0,,0
2025-12-08,G08,Sheffield,CH03,Paid Social,507.57,50762,581,650,16,5,1,9681.66,10287.55,0,0,0.9712821202854931,0,,0
2025-12-08,G08,Sheffield,CH04,LinkedIn,402.3,11617,95,103,4,1,0,11836.43,11976.0,0,0,0.9712821202854931,0,,0
2025-12-08,G08,Sheffield,CH05,YouTube,341.32,27989,169,195,2,0,0,11638.22,12257.35,0,0,0.9712821202854931,0,,0
2025-12-08,G08,Sheffield,CH06,Display,195.18,38208,112,122,1,0,0,12097.77,12146.42,0,0,0.9712821202854931,0,,0
2025-12-08,G09,Edinburgh,CH01,Paid Search - Brand,306.68,3877,337,383,21,7,2,11570.52,12575.34,0,0,0.9712821202854931,0,,0
2025-12-08,G09,Edinburgh,CH02,Paid Search - Non-Brand,640.77,9873,404,475,22,4,1,13509.86,12624.87,0,0,0.9712821202854931,0,,0
2025-12-08,G09,Edinburgh,CH03,Paid Social,500.52,50734,626,652,19,6,1,11475.89,11035.14,0,0,0.9712821202854931,0,,0
2025-12-08,G09,Edinburgh,CH04,LinkedIn,393.45,11378,88,109,4,0,0,10836.8,10473.08,0,0,0.9712821202854931,0,,0
2025-12-08,G09,Edinburgh,CH05,YouTube,390.37,32367,196,232,3,0,0,11836.6,11788.56,0,0,0.9712821202854931,0,,0
2025-12-08,G09,Edinburgh,CH06,Display,220.69,44826,127,143,1,0,0,11641.72,10937.48,0,0,0.9712821202854931,0,,0
2025-12-08,G10,Cardiff,CH01,Paid Search - Brand,306.28,3820,350,406,22,6,2,11761.93,11701.67,0,0,0.9712821202854931,0,,0
2025-12-08,G10,Cardiff,CH02,Paid Search - Non-Brand,594.4,9029,408,468,17,3,1,10628.93,10656.63,0,0,0.9712821202854931,0,,0
2025-12-08,G10,Cardiff,CH03,Paid Social,447.29,44824,571,642,20,4,1,8742.04,8841.74,0,0,0.9712821202854931,0,,0
2025-12-08,G10,Cardiff,CH04,LinkedIn,360.83,10525,85,92,4,1,0,13053.19,11573.59,0,0,0.9712821202854931,0,,0
2025-12-08,G10,Cardiff,CH05,YouTube,292.99,24633,154,178,2,0,0,11132.65,10478.92,0,0,0.9712821202854931,0,,0
2025-12-08,G10,Cardiff,CH06,Display,203.05,42380,120,135,1,0,0,11781.68,11267.05,0,0,0.9712821202854931,0,,0
2025-12-15,G01,London,CH01,Paid Search - Brand,744.84,9120,766,955,59,21,9,28678.73,28915.46,0,0,0.9855355983693612,0,,0
2025-12-15,G01,London,CH02,Paid Search - Non-Brand,1422.34,22127,992,1028,43,9,3,27786.1,26829.31,0,0,0.9855355983693612,0,,0
2025-12-15,G01,London,CH03,Paid Social,1310.12,130555,1527,1671,46,15,3,26571.09,27484.06,0,0,0.9855355983693612,0,,0
2025-12-15,G01,London,CH04,LinkedIn,877.56,24269,184,200,8,2,0,29348.08,29562.77,0,0,0.9855355983693612,0,,0
2025-12-15,G01,London,CH05,YouTube,843.69,68362,405,430,5,1,0,28436.17,27340.4,0,0,0.9855355983693612,0,,0
2025-12-15,G01,London,CH06,Display,437.78,88370,278,287,3,0,0,27851.74,28991.29,0,0,0.9855355983693612,0,,0
2025-12-15,G02,Manchester,CH01,Paid Search - Brand,546.06,6821,560,651,45,10,3,23597.93,22511.87,0,0,0.9855355983693612,0,,0
2025-12-15,G02,Manchester,CH02,Paid Search - Non-Brand,990.09,15130,689,705,26,8,3,19872.45,19551.07,0,0,0.9855355983693612,0,,0
2025-12-15,G02,Manchester,CH03,Paid Social,1060.89,105960,1217,1509,33,11,4,20060.9,20887.17,0,0,0.9855355983693612,0,,0
2025-12-15,G02,Manchester,CH04,LinkedIn,656.9,18506,161,176,9,2,0,21013.36,20366.48,0,0,0.9855355983693612,0,,0
2025-12-15,G02,Manchester,CH05,YouTube,652.24,54316,321,369,5,1,0,22494.08,20945.23,0,0,0.9855355983693612,0,,0
2025-12-15,G02,Manchester,CH06,Display,353.52,72141,219,235,2,0,0,22456.59,22966.31,0,0,0.9855355983693612,0,,0
2025-12-15,G03,Birmingham,CH01,Paid Search - Brand,500.11,6077,528,571,40,13,4,19567.59,19410.79,0,0,0.9855355983693612,0,,0
2025-12-15,G03,Birmingham,CH02,Paid Search - Non-Brand,941.19,14874,668,706,26,7,2,21531.21,19946.15,0,0,0.9855355983693612,0,,0
2025-12-15,G03,Birmingham,CH03,Paid Social,787.22,79278,1008,1110,34,8,2,18942.22,18642.36,0,0,0.9855355983693612,0,,0
2025-12-15,G03,Birmingham,CH04,LinkedIn,771.07,22310,185,216,8,2,0,18787.38,18047.98,0,0,0.9855355983693612,0,,0
2025-12-15,G03,Birmingham,CH05,YouTube,555.11,47367,263,265,3,0,0,23971.18,22581.57,0,0,0.9855355983693612,0,,0
2025-12-15,G03,Birmingham,CH06,Display,350.4,71995,195,220,1,0,0,18878.17,18591.8,0,0,0.9855355983693612,0,,0
2025-12-15,G04,Leeds,CH01,Paid Search - Brand,424.96,5415,457,463,33,7,2,14485.45,14953.16,0,0,0.9855355983693612,0,,0
2025-12-15,G04,Leeds,CH02,Paid Search - Non-Brand,1051.04,15586,718,757,29,6,1,16029.16,16756.04,0,0,0.9855355983693612,0,,0
2025-12-15,G04,Leeds,CH03,Paid Social,794.9,78680,957,966,25,6,2,15204.26,14914.9,0,0,0.9855355983693612,0,,0
2025-12-15,G04,Leeds,CH04,LinkedIn,582.42,16868,130,161,8,1,0,17413.03,17360.8,0,0,0.9855355983693612,0,,0
2025-12-15,G04,Leeds,CH05,YouTube,508.74,42445,245,256,4,0,0,12742.45,13282.39,0,0,0.9855355983693612,0,,0
2025-12-15,G04,Leeds,CH06,Display,297.5,59771,160,170,1,0,0,14447.63,14904.42,0,0,0.9855355983693612,0,,0
2025-12-15,G05,Bristol,CH01,Paid Search - Brand,394.33,5052,398,482,26,6,2,11571.89,11850.67,0,0,0.9855355983693612,0,,0
2025-12-15,G05,Bristol,CH02,Paid Search - Non-Brand,803.35,12863,575,698,22,4,1,14886.59,14666.43,0,0,0.9855355983693612,0,,0
2025-12-15,G05,Bristol,CH03,Paid Social,614.86,62354,729,750,23,4,1,16288.24,15921.58,0,0,0.9855355983693612,0,,0
2025-12-15,G05,Bristol,CH04,LinkedIn,509.51,14614,120,140,5,1,0,14293.64,14903.2,0,0,0.9855355983693612,0,,0
2025-12-15,G05,Bristol,CH05,YouTube,483.04,39333,215,262,4,1,0,15407.07,15219.78,0,0,0.9855355983693612,0,,0
2025-12-15,G05,Bristol,CH06,Display,301.54,60972,181,191,2,0,0,13579.2,13976.22,0,0,0.9855355983693612,0,,0
2025-12-15,G06,Glasgow,CH01,Paid Search - Brand,338.83,4070,358,408,28,6,2,13669.94,13109.4,0,0,0.9855355983693612,0,,0
2025-12-15,G06,Glasgow,CH02,Paid Search - Non-Brand,748.74,11297,504,542,22,6,2,12279.74,12215.19,0,0,0.9855355983693612,0,,0
2025-12-15,G06,Glasgow,CH03,Paid Social,560.96,54460,680,792,19,3,1,12010.21,12000.08,0,0,0.9855355983693612,0,,0
2025-12-15,G06,Glasgow,CH04,LinkedIn,464.37,13281,100,119,4,1,0,12905.42,12584.0,0,0,0.9855355983693612,0,,0
2025-12-15,G06,Glasgow,CH05,YouTube,423.1,35364,194,229,3,1,0,14730.93,14641.67,0,0,0.9855355983693612,0,,0
2025-12-15,G06,Glasgow,CH06,Display,278.71,57075,181,185,1,0,0,13593.41,13729.72,0,0,0.9855355983693612,0,,0
2025-12-15,G07,Liverpool,CH01,Paid Search - Brand,345.54,4245,379,447,28,9,2,12846.83,12440.83,0,0,0.9855355983693612,0,,0
2025-12-15,G07,Liverpool,CH02,Paid Search - Non-Brand,778.16,12112,527,555,19,6,2,14335.57,14133.5,0,0,0.9855355983693612,0,,0
2025-12-15,G07,Liverpool,CH03,Paid Social,676.72,66291,871,941,26,8,2,15290.5,15266.1,0,0,0.9855355983693612,0,,0
2025-12-15,G07,Liverpool,CH04,LinkedIn,434.22,12057,98,103,4,1,0,14051.36,13718.32,0,0,0.9855355983693612,0,,0
2025-12-15,G07,Liverpool,CH05,YouTube,374.01,30873,189,199,3,0,0,14868.75,14178.69,0,0,0.9855355983693612,0,,0
2025-12-15,G07,Liverpool,CH06,Display,239.19,46990,136,143,1,0,0,14488.05,14293.41,0,0,0.9855355983693612,0,,0
2025-12-15,G08,Sheffield,CH01,Paid Search - Brand,323.23,4115,354,425,22,7,2,13185.66,12723.31,0,0,0.9855355983693612,0,,0
2025-12-15,G08,Sheffield,CH02,Paid Search - Non-Brand,702.36,10410,453,480,16,3,1,13200.37,13145.34,0,0,0.9855355983693612,0,,0
2025-12-15,G08,Sheffield,CH03,Paid Social,490.63,49230,570,598,19,5,1,11736.94,11725.12,0,0,0.9855355983693612,0,,0
2025-12-15,G08,Sheffield,CH04,LinkedIn,445.43,12370,101,113,4,1,0,12075.86,11752.81,0,0,0.9855355983693612,0,,0
2025-12-15,G08,Sheffield,CH05,YouTube,392.85,33569,179,189,3,0,0,12081.57,11995.34,0,0,0.9855355983693612,0,,0
2025-12-15,G08,Sheffield,CH06,Display,220.5,44904,132,162,1,0,0,11985.22,12076.73,0,0,0.9855355983693612,0,,0
2025-12-15,G09,Edinburgh,CH01,Paid Search - Brand,301.21,3651,306,308,19,6,1,13339.1,12887.71,0,0,0.9855355983693612,0,,0
2025-12-15,G09,Edinburgh,CH02,Paid Search - Non-Brand,688.92,10491,523,563,25,5,1,12994.21,11897.73,0,0,0.9855355983693612,0,,0
2025-12-15,G09,Edinburgh,CH03,Paid Social,476.14,48221,598,707,19,5,1,9587.62,10621.61,0,0,0.9855355983693612,0,,0
2025-12-15,G09,Edinburgh,CH04,LinkedIn,379.28,10325,76,93,3,1,0,13203.49,13003.29,0,0,0.9855355983693612,0,,0
2025-12-15,G09,Edinburgh,CH05,YouTube,381.28,31017,185,189,2,0,0,12513.99,12040.66,0,0,0.9855355983693612,0,,0
2025-12-15,G09,Edinburgh,CH06,Display,221.55,43717,124,154,1,0,0,9287.5,10009.12,0,0,0.9855355983693612,0,,0
2025-12-15,G10,Cardiff,CH01,Paid Search - Brand,298.29,3687,314,327,25,7,1,11285.84,11309.68,0,0,0.9855355983693612,0,,0
2025-12-15,G10,Cardiff,CH02,Paid Search - Non-Brand,556.04,8491,414,463,19,6,2,12687.4,11294.27,0,0,0.9855355983693612,0,,0
2025-12-15,G10,Cardiff,CH03,Paid Social,505.41,51396,638,697,22,7,1,11429.97,10959.54,0,0,0.9855355983693612,0,,0
2025-12-15,G10,Cardiff,CH04,LinkedIn,388.43,10893,89,110,5,1,0,10758.0,9762.03,0,0,0.9855355983693612,0,,0
2025-12-15,G10,Cardiff,CH05,YouTube,348.9,28502,173,178,2,0,0,9979.08,10219.64,0,0,0.9855355983693612,0,,0
2025-12-15,G10,Cardiff,CH06,Display,189.91,37324,113,125,1,0,0,10541.76,10331.17,0,0,0.9855355983693612,0,,0
2025-12-22,G01,London,CH01,Paid Search - Brand,718.1,9151,734,777,47,13,5,26055.48,27799.78,0,0,1.0,0,,0
2025-12-22,G01,London,CH02,Paid Search - Non-Brand,1489.58,23109,1127,1230,47,15,5,28548.83,28897.25,0,0,1.0,0,,0
2025-12-22,G01,London,CH03,Paid Social,1391.01,140330,1750,2148,53,19,6,28723.29,29525.56,0,0,1.0,0,,0
2025-12-22,G01,London,CH04,LinkedIn,1003.08,28646,238,281,11,2,0,26613.0,26146.36,0,0,1.0,0,,0
2025-12-22,G01,London,CH05,YouTube,870.21,71277,413,499,6,1,0,30024.57,29066.26,0,0,1.0,0,,0
2025-12-22,G01,London,CH06,Display,570.08,112103,328,375,3,0,0,28977.9,29017.6,0,0,1.0,0,,0
2025-12-22,G02,Manchester,CH01,Paid Search - Brand,527.32,6720,563,581,40,8,3,18704.3,20389.76,0,0,1.0,0,,0
2025-12-22,G02,Manchester,CH02,Paid Search - Non-Brand,1157.31,17440,759,815,40,10,3,23902.28,23258.1,0,0,1.0,0,,0
2025-12-22,G02,Manchester,CH03,Paid Social,940.86,91543,1113,1338,34,12,3,18771.27,19695.69,0,0,1.0,0,,0
2025-12-22,G02,Manchester,CH04,LinkedIn,690.88,19617,153,163,6,1,0,19422.23,19794.62,0,0,1.0,0,,0
2025-12-22,G02,Manchester,CH05,YouTube,592.06,50576,302,342,4,1,0,19556.56,18803.05,0,0,1.0,0,,0
2025-12-22,G02,Manchester,CH06,Display,387.28,79775,232,278,2,0,0,18355.24,19030.39,0,0,1.0,0,,0
2025-12-22,G03,Birmingham,CH01,Paid Search - Brand,497.13,6133,506,598,40,11,3,20001.85,19566.04,0,0,1.0,0,,0
2025-12-22,G03,Birmingham,CH02,Paid Search - Non-Brand,1058.38,16590,756,941,31,11,3,19968.11,19664.93,0,0,1.0,0,,0
2025-12-22,G03,Birmingham,CH03,Paid Social,930.68,95581,1184,1241,33,10,2,20921.62,20575.08,0,0,1.0,0,,0
2025-12-22,G03,Birmingham,CH04,LinkedIn,681.49,19881,148,176,7,2,0,19944.0,18417.35,0,0,1.0,0,,0
2025-12-22,G03,Birmingham,CH05,YouTube,578.43,50137,275,276,3,0,0,17380.98,18181.09,0,0,1.0,0,,0
2025-12-22,G03,Birmingham,CH06,Display,324.93,65736,185,202,2,0,0,19611.81,19337.36,0,0,1.0,0,,0
2025-12-22,G04,Leeds,CH01,Paid Search - Brand,441.59,5570,478,478,26,7,1,17547.75,16562.32,0,0,1.0,0,,0
2025-12-22,G04,Leeds,CH02,Paid Search - Non-Brand,842.53,12498,552,666,30,10,3,17296.37,16667.62,0,0,1.0,0,,0
2025-12-22,G04,Leeds,CH03,Paid Social,730.85,72490,809,915,29,7,1,14692.67,15071.38,0,0,1.0,0,,0
2025-12-22,G04,Leeds,CH04,LinkedIn,582.61,16440,127,146,5,1,0,15578.46,15142.43,0,0,1.0,0,,0
2025-12-22,G04,Leeds,CH05,YouTube,567.53,47136,275,275,4,0,0,15809.78,14517.16,0,0,1.0,0,,0
2025-12-22,G04,Leeds,CH06,Display,282.39,57412,178,220,1,0,0,16258.35,16295.89,0,0,1.0,0,,0
2025-12-22,G05,Bristol,CH01,Paid Search - Brand,384.05,4810,408,487,28,10,4,15658.76,15404.59,0,0,1.0,0,,0
2025-12-22,G05,Bristol,CH02,Paid Search - Non-Brand,754.55,11525,479,534,17,5,1,18100.22,16397.3,0,0,1.0,0,,0
2025-12-22,G05,Bristol,CH03,Paid Social,680.69,69350,916,941,25,4,1,12645.57,14027.7,0,0,1.0,1,,0
2025-12-22,G05,Bristol,CH04,LinkedIn,483.54,13903,99,103,4,0,0,14320.78,14467.36,0,0,1.0,0,,0
2025-12-22,G05,Bristol,CH05,YouTube,438.83,36434,227,249,4,1,0,16284.74,16495.26,0,0,1.0,0,,0
2025-12-22,G05,Bristol,CH06,Display,301.93,59938,167,171,1,0,0,13677.39,13990.48,0,0,1.0,0,,0
2025-12-22,G06,Glasgow,CH01,Paid Search - Brand,366.71,4535,364,364,27,9,4,15133.69,14799.42,0,0,1.0,0,,0
2025-12-22,G06,Glasgow,CH02,Paid Search - Non-Brand,677.4,10529,479,502,22,7,2,13695.82,13991.12,0,0,1.0,0,,0
2025-12-22,G06,Glasgow,CH03,Paid Social,593.34,59836,730,845,23,6,2,12569.86,12488.54,0,0,1.0,0,,0
2025-12-22,G06,Glasgow,CH04,LinkedIn,490.77,14357,111,120,5,0,0,12842.55,12537.93,0,0,1.0,0,,0
2025-12-22,G06,Glasgow,CH05,YouTube,430.99,36968,217,220,2,0,0,14583.19,14154.98,0,0,1.0,0,,0
2025-12-22,G06,Glasgow,CH06,Display,221.68,44465,138,161,1,0,0,14998.78,15163.97,0,0,1.0,0,,0
2025-12-22,G07,Liverpool,CH01,Paid Search - Brand,312.61,3852,352,399,23,7,2,12751.25,12706.08,0,0,1.0,0,,0
2025-12-22,G07,Liverpool,CH02,Paid Search - Non-Brand,699.39,10558,495,618,30,6,2,14056.74,14316.89,0,0,1.0,0,,0
2025-12-22,G07,Liverpool,CH03,Paid Social,603.87,59011,658,776,26,5,1,14263.56,13300.11,0,0,1.0,0,,0
2025-12-22,G07,Liverpool,CH04,LinkedIn,554.29,15641,119,144,7,1,0,14054.04,14188.85,0,0,1.0,0,,0
2025-12-22,G07,Liverpool,CH05,YouTube,468.94,38518,225,256,4,1,0,15552.78,15000.78,0,0,1.0,0,,0
2025-12-22,G07,Liverpool,CH06,Display,263.92,52756,145,173,1,0,0,14354.05,15252.74,0,0,1.0,1,,0
2025-12-22,G08,Sheffield,CH01,Paid Search - Brand,281.1,3577,290,298,21,6,1,10857.35,12434.36,0,0,1.0,1,,0
2025-12-22,G08,Sheffield,CH02,Paid Search - Non-Brand,707.46,11063,476,489,20,4,1,12787.94,12787.03,0,0,1.0,1,,0
2025-12-22,G08,Sheffield,CH03,Paid Social,572.78,58616,717,842,24,4,0,12039.23,11578.34,0,0,1.0,0,,0
2025-12-22,G08,Sheffield,CH04,LinkedIn,450.96,12561,101,102,4,1,0,12822.99,12981.87,0,0,1.0,0,,0
2025-12-22,G08,Sheffield,CH05,YouTube,380.08,32883,189,202,2,0,0,11871.85,12155.46,0,0,1.0,0,,0
2025-12-22,G08,Sheffield,CH06,Display,225.23,45353,124,139,1,0,0,12241.11,12416.23,0,0,1.0,0,,0
2025-12-22,G09,Edinburgh,CH01,Paid Search - Brand,293.42,3687,284,342,20,7,3,11964.52,11478.62,0,0,1.0,0,,0
2025-12-22,G09,Edinburgh,CH02,Paid Search - Non-Brand,648.95,9979,440,487,18,4,1,11859.85,11552.85,0,0,1.0,0,,0
2025-12-22,G09,Edinburgh,CH03,Paid Social,496.42,49882,642,788,18,5,1,11803.9,11671.82,0,0,1.0,0,,0
2025-12-22,G09,Edinburgh,CH04,LinkedIn,474.94,13088,100,117,5,1,0,11462.27,11594.89,0,0,1.0,0,,0
2025-12-22,G09,Edinburgh,CH05,YouTube,389.72,31663,176,203,3,0,0,11817.64,11269.51,0,0,1.0,0,,0
2025-12-22,G09,Edinburgh,CH06,Display,222.55,44684,129,137,1,0,0,10523.71,10829.14,0,0,1.0,0,,0
2025-12-22,G10,Cardiff,CH01,Paid Search - Brand,229.61,2934,257,301,22,7,1,10548.73,10683.61,0,0,1.0,0,,0
2025-12-22,G10,Cardiff,CH02,Paid Search - Non-Brand,609.93,9298,398,466,21,6,2,10202.03,9470.89,0,0,1.0,0,,0
2025-12-22,G10,Cardiff,CH03,Paid Social,474.52,47416,538,669,20,4,1,12666.11,12163.24,0,0,1.0,0,,0
2025-12-22,G10,Cardiff,CH04,LinkedIn,414.88,11973,84,91,4,1,0,11626.1,12209.21,0,0,1.0,0,,0
2025-12-22,G10,Cardiff,CH05,YouTube,308.53,24903,146,170,2,0,0,10639.53,10111.84,0,0,1.0,0,,0
2025-12-22,G10,Cardiff,CH06,Display,196.03,39854,111,112,1,0,0,10770.05,10760.42,0,0,1.0,0,,0
2025-12-29,G01,London,CH01,Paid Search - Brand,269.05,3433,273,301,22,4,0,26965.64,26027.96,0,0,1.0144644016306388,0,,0
2025-12-29,G01,London,CH02,Paid Search - Non-Brand,653.69,10011,485,545,23,8,3,27993.33,30110.78,0,0,1.0144644016306388,0,,0
2025-12-29,G01,London,CH03,Paid Social,690.61,66209,758,815,26,6,2,25909.42,27204.53,0,0,1.0144644016306388,0,,0
2025-12-29,G01,London,CH04,LinkedIn,462.43,12958,98,122,5,0,0,29296.6,30985.99,0,0,1.0144644016306388,0,,0
2025-12-29,G01,London,CH05,YouTube,418.39,35528,216,241,3,0,0,26580.06,28123.67,0,0,1.0144644016306388,0,,0
2025-12-29,G01,London,CH06,Display,246.62,49133,140,156,1,0,0,32652.39,31206.6,0,0,1.0144644016306388,0,,0
2025-12-29,G02,Manchester,CH01,Paid Search - Brand,241.4,2982,255,271,15,5,2,16157.41,16988.58,0,0,1.0144644016306388,0,,0
2025-12-29,G02,Manchester,CH02,Paid Search - Non-Brand,590.96,9176,379,462,19,6,1,18248.51,19583.97,0,0,1.0144644016306388,0,,0
2025-12-29,G02,Manchester,CH03,Paid Social,452.7,44843,565,662,18,5,2,20325.16,20006.58,0,0,1.0144644016306388,0,,0
2025-12-29,G02,Manchester,CH04,LinkedIn,318.53,8679,75,89,3,0,0,23664.81,22473.82,0,0,1.0144644016306388,0,,0
2025-12-29,G02,Manchester,CH05,YouTube,349.21,29501,171,212,3,0,0,22601.34,20204.39,0,0,1.0144644016306388,0,,0
2025-12-29,G02,Manchester,CH06,Display,164.03,32794,98,109,1,0,0,20346.55,20174.75,0,0,1.0144644016306388,0,,0
2025-12-29,G03,Birmingham,CH01,Paid Search - Brand,220.22,2836,217,222,13,3,0,22574.98,20806.67,0,0,1.0144644016306388,0,,0
2025-12-29,G03,Birmingham,CH02,Paid Search - Non-Brand,454.94,7136,328,353,16,2,0,21343.38,20524.61,0,0,1.0144644016306388,0,,0
2025-12-29,G03,Birmingham,CH03,Paid Social,386.81,40644,496,546,15,3,0,19045.24,17824.65,0,0,1.0144644016306388,0,,0
2025-12-29,G03,Birmingham,CH04,LinkedIn,364.78,10066,86,102,5,1,0,20950.0,21581.95,0,0,1.0144644016306388,0,,0
2025-12-29,G03,Birmingham,CH05,YouTube,299.22,25063,141,163,2,0,0,20451.46,21411.51,0,0,1.0144644016306388,0,,0
2025-12-29,G03,Birmingham,CH06,Display,161.99,33230,115,139,1,0,0,17549.39,17880.47,0,0,1.0144644016306388,1,,0
2025-12-29,G04,Leeds,CH01,Paid Search - Brand,198.02,2632,234,249,17,3,1,16347.92,16583.31,0,0,1.0144644016306388,0,,0
2025-12-29,G04,Leeds,CH02,Paid Search - Non-Brand,435.89,6868,287,320,11,2,0,17583.05,16656.52,0,0,1.0144644016306388,0,,0
2025-12-29,G04,Leeds,CH03,Paid Social,342.55,34535,452,478,12,4,1,15180.77,15130.92,0,0,1.0144644016306388,0,,0
2025-12-29,G04,Leeds,CH04,LinkedIn,242.93,6617,54,65,3,0,0,15245.41,16032.87,0,0,1.0144644016306388,0,,0
2025-12-29,G04,Leeds,CH05,YouTube,239.73,20657,122,129,1,0,0,17215.15,17098.24,0,0,1.0144644016306388,0,,0
2025-12-29,G04,Leeds,CH06,Display,132.46,27239,62,70,0,0,0,16782.08,16628.81,0,0,1.0144644016306388,0,,0
2025-12-29,G05,Bristol,CH01,Paid Search - Brand,161.48,2080,154,173,9,2,0,14017.67,14467.02,0,0,1.0144644016306388,0,,0
2025-12-29,G05,Bristol,CH02,Paid Search - Non-Brand,356.66,5718,256,258,8,2,0,14940.51,15562.31,0,0,1.0144644016306388,0,,0
2025-12-29,G05,Bristol,CH03,Paid Social,304.0,29510,316,390,10,3,0,13754.83,13687.31,0,0,1.0144644016306388,0,,0
2025-12-29,G05,Bristol,CH04,LinkedIn,234.31,6489,49,52,2,0,0,16005.56,15953.11,0,0,1.0144644016306388,0,,0
2025-12-29,G05,Bristol,CH05,YouTube,212.88,18489,116,144,2,0,0,16066.09,15259.99,0,0,1.0144644016306388,0,,0
2025-12-29,G05,Bristol,CH06,Display,138.77,29369,92,103,1,0,0,12665.04,12563.67,0,0,1.0144644016306388,0,,0
2025-12-29,G06,Glasgow,CH01,Paid Search - Brand,163.12,2060,164,182,10,2,0,13634.95,14660.36,0,0,1.0144644016306388,0,,0
2025-12-29,G06,Glasgow,CH02,Paid Search - Non-Brand,365.25,5503,264,272,9,2,0,14015.76,14141.87,0,0,1.0144644016306388,0,,0
2025-12-29,G06,Glasgow,CH03,Paid Social,261.14,26581,303,308,7,1,0,11825.23,12014.17,0,0,1.0144644016306388,0,,0
2025-12-29,G06,Glasgow,CH04,LinkedIn,208.45,5995,48,51,2,0,0,12895.79,13621.9,0,0,1.0144644016306388,0,,0
2025-12-29,G06,Glasgow,CH05,YouTube,191.06,16228,91,110,1,0,0,12555.18,12147.13,0,0,1.0144644016306388,0,,0
2025-12-29,G06,Glasgow,CH06,Display,120.13,24139,73,83,0,0,0,14472.84,13573.58,0,0,1.0144644016306388,0,,0
2025-12-29,G07,Liverpool,CH01,Paid Search - Brand,170.92,2149,158,163,9,2,0,13944.45,13789.61,0,0,1.0144644016306388,0,,0
2025-12-29,G07,Liverpool,CH02,Paid Search - Non-Brand,345.72,5331,246,280,13,2,0,13698.03,13580.69,0,0,1.0144644016306388,0,,0
2025-12-29,G07,Liverpool,CH03,Paid Social,266.11,27564,344,360,10,2,0,14474.77,16174.5,0,0,1.0144644016306388,0,,0
2025-12-29,G07,Liverpool,CH04,LinkedIn,244.09,6487,48,55,2,0,0,14655.97,14730.72,0,0,1.0144644016306388,0,,0
2025-12-29,G07,Liverpool,CH05,YouTube,226.01,18050,107,117,1,0,0,13211.39,13159.92,0,0,1.0144644016306388,0,,0
2025-12-29,G07,Liverpool,CH06,Display,138.66,26181,75,93,0,0,0,12592.09,13106.63,0,0,1.0144644016306388,0,,0
2025-12-29,G08,Sheffield,CH01,Paid Search - Brand,165.93,2066,180,187,13,4,0,12216.59,12425.24,0,0,1.0144644016306388,0,,0
2025-12-29,G08,Sheffield,CH02,Paid Search - Non-Brand,314.55,4739,213,248,8,2,0,12953.44,12301.8,0,0,1.0144644016306388,0,,0
2025-12-29,G08,Sheffield,CH03,Paid Social,246.95,25074,326,377,9,2,0,12416.06,12126.87,0,0,1.0144644016306388,0,,0
2025-12-29,G08,Sheffield,CH04,LinkedIn,206.22,6026,46,53,2,0,0,11967.87,12053.71,0,0,1.0144644016306388,0,,0
2025-12-29,G08,Sheffield,CH05,YouTube,183.9,14923,93,96,1,0,0,13713.72,12713.89,0,0,1.0144644016306388,0,,0
2025-12-29,G08,Sheffield,CH06,Display,105.26,20516,56,57,0,0,0,12208.65,12303.17,0,0,1.0144644016306388,0,,0
2025-12-29,G09,Edinburgh,CH01,Paid Search - Brand,127.32,1622,136,145,7,2,0,9706.15,10205.82,0,0,1.0144644016306388,0,,0
2025-12-29,G09,Edinburgh,CH02,Paid Search - Non-Brand,280.85,4309,176,218,10,2,0,13521.76,12848.98,0,0,1.0144644016306388,0,,0
2025-12-29,G09,Edinburgh,CH03,Paid Social,255.53,25374,304,364,9,2,0,12342.84,11974.96,0,0,1.0144644016306388,0,,0
2025-12-29,G09,Edinburgh,CH04,LinkedIn,206.1,5739,43,44,1,0,0,11375.0,11356.81,0,0,1.0144644016306388,0,,0
2025-12-29,G09,Edinburgh,CH05,YouTube,192.0,15778,88,95,1,0,0,9337.28,11570.59,0,0,1.0144644016306388,1,,0
2025-12-29,G09,Edinburgh,CH06,Display,106.87,21714,64,75,0,0,0,12858.98,12369.78,0,0,1.0144644016306388,0,,0
2025-12-29,G10,Cardiff,CH01,Paid Search - Brand,147.72,1823,157,186,10,2,0,10780.41,10762.71,0,0,1.0144644016306388,0,,0
2025-12-29,G10,Cardiff,CH02,Paid Search - Non-Brand,318.65,5017,227,279,9,2,0,13142.54,12454.75,0,0,1.0144644016306388,0,,0
2025-12-29,G10,Cardiff,CH03,Paid Social,241.06,23785,257,286,8,1,0,10829.94,10875.96,0,0,1.0144644016306388,0,,0
2025-12-29,G10,Cardiff,CH04,LinkedIn,211.56,6339,48,49,2,0,0,8422.57,8394.31,0,0,1.0144644016306388,0,,0
2025-12-29,G10,Cardiff,CH05,YouTube,165.21,13354,83,93,1,0,0,11333.66,10812.36,0,0,1.0144644016306388,0,,0
2025-12-29,G10,Cardiff,CH06,Display,99.22,19108,61,71,0,0,0,10801.26,10722.51,0,0,1.0144644016306388,0,,0
